{"int_low": {"occ": {"5": 2010.0, "17": 2010.0, "50": 2011.0, "83": 2012.0, "95": 2021.0}, "chrnc": {"5": 2022.0, "17": 2025.0, "50": 2036.0, "83": 2046.0, "95": 2054.0}, "delta": {"5": 7.0, "17": 13.0, "50": 23.5, "83": 34.0, "95": 42.0}}, "int": {"occ": {"5": 2010.0, "17": 2010.0, "50": 2011.0, "83": 2011.0, "95": 2018.0}, "chrnc": {"5": 2015.0, "17": 2020.0, "50": 2026.0, "83": 2033.0, "95": 2035.0}, "delta": {"5": 4.0, "17": 8.0, "50": 15.0, "83": 22.0, "95": 24.049999999999272}}, "int_high": {"occ": {"5": 2010.0, "17": 2010.0, "50": 2011.0, "83": 2011.0, "95": 2017.0}, "chrnc": {"5": 2015.0, "17": 2015.8300000000002, "50": 2021.0, "83": 2027.0, "95": 2032.0}, "delta": {"5": 4.0, "17": 5.0, "50": 10.0, "83": 15.0, "95": 21.0}}, "kopp": {"occ": {"5": 2010.0, "17": 2010.0, "50": 2011.0, "83": 2015.0, "95": 2020.0}, "chrnc": {"5": 2020.0, "17": 2023.0, "50": 2030.0, "83": 2039.0, "95": 2050.0}, "delta": {"5": 6.0, "17": 11.0, "50": 18.0, "83": 27.0, "95": 37.0}}}