{"int_low": {"occ": {"5": 2013.0, "17": 2015.0, "50": 2018.0, "83": 2023.0, "95": 2026.0}, "chrnc": {"5": 2051.0, "17": 2054.0, "50": 2061.0, "83": 2067.0, "95": 2078.0}, "delta": {"5": 29.0, "17": 34.830000000000155, "50": 42.0, "83": 50.0, "95": 59.0}}, "int": {"occ": {"5": 2012.0, "17": 2013.0, "50": 2015.0, "83": 2019.0, "95": 2023.0}, "chrnc": {"5": 2032.0, "17": 2034.0, "50": 2038.0, "83": 2042.0, "95": 2044.0}, "delta": {"5": 14.0, "17": 18.0, "50": 23.0, "83": 27.0, "95": 30.0}}, "int_high": {"occ": {"5": 2010.0, "17": 2012.0, "50": 2014.0, "83": 2016.0, "95": 2018.0}, "chrnc": {"5": 2026.0, "17": 2027.0, "50": 2029.0, "83": 2031.0, "95": 2032.0}, "delta": {"5": 9.0, "17": 12.0, "50": 15.0, "83": 18.0, "95": 20.0}}, "kopp": {"occ": {"5": 2013.0, "17": 2015.0, "50": 2019.0, "83": 2024.0, "95": 2027.0}, "chrnc": {"5": 2048.0, "17": 2052.0, "50": 2061.0, "83": 2071.0, "95": 2081.6000000000004}, "delta": {"5": 27.0, "17": 32.0, "50": 41.0, "83": 52.0, "95": 63.0}}}