{"int_low": {"occ": {"5": 2018.0, "17": 2019.0, "50": 2025.0, "83": 2032.0, "95": 2035.0}, "chrnc": {"5": 2039.0, "17": 2042.0, "50": 2047.0, "83": 2052.0, "95": 2056.0}, "delta": {"5": 9.0, "17": 15.0, "50": 22.0, "83": 29.0, "95": 34.0}}, "int": {"occ": {"5": 2016.0, "17": 2016.0, "50": 2018.0, "83": 2022.0, "95": 2027.0}, "chrnc": {"5": 2026.0, "17": 2031.0, "50": 2037.0, "83": 2039.0, "95": 2041.0499999999993}, "delta": {"5": 6.0, "17": 11.0, "50": 18.0, "83": 22.0, "95": 24.0}}, "int_high": {"occ": {"5": 2014.0, "17": 2015.0, "50": 2016.0, "83": 2020.0, "95": 2022.0}, "chrnc": {"5": 2023.0, "17": 2026.0, "50": 2029.5, "83": 2033.0, "95": 2035.0}, "delta": {"5": 4.0, "17": 7.0, "50": 12.0, "83": 16.0, "95": 18.049999999999272}}, "kopp": {"occ": {"5": 2016.0, "17": 2018.0, "50": 2023.0, "83": 2031.0, "95": 2035.0}, "chrnc": {"5": 2031.0, "17": 2037.0, "50": 2043.0, "83": 2051.0, "95": 2057.0}, "delta": {"5": 7.0, "17": 12.0, "50": 19.0, "83": 27.0, "95": 33.0}}}