{"int_low": {"occ": {"5": 2052.0, "17": 2054.0, "50": 2061.0, "83": 2067.0, "95": 2070.0}, "chrnc": {"5": 2090.0, "17": 2092.0, "50": 2096.0, "83": 2099.0, "95": 2100.0}, "delta": {"5": 26.0, "17": 31.0, "50": 37.0, "83": 43.0, "95": 47.0}}, "int": {"occ": {"5": 2036.0, "17": 2038.0, "50": 2043.0, "83": 2047.0, "95": 2048.0499999999993}, "chrnc": {"5": 2062.0, "17": 2065.0, "50": 2068.0, "83": 2070.0, "95": 2072.0}, "delta": {"5": 17.0, "17": 20.0, "50": 24.0, "83": 29.0, "95": 33.0}}, "int_high": {"occ": {"5": 2029.0, "17": 2032.0, "50": 2034.0, "83": 2037.0, "95": 2040.0}, "chrnc": {"5": 2050.0, "17": 2051.0, "50": 2052.0, "83": 2054.0, "95": 2056.0499999999993}, "delta": {"5": 12.0, "17": 15.0, "50": 19.0, "83": 22.0, "95": 24.049999999999272}}, "kopp": {"occ": {"5": 2044.0, "17": 2049.0, "50": 2055.0, "83": 2064.0, "95": 2072.0}, "chrnc": {"5": 2066.0, "17": 2071.0, "50": 2083.0, "83": 2093.0, "95": 2098.0}, "delta": {"5": 17.0, "17": 21.0, "50": 28.0, "83": 34.0, "95": 40.0}}}