{"int_low": {"occ": {"5": 2010.0, "17": 2012.0, "50": 2013.0, "83": 2013.0, "95": 2019.0}, "chrnc": {"5": 2028.0, "17": 2035.8300000000002, "50": 2042.0, "83": 2048.0, "95": 2053.0}, "delta": {"5": 15.0, "17": 21.0, "50": 29.0, "83": 35.0, "95": 40.0}}, "int": {"occ": {"5": 2010.0, "17": 2011.0, "50": 2013.0, "83": 2013.0, "95": 2019.0}, "chrnc": {"5": 2025.0, "17": 2028.0, "50": 2034.0, "83": 2038.0, "95": 2040.0}, "delta": {"5": 11.950000000000045, "17": 15.0, "50": 21.0, "83": 25.0, "95": 28.0}}, "int_high": {"occ": {"5": 2010.0, "17": 2011.0, "50": 2013.0, "83": 2013.0, "95": 2014.0}, "chrnc": {"5": 2022.0, "17": 2025.0, "50": 2029.0, "83": 2033.0, "95": 2035.0}, "delta": {"5": 9.0, "17": 12.0, "50": 16.0, "83": 21.0, "95": 23.0}}, "kopp": {"occ": {"5": 2010.0, "17": 2011.0, "50": 2013.0, "83": 2013.0, "95": 2019.0}, "chrnc": {"5": 2026.0, "17": 2030.0, "50": 2038.0, "83": 2045.0, "95": 2052.0}, "delta": {"5": 12.0, "17": 17.0, "50": 25.0, "83": 32.0, "95": 39.0}}}