{"int_low": {"occ": {"5": 2059.0, "17": 2061.0, "50": 2067.0, "83": 2073.0, "95": 2076.0}, "chrnc": {"5": 2096.0, "17": 2097.0, "50": 2099.0, "83": 2100.0, "95": 2100.0}, "delta": {"5": 24.0, "17": 26.0, "50": 32.0, "83": 37.0, "95": 41.0}}, "int": {"occ": {"5": 2041.0, "17": 2043.0, "50": 2047.0, "83": 2051.0, "95": 2054.0}, "chrnc": {"5": 2061.0, "17": 2064.0, "50": 2067.0, "83": 2071.0, "95": 2072.0}, "delta": {"5": 12.0, "17": 15.0, "50": 20.0, "83": 25.0, "95": 28.0}}, "int_high": {"occ": {"5": 2035.0, "17": 2037.0, "50": 2039.0, "83": 2041.0, "95": 2042.0}, "chrnc": {"5": 2051.0, "17": 2053.0, "50": 2055.0, "83": 2056.0, "95": 2058.0}, "delta": {"5": 11.950000000000045, "17": 13.0, "50": 16.0, "83": 18.0, "95": 20.049999999999272}}, "kopp": {"occ": {"5": 2043.0, "17": 2047.0, "50": 2057.0, "83": 2066.0, "95": 2074.0}, "chrnc": {"5": 2062.0, "17": 2070.0, "50": 2080.0, "83": 2093.0, "95": 2098.0}, "delta": {"5": 14.0, "17": 19.0, "50": 25.0, "83": 32.0, "95": 37.0}}}