{"int_low": {"occ": {"5": 2063.95, "17": 2070.0, "50": 2078.0, "83": 2086.0, "95": 2091.0}, "chrnc": {"5": 2092.9500000000003, "17": 2096.0, "50": 2098.0, "83": 2100.0, "95": 2100.0}, "delta": {"5": 6.0, "17": 10.0, "50": 21.0, "83": 29.0, "95": 34.0}}, "int": {"occ": {"5": 2044.0, "17": 2047.0, "50": 2050.0, "83": 2053.0, "95": 2055.0}, "chrnc": {"5": 2059.0, "17": 2061.83, "50": 2065.0, "83": 2068.0, "95": 2070.0}, "delta": {"5": 7.0, "17": 11.0, "50": 14.0, "83": 19.0, "95": 22.0}}, "int_high": {"occ": {"5": 2036.0, "17": 2038.0, "50": 2040.0, "83": 2042.0, "95": 2043.0499999999993}, "chrnc": {"5": 2048.0, "17": 2049.0, "50": 2051.0, "83": 2054.0, "95": 2055.0}, "delta": {"5": 7.0, "17": 9.0, "50": 12.0, "83": 14.0, "95": 17.0}}, "kopp": {"occ": {"5": 2050.0, "17": 2056.0, "50": 2063.0, "83": 2074.0, "95": 2084.0}, "chrnc": {"5": 2063.0, "17": 2071.0, "50": 2080.0, "83": 2093.0, "95": 2098.0}, "delta": {"5": 9.0, "17": 13.0, "50": 18.0, "83": 24.0, "95": 29.0}}}