{"int_low": {"occ": {"5": 2016.0, "17": 2018.0, "50": 2026.0, "83": 2034.0, "95": 2037.0}, "chrnc": {"5": 2046.0, "17": 2056.0, "50": 2063.0, "83": 2071.0, "95": 2074.0}, "delta": {"5": 19.0, "17": 26.0, "50": 37.0, "83": 48.0, "95": 53.04999999999927}}, "int": {"occ": {"5": 2013.0, "17": 2016.0, "50": 2020.0, "83": 2028.0, "95": 2032.0499999999993}, "chrnc": {"5": 2037.0, "17": 2039.0, "50": 2042.0, "83": 2047.0, "95": 2051.0}, "delta": {"5": 9.0, "17": 15.0, "50": 22.0, "83": 28.0, "95": 33.0}}, "int_high": {"occ": {"5": 2012.0, "17": 2013.0, "50": 2015.0, "83": 2019.0, "95": 2021.0}, "chrnc": {"5": 2026.0, "17": 2028.0, "50": 2034.0, "83": 2037.0, "95": 2038.0}, "delta": {"5": 8.0, "17": 13.0, "50": 18.0, "83": 23.0, "95": 25.0}}, "kopp": {"occ": {"5": 2016.0, "17": 2018.0, "50": 2025.0, "83": 2034.0, "95": 2038.0}, "chrnc": {"5": 2041.0, "17": 2044.0, "50": 2054.0, "83": 2064.0, "95": 2073.0}, "delta": {"5": 12.0, "17": 18.0, "50": 27.0, "83": 39.0, "95": 48.0}}}