{"int_low": {"occ": {"5": 2051.0, "17": 2056.0, "50": 2059.0, "83": 2066.0, "95": 2071.0}, "chrnc": {"5": 2082.0, "17": 2088.0, "50": 2094.0, "83": 2098.0, "95": 2100.0}, "delta": {"5": 21.0, "17": 26.0, "50": 34.0, "83": 40.0, "95": 43.0}}, "int": {"occ": {"5": 2036.0, "17": 2038.0, "50": 2040.0, "83": 2043.0, "95": 2045.0}, "chrnc": {"5": 2054.0, "17": 2056.0, "50": 2058.0, "83": 2060.0, "95": 2061.0499999999993}, "delta": {"5": 11.0, "17": 14.0, "50": 17.0, "83": 20.0, "95": 23.0}}, "int_high": {"occ": {"5": 2028.0, "17": 2030.0, "50": 2033.0, "83": 2035.0, "95": 2037.0}, "chrnc": {"5": 2042.0, "17": 2044.0, "50": 2046.0, "83": 2048.0, "95": 2050.0}, "delta": {"5": 7.0, "17": 10.0, "50": 13.0, "83": 16.0, "95": 18.049999999999272}}, "kopp": {"occ": {"5": 2045.0, "17": 2050.0, "50": 2057.0, "83": 2065.0, "95": 2072.0}, "chrnc": {"5": 2062.0, "17": 2069.0, "50": 2078.0, "83": 2089.0, "95": 2096.0}, "delta": {"5": 12.0, "17": 16.0, "50": 21.0, "83": 27.0, "95": 32.0}}}