{"int_low": {"occ": {"5": 2010.0, "17": 2015.0, "50": 2021.0, "83": 2026.0, "95": 2030.0499999999993}, "chrnc": {"5": 2053.0, "17": 2056.0, "50": 2060.0, "83": 2064.0, "95": 2067.0}, "delta": {"5": 28.0, "17": 33.0, "50": 39.0, "83": 46.17000000000007, "95": 52.0}}, "int": {"occ": {"5": 2010.0, "17": 2011.0, "50": 2013.0, "83": 2015.0, "95": 2019.0}, "chrnc": {"5": 2035.0, "17": 2037.0, "50": 2040.0, "83": 2043.0, "95": 2045.0}, "delta": {"5": 20.0, "17": 23.0, "50": 27.0, "83": 30.0, "95": 32.0}}, "int_high": {"occ": {"5": 2010.0, "17": 2011.0, "50": 2014.0, "83": 2015.0, "95": 2015.0}, "chrnc": {"5": 2028.0, "17": 2029.0, "50": 2031.0, "83": 2033.0, "95": 2035.0}, "delta": {"5": 13.0, "17": 15.0, "50": 17.0, "83": 20.0, "95": 22.0}}, "kopp": {"occ": {"5": 2012.0, "17": 2020.0, "50": 2025.0, "83": 2031.0, "95": 2036.0}, "chrnc": {"5": 2047.0, "17": 2051.0, "50": 2058.0, "83": 2068.0, "95": 2077.0}, "delta": {"5": 21.0, "17": 26.0, "50": 34.0, "83": 42.0, "95": 50.0}}}