{"int_low": {"occ": {"5": 2060.0, "17": 2066.0, "50": 2073.0, "83": 2080.17, "95": 2087.0}, "chrnc": {"5": NaN, "17": NaN, "50": NaN, "83": NaN, "95": NaN}, "delta": {"5": NaN, "17": NaN, "50": NaN, "83": NaN, "95": NaN}}, "int": {"occ": {"5": 2041.0, "17": 2044.0, "50": 2047.0, "83": 2051.0, "95": 2053.0}, "chrnc": {"5": 2067.0, "17": 2069.0, "50": 2072.0, "83": 2074.0, "95": 2076.0499999999993}, "delta": {"5": 17.0, "17": 20.0, "50": 24.0, "83": 29.0, "95": 32.0}}, "int_high": {"occ": {"5": 2033.0, "17": 2036.0, "50": 2038.0, "83": 2041.0, "95": 2042.0}, "chrnc": {"5": 2052.0, "17": 2054.0, "50": 2056.0, "83": 2059.0, "95": 2060.0}, "delta": {"5": 12.0, "17": 15.0, "50": 18.0, "83": 21.170000000000073, "95": 24.0}}, "kopp": {"occ": {"5": 2051.0, "17": 2056.0, "50": 2065.0, "83": 2077.0, "95": 2088.0}, "chrnc": {"5": 2071.0, "17": 2079.0, "50": 2090.0, "83": 2098.0, "95": 2100.0}, "delta": {"5": 17.0, "17": 21.0, "50": 28.0, "83": 34.0, "95": 38.0}}}