{"int_low": {"occ": {"5": 2011.0, "17": 2013.0, "50": 2013.0, "83": 2019.0, "95": 2028.0}, "chrnc": {"5": 2016.0, "17": 2021.0, "50": 2034.0, "83": 2046.0, "95": 2054.0}, "delta": {"5": -1.0499999999999545, "17": 5.0, "50": 19.0, "83": 31.0, "95": 40.0}}, "int": {"occ": {"5": 2010.0, "17": 2013.0, "50": 2013.0, "83": 2013.0, "95": 2022.0}, "chrnc": {"5": 2014.0, "17": 2015.0, "50": 2020.0, "83": 2029.0, "95": 2035.0}, "delta": {"5": -3.0, "17": 2.0, "50": 7.0, "83": 16.0, "95": 21.049999999999272}}, "int_high": {"occ": {"5": 2010.0, "17": 2013.0, "50": 2013.0, "83": 2013.0, "95": 2015.0}, "chrnc": {"5": 2011.0, "17": 2014.0, "50": 2018.0, "83": 2024.0, "95": 2028.0}, "delta": {"5": -3.0, "17": 1.0, "50": 5.0, "83": 11.0, "95": 15.0}}, "kopp": {"occ": {"5": 2011.0, "17": 2013.0, "50": 2013.0, "83": 2015.0, "95": 2025.0}, "chrnc": {"5": 2015.0, "17": 2017.0, "50": 2028.0, "83": 2039.0, "95": 2050.0}, "delta": {"5": -2.0, "17": 4.0, "50": 14.0, "83": 25.0, "95": 35.0}}}