{"int_low": {"occ": {"5": 2022.0, "17": 2025.0, "50": 2029.0, "83": 2033.0, "95": 2036.0}, "chrnc": {"5": 2055.0, "17": 2059.0, "50": 2063.0, "83": 2068.0, "95": 2071.0}, "delta": {"5": 24.950000000000045, "17": 29.0, "50": 35.0, "83": 40.0, "95": 44.0}}, "int": {"occ": {"5": 2019.0, "17": 2020.0, "50": 2022.0, "83": 2025.0, "95": 2027.0}, "chrnc": {"5": 2039.0, "17": 2040.0, "50": 2043.0, "83": 2045.0, "95": 2047.0}, "delta": {"5": 14.950000000000045, "17": 17.0, "50": 20.0, "83": 23.0, "95": 26.0}}, "int_high": {"occ": {"5": 2016.0, "17": 2018.0, "50": 2019.0, "83": 2021.0, "95": 2022.0}, "chrnc": {"5": 2032.0, "17": 2033.0, "50": 2035.0, "83": 2037.0, "95": 2038.0}, "delta": {"5": 11.0, "17": 13.0, "50": 16.0, "83": 18.0, "95": 21.0}}, "kopp": {"occ": {"5": 2023.0, "17": 2026.0, "50": 2031.0, "83": 2037.0, "95": 2041.0}, "chrnc": {"5": 2048.0, "17": 2052.0, "50": 2059.0, "83": 2068.0, "95": 2075.0}, "delta": {"5": 18.0, "17": 22.0, "50": 28.0, "83": 35.0, "95": 41.0}}}