{"int_low": {"occ": {"5": 2010.0, "17": 2010.0, "50": 2012.0, "83": 2023.0, "95": 2027.0}, "chrnc": {"5": 2050.0, "17": 2055.0, "50": 2063.0, "83": 2070.17, "95": 2078.0}, "delta": {"5": 30.0, "17": 37.0, "50": 47.0, "83": 57.0, "95": 65.0}}, "int": {"occ": {"5": 2010.0, "17": 2010.0, "50": 2010.0, "83": 2018.0, "95": 2023.0}, "chrnc": {"5": 2034.0, "17": 2037.0, "50": 2043.0, "83": 2047.0, "95": 2050.0}, "delta": {"5": 18.0, "17": 24.0, "50": 30.0, "83": 35.17000000000007, "95": 39.0}}, "int_high": {"occ": {"5": 2010.0, "17": 2010.0, "50": 2010.0, "83": 2011.0, "95": 2018.0}, "chrnc": {"5": 2027.0, "17": 2029.0, "50": 2032.0, "83": 2036.0, "95": 2040.0}, "delta": {"5": 15.0, "17": 18.0, "50": 22.0, "83": 25.0, "95": 29.049999999999272}}, "kopp": {"occ": {"5": 2010.0, "17": 2011.0, "50": 2014.0, "83": 2023.0, "95": 2027.0}, "chrnc": {"5": 2042.0, "17": 2048.0, "50": 2056.0, "83": 2067.0, "95": 2079.0}, "delta": {"5": 23.0, "17": 30.0, "50": 40.0, "83": 51.0, "95": 61.0}}}