{"int_low": {"occ": {"5": 2010.0, "17": 2017.0, "50": 2028.0, "83": 2050.0, "95": 2054.0}, "chrnc": {"5": 2096.0, "17": 2097.0, "50": 2099.0, "83": 2100.0, "95": 2100.0}, "delta": {"5": 45.0, "17": 50.0, "50": 71.0, "83": 81.26999999999998, "95": 88.0}}, "int": {"occ": {"5": 2010.0, "17": 2017.0, "50": 2028.0, "83": 2034.0, "95": 2035.0}, "chrnc": {"5": 2060.0, "17": 2062.0, "50": 2067.0, "83": 2073.0, "95": 2074.0}, "delta": {"5": 28.0, "17": 32.0, "50": 41.0, "83": 53.0, "95": 58.04999999999927}}, "int_high": {"occ": {"5": 2010.0, "17": 2014.0, "50": 2016.0, "83": 2020.0, "95": 2032.0}, "chrnc": {"5": 2043.0, "17": 2046.0, "50": 2054.0, "83": 2056.0, "95": 2056.0}, "delta": {"5": 22.0, "17": 28.0, "50": 36.0, "83": 40.0, "95": 44.0}}, "kopp": {"occ": {"5": 2010.0, "17": 2017.0, "50": 2028.0, "83": 2036.0, "95": 2052.0}, "chrnc": {"5": 2060.0, "17": 2067.0, "50": 2082.0, "83": 2095.0, "95": 2099.0}, "delta": {"5": 30.0, "17": 41.0, "50": 55.0, "83": 70.0, "95": 79.0}}}