{"int_low": {"occ": {"5": 2010.0, "17": 2010.0, "50": 2011.0, "83": 2012.0, "95": 2020.0499999999993}, "chrnc": {"5": 2032.0, "17": 2035.0, "50": 2040.0, "83": 2046.0, "95": 2049.0}, "delta": {"5": 18.0, "17": 23.0, "50": 29.0, "83": 35.0, "95": 38.0}}, "int": {"occ": {"5": 2010.0, "17": 2010.0, "50": 2010.0, "83": 2012.0, "95": 2013.0}, "chrnc": {"5": 2024.0, "17": 2026.0, "50": 2030.0, "83": 2033.0, "95": 2036.0499999999993}, "delta": {"5": 10.0, "17": 15.0, "50": 19.0, "83": 22.0, "95": 26.0}}, "int_high": {"occ": {"5": 2010.0, "17": 2010.0, "50": 2010.0, "83": 2012.0, "95": 2012.0}, "chrnc": {"5": 2015.0, "17": 2016.0, "50": 2022.0, "83": 2026.0, "95": 2028.0}, "delta": {"5": 5.0, "17": 6.0, "50": 12.0, "83": 15.0, "95": 18.0}}, "kopp": {"occ": {"5": 2010.0, "17": 2010.0, "50": 2011.0, "83": 2013.0, "95": 2023.0}, "chrnc": {"5": 2030.0, "17": 2034.0, "50": 2039.0, "83": 2047.0, "95": 2052.0}, "delta": {"5": 16.0, "17": 21.0, "50": 27.0, "83": 35.0, "95": 40.0}}}