{"int_low": {"occ": {"5": 2039.0, "17": 2041.0, "50": 2046.0, "83": 2050.0, "95": 2052.0}, "chrnc": {"5": 2059.0, "17": 2061.0, "50": 2066.0, "83": 2071.0, "95": 2074.0}, "delta": {"5": 10.0, "17": 14.830000000000155, "50": 20.0, "83": 27.0, "95": 30.0}}, "int": {"occ": {"5": 2031.0, "17": 2034.0, "50": 2037.0, "83": 2040.0, "95": 2041.0}, "chrnc": {"5": 2045.0, "17": 2048.0, "50": 2051.0, "83": 2054.0, "95": 2055.0}, "delta": {"5": 7.0, "17": 10.0, "50": 14.0, "83": 18.0, "95": 21.0}}, "int_high": {"occ": {"5": 2026.0, "17": 2028.8300000000002, "50": 2032.0, "83": 2034.0, "95": 2036.0}, "chrnc": {"5": 2039.0, "17": 2041.0, "50": 2043.0, "83": 2045.0, "95": 2047.0}, "delta": {"5": 6.0, "17": 8.0, "50": 11.0, "83": 15.0, "95": 18.0}}, "kopp": {"occ": {"5": 2037.0, "17": 2039.0, "50": 2043.0, "83": 2048.0, "95": 2052.0}, "chrnc": {"5": 2051.0, "17": 2055.0, "50": 2059.0, "83": 2065.0, "95": 2071.0}, "delta": {"5": 8.0, "17": 11.0, "50": 16.0, "83": 21.0, "95": 25.0}}}