{"int_low": {"occ": {"5": 2010.0, "17": 2012.0, "50": 2013.0, "83": 2016.0, "95": 2020.0}, "chrnc": {"5": 2023.0, "17": 2027.0, "50": 2032.0, "83": 2037.0, "95": 2041.0}, "delta": {"5": 7.9500000000000455, "17": 13.0, "50": 18.0, "83": 24.0, "95": 28.0}}, "int": {"occ": {"5": 2010.0, "17": 2011.0, "50": 2013.0, "83": 2014.0, "95": 2018.0}, "chrnc": {"5": 2019.0, "17": 2021.0, "50": 2024.0, "83": 2027.0, "95": 2030.0}, "delta": {"5": 5.0, "17": 8.0, "50": 11.0, "83": 15.0, "95": 17.049999999999272}}, "int_high": {"occ": {"5": 2010.0, "17": 2010.0, "50": 2013.0, "83": 2013.0, "95": 2014.0}, "chrnc": {"5": 2016.0, "17": 2018.0, "50": 2020.0, "83": 2023.0, "95": 2024.0}, "delta": {"5": 3.0, "17": 5.0, "50": 8.0, "83": 11.0, "95": 13.0}}, "kopp": {"occ": {"5": 2010.0, "17": 2013.0, "50": 2013.0, "83": 2018.0, "95": 2021.0}, "chrnc": {"5": 2025.0, "17": 2029.0, "50": 2034.0, "83": 2041.0, "95": 2045.0499999999993}, "delta": {"5": 10.0, "17": 14.0, "50": 20.0, "83": 27.0, "95": 32.0}}}