{"int_low": {"occ": {"5": 2010.0, "17": 2011.8300000000002, "50": 2016.0, "83": 2034.0, "95": 2048.0499999999993}, "chrnc": {"5": 2031.0, "17": 2052.0, "50": 2070.0, "83": 2086.0, "95": 2094.0}, "delta": {"5": 7.0, "17": 27.0, "50": 47.0, "83": 66.0, "95": 77.0}}, "int": {"occ": {"5": 2010.0, "17": 2012.0, "50": 2014.0, "83": 2024.0, "95": 2032.0}, "chrnc": {"5": 2017.0, "17": 2028.0, "50": 2044.0, "83": 2051.17, "95": 2056.0}, "delta": {"5": 1.0, "17": 9.0, "50": 26.0, "83": 37.0, "95": 42.0}}, "int_high": {"occ": {"5": 2010.0, "17": 2012.0, "50": 2013.0, "83": 2021.0, "95": 2028.0}, "chrnc": {"5": 2017.0, "17": 2023.0, "50": 2034.0, "83": 2040.0, "95": 2043.0}, "delta": {"5": 2.0, "17": 6.0, "50": 18.0, "83": 26.0, "95": 30.0}}, "kopp": {"occ": {"5": 2010.0, "17": 2012.0, "50": 2016.0, "83": 2031.0, "95": 2040.0}, "chrnc": {"5": 2019.0, "17": 2040.0, "50": 2054.0, "83": 2069.0, "95": 2083.0}, "delta": {"5": 4.0, "17": 17.0, "50": 34.0, "83": 50.0, "95": 63.0}}}