{"int_low": {"occ": {"5": 2017.0, "17": 2030.0, "50": 2050.0, "83": 2066.0, "95": 2074.0499999999993}, "chrnc": {"5": 2080.0, "17": 2088.0, "50": 2097.0, "83": 2100.0, "95": 2100.0}, "delta": {"5": 19.0, "17": 29.0, "50": 47.0, "83": 65.0, "95": 79.0}}, "int": {"occ": {"5": 2017.0, "17": 2018.0, "50": 2032.0, "83": 2040.17, "95": 2047.0}, "chrnc": {"5": 2057.0, "17": 2061.0, "50": 2065.0, "83": 2071.0, "95": 2074.0}, "delta": {"5": 16.950000000000045, "17": 24.0, "50": 33.0, "83": 45.0, "95": 52.0}}, "int_high": {"occ": {"5": 2017.0, "17": 2020.8300000000002, "50": 2028.0, "83": 2034.0, "95": 2037.0499999999993}, "chrnc": {"5": 2044.0, "17": 2047.0, "50": 2051.0, "83": 2055.0, "95": 2057.0}, "delta": {"5": 11.0, "17": 16.0, "50": 23.0, "83": 31.0, "95": 36.0}}, "kopp": {"occ": {"5": 2017.0, "17": 2026.0, "50": 2041.0, "83": 2056.0, "95": 2071.0}, "chrnc": {"5": 2057.0, "17": 2064.0, "50": 2078.0, "83": 2093.0, "95": 2098.0}, "delta": {"5": 16.0, "17": 24.0, "50": 37.0, "83": 52.0, "95": 65.0}}}