{"int_low": {"occ": {"5": 2014.0, "17": 2015.0, "50": 2021.0, "83": 2028.0, "95": 2034.0}, "chrnc": {"5": 2043.0, "17": 2048.0, "50": 2053.5, "83": 2059.0, "95": 2064.0}, "delta": {"5": 18.0, "17": 24.0, "50": 31.0, "83": 39.17000000000007, "95": 44.04999999999927}}, "int": {"occ": {"5": 2012.0, "17": 2013.0, "50": 2017.0, "83": 2021.0, "95": 2024.0}, "chrnc": {"5": 2033.0, "17": 2036.0, "50": 2039.0, "83": 2043.0, "95": 2046.0}, "delta": {"5": 12.950000000000045, "17": 17.0, "50": 22.0, "83": 27.0, "95": 31.0}}, "int_high": {"occ": {"5": 2010.0, "17": 2012.0, "50": 2013.0, "83": 2018.0, "95": 2020.0}, "chrnc": {"5": 2026.95, "17": 2029.0, "50": 2032.0, "83": 2035.0, "95": 2036.0}, "delta": {"5": 9.950000000000045, "17": 13.0, "50": 18.0, "83": 21.170000000000073, "95": 24.0}}, "kopp": {"occ": {"5": 2014.0, "17": 2015.0, "50": 2022.0, "83": 2029.0, "95": 2034.0}, "chrnc": {"5": 2039.0, "17": 2043.0, "50": 2050.0, "83": 2058.0, "95": 2067.0}, "delta": {"5": 15.0, "17": 20.0, "50": 28.0, "83": 37.0, "95": 44.0}}}