{"int_low": {"occ": {"5": 2012.0, "17": 2013.0, "50": 2015.0, "83": 2016.0, "95": 2020.0}, "chrnc": {"5": 2010.0, "17": 2011.0, "50": 2019.0, "83": 2025.0, "95": 2029.0499999999993}, "delta": {"5": -5.0, "17": -3.0, "50": 5.0, "83": 10.170000000000073, "95": 15.0}}, "int": {"occ": {"5": 2010.0, "17": 2013.0, "50": 2014.0, "83": 2015.0, "95": 2016.0}, "chrnc": {"5": 2010.0, "17": 2011.0, "50": 2014.0, "83": 2017.0, "95": 2020.0}, "delta": {"5": -5.0, "17": -3.0, "50": -1.0, "83": 4.0, "95": 7.0}}, "int_high": {"occ": {"5": 2010.0, "17": 2012.0, "50": 2013.0, "83": 2015.0, "95": 2016.0}, "chrnc": {"5": 2010.0, "17": 2012.0, "50": 2013.0, "83": 2015.0, "95": 2016.0}, "delta": {"5": -3.0, "17": -1.0, "50": 0.0, "83": 1.0, "95": 3.0}}, "kopp": {"occ": {"5": 2012.0, "17": 2013.0, "50": 2015.0, "83": 2016.0, "95": 2021.0}, "chrnc": {"5": 2010.0, "17": 2018.0, "50": 2023.0, "83": 2029.0, "95": 2034.0}, "delta": {"5": -4.0, "17": 3.0, "50": 8.0, "83": 14.0, "95": 19.0}}}