{"int_low": {"occ": {"5": 2010.0, "17": 2010.0, "50": 2011.0, "83": 2019.0, "95": 2022.0499999999993}, "chrnc": {"5": 2044.0, "17": 2048.0, "50": 2059.0, "83": 2069.0, "95": 2072.0}, "delta": {"5": 27.0, "17": 35.0, "50": 47.0, "83": 57.0, "95": 61.0}}, "int": {"occ": {"5": 2010.0, "17": 2010.0, "50": 2011.0, "83": 2012.17, "95": 2019.0}, "chrnc": {"5": 2026.0, "17": 2034.0, "50": 2039.0, "83": 2042.0, "95": 2048.0}, "delta": {"5": 14.950000000000045, "17": 19.0, "50": 28.0, "83": 31.0, "95": 37.0}}, "int_high": {"occ": {"5": 2010.0, "17": 2010.0, "50": 2011.0, "83": 2012.0, "95": 2019.0}, "chrnc": {"5": 2024.0, "17": 2026.0, "50": 2031.0, "83": 2035.0, "95": 2037.0}, "delta": {"5": 11.0, "17": 15.0, "50": 20.0, "83": 24.0, "95": 26.0}}, "kopp": {"occ": {"5": 2010.0, "17": 2010.0, "50": 2011.0, "83": 2019.0, "95": 2025.0}, "chrnc": {"5": 2030.0, "17": 2040.0, "50": 2047.0, "83": 2058.0, "95": 2071.0}, "delta": {"5": 17.0, "17": 26.0, "50": 34.0, "83": 44.0, "95": 56.0}}}