{"int_low": {"occ": {"5": 2013.0, "17": 2015.0, "50": 2015.0, "83": 2015.0, "95": 2018.0}, "chrnc": {"5": 2011.0, "17": 2014.0, "50": 2016.0, "83": 2023.0, "95": 2027.0}, "delta": {"5": -4.0, "17": -1.0, "50": 1.0, "83": 7.170000000000073, "95": 12.0}}, "int": {"occ": {"5": 2012.0, "17": 2015.0, "50": 2015.0, "83": 2015.0, "95": 2015.0499999999993}, "chrnc": {"5": 2010.0, "17": 2014.0, "50": 2014.0, "83": 2019.0, "95": 2023.0}, "delta": {"5": -4.0, "17": -1.0, "50": -1.0, "83": 4.0, "95": 9.0}}, "int_high": {"occ": {"5": 2011.0, "17": 2015.0, "50": 2015.0, "83": 2015.0, "95": 2015.0}, "chrnc": {"5": 2010.0, "17": 2014.0, "50": 2014.0, "83": 2018.0, "95": 2021.0}, "delta": {"5": -3.0, "17": -1.0, "50": 0.0, "83": 3.0, "95": 6.0}}, "kopp": {"occ": {"5": 2013.0, "17": 2015.0, "50": 2015.0, "83": 2015.0, "95": 2017.0}, "chrnc": {"5": 2011.0, "17": 2014.0, "50": 2015.0, "83": 2022.0, "95": 2028.0}, "delta": {"5": -5.0, "17": -1.0, "50": 0.0, "83": 7.0, "95": 13.0}}}