{"int_low": {"occ": {"5": 2035.0, "17": 2041.0, "50": 2049.0, "83": 2056.0, "95": 2061.0}, "chrnc": {"5": 2087.45, "17": 2090.0, "50": 2092.0, "83": 2099.0, "95": 2100.0}, "delta": {"5": 31.450000000000003, "17": 38.0, "50": 45.0, "83": 54.0, "95": 59.549999999999955}}, "int": {"occ": {"5": 2026.0, "17": 2028.0, "50": 2031.0, "83": 2034.17, "95": 2039.0499999999993}, "chrnc": {"5": 2053.0, "17": 2055.0, "50": 2058.0, "83": 2062.0, "95": 2063.0}, "delta": {"5": 19.0, "17": 23.0, "50": 27.0, "83": 32.0, "95": 34.0}}, "int_high": {"occ": {"5": 2019.0, "17": 2020.0, "50": 2024.0, "83": 2026.17, "95": 2027.0499999999993}, "chrnc": {"5": 2041.0, "17": 2043.0, "50": 2045.0, "83": 2047.0, "95": 2048.0}, "delta": {"5": 16.0, "17": 18.0, "50": 21.0, "83": 25.0, "95": 27.0}}, "kopp": {"occ": {"5": 2037.0, "17": 2043.0, "50": 2051.0, "83": 2060.0, "95": 2068.0}, "chrnc": {"5": 2067.0, "17": 2074.0, "50": 2085.0, "83": 2094.0, "95": 2099.0}, "delta": {"5": 23.0, "17": 28.0, "50": 35.0, "83": 43.0, "95": 49.0}}}