{"int_low": {"occ": {"5": 2010.0, "17": 2013.0, "50": 2015.0, "83": 2016.0, "95": 2021.0}, "chrnc": {"5": 2032.0, "17": 2035.0, "50": 2039.0, "83": 2044.0, "95": 2048.0}, "delta": {"5": 16.0, "17": 19.0, "50": 24.0, "83": 30.0, "95": 33.04999999999927}}, "int": {"occ": {"5": 2010.0, "17": 2011.8300000000002, "50": 2015.0, "83": 2015.0, "95": 2016.0}, "chrnc": {"5": 2022.0, "17": 2024.0, "50": 2027.0, "83": 2031.0, "95": 2032.0}, "delta": {"5": 7.0, "17": 10.0, "50": 13.0, "83": 17.0, "95": 20.0}}, "int_high": {"occ": {"5": 2010.0, "17": 2010.0, "50": 2014.0, "83": 2015.0, "95": 2015.0}, "chrnc": {"5": 2018.0, "17": 2019.0, "50": 2021.0, "83": 2024.0, "95": 2025.0}, "delta": {"5": 3.0, "17": 5.0, "50": 8.0, "83": 11.0, "95": 13.0}}, "kopp": {"occ": {"5": 2012.0, "17": 2014.0, "50": 2015.0, "83": 2018.0, "95": 2023.0}, "chrnc": {"5": 2032.0, "17": 2036.0, "50": 2042.0, "83": 2049.0, "95": 2055.0}, "delta": {"5": 16.0, "17": 20.0, "50": 26.0, "83": 34.0, "95": 40.0}}}