{"int_low": {"occ": {"5": 2010.0, "17": 2010.0, "50": 2011.0, "83": 2014.0, "95": 2020.0}, "chrnc": {"5": 2022.0, "17": 2027.0, "50": 2038.0, "83": 2049.0, "95": 2052.0}, "delta": {"5": 10.0, "17": 15.0, "50": 27.0, "83": 37.0, "95": 42.0}}, "int": {"occ": {"5": 2010.0, "17": 2010.0, "50": 2011.0, "83": 2011.0, "95": 2014.0}, "chrnc": {"5": 2017.0, "17": 2021.0, "50": 2027.0, "83": 2033.0, "95": 2036.0}, "delta": {"5": 6.0, "17": 9.0, "50": 15.0, "83": 22.0, "95": 24.0}}, "int_high": {"occ": {"5": 2010.0, "17": 2010.0, "50": 2011.0, "83": 2011.0, "95": 2013.0499999999993}, "chrnc": {"5": 2016.0, "17": 2016.0, "50": 2020.0, "83": 2024.0, "95": 2029.0}, "delta": {"5": 5.0, "17": 5.0, "50": 9.0, "83": 13.0, "95": 18.049999999999272}}, "kopp": {"occ": {"5": 2010.0, "17": 2010.0, "50": 2011.0, "83": 2015.0, "95": 2023.0}, "chrnc": {"5": 2023.0, "17": 2027.0, "50": 2037.0, "83": 2046.0, "95": 2053.0}, "delta": {"5": 9.0, "17": 14.0, "50": 24.0, "83": 33.0, "95": 40.0}}}