{"int_low": {"occ": {"5": 2010.0, "17": 2010.0, "50": 2010.0, "83": 2011.0, "95": 2019.0}, "chrnc": {"5": 2028.0, "17": 2033.0, "50": 2040.0, "83": 2047.0, "95": 2052.0499999999993}, "delta": {"5": 15.0, "17": 21.0, "50": 29.0, "83": 37.0, "95": 42.0}}, "int": {"occ": {"5": 2010.0, "17": 2010.0, "50": 2010.0, "83": 2011.0, "95": 2012.0}, "chrnc": {"5": 2020.0, "17": 2023.0, "50": 2028.0, "83": 2032.0, "95": 2036.0}, "delta": {"5": 9.0, "17": 12.0, "50": 17.0, "83": 22.0, "95": 25.0}}, "int_high": {"occ": {"5": 2010.0, "17": 2010.0, "50": 2010.0, "83": 2011.0, "95": 2012.0}, "chrnc": {"5": 2016.0, "17": 2019.0, "50": 2022.0, "83": 2025.0, "95": 2027.0}, "delta": {"5": 5.0, "17": 8.0, "50": 12.0, "83": 15.0, "95": 17.0}}, "kopp": {"occ": {"5": 2010.0, "17": 2010.0, "50": 2010.0, "83": 2011.0, "95": 2021.0499999999993}, "chrnc": {"5": 2026.0, "17": 2030.0, "50": 2038.0, "83": 2047.0, "95": 2055.0}, "delta": {"5": 13.0, "17": 19.0, "50": 27.0, "83": 36.0, "95": 43.0}}}