{"int_low": {"occ": {"5": 2042.95, "17": 2051.0, "50": 2061.0, "83": 2073.0, "95": 2081.0}, "chrnc": {"5": 2064.0, "17": 2073.0, "50": 2085.0, "83": 2094.0, "95": 2098.0}, "delta": {"5": -4.0499999999999545, "17": 7.0, "50": 23.0, "83": 36.0, "95": 45.0}}, "int": {"occ": {"5": 2030.0, "17": 2035.0, "50": 2042.0, "83": 2048.0, "95": 2052.0}, "chrnc": {"5": 2045.0, "17": 2049.0, "50": 2054.0, "83": 2059.0, "95": 2062.0}, "delta": {"5": -1.0, "17": 5.0, "50": 12.0, "83": 20.0, "95": 27.0}}, "int_high": {"occ": {"5": 2025.0, "17": 2029.0, "50": 2034.0, "83": 2039.0, "95": 2041.0499999999993}, "chrnc": {"5": 2036.0, "17": 2040.0, "50": 2044.0, "83": 2047.0, "95": 2049.0}, "delta": {"5": -1.0, "17": 4.0, "50": 9.0, "83": 15.0, "95": 20.0}}, "kopp": {"occ": {"5": 2034.0, "17": 2041.0, "50": 2051.0, "83": 2064.0, "95": 2077.0}, "chrnc": {"5": 2048.0, "17": 2055.0, "50": 2067.0, "83": 2081.0, "95": 2093.0}, "delta": {"5": -2.0, "17": 6.0, "50": 15.0, "83": 26.0, "95": 35.0}}}