{"int_low": {"occ": {"5": 2022.0, "17": 2025.0, "50": 2032.0, "83": 2037.0, "95": 2040.0}, "chrnc": {"5": 2044.0, "17": 2048.0, "50": 2056.0, "83": 2061.0, "95": 2068.0}, "delta": {"5": 7.9500000000000455, "17": 15.0, "50": 24.0, "83": 33.0, "95": 39.0}}, "int": {"occ": {"5": 2018.0, "17": 2022.0, "50": 2026.0, "83": 2032.0, "95": 2035.0}, "chrnc": {"5": 2038.0, "17": 2039.0, "50": 2041.0, "83": 2044.0, "95": 2048.0}, "delta": {"5": 6.0, "17": 9.0, "50": 15.0, "83": 21.0, "95": 25.0}}, "int_high": {"occ": {"5": 2017.0, "17": 2017.0, "50": 2020.0, "83": 2024.0, "95": 2027.0}, "chrnc": {"5": 2029.0, "17": 2033.0, "50": 2036.0, "83": 2037.0, "95": 2038.0499999999993}, "delta": {"5": 7.0, "17": 10.830000000000155, "50": 15.0, "83": 19.0, "95": 21.0}}, "kopp": {"occ": {"5": 2021.0, "17": 2024.0, "50": 2030.0, "83": 2037.0, "95": 2042.0}, "chrnc": {"5": 2039.0, "17": 2042.0, "50": 2049.0, "83": 2057.0, "95": 2067.0}, "delta": {"5": 7.0, "17": 12.0, "50": 19.0, "83": 27.0, "95": 34.0}}}