{"int_low": {"occ": {"5": 2037.0, "17": 2042.0, "50": 2047.0, "83": 2052.0, "95": 2056.0}, "chrnc": {"5": 2077.0, "17": 2081.0, "50": 2087.0, "83": 2093.0, "95": 2097.0}, "delta": {"5": 27.0, "17": 32.0, "50": 40.0, "83": 48.0, "95": 53.54999999999927}}, "int": {"occ": {"5": 2026.0, "17": 2030.0, "50": 2034.0, "83": 2037.0, "95": 2040.0}, "chrnc": {"5": 2051.0, "17": 2053.0, "50": 2055.0, "83": 2058.0, "95": 2060.0}, "delta": {"5": 14.0, "17": 18.0, "50": 22.0, "83": 26.0, "95": 30.0}}, "int_high": {"occ": {"5": 2022.0, "17": 2024.0, "50": 2027.0, "83": 2030.0, "95": 2032.0}, "chrnc": {"5": 2041.0, "17": 2042.0, "50": 2044.0, "83": 2046.0, "95": 2048.0}, "delta": {"5": 11.0, "17": 14.0, "50": 17.0, "83": 20.170000000000073, "95": 23.0}}, "kopp": {"occ": {"5": 2037.0, "17": 2041.0, "50": 2048.0, "83": 2055.0, "95": 2062.0}, "chrnc": {"5": 2060.0, "17": 2066.0, "50": 2076.0, "83": 2087.0, "95": 2095.0}, "delta": {"5": 17.0, "17": 21.0, "50": 28.0, "83": 36.0, "95": 41.79999999999927}}}