{"int_low": {"occ": {"5": 2022.95, "17": 2028.0, "50": 2035.0, "83": 2042.0, "95": 2044.0}, "chrnc": {"5": 2072.0, "17": 2078.0, "50": 2088.0, "83": 2096.0, "95": 2099.0}, "delta": {"5": 34.0, "17": 42.0, "50": 53.0, "83": 62.0, "95": 69.0}}, "int": {"occ": {"5": 2010.0, "17": 2016.0, "50": 2020.0, "83": 2025.0, "95": 2027.0}, "chrnc": {"5": 2046.0, "17": 2049.0, "50": 2050.0, "83": 2052.0, "95": 2057.0}, "delta": {"5": 22.950000000000045, "17": 25.0, "50": 31.0, "83": 36.0, "95": 41.0}}, "int_high": {"occ": {"5": 2010.0, "17": 2011.0, "50": 2014.0, "83": 2020.0, "95": 2022.0}, "chrnc": {"5": 2033.0, "17": 2036.0, "50": 2039.0, "83": 2042.0, "95": 2043.0499999999993}, "delta": {"5": 15.0, "17": 19.0, "50": 24.0, "83": 29.0, "95": 31.0}}, "kopp": {"occ": {"5": 2028.0, "17": 2031.0, "50": 2037.0, "83": 2044.0, "95": 2052.0}, "chrnc": {"5": 2057.0, "17": 2065.0, "50": 2074.0, "83": 2087.0, "95": 2096.0}, "delta": {"5": 23.0, "17": 29.0, "50": 37.0, "83": 48.0, "95": 56.0}}}