{"int_low": {"occ": {"5": 2011.0, "17": 2018.0, "50": 2022.0, "83": 2026.0, "95": 2029.0}, "chrnc": {"5": 2053.0, "17": 2057.0, "50": 2061.0, "83": 2066.0, "95": 2069.0}, "delta": {"5": 28.0, "17": 33.0, "50": 39.0, "83": 46.0, "95": 52.0}}, "int": {"occ": {"5": 2010.0, "17": 2011.0, "50": 2014.0, "83": 2018.0, "95": 2021.0499999999993}, "chrnc": {"5": 2038.0, "17": 2040.0, "50": 2043.0, "83": 2045.0, "95": 2047.0}, "delta": {"5": 20.0, "17": 24.0, "50": 29.0, "83": 33.0, "95": 35.0}}, "int_high": {"occ": {"5": 2010.0, "17": 2012.0, "50": 2014.0, "83": 2015.0, "95": 2016.0}, "chrnc": {"5": 2030.0, "17": 2033.0, "50": 2035.0, "83": 2036.17, "95": 2038.0}, "delta": {"5": 16.0, "17": 18.0, "50": 21.0, "83": 24.0, "95": 25.049999999999272}}, "kopp": {"occ": {"5": 2017.0, "17": 2020.0, "50": 2025.0, "83": 2029.0, "95": 2034.0}, "chrnc": {"5": 2048.0, "17": 2052.0, "50": 2059.0, "83": 2068.0, "95": 2076.0}, "delta": {"5": 23.0, "17": 28.0, "50": 35.0, "83": 43.0, "95": 50.0}}}