{"int_low": {"occ": {"5": 2016.0, "17": 2019.0, "50": 2027.0, "83": 2033.0, "95": 2037.0}, "chrnc": {"5": 2047.0, "17": 2053.0, "50": 2058.0, "83": 2064.0, "95": 2069.0}, "delta": {"5": 15.950000000000045, "17": 23.0, "50": 32.0, "83": 41.0, "95": 47.0}}, "int": {"occ": {"5": 2016.0, "17": 2017.0, "50": 2022.0, "83": 2027.0, "95": 2031.0}, "chrnc": {"5": 2039.0, "17": 2041.0, "50": 2044.0, "83": 2048.0, "95": 2051.0}, "delta": {"5": 12.950000000000045, "17": 17.0, "50": 23.0, "83": 28.0, "95": 32.0}}, "int_high": {"occ": {"5": 2015.0, "17": 2017.0, "50": 2019.0, "83": 2022.0, "95": 2025.0}, "chrnc": {"5": 2032.95, "17": 2035.0, "50": 2037.0, "83": 2040.0, "95": 2042.0}, "delta": {"5": 10.0, "17": 14.0, "50": 18.0, "83": 22.0, "95": 24.0}}, "kopp": {"occ": {"5": 2016.0, "17": 2019.0, "50": 2027.0, "83": 2033.0, "95": 2038.0}, "chrnc": {"5": 2042.0, "17": 2046.0, "50": 2053.0, "83": 2061.0, "95": 2068.0}, "delta": {"5": 13.0, "17": 19.0, "50": 27.0, "83": 35.0, "95": 42.0}}}