{"int_low": {"occ": {"5": 2026.0, "17": 2029.0, "50": 2034.0, "83": 2040.0, "95": 2043.0}, "chrnc": {"5": 2064.0, "17": 2068.0, "50": 2074.0, "83": 2080.0, "95": 2086.0}, "delta": {"5": 26.0, "17": 32.0, "50": 40.0, "83": 48.0, "95": 55.0}}, "int": {"occ": {"5": 2017.0, "17": 2020.0, "50": 2023.0, "83": 2027.0, "95": 2028.0}, "chrnc": {"5": 2043.0, "17": 2045.0, "50": 2047.0, "83": 2049.0, "95": 2051.0}, "delta": {"5": 17.0, "17": 19.830000000000155, "50": 24.0, "83": 28.0, "95": 31.0}}, "int_high": {"occ": {"5": 2010.0, "17": 2011.0, "50": 2016.0, "83": 2019.0, "95": 2022.0}, "chrnc": {"5": 2032.0, "17": 2034.0, "50": 2036.0, "83": 2038.0, "95": 2039.0}, "delta": {"5": 13.0, "17": 16.0, "50": 19.0, "83": 24.0, "95": 26.049999999999272}}, "kopp": {"occ": {"5": 2028.0, "17": 2032.0, "50": 2038.0, "83": 2045.0, "95": 2051.0}, "chrnc": {"5": 2054.0, "17": 2059.0, "50": 2068.0, "83": 2079.0, "95": 2089.0}, "delta": {"5": 19.0, "17": 23.0, "50": 30.0, "83": 39.0, "95": 46.0}}}