{"int_low": {"occ": {"5": 2011.0, "17": 2013.0, "50": 2013.0, "83": 2032.0, "95": 2034.0}, "chrnc": {"5": 2061.0, "17": 2076.0, "50": 2082.0, "83": 2092.0, "95": 2094.0}, "delta": {"5": 42.950000000000045, "17": 50.0, "50": 67.0, "83": 76.0, "95": 81.0}}, "int": {"occ": {"5": 2012.0, "17": 2013.0, "50": 2013.0, "83": 2013.0, "95": 2014.0}, "chrnc": {"5": 2041.0, "17": 2043.0, "50": 2047.0, "83": 2056.0, "95": 2058.0}, "delta": {"5": 28.0, "17": 30.0, "50": 34.0, "83": 43.0, "95": 45.0}}, "int_high": {"occ": {"5": 2012.0, "17": 2013.0, "50": 2013.0, "83": 2013.0, "95": 2013.0499999999993}, "chrnc": {"5": 2037.0, "17": 2038.0, "50": 2040.0, "83": 2046.17, "95": 2051.0}, "delta": {"5": 24.0, "17": 25.0, "50": 27.0, "83": 33.17000000000007, "95": 38.0}}, "kopp": {"occ": {"5": 2011.0, "17": 2013.0, "50": 2013.0, "83": 2014.0, "95": 2033.0}, "chrnc": {"5": 2043.0, "17": 2053.0, "50": 2064.0, "83": 2080.0, "95": 2092.0}, "delta": {"5": 29.0, "17": 35.0, "50": 50.0, "83": 63.0, "95": 77.0}}}