{"int_low": {"occ": {"5": 2018.0, "17": 2024.0, "50": 2031.0, "83": 2039.0, "95": 2044.0}, "chrnc": {"5": 2075.0, "17": 2081.0, "50": 2089.0, "83": 2096.0, "95": 2099.0}, "delta": {"5": 39.0, "17": 47.0, "50": 58.0, "83": 66.0, "95": 74.0}}, "int": {"occ": {"5": 2014.0, "17": 2015.0, "50": 2021.0, "83": 2027.0, "95": 2031.0}, "chrnc": {"5": 2049.0, "17": 2052.0, "50": 2055.0, "83": 2059.0, "95": 2062.0}, "delta": {"5": 24.0, "17": 28.0, "50": 35.0, "83": 40.17000000000007, "95": 44.0}}, "int_high": {"occ": {"5": 2014.0, "17": 2014.0, "50": 2018.0, "83": 2021.0, "95": 2023.0}, "chrnc": {"5": 2038.0, "17": 2040.0, "50": 2043.0, "83": 2047.0, "95": 2049.0}, "delta": {"5": 18.0, "17": 21.0, "50": 25.0, "83": 29.170000000000073, "95": 33.0}}, "kopp": {"occ": {"5": 2018.0, "17": 2024.0, "50": 2032.0, "83": 2040.0, "95": 2048.0}, "chrnc": {"5": 2055.0, "17": 2060.0, "50": 2071.0, "83": 2083.0, "95": 2094.0}, "delta": {"5": 24.0, "17": 30.0, "50": 39.0, "83": 50.0, "95": 59.0}}}