{"int_low": {"occ": {"5": 2031.0, "17": 2038.0, "50": 2042.0, "83": 2047.0, "95": 2052.0}, "chrnc": {"5": 2062.0, "17": 2066.0, "50": 2073.0, "83": 2079.0, "95": 2083.0499999999993}, "delta": {"5": 17.0, "17": 23.830000000000155, "50": 31.0, "83": 38.0, "95": 44.0}}, "int": {"occ": {"5": 2023.0, "17": 2026.0, "50": 2030.0, "83": 2033.0, "95": 2036.0}, "chrnc": {"5": 2043.0, "17": 2045.0, "50": 2048.0, "83": 2051.0, "95": 2053.0}, "delta": {"5": 11.0, "17": 14.0, "50": 18.0, "83": 23.0, "95": 26.0}}, "int_high": {"occ": {"5": 2019.0, "17": 2021.0, "50": 2023.0, "83": 2026.0, "95": 2029.0}, "chrnc": {"5": 2035.0, "17": 2037.0, "50": 2039.0, "83": 2041.0, "95": 2042.0}, "delta": {"5": 10.0, "17": 12.0, "50": 16.0, "83": 19.0, "95": 21.0}}, "kopp": {"occ": {"5": 2029.0, "17": 2034.0, "50": 2040.0, "83": 2047.0, "95": 2054.0}, "chrnc": {"5": 2047.0, "17": 2053.0, "50": 2061.0, "83": 2073.0, "95": 2084.0}, "delta": {"5": 12.0, "17": 16.0, "50": 22.0, "83": 29.0, "95": 36.0}}}