{"int_low": {"occ": {"5": 2013.0, "17": 2013.0, "50": 2014.0, "83": 2034.0, "95": 2050.0}, "chrnc": {"5": 2059.0, "17": 2064.0, "50": 2083.0, "83": 2096.0, "95": 2099.0}, "delta": {"5": 27.0, "17": 44.0, "50": 64.0, "83": 79.0, "95": 85.0}}, "int": {"occ": {"5": 2013.0, "17": 2013.0, "50": 2013.0, "83": 2019.0, "95": 2033.0}, "chrnc": {"5": 2041.0, "17": 2043.0, "50": 2049.0, "83": 2058.0, "95": 2069.0}, "delta": {"5": 13.0, "17": 27.0, "50": 34.0, "83": 44.0, "95": 54.0}}, "int_high": {"occ": {"5": 2013.0, "17": 2013.0, "50": 2013.0, "83": 2016.0, "95": 2019.0}, "chrnc": {"5": 2026.0, "17": 2033.0, "50": 2040.0, "83": 2046.0, "95": 2051.0}, "delta": {"5": 9.0, "17": 16.830000000000155, "50": 26.0, "83": 32.17000000000007, "95": 37.04999999999927}}, "kopp": {"occ": {"5": 2013.0, "17": 2013.0, "50": 2013.0, "83": 2033.0, "95": 2036.0499999999993}, "chrnc": {"5": 2042.0, "17": 2047.0, "50": 2066.0, "83": 2085.0, "95": 2095.0}, "delta": {"5": 21.0, "17": 30.0, "50": 48.0, "83": 64.0, "95": 77.0}}}