{"int_low": {"occ": {"5": 2030.0, "17": 2034.8300000000002, "50": 2040.0, "83": 2044.0, "95": 2047.0}, "chrnc": {"5": 2074.0, "17": 2078.0, "50": 2083.0, "83": 2089.0, "95": 2094.0}, "delta": {"5": 31.0, "17": 36.0, "50": 44.0, "83": 51.0, "95": 58.0}}, "int": {"occ": {"5": 2023.0, "17": 2026.0, "50": 2029.0, "83": 2032.0, "95": 2035.0}, "chrnc": {"5": 2048.0, "17": 2050.0, "50": 2053.0, "83": 2055.0, "95": 2058.0}, "delta": {"5": 17.0, "17": 20.0, "50": 24.0, "83": 28.0, "95": 31.0}}, "int_high": {"occ": {"5": 2019.0, "17": 2021.0, "50": 2024.0, "83": 2026.0, "95": 2027.0499999999993}, "chrnc": {"5": 2038.95, "17": 2040.0, "50": 2042.0, "83": 2044.0, "95": 2046.0}, "delta": {"5": 13.0, "17": 16.0, "50": 19.0, "83": 22.0, "95": 24.0}}, "kopp": {"occ": {"5": 2031.0, "17": 2035.0, "50": 2041.0, "83": 2048.0, "95": 2054.0}, "chrnc": {"5": 2057.0, "17": 2063.0, "50": 2071.0, "83": 2082.0, "95": 2092.0}, "delta": {"5": 19.150000000000034, "17": 24.0, "50": 30.0, "83": 39.0, "95": 46.0}}}