{"int_low": {"occ": {"5": 2056.95, "17": 2065.83, "50": 2078.0, "83": 2088.0, "95": 2095.0}, "chrnc": {"5": 2081.0, "17": 2086.0, "50": 2094.0, "83": 2099.0, "95": 2100.0}, "delta": {"5": -6.0, "17": 4.0, "50": 15.0, "83": 29.0, "95": 38.0}}, "int": {"occ": {"5": 2042.0, "17": 2046.0, "50": 2051.0, "83": 2056.0, "95": 2059.0499999999993}, "chrnc": {"5": 2054.0, "17": 2058.0, "50": 2062.0, "83": 2066.0, "95": 2070.0}, "delta": {"5": -1.0, "17": 4.0, "50": 11.0, "83": 18.0, "95": 23.0}}, "int_high": {"occ": {"5": 2032.0, "17": 2037.0, "50": 2041.0, "83": 2045.0, "95": 2047.0}, "chrnc": {"5": 2043.0, "17": 2046.0, "50": 2049.0, "83": 2052.0, "95": 2055.0}, "delta": {"5": 0.9500000000000455, "17": 3.0, "50": 8.0, "83": 14.0, "95": 18.0}}, "kopp": {"occ": {"5": 2045.0, "17": 2051.0, "50": 2062.0, "83": 2077.0, "95": 2090.0}, "chrnc": {"5": 2055.0, "17": 2063.0, "50": 2075.0, "83": 2090.0, "95": 2097.0}, "delta": {"5": -2.0, "17": 5.0, "50": 13.0, "83": 22.0, "95": 30.0}}}