{"int_low": {"occ": {"5": 2010.0, "17": 2010.0, "50": 2010.0, "83": 2015.0, "95": 2020.0}, "chrnc": {"5": 2012.0, "17": 2013.0, "50": 2019.0, "83": 2026.0, "95": 2031.0}, "delta": {"5": -4.0, "17": 2.0, "50": 7.0, "83": 15.0, "95": 19.049999999999272}}, "int": {"occ": {"5": 2010.0, "17": 2010.0, "50": 2010.0, "83": 2014.0, "95": 2019.0499999999993}, "chrnc": {"5": 2011.0, "17": 2011.0, "50": 2015.0, "83": 2019.0, "95": 2024.0}, "delta": {"5": -5.0, "17": 1.0, "50": 4.0, "83": 9.0, "95": 13.0}}, "int_high": {"occ": {"5": 2010.0, "17": 2010.0, "50": 2010.0, "83": 2011.0, "95": 2015.0499999999993}, "chrnc": {"5": 2010.0, "17": 2010.0, "50": 2011.0, "83": 2014.0, "95": 2018.0}, "delta": {"5": -1.0, "17": 0.0, "50": 0.0, "83": 1.0, "95": 7.0}}, "kopp": {"occ": {"5": 2010.0, "17": 2010.0, "50": 2010.0, "83": 2015.0, "95": 2021.0}, "chrnc": {"5": 2012.0, "17": 2013.0, "50": 2017.0, "83": 2024.0, "95": 2030.0}, "delta": {"5": -5.0, "17": 2.0, "50": 6.0, "83": 12.0, "95": 18.0}}}