{"int_low": {"occ": {"5": 2053.0, "17": 2057.0, "50": 2065.0, "83": 2075.0, "95": 2080.0}, "chrnc": {"5": 2096.0, "17": 2096.0, "50": 2096.0, "83": 2096.0, "95": 2096.0}, "delta": {"5": 47.0, "17": 47.0, "50": 47.0, "83": 47.0, "95": 47.0}}, "int": {"occ": {"5": 2033.0, "17": 2036.0, "50": 2040.0, "83": 2044.0, "95": 2045.0}, "chrnc": {"5": 2061.0, "17": 2063.0, "50": 2065.0, "83": 2067.0, "95": 2070.0}, "delta": {"5": 19.0, "17": 21.0, "50": 26.0, "83": 30.0, "95": 33.0}}, "int_high": {"occ": {"5": 2027.0, "17": 2028.0, "50": 2030.0, "83": 2032.0, "95": 2033.0}, "chrnc": {"5": 2046.0, "17": 2047.0, "50": 2049.0, "83": 2051.0, "95": 2052.0}, "delta": {"5": 15.0, "17": 17.0, "50": 19.0, "83": 21.170000000000073, "95": 23.049999999999272}}, "kopp": {"occ": {"5": 2049.0, "17": 2054.0, "50": 2063.0, "83": 2075.0, "95": 2084.0}, "chrnc": {"5": 2071.0, "17": 2081.0, "50": 2089.0, "83": 2098.0, "95": 2100.0}, "delta": {"5": 20.0, "17": 24.0, "50": 31.0, "83": 37.0, "95": 42.0}}}