{"int_low": {"occ": {"5": 2027.0, "17": 2033.0, "50": 2041.0, "83": 2049.0, "95": 2052.0}, "chrnc": {"5": 2090.0, "17": 2095.0, "50": 2098.0, "83": 2100.0, "95": 2100.0}, "delta": {"5": 44.0, "17": 49.0, "50": 56.0, "83": 64.0, "95": 71.0}}, "int": {"occ": {"5": 2018.0, "17": 2025.0, "50": 2030.0, "83": 2035.0, "95": 2038.0}, "chrnc": {"5": 2061.0, "17": 2064.0, "50": 2068.0, "83": 2070.0, "95": 2072.0}, "delta": {"5": 27.950000000000045, "17": 31.0, "50": 37.0, "83": 43.17000000000007, "95": 48.0}}, "int_high": {"occ": {"5": 2017.0, "17": 2018.0, "50": 2024.0, "83": 2029.0, "95": 2031.0499999999993}, "chrnc": {"5": 2047.0, "17": 2050.0, "50": 2053.0, "83": 2054.0, "95": 2056.0}, "delta": {"5": 20.0, "17": 23.0, "50": 29.0, "83": 34.0, "95": 37.0}}, "kopp": {"occ": {"5": 2021.0, "17": 2028.0, "50": 2036.0, "83": 2044.0, "95": 2052.0}, "chrnc": {"5": 2060.0, "17": 2068.0, "50": 2078.0, "83": 2092.0, "95": 2098.0}, "delta": {"5": 28.0, "17": 34.0, "50": 43.0, "83": 54.0, "95": 61.0}}}