{"int_low": {"occ": {"5": 2010.0, "17": 2010.0, "50": 2014.0, "83": 2014.0, "95": 2015.0}, "chrnc": {"5": 2024.0, "17": 2026.0, "50": 2038.0, "83": 2049.0, "95": 2054.0}, "delta": {"5": 10.950000000000045, "17": 14.0, "50": 24.0, "83": 36.0, "95": 41.0}}, "int": {"occ": {"5": 2010.0, "17": 2010.0, "50": 2012.0, "83": 2014.0, "95": 2015.0}, "chrnc": {"5": 2021.0, "17": 2023.0, "50": 2028.0, "83": 2033.0, "95": 2035.0}, "delta": {"5": 8.0, "17": 10.0, "50": 15.0, "83": 21.0, "95": 23.049999999999272}}, "int_high": {"occ": {"5": 2010.0, "17": 2010.0, "50": 2012.0, "83": 2014.0, "95": 2015.0}, "chrnc": {"5": 2018.0, "17": 2020.0, "50": 2021.0, "83": 2024.0, "95": 2029.0}, "delta": {"5": 5.0, "17": 7.0, "50": 9.0, "83": 12.0, "95": 17.0}}, "kopp": {"occ": {"5": 2010.0, "17": 2011.0, "50": 2014.0, "83": 2014.0, "95": 2016.0}, "chrnc": {"5": 2023.0, "17": 2026.0, "50": 2037.0, "83": 2047.0, "95": 2054.0}, "delta": {"5": 10.0, "17": 14.0, "50": 23.0, "83": 34.0, "95": 41.0}}}