{"int_low": {"occ": {"5": 2062.0, "17": 2068.0, "50": 2075.0, "83": 2083.0, "95": 2089.0499999999993}, "chrnc": {"5": NaN, "17": NaN, "50": NaN, "83": NaN, "95": NaN}, "delta": {"5": NaN, "17": NaN, "50": NaN, "83": NaN, "95": NaN}}, "int": {"occ": {"5": 2042.0, "17": 2045.0, "50": 2048.0, "83": 2052.0, "95": 2054.0}, "chrnc": {"5": 2067.0, "17": 2070.0, "50": 2072.0, "83": 2075.0, "95": 2077.0}, "delta": {"5": 17.0, "17": 20.0, "50": 24.0, "83": 28.0, "95": 32.0}}, "int_high": {"occ": {"5": 2034.0, "17": 2036.0, "50": 2039.0, "83": 2041.0, "95": 2043.0}, "chrnc": {"5": 2053.0, "17": 2054.0, "50": 2057.0, "83": 2059.0, "95": 2061.0}, "delta": {"5": 12.950000000000045, "17": 15.0, "50": 18.0, "83": 21.0, "95": 24.0}}, "kopp": {"occ": {"5": 2052.0, "17": 2057.0, "50": 2066.0, "83": 2078.0, "95": 2089.0}, "chrnc": {"5": 2072.0, "17": 2080.0, "50": 2090.0, "83": 2098.0, "95": 2100.0}, "delta": {"5": 17.0, "17": 21.0, "50": 27.0, "83": 33.0, "95": 37.0}}}