{"int_low": {"occ": {"5": 2018.0, "17": 2022.0, "50": 2035.0, "83": 2051.17, "95": 2065.0499999999993}, "chrnc": {"5": 2057.0, "17": 2065.0, "50": 2082.0, "83": 2093.17, "95": 2098.0}, "delta": {"5": 7.9500000000000455, "17": 25.0, "50": 45.0, "83": 62.17000000000007, "95": 71.0}}, "int": {"occ": {"5": 2012.0, "17": 2016.0, "50": 2025.0, "83": 2034.0, "95": 2039.0}, "chrnc": {"5": 2039.0, "17": 2044.0, "50": 2053.0, "83": 2059.0, "95": 2064.0}, "delta": {"5": 7.0, "17": 16.0, "50": 27.0, "83": 37.0, "95": 44.0}}, "int_high": {"occ": {"5": 2011.0, "17": 2012.0, "50": 2016.0, "83": 2027.0, "95": 2032.0}, "chrnc": {"5": 2029.0, "17": 2036.0, "50": 2041.0, "83": 2047.0, "95": 2051.0}, "delta": {"5": 5.9500000000000455, "17": 13.0, "50": 23.0, "83": 31.0, "95": 35.0}}, "kopp": {"occ": {"5": 2015.0, "17": 2020.0, "50": 2030.0, "83": 2042.0, "95": 2054.0}, "chrnc": {"5": 2042.0, "17": 2051.0, "50": 2064.0, "83": 2080.0, "95": 2092.0}, "delta": {"5": 8.0, "17": 19.0, "50": 33.0, "83": 49.0, "95": 62.0}}}