{"int_low": {"occ": {"5": 2019.0, "17": 2022.0, "50": 2027.0, "83": 2032.0, "95": 2036.0}, "chrnc": {"5": 2061.0, "17": 2065.0, "50": 2071.0, "83": 2078.0, "95": 2082.0499999999993}, "delta": {"5": 31.0, "17": 37.0, "50": 44.0, "83": 51.17000000000007, "95": 56.04999999999927}}, "int": {"occ": {"5": 2016.0, "17": 2018.0, "50": 2021.0, "83": 2024.0, "95": 2027.0}, "chrnc": {"5": 2043.0, "17": 2045.0, "50": 2048.0, "83": 2051.0, "95": 2053.0}, "delta": {"5": 20.0, "17": 23.0, "50": 27.0, "83": 31.0, "95": 34.0}}, "int_high": {"occ": {"5": 2011.0, "17": 2013.0, "50": 2016.0, "83": 2018.0, "95": 2020.0}, "chrnc": {"5": 2033.0, "17": 2035.0, "50": 2038.0, "83": 2040.0, "95": 2042.0}, "delta": {"5": 16.0, "17": 19.0, "50": 22.0, "83": 26.0, "95": 28.0}}}