{"int_low": {"occ": {"5": 2023.0, "17": 2024.0, "50": 2028.0, "83": 2032.0, "95": 2033.0}, "chrnc": {"5": 2039.0, "17": 2040.0, "50": 2042.0, "83": 2045.0, "95": 2049.0499999999993}, "delta": {"5": 8.0, "17": 10.0, "50": 15.0, "83": 19.0, "95": 22.0}}, "int": {"occ": {"5": 2021.0, "17": 2021.8300000000002, "50": 2023.0, "83": 2025.0, "95": 2027.0}, "chrnc": {"5": 2033.0, "17": 2035.0, "50": 2037.0, "83": 2038.0, "95": 2039.0}, "delta": {"5": 7.0, "17": 11.0, "50": 14.0, "83": 16.0, "95": 17.0}}, "int_high": {"occ": {"5": 2018.0, "17": 2019.0, "50": 2021.0, "83": 2022.0, "95": 2024.0}, "chrnc": {"5": 2027.0, "17": 2029.0, "50": 2032.0, "83": 2034.0, "95": 2035.0}, "delta": {"5": 6.0, "17": 8.0, "50": 11.0, "83": 13.0, "95": 15.0}}, "kopp": {"occ": {"5": 2022.0, "17": 2024.0, "50": 2027.0, "83": 2032.0, "95": 2034.0}, "chrnc": {"5": 2037.0, "17": 2039.0, "50": 2041.0, "83": 2045.0, "95": 2050.0}, "delta": {"5": 7.0, "17": 10.0, "50": 14.0, "83": 17.0, "95": 21.0}}}