{"int_low": {"occ": {"5": 2010.0, "17": 2010.0, "50": 2011.0, "83": 2012.0, "95": 2019.0}, "chrnc": {"5": 2024.0, "17": 2026.0, "50": 2034.0, "83": 2040.0, "95": 2050.0}, "delta": {"5": 11.0, "17": 15.0, "50": 23.0, "83": 29.0, "95": 38.04999999999927}}, "int": {"occ": {"5": 2010.0, "17": 2010.0, "50": 2010.0, "83": 2012.0, "95": 2018.0}, "chrnc": {"5": 2018.0, "17": 2022.0, "50": 2028.0, "83": 2033.0, "95": 2036.0}, "delta": {"5": 6.9500000000000455, "17": 11.0, "50": 17.0, "83": 22.0, "95": 25.0}}, "int_high": {"occ": {"5": 2010.0, "17": 2010.0, "50": 2010.0, "83": 2011.0, "95": 2013.0}, "chrnc": {"5": 2015.0, "17": 2015.0, "50": 2021.0, "83": 2024.0, "95": 2029.0}, "delta": {"5": 4.0, "17": 5.0, "50": 10.0, "83": 13.0, "95": 18.0}}, "kopp": {"occ": {"5": 2010.0, "17": 2010.0, "50": 2011.0, "83": 2012.0, "95": 2019.0}, "chrnc": {"5": 2022.0, "17": 2025.0, "50": 2032.0, "83": 2038.0, "95": 2047.0}, "delta": {"5": 8.0, "17": 13.0, "50": 20.0, "83": 27.0, "95": 34.0}}}