{"int_low": {"occ": {"5": 2010.0, "17": 2011.0, "50": 2013.0, "83": 2014.0, "95": 2014.0}, "chrnc": {"5": 2016.0, "17": 2017.0, "50": 2021.0, "83": 2031.0, "95": 2034.0}, "delta": {"5": 2.0, "17": 4.0, "50": 8.0, "83": 18.0, "95": 22.0}}, "int": {"occ": {"5": 2010.0, "17": 2011.0, "50": 2012.0, "83": 2014.0, "95": 2014.0}, "chrnc": {"5": 2015.0, "17": 2016.0, "50": 2018.0, "83": 2020.0, "95": 2026.0499999999993}, "delta": {"5": 2.0, "17": 3.0, "50": 6.0, "83": 9.0, "95": 13.049999999999272}}, "int_high": {"occ": {"5": 2010.0, "17": 2011.0, "50": 2012.0, "83": 2014.0, "95": 2014.0}, "chrnc": {"5": 2014.0, "17": 2015.0, "50": 2017.0, "83": 2019.0, "95": 2020.0499999999993}, "delta": {"5": 1.0, "17": 2.0, "50": 5.0, "83": 7.0, "95": 9.0}}, "kopp": {"occ": {"5": 2011.0, "17": 2011.0, "50": 2013.0, "83": 2014.0, "95": 2014.0}, "chrnc": {"5": 2016.0, "17": 2017.0, "50": 2022.0, "83": 2031.0, "95": 2034.0}, "delta": {"5": 2.0, "17": 5.0, "50": 9.0, "83": 18.0, "95": 22.0}}}