{"int_low": {"occ": {"5": 2016.0, "17": 2020.8300000000002, "50": 2030.0, "83": 2036.0, "95": 2040.0499999999993}, "chrnc": {"5": 2047.0, "17": 2050.0, "50": 2056.0, "83": 2061.0, "95": 2066.0}, "delta": {"5": 12.0, "17": 18.0, "50": 26.0, "83": 35.0, "95": 43.0}}, "int": {"occ": {"5": 2016.0, "17": 2017.0, "50": 2022.0, "83": 2028.0, "95": 2032.0}, "chrnc": {"5": 2037.0, "17": 2040.0, "50": 2043.0, "83": 2047.0, "95": 2049.0}, "delta": {"5": 9.0, "17": 14.0, "50": 21.0, "83": 27.0, "95": 31.0}}, "int_high": {"occ": {"5": 2015.0, "17": 2016.0, "50": 2020.0, "83": 2025.0, "95": 2027.0}, "chrnc": {"5": 2032.0, "17": 2034.0, "50": 2037.0, "83": 2040.0, "95": 2042.0}, "delta": {"5": 8.0, "17": 12.0, "50": 17.0, "83": 21.170000000000073, "95": 24.0}}, "kopp": {"occ": {"5": 2016.0, "17": 2020.0, "50": 2030.0, "83": 2036.0, "95": 2041.0}, "chrnc": {"5": 2041.0, "17": 2045.0, "50": 2051.0, "83": 2058.0, "95": 2064.0}, "delta": {"5": 10.0, "17": 15.0, "50": 22.0, "83": 31.0, "95": 37.0}}}