{"int_low": {"occ": {"5": 2024.0, "17": 2027.0, "50": 2033.0, "83": 2037.0, "95": 2039.0}, "chrnc": {"5": 2044.0, "17": 2048.0, "50": 2054.0, "83": 2058.0, "95": 2060.0}, "delta": {"5": 9.0, "17": 14.0, "50": 21.0, "83": 27.170000000000073, "95": 32.0}}, "int": {"occ": {"5": 2020.0, "17": 2022.0, "50": 2025.0, "83": 2029.0, "95": 2033.0}, "chrnc": {"5": 2036.0, "17": 2037.0, "50": 2039.0, "83": 2041.0, "95": 2043.0}, "delta": {"5": 5.9500000000000455, "17": 9.0, "50": 14.0, "83": 18.0, "95": 20.0}}, "int_high": {"occ": {"5": 2015.0, "17": 2016.0, "50": 2020.0, "83": 2022.0, "95": 2024.0}, "chrnc": {"5": 2026.0, "17": 2028.0, "50": 2032.0, "83": 2034.0, "95": 2035.0}, "delta": {"5": 5.0, "17": 8.0, "50": 12.0, "83": 16.0, "95": 18.0}}, "kopp": {"occ": {"5": 2022.0, "17": 2025.0, "50": 2031.0, "83": 2038.0, "95": 2046.0}, "chrnc": {"5": 2037.0, "17": 2040.0, "50": 2046.0, "83": 2056.0, "95": 2065.0}, "delta": {"5": 7.0, "17": 10.0, "50": 16.0, "83": 22.0, "95": 28.0}}}