{"int_low": {"occ": {"5": 2011.0, "17": 2013.0, "50": 2015.0, "83": 2020.0, "95": 2023.0}, "chrnc": {"5": 2040.95, "17": 2045.0, "50": 2051.0, "83": 2058.0, "95": 2062.0}, "delta": {"5": 22.0, "17": 29.0, "50": 35.0, "83": 43.0, "95": 47.04999999999927}}, "int": {"occ": {"5": 2011.0, "17": 2013.0, "50": 2015.0, "83": 2016.0, "95": 2020.0}, "chrnc": {"5": 2029.0, "17": 2033.0, "50": 2036.0, "83": 2040.0, "95": 2042.0}, "delta": {"5": 13.0, "17": 17.0, "50": 22.0, "83": 25.0, "95": 28.0}}, "int_high": {"occ": {"5": 2010.0, "17": 2012.0, "50": 2013.0, "83": 2015.0, "95": 2018.0}, "chrnc": {"5": 2022.0, "17": 2026.0, "50": 2029.0, "83": 2032.0, "95": 2034.0}, "delta": {"5": 8.950000000000045, "17": 12.0, "50": 16.0, "83": 19.0, "95": 21.0}}, "kopp": {"occ": {"5": 2011.0, "17": 2013.0, "50": 2015.0, "83": 2020.0, "95": 2025.0}, "chrnc": {"5": 2039.0, "17": 2044.0, "50": 2051.0, "83": 2059.0, "95": 2067.0}, "delta": {"5": 22.0, "17": 27.0, "50": 35.0, "83": 44.0, "95": 51.0}}}