{"int_low": {"occ": {"5": 2013.0, "17": 2013.0, "50": 2014.0, "83": 2034.0, "95": 2050.0}, "chrnc": {"5": 2041.0, "17": 2057.0, "50": 2076.0, "83": 2089.0, "95": 2094.0499999999993}, "delta": {"5": 12.0, "17": 29.0, "50": 51.0, "83": 72.0, "95": 80.0}}, "int": {"occ": {"5": 2013.0, "17": 2013.0, "50": 2013.0, "83": 2019.0, "95": 2033.0}, "chrnc": {"5": 2025.0, "17": 2039.0, "50": 2047.0, "83": 2054.0, "95": 2056.0}, "delta": {"5": 8.0, "17": 16.830000000000155, "50": 32.0, "83": 39.0, "95": 43.0}}, "int_high": {"occ": {"5": 2013.0, "17": 2013.0, "50": 2013.0, "83": 2016.0, "95": 2019.0}, "chrnc": {"5": 2022.0, "17": 2025.0, "50": 2030.0, "83": 2038.0, "95": 2040.0}, "delta": {"5": 7.0, "17": 10.0, "50": 16.0, "83": 25.0, "95": 27.0}}, "kopp": {"occ": {"5": 2013.0, "17": 2013.0, "50": 2013.0, "83": 2033.0, "95": 2037.0}, "chrnc": {"5": 2026.0, "17": 2042.0, "50": 2056.0, "83": 2075.0, "95": 2091.0}, "delta": {"5": 9.0, "17": 22.0, "50": 37.0, "83": 56.0, "95": 71.0}}}