{"int_low": {"occ": {"5": 2010.0, "17": 2010.0, "50": 2010.0, "83": 2014.17, "95": 2020.0}, "chrnc": {"5": 2020.0, "17": 2024.0, "50": 2031.0, "83": 2036.0, "95": 2042.0}, "delta": {"5": 8.0, "17": 12.0, "50": 19.0, "83": 25.0, "95": 31.0}}, "int": {"occ": {"5": 2010.0, "17": 2010.0, "50": 2010.0, "83": 2014.0, "95": 2019.0499999999993}, "chrnc": {"5": 2015.0, "17": 2019.0, "50": 2024.0, "83": 2028.0, "95": 2031.0}, "delta": {"5": 2.0, "17": 6.0, "50": 13.0, "83": 18.0, "95": 20.0}}, "int_high": {"occ": {"5": 2010.0, "17": 2010.0, "50": 2010.0, "83": 2011.0, "95": 2015.0499999999993}, "chrnc": {"5": 2012.0, "17": 2012.0, "50": 2016.0, "83": 2020.0, "95": 2024.0}, "delta": {"5": -1.0, "17": 2.0, "50": 5.0, "83": 10.0, "95": 13.0}}, "kopp": {"occ": {"5": 2010.0, "17": 2010.0, "50": 2010.0, "83": 2015.0, "95": 2021.0}, "chrnc": {"5": 2019.0, "17": 2022.0, "50": 2029.0, "83": 2036.0, "95": 2045.0}, "delta": {"5": 5.0, "17": 10.0, "50": 17.0, "83": 25.0, "95": 32.0}}}