{"int_low": {"occ": {"5": 2012.0, "17": 2016.0, "50": 2019.0, "83": 2026.0, "95": 2031.0}, "chrnc": {"5": 2060.95, "17": 2065.0, "50": 2074.0, "83": 2082.0, "95": 2087.0}, "delta": {"5": 36.950000000000045, "17": 44.0, "50": 53.5, "83": 62.0, "95": 70.0}}, "int": {"occ": {"5": 2011.0, "17": 2012.0, "50": 2013.0, "83": 2017.0, "95": 2021.0}, "chrnc": {"5": 2041.0, "17": 2044.0, "50": 2048.0, "83": 2051.0, "95": 2054.0}, "delta": {"5": 24.0, "17": 29.0, "50": 34.0, "83": 38.0, "95": 41.0}}, "int_high": {"occ": {"5": 2010.0, "17": 2011.0, "50": 2011.0, "83": 2012.0, "95": 2013.0}, "chrnc": {"5": 2030.0, "17": 2034.0, "50": 2037.0, "83": 2040.0, "95": 2042.0}, "delta": {"5": 18.950000000000045, "17": 22.0, "50": 25.0, "83": 28.0, "95": 31.0}}, "kopp": {"occ": {"5": 2013.0, "17": 2016.0, "50": 2020.0, "83": 2027.0, "95": 2032.0}, "chrnc": {"5": 2047.0, "17": 2053.0, "50": 2061.0, "83": 2073.0, "95": 2085.0}, "delta": {"5": 26.0, "17": 32.0, "50": 41.0, "83": 52.0, "95": 63.0}}}