{"int_low": {"occ": {"5": 2073.0, "17": 2076.0, "50": 2081.0, "83": 2089.0, "95": 2091.0}, "chrnc": {"5": 2096.0, "17": 2097.0, "50": 2100.0, "83": 2100.0, "95": 2100.0}, "delta": {"5": 7.0, "17": 10.0, "50": 19.0, "83": 25.0, "95": 32.0}}, "int": {"occ": {"5": 2050.95, "17": 2053.0, "50": 2056.0, "83": 2057.0, "95": 2059.0}, "chrnc": {"5": 2062.0, "17": 2065.0, "50": 2068.0, "83": 2071.0, "95": 2073.0}, "delta": {"5": 6.9500000000000455, "17": 9.0, "50": 13.0, "83": 16.0, "95": 18.0}}, "int_high": {"occ": {"5": 2040.0, "17": 2041.0, "50": 2043.0, "83": 2046.0, "95": 2048.0}, "chrnc": {"5": 2053.0, "17": 2054.0, "50": 2056.0, "83": 2057.0, "95": 2058.0}, "delta": {"5": 7.0, "17": 9.0, "50": 12.0, "83": 14.0, "95": 16.0}}, "kopp": {"occ": {"5": 2055.0, "17": 2058.0, "50": 2066.0, "83": 2077.0, "95": 2087.0499999999993}, "chrnc": {"5": 2065.0, "17": 2073.0, "50": 2081.0, "83": 2094.0, "95": 2098.0}, "delta": {"5": 8.0, "17": 11.0, "50": 16.0, "83": 21.0, "95": 25.0}}}