{"int_low": {"occ": {"5": 2074.0, "17": 2078.0, "50": 2083.0, "83": 2090.0, "95": 2094.0}, "chrnc": {"5": 2093.0, "17": 2098.0, "50": 2099.0, "83": 2100.0, "95": 2100.0}, "delta": {"5": 7.0, "17": 10.260000000000005, "50": 18.0, "83": 24.0, "95": 34.0}}, "int": {"occ": {"5": 2048.0, "17": 2050.0, "50": 2053.0, "83": 2055.0, "95": 2057.0}, "chrnc": {"5": 2062.0, "17": 2063.83, "50": 2066.0, "83": 2069.0, "95": 2071.0}, "delta": {"5": 8.0, "17": 10.0, "50": 13.0, "83": 17.0, "95": 20.0}}, "int_high": {"occ": {"5": 2039.0, "17": 2041.0, "50": 2042.0, "83": 2044.0, "95": 2046.0}, "chrnc": {"5": 2049.0, "17": 2051.0, "50": 2053.0, "83": 2055.0, "95": 2056.0}, "delta": {"5": 6.0, "17": 8.0, "50": 11.0, "83": 13.0, "95": 14.049999999999272}}, "kopp": {"occ": {"5": 2052.0, "17": 2058.0, "50": 2067.0, "83": 2079.0, "95": 2090.0}, "chrnc": {"5": 2063.0, "17": 2071.0, "50": 2081.0, "83": 2094.0, "95": 2099.0}, "delta": {"5": 9.0, "17": 12.0, "50": 16.0, "83": 21.0, "95": 25.0}}}