{"int_low": {"occ": {"5": 2046.0, "17": 2051.0, "50": 2055.0, "83": 2058.0, "95": 2061.0499999999993}, "chrnc": {"5": 2075.0, "17": 2077.0, "50": 2081.0, "83": 2087.0, "95": 2090.0}, "delta": {"5": 16.0, "17": 20.0, "50": 26.0, "83": 33.0, "95": 38.0}}, "int": {"occ": {"5": 2039.0, "17": 2041.0, "50": 2044.0, "83": 2047.0, "95": 2050.0}, "chrnc": {"5": 2056.0, "17": 2057.0, "50": 2059.0, "83": 2061.0, "95": 2063.0499999999993}, "delta": {"5": 8.0, "17": 11.0, "50": 15.0, "83": 19.0, "95": 22.0}}, "int_high": {"occ": {"5": 2035.0, "17": 2037.0, "50": 2039.0, "83": 2040.0, "95": 2042.0}, "chrnc": {"5": 2045.95, "17": 2048.0, "50": 2051.0, "83": 2053.0, "95": 2054.0}, "delta": {"5": 7.0, "17": 9.0, "50": 12.0, "83": 15.0, "95": 17.0}}, "kopp": {"occ": {"5": 2042.0, "17": 2046.0, "50": 2052.0, "83": 2057.0, "95": 2062.0}, "chrnc": {"5": 2058.0, "17": 2062.0, "50": 2070.0, "83": 2078.0, "95": 2086.0}, "delta": {"5": 9.0, "17": 13.0, "50": 18.0, "83": 24.0, "95": 29.0}}}