{"int_low": {"occ": {"5": 2010.0, "17": 2012.0, "50": 2015.0, "83": 2030.0, "95": 2037.0}, "chrnc": {"5": 2041.95, "17": 2053.0, "50": 2066.0, "83": 2079.0, "95": 2090.0}, "delta": {"5": 15.950000000000045, "17": 30.0, "50": 48.0, "83": 62.0, "95": 73.04999999999927}}, "int": {"occ": {"5": 2010.0, "17": 2012.0, "50": 2013.0, "83": 2021.0, "95": 2029.0}, "chrnc": {"5": 2026.0, "17": 2036.0, "50": 2043.0, "83": 2050.0, "95": 2054.0}, "delta": {"5": 8.0, "17": 17.0, "50": 28.0, "83": 36.0, "95": 41.0}}, "int_high": {"occ": {"5": 2010.0, "17": 2011.0, "50": 2013.0, "83": 2020.0, "95": 2024.0}, "chrnc": {"5": 2018.95, "17": 2026.0, "50": 2034.0, "83": 2039.0, "95": 2042.0}, "delta": {"5": 4.0, "17": 10.0, "50": 19.0, "83": 26.0, "95": 29.0}}, "kopp": {"occ": {"5": 2010.0, "17": 2012.0, "50": 2013.0, "83": 2028.0, "95": 2036.0}, "chrnc": {"5": 2030.0, "17": 2041.0, "50": 2052.0, "83": 2068.0, "95": 2082.0}, "delta": {"5": 11.400000000000034, "17": 21.0, "50": 34.0, "83": 49.0, "95": 62.0}}}