{"int_low": {"occ": {"5": 2017.0, "17": 2021.0, "50": 2028.0, "83": 2034.0, "95": 2036.0}, "chrnc": {"5": 2042.0, "17": 2044.0, "50": 2050.0, "83": 2056.0, "95": 2059.0}, "delta": {"5": 9.950000000000045, "17": 15.0, "50": 23.0, "83": 31.0, "95": 36.0}}, "int": {"occ": {"5": 2017.0, "17": 2018.0, "50": 2021.0, "83": 2026.0, "95": 2030.0}, "chrnc": {"5": 2032.0, "17": 2036.0, "50": 2038.0, "83": 2041.0, "95": 2043.0}, "delta": {"5": 7.0, "17": 11.0, "50": 16.0, "83": 21.0, "95": 23.0}}, "int_high": {"occ": {"5": 2016.0, "17": 2016.0, "50": 2019.0, "83": 2022.0, "95": 2024.0}, "chrnc": {"5": 2026.0, "17": 2028.0, "50": 2032.0, "83": 2035.0, "95": 2036.0}, "delta": {"5": 5.0, "17": 8.0, "50": 12.0, "83": 16.0, "95": 18.049999999999272}}, "kopp": {"occ": {"5": 2017.0, "17": 2020.0, "50": 2026.0, "83": 2033.0, "95": 2037.0}, "chrnc": {"5": 2036.0, "17": 2039.0, "50": 2045.0, "83": 2053.0, "95": 2059.0}, "delta": {"5": 8.0, "17": 13.0, "50": 19.0, "83": 27.0, "95": 33.0}}}