{"int_low": {"occ": {"5": 2014.0, "17": 2017.0, "50": 2027.0, "83": 2036.0, "95": 2044.0}, "chrnc": {"5": 2074.0, "17": 2080.0, "50": 2087.0, "83": 2095.0, "95": 2098.0}, "delta": {"5": 36.0, "17": 47.0, "50": 60.0, "83": 72.0, "95": 79.04999999999927}}, "int": {"occ": {"5": 2013.0, "17": 2014.0, "50": 2018.0, "83": 2026.0, "95": 2033.0}, "chrnc": {"5": 2044.0, "17": 2048.0, "50": 2055.0, "83": 2058.0, "95": 2060.0}, "delta": {"5": 20.0, "17": 27.0, "50": 35.0, "83": 42.0, "95": 45.0}}, "int_high": {"occ": {"5": 2011.0, "17": 2012.0, "50": 2016.0, "83": 2019.0, "95": 2023.0}, "chrnc": {"5": 2039.0, "17": 2041.0, "50": 2043.0, "83": 2046.0, "95": 2049.0499999999993}, "delta": {"5": 18.0, "17": 23.0, "50": 28.0, "83": 32.0, "95": 35.0}}, "kopp": {"occ": {"5": 2014.0, "17": 2016.0, "50": 2023.0, "83": 2033.0, "95": 2039.0}, "chrnc": {"5": 2047.0, "17": 2056.0, "50": 2066.0, "83": 2081.0, "95": 2093.0}, "delta": {"5": 24.0, "17": 31.0, "50": 43.0, "83": 56.0, "95": 68.0}}}