{"int_low": {"occ": {"5": 2013.0, "17": 2013.0, "50": 2015.0, "83": 2022.0, "95": 2023.0}, "chrnc": {"5": 2032.0, "17": 2036.0, "50": 2042.0, "83": 2047.0, "95": 2050.0499999999993}, "delta": {"5": 13.0, "17": 18.0, "50": 25.0, "83": 32.0, "95": 35.04999999999927}}, "int": {"occ": {"5": 2013.0, "17": 2013.0, "50": 2013.0, "83": 2015.0, "95": 2019.0}, "chrnc": {"5": 2022.0, "17": 2025.0, "50": 2028.0, "83": 2031.0, "95": 2034.0}, "delta": {"5": 7.0, "17": 10.0, "50": 14.0, "83": 17.0, "95": 20.0}}, "int_high": {"occ": {"5": 2012.0, "17": 2013.0, "50": 2013.0, "83": 2014.0, "95": 2015.0}, "chrnc": {"5": 2017.0, "17": 2019.0, "50": 2021.0, "83": 2024.0, "95": 2025.0}, "delta": {"5": 3.0, "17": 5.0, "50": 8.0, "83": 11.0, "95": 13.0}}, "kopp": {"occ": {"5": 2013.0, "17": 2013.0, "50": 2015.0, "83": 2022.0, "95": 2025.0}, "chrnc": {"5": 2033.0, "17": 2037.0, "50": 2044.0, "83": 2051.0, "95": 2059.0}, "delta": {"5": 14.0, "17": 20.0, "50": 27.0, "83": 35.0, "95": 42.0}}}