{"int_low": {"occ": {"5": 2025.95, "17": 2029.0, "50": 2037.0, "83": 2042.0, "95": 2047.0}, "chrnc": {"5": 2069.0, "17": 2075.0, "50": 2081.0, "83": 2089.0, "95": 2092.0499999999993}, "delta": {"5": 29.0, "17": 35.0, "50": 45.0, "83": 54.0, "95": 61.0}}, "int": {"occ": {"5": 2022.0, "17": 2026.0, "50": 2031.0, "83": 2035.0, "95": 2037.0499999999993}, "chrnc": {"5": 2052.0, "17": 2055.0, "50": 2058.0, "83": 2061.0, "95": 2064.0}, "delta": {"5": 18.0, "17": 22.0, "50": 27.0, "83": 33.0, "95": 37.0}}, "int_high": {"occ": {"5": 2018.0, "17": 2022.0, "50": 2026.0, "83": 2031.0, "95": 2033.0}, "chrnc": {"5": 2043.0, "17": 2045.0, "50": 2047.0, "83": 2050.0, "95": 2051.0499999999993}, "delta": {"5": 13.0, "17": 16.0, "50": 22.0, "83": 26.0, "95": 29.049999999999272}}, "kopp": {"occ": {"5": 2023.0, "17": 2027.0, "50": 2034.0, "83": 2040.0, "95": 2048.0}, "chrnc": {"5": 2053.0, "17": 2058.0, "50": 2067.0, "83": 2078.0, "95": 2089.0}, "delta": {"5": 20.0, "17": 25.0, "50": 33.0, "83": 43.0, "95": 51.0}}}