{"int_low": {"occ": {"5": 2034.0, "17": 2038.0, "50": 2042.0, "83": 2046.0, "95": 2050.0}, "chrnc": {"5": 2074.0, "17": 2079.0, "50": 2084.0, "83": 2089.0, "95": 2094.0}, "delta": {"5": 31.0, "17": 35.0, "50": 42.0, "83": 49.0, "95": 54.04999999999927}}, "int": {"occ": {"5": 2026.0, "17": 2029.0, "50": 2031.0, "83": 2034.0, "95": 2036.0}, "chrnc": {"5": 2050.0, "17": 2052.0, "50": 2054.0, "83": 2056.0, "95": 2058.0}, "delta": {"5": 16.0, "17": 19.0, "50": 23.0, "83": 27.0, "95": 29.0}}, "int_high": {"occ": {"5": 2021.0, "17": 2022.0, "50": 2025.0, "83": 2027.0, "95": 2029.0}, "chrnc": {"5": 2040.0, "17": 2042.0, "50": 2044.0, "83": 2045.0, "95": 2047.0}, "delta": {"5": 13.0, "17": 15.830000000000155, "50": 19.0, "83": 22.0, "95": 24.0}}, "kopp": {"occ": {"5": 2034.0, "17": 2038.0, "50": 2044.0, "83": 2050.0, "95": 2056.0}, "chrnc": {"5": 2059.0, "17": 2065.0, "50": 2074.0, "83": 2085.0, "95": 2093.0}, "delta": {"5": 19.0, "17": 24.0, "50": 30.0, "83": 38.0, "95": 44.0}}}