{"int_low": {"occ": {"5": 2075.0, "17": 2077.0, "50": 2081.0, "83": 2087.0, "95": 2090.0}, "chrnc": {"5": 2096.0, "17": 2097.0, "50": 2098.5, "83": 2100.0, "95": 2100.0}, "delta": {"5": 9.950000000000001, "17": 11.0, "50": 14.5, "83": 20.0, "95": 21.14999999999995}}, "int": {"occ": {"5": 2049.0, "17": 2051.0, "50": 2054.0, "83": 2055.0, "95": 2056.0}, "chrnc": {"5": 2062.0, "17": 2064.0, "50": 2066.0, "83": 2068.0, "95": 2070.0}, "delta": {"5": 7.0, "17": 10.0, "50": 12.0, "83": 16.0, "95": 18.0}}, "int_high": {"occ": {"5": 2039.0, "17": 2040.0, "50": 2042.0, "83": 2043.0, "95": 2044.0499999999993}, "chrnc": {"5": 2050.0, "17": 2051.0, "50": 2053.0, "83": 2054.0, "95": 2055.0}, "delta": {"5": 7.0, "17": 8.0, "50": 11.0, "83": 13.0, "95": 14.0}}, "kopp": {"occ": {"5": 2053.0, "17": 2057.0, "50": 2065.0, "83": 2076.0, "95": 2086.0}, "chrnc": {"5": 2063.0, "17": 2071.0, "50": 2080.0, "83": 2092.0, "95": 2098.0}, "delta": {"5": 9.0, "17": 12.0, "50": 16.0, "83": 21.0, "95": 24.0}}}