{"int_low": {"occ": {"5": 2065.0, "17": 2071.0, "50": 2080.0, "83": 2089.0, "95": 2097.0}, "chrnc": {"5": 2096.0, "17": 2096.0, "50": 2096.0, "83": 2096.0, "95": 2096.0}, "delta": {"5": 21.0, "17": 21.0, "50": 21.0, "83": 21.0, "95": 21.0}}, "int": {"occ": {"5": 2045.95, "17": 2048.0, "50": 2051.0, "83": 2056.0, "95": 2059.0}, "chrnc": {"5": 2069.0, "17": 2071.0, "50": 2075.0, "83": 2078.0, "95": 2080.0}, "delta": {"5": 14.950000000000045, "17": 18.0, "50": 23.0, "83": 27.170000000000073, "95": 32.0}}, "int_high": {"occ": {"5": 2033.0, "17": 2036.0, "50": 2040.0, "83": 2043.0, "95": 2045.0}, "chrnc": {"5": 2054.0, "17": 2055.0, "50": 2058.0, "83": 2061.0, "95": 2062.0}, "delta": {"5": 12.0, "17": 14.0, "50": 18.5, "83": 23.0, "95": 26.0}}, "kopp": {"occ": {"5": 2051.0, "17": 2056.0, "50": 2066.0, "83": 2079.0, "95": 2091.0}, "chrnc": {"5": 2070.0, "17": 2079.0, "50": 2089.0, "83": 2097.0, "95": 2100.0}, "delta": {"5": 15.0, "17": 19.0, "50": 26.0, "83": 32.0, "95": 38.0}}}