{"int_low": {"occ": {"5": 2058.0, "17": 2061.0, "50": 2066.0, "83": 2071.0, "95": 2074.0}, "chrnc": {"5": 2084.0, "17": 2094.0, "50": 2097.0, "83": 2099.0, "95": 2100.0}, "delta": {"5": 20.0, "17": 25.0, "50": 31.0, "83": 37.0, "95": 39.0}}, "int": {"occ": {"5": 2040.0, "17": 2042.0, "50": 2044.0, "83": 2048.0, "95": 2050.0499999999993}, "chrnc": {"5": 2057.0, "17": 2058.0, "50": 2060.0, "83": 2062.0, "95": 2064.0}, "delta": {"5": 10.0, "17": 12.0, "50": 15.0, "83": 18.0, "95": 20.0}}, "int_high": {"occ": {"5": 2035.0, "17": 2036.0, "50": 2038.0, "83": 2039.0, "95": 2040.0}, "chrnc": {"5": 2045.0, "17": 2046.0, "50": 2049.0, "83": 2051.0, "95": 2052.0}, "delta": {"5": 7.0, "17": 9.0, "50": 11.0, "83": 13.0, "95": 15.0}}, "kopp": {"occ": {"5": 2045.0, "17": 2051.0, "50": 2058.0, "83": 2067.0, "95": 2076.0}, "chrnc": {"5": 2059.0, "17": 2065.0, "50": 2076.0, "83": 2087.0499999999993, "95": 2096.0}, "delta": {"5": 10.0, "17": 14.0, "50": 18.0, "83": 23.0, "95": 28.0}}}