{"int_low": {"occ": {"5": 2011.0, "17": 2012.8300000000002, "50": 2014.0, "83": 2017.0, "95": 2024.0}, "chrnc": {"5": 2025.0, "17": 2032.0, "50": 2041.0, "83": 2050.0, "95": 2053.0}, "delta": {"5": 9.0, "17": 16.0, "50": 26.0, "83": 35.0, "95": 39.0}}, "int": {"occ": {"5": 2010.0, "17": 2011.0, "50": 2012.0, "83": 2014.0, "95": 2016.0999999999985}, "chrnc": {"5": 2022.0, "17": 2024.0, "50": 2029.0, "83": 2034.0, "95": 2036.0}, "delta": {"5": 9.0, "17": 12.0, "50": 17.0, "83": 22.0, "95": 24.0}}, "int_high": {"occ": {"5": 2010.0, "17": 2010.0, "50": 2011.0, "83": 2012.0, "95": 2014.0}, "chrnc": {"5": 2017.0, "17": 2017.0, "50": 2021.0, "83": 2025.0, "95": 2029.0}, "delta": {"5": 5.0, "17": 6.0, "50": 10.0, "83": 14.0, "95": 18.0}}, "kopp": {"occ": {"5": 2011.0, "17": 2011.0, "50": 2014.0, "83": 2018.0, "95": 2025.0}, "chrnc": {"5": 2023.0, "17": 2027.0, "50": 2036.0, "83": 2043.0, "95": 2052.0}, "delta": {"5": 8.0, "17": 13.0, "50": 21.0, "83": 28.0, "95": 36.0}}}