{"int_low": {"occ": {"5": 2028.0, "17": 2033.0, "50": 2040.0, "83": 2047.0, "95": 2052.0499999999993}, "chrnc": {"5": 2076.0, "17": 2082.0, "50": 2090.0, "83": 2097.0, "95": 2099.0}, "delta": {"5": 31.450000000000045, "17": 40.0, "50": 49.0, "83": 59.0, "95": 66.0}}, "int": {"occ": {"5": 2020.0, "17": 2023.0, "50": 2028.0, "83": 2032.0, "95": 2036.0}, "chrnc": {"5": 2050.0, "17": 2053.0, "50": 2056.0, "83": 2059.0, "95": 2062.0}, "delta": {"5": 18.950000000000045, "17": 23.0, "50": 28.0, "83": 33.0, "95": 38.0}}, "int_high": {"occ": {"5": 2016.0, "17": 2019.0, "50": 2022.0, "83": 2025.0, "95": 2027.0}, "chrnc": {"5": 2038.0, "17": 2041.0, "50": 2043.0, "83": 2046.0, "95": 2047.0}, "delta": {"5": 14.950000000000045, "17": 17.0, "50": 21.0, "83": 25.0, "95": 28.0}}, "kopp": {"occ": {"5": 2026.0, "17": 2030.0, "50": 2038.0, "83": 2047.0, "95": 2055.0}, "chrnc": {"5": 2054.0, "17": 2061.0, "50": 2071.0, "83": 2084.0, "95": 2094.0}, "delta": {"5": 19.0, "17": 25.0, "50": 33.0, "83": 43.0, "95": 52.0}}}