{"int_low": {"occ": {"5": 2012.0, "17": 2013.0, "50": 2013.0, "83": 2013.0, "95": 2031.0}, "chrnc": {"5": 2022.0, "17": 2026.0, "50": 2040.0, "83": 2052.0, "95": 2058.0}, "delta": {"5": 6.0, "17": 11.830000000000155, "50": 26.0, "83": 39.0, "95": 44.04999999999927}}, "int": {"occ": {"5": 2011.0, "17": 2013.0, "50": 2013.0, "83": 2013.0, "95": 2016.0}, "chrnc": {"5": 2019.0, "17": 2023.0, "50": 2029.0, "83": 2036.0, "95": 2038.0}, "delta": {"5": 5.0, "17": 9.0, "50": 16.0, "83": 23.0, "95": 25.0}}, "int_high": {"occ": {"5": 2011.0, "17": 2013.0, "50": 2013.0, "83": 2013.0, "95": 2014.0}, "chrnc": {"5": 2017.0, "17": 2019.0, "50": 2025.0, "83": 2032.0, "95": 2034.0}, "delta": {"5": 4.0, "17": 6.0, "50": 12.0, "83": 19.0, "95": 21.0}}, "kopp": {"occ": {"5": 2011.0, "17": 2013.0, "50": 2013.0, "83": 2013.0, "95": 2020.0}, "chrnc": {"5": 2020.0, "17": 2023.0, "50": 2034.0, "83": 2048.0, "95": 2054.0}, "delta": {"5": 5.0, "17": 10.0, "50": 20.0, "83": 34.0, "95": 41.0}}}