{"int_low": {"occ": {"5": 2071.0, "17": 2078.0, "50": 2086.0, "83": 2094.0, "95": 2098.0}, "chrnc": {"5": 2087.0, "17": 2092.0, "50": 2096.0, "83": 2100.0, "95": 2100.0}, "delta": {"5": -4.0, "17": 2.0, "50": 10.0, "83": 18.0, "95": 26.0}}, "int": {"occ": {"5": 2051.0, "17": 2054.0, "50": 2058.0, "83": 2063.0, "95": 2065.0}, "chrnc": {"5": 2063.0, "17": 2066.0, "50": 2069.0, "83": 2073.0, "95": 2076.0}, "delta": {"5": 3.0, "17": 6.0, "50": 11.0, "83": 16.0, "95": 20.049999999999272}}, "int_high": {"occ": {"5": 2042.0, "17": 2045.0, "50": 2048.0, "83": 2051.0, "95": 2053.0}, "chrnc": {"5": 2051.0, "17": 2053.0, "50": 2056.0, "83": 2058.0, "95": 2061.0}, "delta": {"5": 1.9500000000000455, "17": 4.0, "50": 8.0, "83": 12.0, "95": 15.0}}, "kopp": {"occ": {"5": 2052.0, "17": 2058.0, "50": 2068.0, "83": 2080.0, "95": 2091.0}, "chrnc": {"5": 2062.0, "17": 2069.0, "50": 2080.0, "83": 2092.0, "95": 2098.0}, "delta": {"5": 2.0, "17": 6.0, "50": 12.0, "83": 19.0, "95": 25.0}}}