{"int_low": {"occ": {"5": 2022.0, "17": 2026.0, "50": 2030.0, "83": 2035.0, "95": 2038.0}, "chrnc": {"5": 2067.0, "17": 2071.0, "50": 2076.0, "83": 2080.0, "95": 2084.0}, "delta": {"5": 34.950000000000045, "17": 39.0, "50": 45.0, "83": 52.0, "95": 56.0}}, "int": {"occ": {"5": 2019.0, "17": 2021.0, "50": 2024.0, "83": 2027.0, "95": 2029.0}, "chrnc": {"5": 2047.0, "17": 2049.0, "50": 2051.0, "83": 2053.0, "95": 2055.0}, "delta": {"5": 20.950000000000045, "17": 23.0, "50": 27.0, "83": 31.0, "95": 33.0}}, "int_high": {"occ": {"5": 2016.0, "17": 2018.0, "50": 2020.0, "83": 2022.0, "95": 2024.0}, "chrnc": {"5": 2038.0, "17": 2039.0, "50": 2041.0, "83": 2043.0, "95": 2044.0499999999993}, "delta": {"5": 16.0, "17": 19.0, "50": 22.0, "83": 25.0, "95": 27.0}}, "kopp": {"occ": {"5": 2024.0, "17": 2028.0, "50": 2033.0, "83": 2038.0, "95": 2043.0}, "chrnc": {"5": 2055.0, "17": 2060.0, "50": 2067.0, "83": 2077.0, "95": 2086.0}, "delta": {"5": 23.0, "17": 28.0, "50": 35.0, "83": 43.0, "95": 50.0}}}