{"int_low": {"occ": {"5": 2022.0, "17": 2024.0, "50": 2029.0, "83": 2033.0, "95": 2037.0}, "chrnc": {"5": 2043.0, "17": 2046.0, "50": 2051.0, "83": 2055.0, "95": 2058.0}, "delta": {"5": 11.0, "17": 16.0, "50": 22.0, "83": 27.0, "95": 31.0}}, "int": {"occ": {"5": 2016.0, "17": 2020.0, "50": 2023.0, "83": 2027.0, "95": 2031.0}, "chrnc": {"5": 2035.0, "17": 2038.0, "50": 2040.0, "83": 2043.0, "95": 2045.0}, "delta": {"5": 9.0, "17": 12.830000000000155, "50": 17.0, "83": 21.0, "95": 25.0}}, "int_high": {"occ": {"5": 2016.0, "17": 2016.0, "50": 2018.0, "83": 2022.0, "95": 2024.0}, "chrnc": {"5": 2030.0, "17": 2032.0, "50": 2035.0, "83": 2037.0, "95": 2039.0}, "delta": {"5": 9.0, "17": 12.0, "50": 16.0, "83": 19.170000000000073, "95": 21.0}}, "kopp": {"occ": {"5": 2022.0, "17": 2025.0, "50": 2029.0, "83": 2033.0, "95": 2037.0}, "chrnc": {"5": 2040.0, "17": 2043.0, "50": 2047.0, "83": 2053.0, "95": 2056.0}, "delta": {"5": 9.0, "17": 13.0, "50": 18.0, "83": 24.0, "95": 29.0}}}