{"int_low": {"occ": {"5": 2057.0, "17": 2062.0, "50": 2067.0, "83": 2072.0, "95": 2077.0}, "chrnc": {"5": 2090.0, "17": 2092.0, "50": 2098.0, "83": 2100.0, "95": 2100.0}, "delta": {"5": 18.0, "17": 24.0, "50": 30.0, "83": 36.0, "95": 41.0}}, "int": {"occ": {"5": 2039.0, "17": 2041.0, "50": 2044.0, "83": 2047.0, "95": 2049.0}, "chrnc": {"5": 2055.0, "17": 2057.0, "50": 2059.0, "83": 2062.0, "95": 2063.0}, "delta": {"5": 9.0, "17": 12.0, "50": 15.0, "83": 18.0, "95": 21.0}}, "int_high": {"occ": {"5": 2030.0, "17": 2032.0, "50": 2034.0, "83": 2036.0, "95": 2037.0}, "chrnc": {"5": 2044.0, "17": 2045.0, "50": 2047.0, "83": 2049.0, "95": 2050.0}, "delta": {"5": 8.950000000000045, "17": 10.830000000000155, "50": 13.0, "83": 16.0, "95": 18.0}}, "kopp": {"occ": {"5": 2051.0, "17": 2056.0, "50": 2065.0, "83": 2075.0, "95": 2085.0}, "chrnc": {"5": 2066.0, "17": 2073.0, "50": 2084.0, "83": 2094.0, "95": 2099.0}, "delta": {"5": 11.0, "17": 15.0, "50": 20.0, "83": 26.0, "95": 30.0}}}