{"int_low": {"occ": {"5": 2013.0, "17": 2016.0, "50": 2025.0, "83": 2037.0, "95": 2049.0499999999993}, "chrnc": {"5": 2061.0, "17": 2073.0, "50": 2085.0, "83": 2093.17, "95": 2099.0}, "delta": {"5": 27.0, "17": 40.0, "50": 59.0, "83": 71.0, "95": 79.0}}, "int": {"occ": {"5": 2011.0, "17": 2011.8300000000002, "50": 2019.0, "83": 2028.0, "95": 2033.0}, "chrnc": {"5": 2042.0, "17": 2046.0, "50": 2053.0, "83": 2058.17, "95": 2063.0}, "delta": {"5": 15.0, "17": 23.0, "50": 33.0, "83": 42.0, "95": 48.0}}, "int_high": {"occ": {"5": 2010.0, "17": 2010.0, "50": 2012.0, "83": 2021.0, "95": 2027.0}, "chrnc": {"5": 2034.0, "17": 2038.0, "50": 2042.0, "83": 2047.0, "95": 2050.0}, "delta": {"5": 14.0, "17": 21.0, "50": 29.0, "83": 34.0, "95": 38.0}}, "kopp": {"occ": {"5": 2011.0, "17": 2014.0, "50": 2022.0, "83": 2034.0, "95": 2046.0}, "chrnc": {"5": 2044.0, "17": 2052.0, "50": 2065.0, "83": 2081.0, "95": 2093.0}, "delta": {"5": 18.0, "17": 28.0, "50": 41.0, "83": 57.0, "95": 70.0}}}