{"int_low": {"occ": {"5": 2027.95, "17": 2033.0, "50": 2039.0, "83": 2045.0, "95": 2050.0}, "chrnc": {"5": 2059.0, "17": 2062.0, "50": 2068.0, "83": 2074.0, "95": 2080.0}, "delta": {"5": 17.0, "17": 22.0, "50": 29.0, "83": 37.17000000000007, "95": 44.0}}, "int": {"occ": {"5": 2021.0, "17": 2024.0, "50": 2029.0, "83": 2033.0, "95": 2036.0}, "chrnc": {"5": 2043.0, "17": 2046.0, "50": 2049.0, "83": 2052.0, "95": 2054.0}, "delta": {"5": 12.0, "17": 15.0, "50": 20.0, "83": 25.0, "95": 29.0}}, "int_high": {"occ": {"5": 2015.0, "17": 2016.0, "50": 2023.0, "83": 2026.0, "95": 2029.0}, "chrnc": {"5": 2035.0, "17": 2037.0, "50": 2039.0, "83": 2041.0, "95": 2043.0}, "delta": {"5": 10.0, "17": 12.830000000000155, "50": 17.0, "83": 22.0, "95": 25.0}}, "kopp": {"occ": {"5": 2027.0, "17": 2033.0, "50": 2039.0, "83": 2046.0, "95": 2052.0}, "chrnc": {"5": 2049.0, "17": 2055.0, "50": 2062.0, "83": 2071.0, "95": 2081.0}, "delta": {"5": 13.0, "17": 17.0, "50": 23.0, "83": 31.0, "95": 38.0}}}