{"int_low": {"occ": {"5": 2023.0, "17": 2026.0, "50": 2031.0, "83": 2035.0, "95": 2038.0}, "chrnc": {"5": 2058.0, "17": 2062.0, "50": 2066.0, "83": 2071.0, "95": 2075.0499999999993}, "delta": {"5": 25.0, "17": 30.0, "50": 36.0, "83": 42.0, "95": 47.04999999999927}}, "int": {"occ": {"5": 2019.0, "17": 2021.0, "50": 2023.0, "83": 2026.0, "95": 2028.0}, "chrnc": {"5": 2042.0, "17": 2043.0, "50": 2045.0, "83": 2048.0, "95": 2049.0}, "delta": {"5": 16.0, "17": 19.0, "50": 22.0, "83": 26.0, "95": 28.0}}, "int_high": {"occ": {"5": 2016.0, "17": 2017.0, "50": 2019.0, "83": 2021.0, "95": 2023.0}, "chrnc": {"5": 2033.0, "17": 2035.0, "50": 2037.0, "83": 2039.0, "95": 2040.0}, "delta": {"5": 13.0, "17": 15.0, "50": 18.0, "83": 21.0, "95": 23.0}}}