{"int_low": {"occ": {"5": 2052.95, "17": 2057.0, "50": 2063.0, "83": 2069.0, "95": 2073.0499999999993}, "chrnc": {"5": 2078.0, "17": 2082.0, "50": 2087.0, "83": 2093.0, "95": 2096.0}, "delta": {"5": 11.0, "17": 16.0, "50": 24.0, "83": 32.0, "95": 38.0}}, "int": {"occ": {"5": 2041.0, "17": 2044.0, "50": 2048.0, "83": 2051.0, "95": 2053.0}, "chrnc": {"5": 2056.0, "17": 2058.0, "50": 2061.0, "83": 2064.0, "95": 2066.0}, "delta": {"5": 6.0, "17": 9.0, "50": 14.0, "83": 18.0, "95": 22.0}}, "int_high": {"occ": {"5": 2035.0, "17": 2038.0, "50": 2040.0, "83": 2043.0, "95": 2044.0499999999993}, "chrnc": {"5": 2047.0, "17": 2049.0, "50": 2051.0, "83": 2053.0, "95": 2055.0}, "delta": {"5": 5.0, "17": 7.0, "50": 11.0, "83": 14.0, "95": 17.0}}, "kopp": {"occ": {"5": 2046.0, "17": 2050.0, "50": 2056.0, "83": 2064.0, "95": 2070.0}, "chrnc": {"5": 2060.0, "17": 2065.0, "50": 2073.0, "83": 2083.0, "95": 2091.0}, "delta": {"5": 8.0, "17": 11.0, "50": 17.0, "83": 23.0, "95": 28.0}}}