{"int_low": {"occ": {"5": 2010.0, "17": 2010.0, "50": 2011.0, "83": 2013.0, "95": 2021.0499999999993}, "chrnc": {"5": 2016.0, "17": 2020.0, "50": 2029.0, "83": 2036.0, "95": 2039.0499999999993}, "delta": {"5": 3.0, "17": 7.0, "50": 16.0, "83": 25.0, "95": 29.0}}, "int": {"occ": {"5": 2010.0, "17": 2010.0, "50": 2010.0, "83": 2011.0, "95": 2017.0}, "chrnc": {"5": 2014.0, "17": 2015.0, "50": 2019.0, "83": 2025.0, "95": 2029.0499999999993}, "delta": {"5": 2.0, "17": 4.0, "50": 8.0, "83": 14.0, "95": 18.0}}, "int_high": {"occ": {"5": 2010.0, "17": 2010.0, "50": 2010.0, "83": 2011.0, "95": 2012.0}, "chrnc": {"5": 2012.0, "17": 2012.0, "50": 2014.0, "83": 2019.0, "95": 2021.0}, "delta": {"5": 1.0, "17": 2.0, "50": 4.0, "83": 9.0, "95": 11.0}}, "kopp": {"occ": {"5": 2010.0, "17": 2010.0, "50": 2011.0, "83": 2018.0, "95": 2024.0}, "chrnc": {"5": 2016.0, "17": 2019.0, "50": 2028.0, "83": 2037.0, "95": 2043.0}, "delta": {"5": 3.0, "17": 6.0, "50": 15.0, "83": 24.0, "95": 30.0}}}