{"int_low": {"occ": {"5": 2025.0, "17": 2030.0, "50": 2036.0, "83": 2041.17, "95": 2047.0}, "chrnc": {"5": 2057.0, "17": 2060.0, "50": 2065.5, "83": 2071.0, "95": 2077.0}, "delta": {"5": 16.0, "17": 21.830000000000155, "50": 30.0, "83": 38.0, "95": 44.04999999999927}}, "int": {"occ": {"5": 2016.0, "17": 2019.0, "50": 2025.0, "83": 2030.17, "95": 2034.0}, "chrnc": {"5": 2041.0, "17": 2044.0, "50": 2047.0, "83": 2051.0, "95": 2053.0}, "delta": {"5": 13.0, "17": 17.0, "50": 22.0, "83": 28.0, "95": 33.0}}, "int_high": {"occ": {"5": 2015.0, "17": 2015.0, "50": 2020.0, "83": 2024.0, "95": 2027.0}, "chrnc": {"5": 2033.0, "17": 2035.0, "50": 2038.0, "83": 2040.0, "95": 2042.0}, "delta": {"5": 10.0, "17": 13.0, "50": 18.0, "83": 23.0, "95": 25.0}}, "kopp": {"occ": {"5": 2025.0, "17": 2030.0, "50": 2036.0, "83": 2043.0, "95": 2049.0}, "chrnc": {"5": 2047.0, "17": 2053.0, "50": 2060.0, "83": 2069.0, "95": 2078.0}, "delta": {"5": 13.0, "17": 17.0, "50": 24.0, "83": 32.0, "95": 39.0}}}