{"int_low": {"occ": {"5": 2021.0, "17": 2024.0, "50": 2029.0, "83": 2033.0, "95": 2036.0}, "chrnc": {"5": 2044.0, "17": 2048.0, "50": 2053.0, "83": 2057.0, "95": 2059.0}, "delta": {"5": 13.0, "17": 18.0, "50": 24.0, "83": 30.0, "95": 35.0}}, "int": {"occ": {"5": 2016.0, "17": 2017.8300000000002, "50": 2022.0, "83": 2026.0, "95": 2029.0}, "chrnc": {"5": 2038.0, "17": 2040.0, "50": 2042.0, "83": 2046.0, "95": 2048.0499999999993}, "delta": {"5": 12.0, "17": 16.0, "50": 20.0, "83": 26.0, "95": 29.0}}, "int_high": {"occ": {"5": 2016.0, "17": 2017.0, "50": 2019.0, "83": 2022.0, "95": 2024.0}, "chrnc": {"5": 2033.0, "17": 2035.0, "50": 2038.0, "83": 2039.0, "95": 2041.0}, "delta": {"5": 12.0, "17": 15.0, "50": 18.0, "83": 22.0, "95": 23.0}}, "kopp": {"occ": {"5": 2021.0, "17": 2024.0, "50": 2028.0, "83": 2033.0, "95": 2036.0}, "chrnc": {"5": 2041.0, "17": 2044.0, "50": 2050.0, "83": 2056.0, "95": 2060.0}, "delta": {"5": 11.0, "17": 16.0, "50": 22.0, "83": 28.0, "95": 33.0}}}