{"int_low": {"occ": {"5": 2010.0, "17": 2010.0, "50": 2013.0, "83": 2013.0, "95": 2020.0}, "chrnc": {"5": 2012.0, "17": 2014.0, "50": 2016.0, "83": 2025.0, "95": 2033.0}, "delta": {"5": -2.0, "17": 1.0, "50": 5.0, "83": 13.0, "95": 20.049999999999272}}, "int": {"occ": {"5": 2010.0, "17": 2010.0, "50": 2013.0, "83": 2013.0, "95": 2016.0}, "chrnc": {"5": 2010.0, "17": 2011.0, "50": 2016.0, "83": 2020.0, "95": 2023.0}, "delta": {"5": -3.0, "17": -1.0, "50": 3.0, "83": 7.0, "95": 11.0}}, "int_high": {"occ": {"5": 2010.0, "17": 2010.0, "50": 2013.0, "83": 2013.0, "95": 2013.0}, "chrnc": {"5": 2010.0, "17": 2010.0, "50": 2012.0, "83": 2014.0, "95": 2019.0}, "delta": {"5": -3.0, "17": -2.0, "50": -1.0, "83": 3.0, "95": 7.049999999999272}}, "kopp": {"occ": {"5": 2010.0, "17": 2010.0, "50": 2013.0, "83": 2013.0, "95": 2020.0}, "chrnc": {"5": 2011.0, "17": 2014.0, "50": 2016.0, "83": 2023.0, "95": 2032.0}, "delta": {"5": -3.0, "17": 1.0, "50": 4.0, "83": 11.0, "95": 19.0}}}