{"int_low": {"occ": {"5": 2011.0, "17": 2012.0, "50": 2023.0, "83": 2035.0, "95": 2044.0}, "chrnc": {"5": 2029.0, "17": 2037.0, "50": 2049.0, "83": 2060.0, "95": 2070.0}, "delta": {"5": -3.0499999999999545, "17": 10.0, "50": 25.0, "83": 39.0, "95": 50.0}}, "int": {"occ": {"5": 2010.0, "17": 2011.0, "50": 2018.5, "83": 2025.0, "95": 2031.0499999999993}, "chrnc": {"5": 2023.0, "17": 2028.0, "50": 2035.0, "83": 2042.0, "95": 2046.0}, "delta": {"5": 1.9500000000000455, "17": 7.0, "50": 16.0, "83": 25.0, "95": 30.0}}, "int_high": {"occ": {"5": 2010.0, "17": 2010.0, "50": 2014.0, "83": 2021.0, "95": 2025.0}, "chrnc": {"5": 2019.0, "17": 2022.0, "50": 2028.0, "83": 2034.0, "95": 2036.0499999999993}, "delta": {"5": -1.0499999999999545, "17": 5.0, "50": 12.0, "83": 19.0, "95": 24.0}}, "kopp": {"occ": {"5": 2011.0, "17": 2012.0, "50": 2022.0, "83": 2033.0, "95": 2042.0}, "chrnc": {"5": 2026.0, "17": 2032.0, "50": 2042.0, "83": 2054.0, "95": 2066.0}, "delta": {"5": -3.0, "17": 8.0, "50": 19.0, "83": 33.0, "95": 44.0}}}