{"int_low": {"occ": {"5": 2010.0, "17": 2010.0, "50": 2011.0, "83": 2015.0, "95": 2019.0}, "chrnc": {"5": 2027.0, "17": 2035.0, "50": 2039.0, "83": 2043.0, "95": 2051.0}, "delta": {"5": 15.950000000000045, "17": 21.0, "50": 28.0, "83": 32.0, "95": 38.04999999999927}}, "int": {"occ": {"5": 2010.0, "17": 2010.0, "50": 2011.0, "83": 2012.0, "95": 2015.0}, "chrnc": {"5": 2022.0, "17": 2024.0, "50": 2027.5, "83": 2032.0, "95": 2034.0}, "delta": {"5": 11.0, "17": 13.0, "50": 16.0, "83": 21.0, "95": 24.0}}, "int_high": {"occ": {"5": 2010.0, "17": 2010.0, "50": 2011.0, "83": 2011.0, "95": 2013.0}, "chrnc": {"5": 2019.0, "17": 2020.0, "50": 2022.0, "83": 2024.0, "95": 2025.0}, "delta": {"5": 7.0, "17": 9.0, "50": 11.0, "83": 13.0, "95": 15.0}}, "kopp": {"occ": {"5": 2010.0, "17": 2010.0, "50": 2012.0, "83": 2017.0, "95": 2020.0}, "chrnc": {"5": 2026.0, "17": 2032.0, "50": 2038.0, "83": 2044.0, "95": 2051.0}, "delta": {"5": 14.0, "17": 19.0, "50": 25.0, "83": 31.0, "95": 37.0}}}