{"int_low": {"occ": {"5": 2018.0, "17": 2025.0, "50": 2032.0, "83": 2037.0, "95": 2042.0}, "chrnc": {"5": 2047.0, "17": 2052.0, "50": 2057.0, "83": 2063.0, "95": 2068.0499999999993}, "delta": {"5": 12.0, "17": 17.0, "50": 25.0, "83": 35.0, "95": 42.0}}, "int": {"occ": {"5": 2016.0, "17": 2017.0, "50": 2024.0, "83": 2030.0, "95": 2033.0}, "chrnc": {"5": 2038.0, "17": 2041.0, "50": 2044.0, "83": 2047.0, "95": 2050.0}, "delta": {"5": 9.0, "17": 13.0, "50": 20.0, "83": 27.0, "95": 30.0}}, "int_high": {"occ": {"5": 2015.0, "17": 2016.0, "50": 2020.0, "83": 2025.0, "95": 2028.0}, "chrnc": {"5": 2032.0, "17": 2035.0, "50": 2038.0, "83": 2040.0, "95": 2042.0}, "delta": {"5": 8.0, "17": 12.0, "50": 17.0, "83": 22.0, "95": 25.0}}, "kopp": {"occ": {"5": 2017.0, "17": 2023.0, "50": 2031.0, "83": 2038.0, "95": 2043.0}, "chrnc": {"5": 2042.0, "17": 2046.0, "50": 2052.0, "83": 2059.0, "95": 2065.0499999999993}, "delta": {"5": 10.0, "17": 14.0, "50": 21.0, "83": 30.0, "95": 36.04999999999927}}}