{"int_low": {"occ": {"5": 2011.0, "17": 2014.0, "50": 2021.0, "83": 2034.0, "95": 2044.0499999999993}, "chrnc": {"5": 2084.0, "17": 2092.0, "50": 2096.0, "83": 2100.0, "95": 2100.0}, "delta": {"5": 50.0, "17": 60.0, "50": 73.0, "83": 84.0, "95": 87.0}}, "int": {"occ": {"5": 2010.0, "17": 2010.0, "50": 2016.0, "83": 2025.0, "95": 2031.0499999999993}, "chrnc": {"5": 2057.0, "17": 2060.0, "50": 2065.0, "83": 2070.0, "95": 2072.0}, "delta": {"5": 32.0, "17": 39.0, "50": 48.0, "83": 55.0, "95": 60.0}}, "int_high": {"occ": {"5": 2010.0, "17": 2010.0, "50": 2012.0, "83": 2020.0, "95": 2025.0}, "chrnc": {"5": 2044.0, "17": 2047.0, "50": 2050.0, "83": 2053.0, "95": 2055.0}, "delta": {"5": 24.0, "17": 29.0, "50": 37.0, "83": 41.0, "95": 43.0}}, "kopp": {"occ": {"5": 2010.0, "17": 2012.0, "50": 2019.0, "83": 2032.0, "95": 2040.0}, "chrnc": {"5": 2057.0, "17": 2064.0, "50": 2077.0, "83": 2092.0, "95": 2098.0}, "delta": {"5": 35.0, "17": 44.0, "50": 57.0, "83": 71.0, "95": 80.0}}}