{"int_low": {"occ": {"5": 2082.0, "17": 2088.0, "50": 2096.0, "83": 2099.0, "95": 2100.0}, "chrnc": {"5": NaN, "17": NaN, "50": NaN, "83": NaN, "95": NaN}, "delta": {"5": NaN, "17": NaN, "50": NaN, "83": NaN, "95": NaN}}, "int": {"occ": {"5": 2060.0, "17": 2064.0, "50": 2071.0, "83": 2077.0, "95": 2081.0499999999993}, "chrnc": {"5": 2079.0, "17": 2083.83, "50": 2088.0, "83": 2093.0, "95": 2096.0}, "delta": {"5": 5.0, "17": 10.0, "50": 17.5, "83": 26.0, "95": 31.0}}, "int_high": {"occ": {"5": 2047.0, "17": 2051.0, "50": 2055.0, "83": 2059.0, "95": 2062.0}, "chrnc": {"5": 2061.0, "17": 2064.0, "50": 2067.0, "83": 2071.0, "95": 2073.0}, "delta": {"5": 4.0, "17": 7.830000000000155, "50": 13.0, "83": 18.0, "95": 21.0}}, "kopp": {"occ": {"5": 2061.0, "17": 2071.0, "50": 2084.0, "83": 2095.0, "95": 2099.0}, "chrnc": {"5": 2074.0, "17": 2083.0, "50": 2094.0, "83": 2099.0, "95": 2100.0}, "delta": {"5": 4.0, "17": 8.0, "50": 16.0, "83": 24.0, "95": 30.0}}}