{"int_low": {"occ": {"5": 2010.0, "17": 2012.0, "50": 2019.0, "83": 2031.0, "95": 2036.0499999999993}, "chrnc": {"5": 2013.0, "17": 2016.0, "50": 2025.0, "83": 2037.0, "95": 2049.0499999999993}, "delta": {"5": -17.0, "17": -7.0, "50": 5.0, "83": 21.0, "95": 31.0}}, "int": {"occ": {"5": 2010.0, "17": 2012.0, "50": 2013.0, "83": 2022.0, "95": 2029.0}, "chrnc": {"5": 2011.0, "17": 2011.8300000000002, "50": 2019.0, "83": 2028.0, "95": 2033.0}, "delta": {"5": -11.0, "17": -4.169999999999845, "50": 3.0, "83": 12.0, "95": 20.0}}, "int_high": {"occ": {"5": 2010.0, "17": 2011.0, "50": 2013.0, "83": 2020.0, "95": 2024.0}, "chrnc": {"5": 2010.0, "17": 2010.0, "50": 2012.0, "83": 2021.0, "95": 2027.0}, "delta": {"5": -12.0, "17": -7.0, "50": -1.0, "83": 7.0, "95": 12.049999999999272}}, "kopp": {"occ": {"5": 2010.0, "17": 2012.0, "50": 2018.5, "83": 2028.0, "95": 2035.0}, "chrnc": {"5": 2011.0, "17": 2014.0, "50": 2022.0, "83": 2034.0, "95": 2046.0}, "delta": {"5": -15.0, "17": -6.0, "50": 4.0, "83": 17.0, "95": 26.0}}}