{"int_low": {"occ": {"5": 2010.0, "17": 2010.0, "50": 2013.0, "83": 2014.0, "95": 2023.0}, "chrnc": {"5": 2010.0, "17": 2011.0, "50": 2013.0, "83": 2020.0, "95": 2032.0}, "delta": {"5": -9.0, "17": -2.1699999999998454, "50": 1.0, "83": 7.0, "95": 20.0}}, "int": {"occ": {"5": 2010.0, "17": 2010.0, "50": 2012.0, "83": 2013.0, "95": 2019.0}, "chrnc": {"5": 2010.0, "17": 2010.0, "50": 2012.0, "83": 2013.0, "95": 2019.0}, "delta": {"5": -6.0, "17": -2.0, "50": 0.0, "83": 2.0, "95": 5.0}}, "int_high": {"occ": {"5": 2010.0, "17": 2010.0, "50": 2011.0, "83": 2013.0, "95": 2016.0999999999985}, "chrnc": {"5": 2010.0, "17": 2010.0, "50": 2011.0, "83": 2013.0, "95": 2016.0}, "delta": {"5": 0.0, "17": 0.0, "50": 0.0, "83": 0.0, "95": 2.0}}, "kopp": {"occ": {"5": 2010.0, "17": 2011.0, "50": 2013.0, "83": 2018.0, "95": 2021.0}, "chrnc": {"5": 2010.0, "17": 2010.0, "50": 2012.0, "83": 2018.0, "95": 2028.0}, "delta": {"5": -9.0, "17": -3.0, "50": 0.0, "83": 5.0, "95": 12.0}}}