{"int_low": {"occ": {"5": 2044.0, "17": 2059.0, "50": 2074.0, "83": 2088.0, "95": 2095.0}, "chrnc": {"5": 2080.0, "17": 2088.0, "50": 2096.0, "83": 2099.0, "95": 2100.0}, "delta": {"5": -4.0, "17": 6.0, "50": 24.0, "83": 38.0, "95": 56.0}}, "int": {"occ": {"5": 2026.0, "17": 2037.8300000000002, "50": 2046.0, "83": 2054.0, "95": 2059.0}, "chrnc": {"5": 2059.0, "17": 2064.0, "50": 2070.0, "83": 2076.0, "95": 2081.0}, "delta": {"5": 7.9500000000000455, "17": 14.0, "50": 24.0, "83": 35.0, "95": 46.04999999999927}}, "int_high": {"occ": {"5": 2017.0, "17": 2018.0, "50": 2036.0, "83": 2042.0, "95": 2046.0499999999993}, "chrnc": {"5": 2046.0, "17": 2050.0, "50": 2054.0, "83": 2058.0, "95": 2061.0}, "delta": {"5": 6.0, "17": 11.0, "50": 19.0, "83": 33.0, "95": 39.0}}, "kopp": {"occ": {"5": 2033.0, "17": 2044.0, "50": 2057.0, "83": 2073.0, "95": 2087.0}, "chrnc": {"5": 2061.0, "17": 2070.0, "50": 2083.0, "83": 2095.0, "95": 2099.0}, "delta": {"5": 7.0, "17": 14.0, "50": 26.0, "83": 39.0, "95": 50.0}}}