{"int_low": {"occ": {"5": 2010.0, "17": 2010.0, "50": 2010.0, "83": 2014.0, "95": 2020.0}, "chrnc": {"5": 2021.0, "17": 2026.0, "50": 2033.0, "83": 2039.0, "95": 2044.0}, "delta": {"5": 9.0, "17": 14.0, "50": 21.0, "83": 28.0, "95": 32.0}}, "int": {"occ": {"5": 2010.0, "17": 2010.0, "50": 2010.0, "83": 2014.0, "95": 2019.0}, "chrnc": {"5": 2018.0, "17": 2021.0, "50": 2025.0, "83": 2030.0, "95": 2032.0}, "delta": {"5": 3.0, "17": 8.0, "50": 14.0, "83": 19.0, "95": 21.0}}, "int_high": {"occ": {"5": 2010.0, "17": 2010.0, "50": 2010.0, "83": 2011.0, "95": 2015.0499999999993}, "chrnc": {"5": 2012.0, "17": 2012.0, "50": 2016.0, "83": 2020.0, "95": 2024.0}, "delta": {"5": -1.0, "17": 2.0, "50": 5.0, "83": 10.0, "95": 13.049999999999272}}, "kopp": {"occ": {"5": 2010.0, "17": 2010.0, "50": 2010.0, "83": 2015.0, "95": 2021.0}, "chrnc": {"5": 2020.0, "17": 2024.0, "50": 2030.0, "83": 2038.0, "95": 2046.0}, "delta": {"5": 7.0, "17": 12.0, "50": 19.0, "83": 26.0, "95": 34.0}}}