{"int_low": {"occ": {"5": 2036.0, "17": 2039.0, "50": 2046.0, "83": 2051.0, "95": 2055.0499999999993}, "chrnc": {"5": 2079.0, "17": 2084.0, "50": 2090.0, "83": 2095.0, "95": 2098.0}, "delta": {"5": 29.0, "17": 36.0, "50": 44.0, "83": 52.0, "95": 57.54999999999927}}, "int": {"occ": {"5": 2027.0, "17": 2030.0, "50": 2033.0, "83": 2036.0, "95": 2040.0}, "chrnc": {"5": 2053.0, "17": 2054.0, "50": 2057.0, "83": 2060.0, "95": 2062.0}, "delta": {"5": 16.0, "17": 20.0, "50": 24.0, "83": 28.0, "95": 32.0}}, "int_high": {"occ": {"5": 2020.0, "17": 2022.0, "50": 2026.0, "83": 2029.0, "95": 2031.0}, "chrnc": {"5": 2042.0, "17": 2044.0, "50": 2046.0, "83": 2048.0, "95": 2049.0}, "delta": {"5": 13.0, "17": 16.0, "50": 19.0, "83": 23.0, "95": 26.0}}, "kopp": {"occ": {"5": 2034.0, "17": 2037.0, "50": 2044.0, "83": 2051.0, "95": 2059.0}, "chrnc": {"5": 2057.0, "17": 2064.0, "50": 2072.0, "83": 2084.0, "95": 2093.0}, "delta": {"5": 17.0, "17": 22.0, "50": 28.0, "83": 36.0, "95": 43.0}}}