{"int_low": {"occ": {"5": 2019.0, "17": 2024.8300000000002, "50": 2029.0, "83": 2034.0, "95": 2040.0}, "chrnc": {"5": 2068.0, "17": 2071.0, "50": 2076.0, "83": 2081.0, "95": 2085.0}, "delta": {"5": 35.0, "17": 40.0, "50": 47.0, "83": 54.0, "95": 58.0}}, "int": {"occ": {"5": 2010.0, "17": 2016.0, "50": 2018.0, "83": 2023.0, "95": 2025.0}, "chrnc": {"5": 2044.0, "17": 2045.0, "50": 2047.0, "83": 2049.0, "95": 2050.0499999999993}, "delta": {"5": 21.0, "17": 24.0, "50": 29.0, "83": 33.0, "95": 37.0}}, "int_high": {"occ": {"5": 2010.0, "17": 2011.0, "50": 2013.0, "83": 2015.0, "95": 2017.0}, "chrnc": {"5": 2033.0, "17": 2034.0, "50": 2036.0, "83": 2039.0, "95": 2040.0}, "delta": {"5": 17.0, "17": 20.0, "50": 23.0, "83": 26.0, "95": 28.0}}, "kopp": {"occ": {"5": 2025.0, "17": 2029.0, "50": 2033.0, "83": 2040.0, "95": 2045.0}, "chrnc": {"5": 2054.0, "17": 2061.0, "50": 2069.0, "83": 2081.0, "95": 2091.0}, "delta": {"5": 24.0, "17": 29.0, "50": 36.0, "83": 45.0, "95": 53.0}}}