{"int_low": {"occ": {"5": 2030.0, "17": 2035.0, "50": 2043.0, "83": 2050.0, "95": 2055.0}, "chrnc": {"5": 2060.0, "17": 2066.0, "50": 2073.5, "83": 2080.17, "95": 2086.0}, "delta": {"5": 12.0, "17": 20.830000000000155, "50": 31.0, "83": 41.0, "95": 49.0}}, "int": {"occ": {"5": 2022.0, "17": 2026.0, "50": 2032.0, "83": 2036.0, "95": 2040.0}, "chrnc": {"5": 2043.0, "17": 2046.0, "50": 2050.0, "83": 2054.0, "95": 2056.0}, "delta": {"5": 8.0, "17": 12.0, "50": 18.5, "83": 24.0, "95": 29.0}}, "int_high": {"occ": {"5": 2019.0, "17": 2021.0, "50": 2026.0, "83": 2029.0, "95": 2032.0}, "chrnc": {"5": 2036.0, "17": 2038.0, "50": 2041.0, "83": 2044.0, "95": 2045.0}, "delta": {"5": 6.9500000000000455, "17": 10.0, "50": 15.0, "83": 20.0, "95": 23.0}}, "kopp": {"occ": {"5": 2027.0, "17": 2031.0, "50": 2039.0, "83": 2048.0, "95": 2056.0}, "chrnc": {"5": 2046.0, "17": 2051.0, "50": 2060.0, "83": 2073.0, "95": 2084.0}, "delta": {"5": 9.0, "17": 14.0, "50": 21.0, "83": 31.0, "95": 39.0}}}