{"int_low": {"occ": {"5": 2024.0, "17": 2027.0, "50": 2032.0, "83": 2038.0, "95": 2041.0}, "chrnc": {"5": 2066.0, "17": 2071.0, "50": 2077.0, "83": 2083.0, "95": 2089.0}, "delta": {"5": 32.0, "17": 38.0, "50": 45.0, "83": 52.0, "95": 58.0}}, "int": {"occ": {"5": 2019.0, "17": 2021.0, "50": 2024.0, "83": 2027.0, "95": 2030.0}, "chrnc": {"5": 2045.0, "17": 2048.0, "50": 2051.0, "83": 2054.0, "95": 2057.0}, "delta": {"5": 20.0, "17": 23.0, "50": 27.0, "83": 30.0, "95": 33.04999999999927}}, "int_high": {"occ": {"5": 2016.95, "17": 2018.0, "50": 2020.0, "83": 2023.0, "95": 2024.0}, "chrnc": {"5": 2036.0, "17": 2038.0, "50": 2041.0, "83": 2043.0, "95": 2044.0499999999993}, "delta": {"5": 15.0, "17": 17.0, "50": 20.0, "83": 23.0, "95": 25.0}}}