{"int_low": {"occ": {"5": 2016.0, "17": 2017.0, "50": 2022.0, "83": 2029.0, "95": 2034.0}, "chrnc": {"5": 2043.0, "17": 2047.0, "50": 2053.0, "83": 2059.0, "95": 2064.0}, "delta": {"5": 16.950000000000045, "17": 22.0, "50": 31.0, "83": 38.0, "95": 44.0}}, "int": {"occ": {"5": 2015.0, "17": 2015.0, "50": 2019.0, "83": 2023.0, "95": 2027.0}, "chrnc": {"5": 2035.0, "17": 2038.0, "50": 2041.0, "83": 2045.0, "95": 2047.0}, "delta": {"5": 12.950000000000045, "17": 17.0, "50": 22.0, "83": 27.0, "95": 30.049999999999272}}, "int_high": {"occ": {"5": 2013.0, "17": 2015.0, "50": 2016.0, "83": 2020.0, "95": 2022.0}, "chrnc": {"5": 2028.0, "17": 2032.0, "50": 2035.0, "83": 2038.0, "95": 2040.0}, "delta": {"5": 9.0, "17": 13.0, "50": 18.0, "83": 22.0, "95": 24.0}}, "kopp": {"occ": {"5": 2016.0, "17": 2017.0, "50": 2023.0, "83": 2029.0, "95": 2034.0}, "chrnc": {"5": 2039.0, "17": 2043.0, "50": 2050.0, "83": 2057.0, "95": 2064.0}, "delta": {"5": 14.0, "17": 19.0, "50": 26.0, "83": 34.0, "95": 41.0}}}