{"int_low": {"occ": {"5": 2013.0, "17": 2013.0, "50": 2014.0, "83": 2034.0, "95": 2042.199999999997}, "chrnc": {"5": 2062.0, "17": 2079.0, "50": 2095.0, "83": 2099.0, "95": 2100.0}, "delta": {"5": 34.0, "17": 48.0, "50": 68.0, "83": 84.0, "95": 86.0}}, "int": {"occ": {"5": 2013.0, "17": 2013.0, "50": 2013.0, "83": 2019.0, "95": 2033.0}, "chrnc": {"5": 2043.0, "17": 2046.0, "50": 2058.0, "83": 2069.0, "95": 2072.0}, "delta": {"5": 25.0, "17": 31.0, "50": 44.0, "83": 54.0, "95": 59.0}}, "int_high": {"occ": {"5": 2013.0, "17": 2013.0, "50": 2013.0, "83": 2016.0, "95": 2019.0}, "chrnc": {"5": 2038.0, "17": 2040.0, "50": 2044.0, "83": 2051.0, "95": 2054.0}, "delta": {"5": 18.90000000000009, "17": 26.0, "50": 29.0, "83": 37.0, "95": 41.0}}, "kopp": {"occ": {"5": 2013.0, "17": 2013.0, "50": 2013.0, "83": 2033.0, "95": 2037.0}, "chrnc": {"5": 2044.0, "17": 2058.0, "50": 2072.0, "83": 2089.0, "95": 2097.0}, "delta": {"5": 28.0, "17": 38.0, "50": 53.0, "83": 70.0, "95": 81.0}}}