{"int_low": {"occ": {"5": 2010.0, "17": 2012.0, "50": 2016.0, "83": 2023.0, "95": 2030.0}, "chrnc": {"5": 2032.0, "17": 2038.0, "50": 2048.0, "83": 2059.0, "95": 2066.0499999999993}, "delta": {"5": 12.0, "17": 20.0, "50": 31.0, "83": 43.0, "95": 51.04999999999927}}, "int": {"occ": {"5": 2010.0, "17": 2010.0, "50": 2013.0, "83": 2019.0, "95": 2025.0}, "chrnc": {"5": 2025.0, "17": 2029.0, "50": 2034.0, "83": 2041.0, "95": 2044.0}, "delta": {"5": 8.0, "17": 13.0, "50": 19.0, "83": 26.0, "95": 31.0}}, "int_high": {"occ": {"5": 2010.0, "17": 2010.0, "50": 2012.0, "83": 2015.0, "95": 2023.0}, "chrnc": {"5": 2020.0, "17": 2023.0, "50": 2027.0, "83": 2031.0, "95": 2034.0}, "delta": {"5": 6.0, "17": 9.0, "50": 14.0, "83": 18.0, "95": 22.0}}, "kopp": {"occ": {"5": 2010.0, "17": 2012.0, "50": 2015.0, "83": 2023.0, "95": 2031.0}, "chrnc": {"5": 2033.0, "17": 2039.0, "50": 2049.0, "83": 2060.0, "95": 2068.0}, "delta": {"5": 13.0, "17": 21.0, "50": 32.0, "83": 43.0, "95": 52.0}}}