{"int_low": {"occ": {"5": 2010.0, "17": 2013.0, "50": 2013.0, "83": 2013.0, "95": 2024.0}, "chrnc": {"5": 2047.0, "17": 2053.0, "50": 2061.0, "83": 2070.0, "95": 2075.0}, "delta": {"5": 31.950000000000045, "17": 38.0, "50": 47.0, "83": 56.0, "95": 62.0}}, "int": {"occ": {"5": 2010.0, "17": 2012.0, "50": 2013.0, "83": 2013.0, "95": 2019.0}, "chrnc": {"5": 2036.95, "17": 2040.0, "50": 2045.0, "83": 2049.0, "95": 2053.0}, "delta": {"5": 20.950000000000045, "17": 26.0, "50": 32.0, "83": 36.0, "95": 40.0}}, "int_high": {"occ": {"5": 2010.0, "17": 2012.0, "50": 2013.0, "83": 2013.0, "95": 2014.0}, "chrnc": {"5": 2028.0, "17": 2032.0, "50": 2036.0, "83": 2040.0, "95": 2042.0}, "delta": {"5": 14.950000000000045, "17": 18.0, "50": 23.0, "83": 27.0, "95": 29.0}}, "kopp": {"occ": {"5": 2010.0, "17": 2013.0, "50": 2013.0, "83": 2013.0, "95": 2023.0}, "chrnc": {"5": 2038.0, "17": 2043.0, "50": 2051.0, "83": 2062.0, "95": 2073.0}, "delta": {"5": 23.0, "17": 29.0, "50": 38.0, "83": 48.0, "95": 59.0}}}