{"int_low": {"occ": {"5": 2012.0, "17": 2013.0, "50": 2015.0, "83": 2015.0, "95": 2022.0}, "chrnc": {"5": 2017.0, "17": 2019.0, "50": 2025.0, "83": 2030.0, "95": 2034.0}, "delta": {"5": -2.0, "17": 4.0, "50": 10.0, "83": 15.0, "95": 19.0}}, "int": {"occ": {"5": 2011.95, "17": 2013.0, "50": 2015.0, "83": 2015.0, "95": 2015.0499999999993}, "chrnc": {"5": 2010.0, "17": 2011.0, "50": 2016.0, "83": 2020.0, "95": 2023.0}, "delta": {"5": -5.0, "17": -4.0, "50": 1.0, "83": 6.0, "95": 9.049999999999272}}, "int_high": {"occ": {"5": 2010.0, "17": 2013.0, "50": 2014.0, "83": 2015.0, "95": 2015.0}, "chrnc": {"5": 2010.0, "17": 2012.0, "50": 2013.0, "83": 2015.0, "95": 2015.0}, "delta": {"5": -3.0, "17": -2.0, "50": -1.0, "83": 1.0, "95": 3.0}}, "kopp": {"occ": {"5": 2013.0, "17": 2013.0, "50": 2015.0, "83": 2019.0, "95": 2023.0}, "chrnc": {"5": 2019.0, "17": 2024.0, "50": 2030.0, "83": 2036.0, "95": 2042.0}, "delta": {"5": 4.0, "17": 8.0, "50": 14.0, "83": 21.0, "95": 27.0}}}