{"int_low": {"occ": {"5": 2060.0, "17": 2063.83, "50": 2082.0, "83": 2090.0, "95": 2093.0}, "chrnc": {"5": NaN, "17": NaN, "50": NaN, "83": NaN, "95": NaN}, "delta": {"5": NaN, "17": NaN, "50": NaN, "83": NaN, "95": NaN}}, "int": {"occ": {"5": 2040.0, "17": 2042.0, "50": 2046.0, "83": 2054.0, "95": 2056.0}, "chrnc": {"5": 2078.0, "17": 2080.0, "50": 2085.0, "83": 2089.0, "95": 2091.0}, "delta": {"5": 25.0, "17": 30.830000000000155, "50": 37.0, "83": 44.0, "95": 48.0}}, "int_high": {"occ": {"5": 2026.0, "17": 2037.0, "50": 2039.0, "83": 2040.0, "95": 2048.0499999999993}, "chrnc": {"5": 2059.0, "17": 2060.0, "50": 2063.0, "83": 2068.0, "95": 2069.0499999999993}, "delta": {"5": 15.950000000000045, "17": 20.0, "50": 24.0, "83": 30.0, "95": 36.0}}, "kopp": {"occ": {"5": 2042.0, "17": 2046.0, "50": 2062.0, "83": 2075.0, "95": 2090.0}, "chrnc": {"5": 2074.0, "17": 2080.0, "50": 2094.0, "83": 2098.0, "95": 2100.0}, "delta": {"5": 23.0, "17": 27.0, "50": 36.0, "83": 47.0, "95": 54.0}}}