{"int_low": {"occ": {"5": 2033.0, "17": 2042.0, "50": 2054.0, "83": 2065.0, "95": 2072.0}, "chrnc": {"5": NaN, "17": NaN, "50": NaN, "83": NaN, "95": NaN}, "delta": {"5": NaN, "17": NaN, "50": NaN, "83": NaN, "95": NaN}}, "int": {"occ": {"5": 2022.0, "17": 2027.0, "50": 2035.0, "83": 2041.0, "95": 2044.0}, "chrnc": {"5": 2068.0, "17": 2071.0, "50": 2075.0, "83": 2078.0, "95": 2081.0}, "delta": {"5": 28.0, "17": 33.0, "50": 40.0, "83": 48.0, "95": 54.0}}, "int_high": {"occ": {"5": 2017.0, "17": 2018.8300000000002, "50": 2026.0, "83": 2032.0, "95": 2035.0}, "chrnc": {"5": 2053.0, "17": 2055.0, "50": 2057.0, "83": 2059.17, "95": 2062.0}, "delta": {"5": 22.0, "17": 25.0, "50": 31.0, "83": 38.0, "95": 42.0}}, "kopp": {"occ": {"5": 2026.0, "17": 2033.0, "50": 2043.0, "83": 2055.0, "95": 2068.0}, "chrnc": {"5": 2065.0, "17": 2073.0, "50": 2085.0, "83": 2096.0, "95": 2099.0}, "delta": {"5": 28.0, "17": 35.0, "50": 44.0, "83": 55.0, "95": 62.349999999999454}}}