{"int_low": {"occ": {"5": 2017.0, "17": 2020.8300000000002, "50": 2033.0, "83": 2042.0, "95": 2047.0}, "chrnc": {"5": 2044.0, "17": 2050.0, "50": 2058.0, "83": 2066.0, "95": 2072.0}, "delta": {"5": 5.0, "17": 13.0, "50": 26.0, "83": 38.17000000000007, "95": 48.0}}, "int": {"occ": {"5": 2014.0, "17": 2015.0, "50": 2023.0, "83": 2031.0, "95": 2036.0}, "chrnc": {"5": 2033.0, "17": 2038.0, "50": 2043.0, "83": 2047.0, "95": 2050.0}, "delta": {"5": 5.0, "17": 10.0, "50": 20.0, "83": 28.0, "95": 33.0}}, "int_high": {"occ": {"5": 2011.0, "17": 2012.0, "50": 2020.0, "83": 2026.0, "95": 2029.0}, "chrnc": {"5": 2028.0, "17": 2031.0, "50": 2035.0, "83": 2039.0, "95": 2042.0}, "delta": {"5": 4.0, "17": 8.0, "50": 16.0, "83": 23.0, "95": 27.0}}, "kopp": {"occ": {"5": 2015.0, "17": 2017.0, "50": 2029.0, "83": 2038.0, "95": 2045.0}, "chrnc": {"5": 2036.0, "17": 2041.0, "50": 2049.0, "83": 2059.0, "95": 2067.0}, "delta": {"5": 4.0, "17": 11.0, "50": 21.0, "83": 32.0, "95": 40.0}}}