{"int_low": {"occ": {"5": 2066.0, "17": 2070.0, "50": 2076.0, "83": 2084.0, "95": 2089.0}, "chrnc": {"5": 2095.0, "17": 2096.9300000000003, "50": 2099.0, "83": 2100.0, "95": 2100.0}, "delta": {"5": 13.0, "17": 19.930000000000007, "50": 26.0, "83": 31.069999999999936, "95": 35.0}}, "int": {"occ": {"5": 2044.0, "17": 2046.0, "50": 2050.0, "83": 2053.0, "95": 2054.0}, "chrnc": {"5": 2060.0, "17": 2062.0, "50": 2064.0, "83": 2067.0, "95": 2070.0}, "delta": {"5": 9.0, "17": 11.0, "50": 15.0, "83": 19.0, "95": 21.0}}, "int_high": {"occ": {"5": 2036.0, "17": 2038.0, "50": 2040.0, "83": 2042.0, "95": 2043.0}, "chrnc": {"5": 2048.0, "17": 2050.0, "50": 2052.0, "83": 2054.0, "95": 2055.0}, "delta": {"5": 8.0, "17": 10.0, "50": 12.0, "83": 15.0, "95": 17.0}}, "kopp": {"occ": {"5": 2056.0, "17": 2060.0, "50": 2068.0, "83": 2077.0, "95": 2087.0}, "chrnc": {"5": 2070.0, "17": 2076.0, "50": 2086.0, "83": 2095.0, "95": 2099.0}, "delta": {"5": 11.0, "17": 14.0, "50": 19.0, "83": 24.0, "95": 28.0}}}