{"int_low": {"occ": {"5": 2013.0, "17": 2013.0, "50": 2014.0, "83": 2034.0, "95": 2050.0}, "chrnc": {"5": 2045.0, "17": 2062.0, "50": 2081.0, "83": 2094.0, "95": 2098.0}, "delta": {"5": 21.950000000000045, "17": 39.0, "50": 61.0, "83": 75.0, "95": 83.0}}, "int": {"occ": {"5": 2013.0, "17": 2013.0, "50": 2013.0, "83": 2019.0, "95": 2033.0}, "chrnc": {"5": 2027.0, "17": 2042.0, "50": 2047.0, "83": 2055.0, "95": 2058.0}, "delta": {"5": 11.0, "17": 24.0, "50": 33.0, "83": 40.17000000000007, "95": 45.0}}, "int_high": {"occ": {"5": 2013.0, "17": 2013.0, "50": 2013.0, "83": 2016.0, "95": 2019.0}, "chrnc": {"5": 2022.0, "17": 2026.0, "50": 2038.0, "83": 2041.0, "95": 2049.0}, "delta": {"5": 9.0, "17": 13.0, "50": 24.0, "83": 28.0, "95": 35.0}}, "kopp": {"occ": {"5": 2013.0, "17": 2013.0, "50": 2013.0, "83": 2033.0, "95": 2036.0499999999993}, "chrnc": {"5": 2039.0, "17": 2044.0, "50": 2062.0, "83": 2082.0, "95": 2094.0}, "delta": {"5": 13.0, "17": 28.0, "50": 44.0, "83": 61.0, "95": 76.0}}}