{"int_low": {"occ": {"5": 2069.0, "17": 2079.0, "50": 2091.0, "83": 2097.0, "95": 2099.0}, "chrnc": {"5": 2089.0, "17": 2097.0, "50": 2097.5, "83": 2099.0, "95": 2100.0}, "delta": {"5": 7.0, "17": 8.0, "50": 10.0, "83": 20.0, "95": 28.0}}, "int": {"occ": {"5": 2044.0, "17": 2051.0, "50": 2059.0, "83": 2066.0, "95": 2070.0499999999993}, "chrnc": {"5": 2069.0, "17": 2074.0, "50": 2079.0, "83": 2085.0, "95": 2088.0}, "delta": {"5": 6.0, "17": 12.0, "50": 20.0, "83": 29.0, "95": 36.04999999999927}}, "int_high": {"occ": {"5": 2038.0, "17": 2041.0, "50": 2046.0, "83": 2051.0, "95": 2054.0}, "chrnc": {"5": 2053.0, "17": 2057.0, "50": 2060.0, "83": 2064.0, "95": 2067.0}, "delta": {"5": 4.0, "17": 9.0, "50": 14.0, "83": 20.0, "95": 24.049999999999272}}, "kopp": {"occ": {"5": 2049.0, "17": 2058.0, "50": 2071.0, "83": 2087.0, "95": 2096.0}, "chrnc": {"5": 2068.0, "17": 2078.0, "50": 2089.0, "83": 2097.0, "95": 2100.0}, "delta": {"5": 5.0, "17": 12.0, "50": 21.0, "83": 30.0, "95": 38.0}}}