{"int_low": {"occ": {"5": 2059.0, "17": 2064.0, "50": 2078.0, "83": 2089.0, "95": 2092.0499999999993}, "chrnc": {"5": NaN, "17": NaN, "50": NaN, "83": NaN, "95": NaN}, "delta": {"5": NaN, "17": NaN, "50": NaN, "83": NaN, "95": NaN}}, "int": {"occ": {"5": 2041.0, "17": 2044.0, "50": 2050.0, "83": 2055.0, "95": 2057.0}, "chrnc": {"5": 2077.0, "17": 2079.0, "50": 2084.0, "83": 2089.0, "95": 2091.0}, "delta": {"5": 23.0, "17": 28.0, "50": 35.0, "83": 42.0, "95": 45.04999999999927}}, "int_high": {"occ": {"5": 2036.0, "17": 2038.0, "50": 2040.0, "83": 2045.0, "95": 2050.0}, "chrnc": {"5": 2059.0, "17": 2060.0, "50": 2064.0, "83": 2068.0, "95": 2070.0}, "delta": {"5": 14.0, "17": 18.0, "50": 23.0, "83": 29.0, "95": 31.0}}, "kopp": {"occ": {"5": 2042.0, "17": 2049.0, "50": 2061.0, "83": 2074.0, "95": 2088.0}, "chrnc": {"5": 2074.0, "17": 2080.0, "50": 2094.0, "83": 2099.0, "95": 2100.0}, "delta": {"5": 21.0, "17": 26.0, "50": 34.0, "83": 42.0, "95": 50.0}}}