{"int_low": {"occ": {"5": 2024.0, "17": 2027.0, "50": 2032.0, "83": 2036.0, "95": 2039.0}, "chrnc": {"5": 2048.0, "17": 2054.0, "50": 2057.0, "83": 2061.0, "95": 2068.0}, "delta": {"5": 15.0, "17": 19.830000000000155, "50": 25.0, "83": 32.17000000000007, "95": 38.0}}, "int": {"occ": {"5": 2021.0, "17": 2023.0, "50": 2027.0, "83": 2031.0, "95": 2033.0}, "chrnc": {"5": 2040.0, "17": 2042.0, "50": 2045.0, "83": 2049.0, "95": 2051.0}, "delta": {"5": 10.0, "17": 14.0, "50": 19.0, "83": 24.0, "95": 27.0}}, "int_high": {"occ": {"5": 2016.0, "17": 2018.0, "50": 2022.0, "83": 2025.0, "95": 2029.0}, "chrnc": {"5": 2036.0, "17": 2038.0, "50": 2039.0, "83": 2041.0, "95": 2043.0}, "delta": {"5": 10.0, "17": 13.0, "50": 17.0, "83": 21.0, "95": 24.0}}, "kopp": {"occ": {"5": 2024.0, "17": 2026.0, "50": 2032.0, "83": 2037.0, "95": 2040.0}, "chrnc": {"5": 2044.0, "17": 2047.0, "50": 2054.0, "83": 2059.0, "95": 2065.0}, "delta": {"5": 11.0, "17": 16.0, "50": 22.0, "83": 28.0, "95": 33.0}}}