{"int_low": {"occ": {"5": 2012.0, "17": 2014.0, "50": 2021.0, "83": 2028.0, "95": 2037.0}, "chrnc": {"5": 2062.0, "17": 2068.0, "50": 2076.0, "83": 2084.0, "95": 2093.0}, "delta": {"5": 34.0, "17": 44.0, "50": 55.0, "83": 65.0, "95": 73.0}}, "int": {"occ": {"5": 2011.0, "17": 2012.0, "50": 2017.0, "83": 2023.0, "95": 2026.0499999999993}, "chrnc": {"5": 2043.0, "17": 2046.0, "50": 2049.0, "83": 2053.0, "95": 2058.0}, "delta": {"5": 21.950000000000045, "17": 26.0, "50": 33.0, "83": 38.0, "95": 42.0}}, "int_high": {"occ": {"5": 2010.0, "17": 2011.0, "50": 2012.0, "83": 2018.0, "95": 2022.0}, "chrnc": {"5": 2031.0, "17": 2034.0, "50": 2038.0, "83": 2041.17, "95": 2044.0}, "delta": {"5": 14.0, "17": 19.0, "50": 24.0, "83": 29.0, "95": 32.0}}, "kopp": {"occ": {"5": 2013.0, "17": 2014.0, "50": 2021.0, "83": 2030.0, "95": 2038.0}, "chrnc": {"5": 2049.0, "17": 2055.0, "50": 2064.0, "83": 2077.0, "95": 2088.0}, "delta": {"5": 24.0, "17": 31.0, "50": 42.0, "83": 54.0, "95": 65.0}}}