{"int_low": {"occ": {"5": 2013.0, "17": 2013.0, "50": 2015.0, "83": 2021.0, "95": 2023.0499999999993}, "chrnc": {"5": 2051.0, "17": 2054.0, "50": 2060.0, "83": 2065.0, "95": 2069.0}, "delta": {"5": 32.0, "17": 37.0, "50": 44.0, "83": 49.17000000000007, "95": 54.0}}, "int": {"occ": {"5": 2013.0, "17": 2013.0, "50": 2013.0, "83": 2015.0, "95": 2019.0}, "chrnc": {"5": 2033.0, "17": 2035.8300000000002, "50": 2039.0, "83": 2042.0, "95": 2044.0}, "delta": {"5": 17.0, "17": 21.0, "50": 25.0, "83": 28.0, "95": 31.0}}, "int_high": {"occ": {"5": 2012.0, "17": 2013.0, "50": 2013.0, "83": 2014.0, "95": 2015.0}, "chrnc": {"5": 2026.0, "17": 2028.0, "50": 2029.0, "83": 2031.0, "95": 2033.0499999999993}, "delta": {"5": 12.0, "17": 14.0, "50": 16.0, "83": 18.0, "95": 21.0}}, "kopp": {"occ": {"5": 2013.0, "17": 2013.0, "50": 2015.0, "83": 2022.0, "95": 2025.0}, "chrnc": {"5": 2046.0, "17": 2051.0, "50": 2059.0, "83": 2067.0, "95": 2077.0}, "delta": {"5": 28.0, "17": 34.0, "50": 42.0, "83": 51.0, "95": 60.0}}}