{"int_low": {"occ": {"5": 2051.0, "17": 2053.0, "50": 2058.0, "83": 2060.0, "95": 2064.0}, "chrnc": {"5": 2080.0, "17": 2084.0, "50": 2090.0, "83": 2095.0, "95": 2098.0}, "delta": {"5": 21.0, "17": 26.0, "50": 33.0, "83": 39.0, "95": 42.0}}, "int": {"occ": {"5": 2035.0, "17": 2037.0, "50": 2039.0, "83": 2041.0, "95": 2042.0499999999993}, "chrnc": {"5": 2051.0, "17": 2052.0, "50": 2055.0, "83": 2057.0, "95": 2059.0}, "delta": {"5": 10.950000000000045, "17": 13.0, "50": 15.0, "83": 18.0, "95": 21.0}}, "int_high": {"occ": {"5": 2026.0, "17": 2029.0, "50": 2030.0, "83": 2032.0, "95": 2033.0}, "chrnc": {"5": 2040.0, "17": 2041.0, "50": 2042.0, "83": 2044.0, "95": 2045.0}, "delta": {"5": 8.0, "17": 10.0, "50": 12.0, "83": 14.0, "95": 16.0}}, "kopp": {"occ": {"5": 2045.0, "17": 2050.0, "50": 2057.0, "83": 2064.0, "95": 2073.0}, "chrnc": {"5": 2061.0, "17": 2068.0, "50": 2077.0, "83": 2088.0, "95": 2096.0}, "delta": {"5": 12.0, "17": 16.0, "50": 21.0, "83": 27.0, "95": 32.0}}}