{"int_low": {"occ": {"5": 2010.0, "17": 2013.0, "50": 2015.0, "83": 2016.0, "95": 2021.0}, "chrnc": {"5": 2040.0, "17": 2044.0, "50": 2049.0, "83": 2053.0, "95": 2057.0}, "delta": {"5": 24.0, "17": 28.0, "50": 34.0, "83": 39.0, "95": 43.0}}, "int": {"occ": {"5": 2010.0, "17": 2011.8300000000002, "50": 2015.0, "83": 2015.0, "95": 2016.0}, "chrnc": {"5": 2028.0, "17": 2030.0, "50": 2034.0, "83": 2036.0, "95": 2039.0}, "delta": {"5": 14.0, "17": 16.0, "50": 20.0, "83": 23.0, "95": 26.0}}, "int_high": {"occ": {"5": 2010.0, "17": 2010.0, "50": 2014.0, "83": 2015.0, "95": 2015.0}, "chrnc": {"5": 2022.0, "17": 2024.0, "50": 2026.0, "83": 2028.0, "95": 2029.0}, "delta": {"5": 7.9500000000000455, "17": 10.0, "50": 12.0, "83": 16.0, "95": 18.0}}, "kopp": {"occ": {"5": 2011.0, "17": 2013.0, "50": 2015.0, "83": 2020.0, "95": 2024.0}, "chrnc": {"5": 2039.0, "17": 2044.0, "50": 2050.0, "83": 2058.0, "95": 2066.0}, "delta": {"5": 22.0, "17": 27.0, "50": 34.0, "83": 42.0, "95": 50.0}}}