{"int_low": {"occ": {"5": 2012.0, "17": 2013.0, "50": 2015.0, "83": 2015.0, "95": 2022.0}, "chrnc": {"5": 2010.0, "17": 2011.0, "50": 2019.0, "83": 2026.0, "95": 2030.0}, "delta": {"5": -5.0499999999999545, "17": -4.0, "50": 4.0, "83": 11.0, "95": 15.0}}, "int": {"occ": {"5": 2011.95, "17": 2013.0, "50": 2015.0, "83": 2015.0, "95": 2015.0499999999993}, "chrnc": {"5": 2010.0, "17": 2012.0, "50": 2014.0, "83": 2018.0, "95": 2022.0}, "delta": {"5": -4.0, "17": -3.0, "50": -1.0, "83": 4.0, "95": 8.0}}, "int_high": {"occ": {"5": 2010.0, "17": 2013.0, "50": 2014.0, "83": 2015.0, "95": 2015.0}, "chrnc": {"5": 2010.0, "17": 2013.0, "50": 2014.0, "83": 2015.0, "95": 2015.0}, "delta": {"5": -2.0, "17": 0.0, "50": 0.0, "83": 0.0, "95": 1.0}}, "kopp": {"occ": {"5": 2013.0, "17": 2013.0, "50": 2015.0, "83": 2019.0, "95": 2023.0}, "chrnc": {"5": 2011.0, "17": 2018.0, "50": 2026.0, "83": 2032.0, "95": 2039.0}, "delta": {"5": -5.0, "17": 3.0, "50": 10.0, "83": 17.0, "95": 23.0}}}