{"int_low": {"occ": {"5": 2011.0, "17": 2013.0, "50": 2025.0, "83": 2036.0, "95": 2045.0}, "chrnc": {"5": 2029.0, "17": 2038.8300000000002, "50": 2050.0, "83": 2061.0, "95": 2072.0}, "delta": {"5": -3.0, "17": 9.0, "50": 24.0, "83": 41.0, "95": 51.04999999999927}}, "int": {"occ": {"5": 2011.0, "17": 2011.0, "50": 2019.0, "83": 2026.0, "95": 2032.0}, "chrnc": {"5": 2023.95, "17": 2029.0, "50": 2036.0, "83": 2043.0, "95": 2047.0}, "delta": {"5": 1.0, "17": 7.0, "50": 17.0, "83": 26.0, "95": 33.0}}, "int_high": {"occ": {"5": 2010.0, "17": 2010.0, "50": 2014.0, "83": 2021.0, "95": 2025.0}, "chrnc": {"5": 2020.0, "17": 2023.0, "50": 2029.0, "83": 2034.0, "95": 2037.0}, "delta": {"5": -1.0, "17": 6.0, "50": 13.0, "83": 20.0, "95": 25.0}}, "kopp": {"occ": {"5": 2011.0, "17": 2012.0, "50": 2023.0, "83": 2034.0, "95": 2043.0}, "chrnc": {"5": 2027.0, "17": 2033.0, "50": 2043.0, "83": 2055.0, "95": 2067.0}, "delta": {"5": -2.0, "17": 8.0, "50": 20.0, "83": 34.0, "95": 44.0}}}