{"int_low": {"occ": {"5": 2010.0, "17": 2010.0, "50": 2011.0, "83": 2021.0, "95": 2033.0}, "chrnc": {"5": 2048.0, "17": 2060.0, "50": 2068.0, "83": 2078.0, "95": 2090.0}, "delta": {"5": 30.0, "17": 41.0, "50": 54.0, "83": 65.0, "95": 78.0}}, "int": {"occ": {"5": 2010.0, "17": 2010.0, "50": 2011.0, "83": 2018.0, "95": 2021.0}, "chrnc": {"5": 2037.0, "17": 2041.0, "50": 2045.0, "83": 2051.0, "95": 2054.0}, "delta": {"5": 17.950000000000045, "17": 27.0, "50": 33.0, "83": 39.0, "95": 42.0}}, "int_high": {"occ": {"5": 2010.0, "17": 2010.0, "50": 2010.0, "83": 2013.0, "95": 2019.0}, "chrnc": {"5": 2026.0, "17": 2029.0, "50": 2036.0, "83": 2039.0, "95": 2041.0}, "delta": {"5": 11.950000000000045, "17": 16.0, "50": 24.0, "83": 28.0, "95": 30.0}}, "kopp": {"occ": {"5": 2010.0, "17": 2010.0, "50": 2012.0, "83": 2020.0, "95": 2032.0}, "chrnc": {"5": 2039.0, "17": 2043.0, "50": 2054.0, "83": 2068.0, "95": 2081.0}, "delta": {"5": 21.0, "17": 29.0, "50": 39.0, "83": 52.0, "95": 64.0}}}