{"int_low": {"occ": {"5": 2013.0, "17": 2015.0, "50": 2018.0, "83": 2023.0, "95": 2026.0}, "chrnc": {"5": 2029.0, "17": 2032.0, "50": 2038.0, "83": 2044.0, "95": 2048.0}, "delta": {"5": 7.0, "17": 12.0, "50": 19.0, "83": 27.0, "95": 31.0}}, "int": {"occ": {"5": 2012.0, "17": 2013.0, "50": 2015.0, "83": 2019.0, "95": 2023.0}, "chrnc": {"5": 2019.0, "17": 2021.0, "50": 2026.0, "83": 2028.0, "95": 2031.0}, "delta": {"5": 2.9500000000000455, "17": 5.0, "50": 10.0, "83": 14.0, "95": 16.049999999999272}}, "int_high": {"occ": {"5": 2010.0, "17": 2012.0, "50": 2014.0, "83": 2016.0, "95": 2018.0}, "chrnc": {"5": 2010.0, "17": 2011.0, "50": 2018.0, "83": 2023.0, "95": 2024.0}, "delta": {"5": -5.0, "17": -2.0, "50": 4.0, "83": 9.0, "95": 11.0}}, "kopp": {"occ": {"5": 2013.0, "17": 2015.0, "50": 2021.0, "83": 2024.0, "95": 2027.0}, "chrnc": {"5": 2030.0, "17": 2034.0, "50": 2042.0, "83": 2050.0, "95": 2060.0}, "delta": {"5": 9.0, "17": 14.0, "50": 22.0, "83": 31.0, "95": 39.0}}}