{"int_low": {"occ": {"5": 2042.0, "17": 2045.0, "50": 2051.0, "83": 2056.0, "95": 2062.0}, "chrnc": {"5": 2069.0, "17": 2076.0, "50": 2082.0, "83": 2089.0, "95": 2093.0}, "delta": {"5": 17.0, "17": 23.0, "50": 31.0, "83": 39.0, "95": 45.0}}, "int": {"occ": {"5": 2028.0, "17": 2031.8300000000002, "50": 2036.0, "83": 2039.0, "95": 2041.0}, "chrnc": {"5": 2045.0, "17": 2048.0, "50": 2051.0, "83": 2054.0, "95": 2056.0}, "delta": {"5": 8.0, "17": 11.0, "50": 15.0, "83": 20.0, "95": 23.0}}, "int_high": {"occ": {"5": 2022.0, "17": 2024.0, "50": 2027.0, "83": 2031.0, "95": 2033.0}, "chrnc": {"5": 2037.0, "17": 2038.0, "50": 2041.0, "83": 2043.0, "95": 2045.0}, "delta": {"5": 7.0, "17": 9.0, "50": 13.0, "83": 17.0, "95": 19.049999999999272}}, "kopp": {"occ": {"5": 2041.0, "17": 2044.0, "50": 2051.0, "83": 2058.0, "95": 2066.0}, "chrnc": {"5": 2057.0, "17": 2062.0, "50": 2071.0, "83": 2081.0, "95": 2091.0}, "delta": {"5": 10.0, "17": 14.0, "50": 20.0, "83": 27.0, "95": 33.0}}}