{"int_low": {"occ": {"5": 2010.0, "17": 2010.0, "50": 2011.0, "83": 2013.0, "95": 2021.0499999999993}, "chrnc": {"5": 2011.0, "17": 2012.0, "50": 2018.0, "83": 2027.0, "95": 2032.0}, "delta": {"5": -6.0, "17": 1.0, "50": 6.5, "83": 15.0, "95": 21.0}}, "int": {"occ": {"5": 2010.0, "17": 2010.0, "50": 2010.0, "83": 2011.0, "95": 2017.0}, "chrnc": {"5": 2010.0, "17": 2011.0, "50": 2013.0, "83": 2017.0, "95": 2021.0}, "delta": {"5": -2.0, "17": 0.0, "50": 2.0, "83": 4.0, "95": 10.049999999999272}}, "int_high": {"occ": {"5": 2010.0, "17": 2010.0, "50": 2010.0, "83": 2011.0, "95": 2012.0}, "chrnc": {"5": 2010.0, "17": 2010.0, "50": 2011.0, "83": 2012.0, "95": 2013.0}, "delta": {"5": -1.0, "17": 0.0, "50": 0.0, "83": 1.0, "95": 2.0}}, "kopp": {"occ": {"5": 2010.0, "17": 2010.0, "50": 2011.0, "83": 2018.0, "95": 2024.0}, "chrnc": {"5": 2011.0, "17": 2012.0, "50": 2018.0, "83": 2026.0, "95": 2033.0}, "delta": {"5": -7.0, "17": 1.0, "50": 6.0, "83": 14.0, "95": 21.0}}}