{"int_low": {"occ": {"5": 2040.0, "17": 2042.0, "50": 2046.0, "83": 2051.0, "95": 2054.0}, "chrnc": {"5": 2066.0, "17": 2071.0, "50": 2076.0, "83": 2081.0, "95": 2086.0499999999993}, "delta": {"5": 19.0, "17": 23.0, "50": 30.0, "83": 36.0, "95": 42.0}}, "int": {"occ": {"5": 2026.0, "17": 2030.0, "50": 2033.0, "83": 2036.0, "95": 2038.0}, "chrnc": {"5": 2046.0, "17": 2048.0, "50": 2051.0, "83": 2053.0, "95": 2054.0}, "delta": {"5": 11.0, "17": 14.0, "50": 18.0, "83": 22.0, "95": 25.0}}, "int_high": {"occ": {"5": 2022.0, "17": 2024.0, "50": 2026.0, "83": 2028.0, "95": 2030.0499999999993}, "chrnc": {"5": 2038.0, "17": 2038.0, "50": 2040.0, "83": 2041.0, "95": 2043.0}, "delta": {"5": 9.0, "17": 11.0, "50": 14.0, "83": 17.0, "95": 19.0}}, "kopp": {"occ": {"5": 2034.0, "17": 2038.0, "50": 2042.0, "83": 2050.0, "95": 2056.0}, "chrnc": {"5": 2050.0, "17": 2055.0, "50": 2062.0, "83": 2073.0, "95": 2082.0}, "delta": {"5": 11.0, "17": 15.0, "50": 19.0, "83": 26.0, "95": 32.0}}}