{"int_low": {"occ": {"5": 2037.0, "17": 2044.0, "50": 2051.0, "83": 2059.0, "95": 2063.0499999999993}, "chrnc": {"5": 2084.0, "17": 2091.0, "50": 2096.0, "83": 2100.0, "95": 2100.0}, "delta": {"5": 28.0, "17": 35.0, "50": 44.0, "83": 53.0, "95": 60.0}}, "int": {"occ": {"5": 2027.0, "17": 2030.0, "50": 2035.0, "83": 2040.0, "95": 2042.0}, "chrnc": {"5": 2055.0, "17": 2057.0, "50": 2061.0, "83": 2064.0, "95": 2066.0}, "delta": {"5": 17.0, "17": 21.0, "50": 26.0, "83": 31.0, "95": 35.0}}, "int_high": {"occ": {"5": 2021.0, "17": 2024.0, "50": 2027.0, "83": 2030.0, "95": 2032.0499999999993}, "chrnc": {"5": 2043.0, "17": 2045.0, "50": 2047.0, "83": 2049.0, "95": 2051.0}, "delta": {"5": 13.0, "17": 16.0, "50": 20.0, "83": 24.0, "95": 27.0}}, "kopp": {"occ": {"5": 2034.0, "17": 2039.0, "50": 2047.0, "83": 2056.0, "95": 2066.0}, "chrnc": {"5": 2058.0, "17": 2066.0, "50": 2076.0, "83": 2090.0, "95": 2097.0}, "delta": {"5": 18.0, "17": 23.0, "50": 30.0, "83": 39.0, "95": 46.0}}}