{"int_low": {"occ": {"5": 2048.0, "17": 2052.0, "50": 2058.0, "83": 2064.0, "95": 2069.0}, "chrnc": {"5": 2072.0, "17": 2077.0, "50": 2083.0, "83": 2088.0, "95": 2092.0499999999993}, "delta": {"5": 11.0, "17": 17.0, "50": 24.0, "83": 32.0, "95": 38.0}}, "int": {"occ": {"5": 2039.0, "17": 2041.0, "50": 2045.0, "83": 2048.0, "95": 2050.0}, "chrnc": {"5": 2054.0, "17": 2056.0, "50": 2059.0, "83": 2062.0, "95": 2064.0499999999993}, "delta": {"5": 7.0, "17": 10.0, "50": 14.0, "83": 19.0, "95": 22.049999999999272}}, "int_high": {"occ": {"5": 2032.95, "17": 2035.0, "50": 2038.0, "83": 2041.0, "95": 2043.0}, "chrnc": {"5": 2045.0, "17": 2047.0, "50": 2050.0, "83": 2052.0, "95": 2053.0}, "delta": {"5": 5.0, "17": 8.0, "50": 11.0, "83": 15.0, "95": 18.0}}, "kopp": {"occ": {"5": 2043.0, "17": 2047.0, "50": 2053.0, "83": 2060.0, "95": 2066.0}, "chrnc": {"5": 2057.0, "17": 2062.0, "50": 2070.0, "83": 2079.0, "95": 2088.0}, "delta": {"5": 8.0, "17": 11.0, "50": 17.0, "83": 23.0, "95": 29.0}}}