{"int_low": {"occ": {"5": 2010.0, "17": 2011.0, "50": 2013.0, "83": 2019.0, "95": 2031.0}, "chrnc": {"5": 2057.0, "17": 2061.0, "50": 2068.0, "83": 2075.0, "95": 2087.0499999999993}, "delta": {"5": 38.0, "17": 46.830000000000155, "50": 54.0, "83": 62.0, "95": 73.0}}, "int": {"occ": {"5": 2010.0, "17": 2010.0, "50": 2011.0, "83": 2013.0, "95": 2019.0}, "chrnc": {"5": 2040.0, "17": 2042.0, "50": 2046.0, "83": 2050.0, "95": 2053.0}, "delta": {"5": 25.0, "17": 30.0, "50": 34.0, "83": 39.0, "95": 42.0}}, "int_high": {"occ": {"5": 2010.0, "17": 2010.0, "50": 2011.0, "83": 2012.0, "95": 2019.0}, "chrnc": {"5": 2026.0, "17": 2030.0, "50": 2037.0, "83": 2039.0, "95": 2040.0}, "delta": {"5": 16.0, "17": 20.0, "50": 26.0, "83": 29.0, "95": 30.0}}, "kopp": {"occ": {"5": 2010.0, "17": 2010.0, "50": 2012.0, "83": 2019.0, "95": 2027.0}, "chrnc": {"5": 2041.0, "17": 2045.0, "50": 2056.0, "83": 2068.0, "95": 2078.0}, "delta": {"5": 27.0, "17": 32.0, "50": 42.0, "83": 53.0, "95": 63.0}}}