{"int_low": {"occ": {"5": 2039.0, "17": 2042.0, "50": 2048.0, "83": 2053.0, "95": 2055.0499999999993}, "chrnc": {"5": 2060.0, "17": 2063.0, "50": 2071.0, "83": 2078.0, "95": 2086.0}, "delta": {"5": 9.0, "17": 15.0, "50": 23.0, "83": 33.0, "95": 40.0}}, "int": {"occ": {"5": 2026.0, "17": 2028.0, "50": 2036.0, "83": 2039.0, "95": 2041.0}, "chrnc": {"5": 2042.0, "17": 2044.0, "50": 2048.0, "83": 2052.0, "95": 2054.0}, "delta": {"5": 5.0, "17": 8.0, "50": 13.0, "83": 19.0, "95": 24.049999999999272}}, "int_high": {"occ": {"5": 2018.0, "17": 2023.0, "50": 2027.0, "83": 2032.0, "95": 2034.0}, "chrnc": {"5": 2037.0, "17": 2038.0, "50": 2039.0, "83": 2041.0, "95": 2042.0}, "delta": {"5": 5.0, "17": 7.0, "50": 12.0, "83": 17.0, "95": 20.0}}, "kopp": {"occ": {"5": 2030.0, "17": 2037.0, "50": 2042.0, "83": 2050.0, "95": 2056.0}, "chrnc": {"5": 2045.0, "17": 2050.0, "50": 2058.0, "83": 2068.0, "95": 2077.0}, "delta": {"5": 5.0, "17": 9.0, "50": 16.0, "83": 23.0, "95": 30.0}}}