{"int_low": {"occ": {"5": 2041.0, "17": 2047.0, "50": 2063.0, "83": 2072.0, "95": 2086.0}, "chrnc": {"5": 2096.45, "17": 2098.0, "50": 2099.0, "83": 2100.0, "95": 2100.0}, "delta": {"5": 25.800000000000004, "17": 33.0, "50": 41.0, "83": 56.0, "95": 67.79999999999973}}, "int": {"occ": {"5": 2026.95, "17": 2038.0, "50": 2042.0, "83": 2050.0, "95": 2052.0}, "chrnc": {"5": 2073.0, "17": 2075.0, "50": 2077.0, "83": 2085.0, "95": 2088.0}, "delta": {"5": 23.0, "17": 28.0, "50": 35.0, "83": 45.0, "95": 52.0}}, "int_high": {"occ": {"5": 2023.0, "17": 2026.0, "50": 2034.0, "83": 2037.0, "95": 2039.0}, "chrnc": {"5": 2055.0, "17": 2057.0, "50": 2059.0, "83": 2062.0, "95": 2067.0}, "delta": {"5": 19.0, "17": 21.0, "50": 26.0, "83": 33.0, "95": 38.0}}, "kopp": {"occ": {"5": 2030.0, "17": 2040.0, "50": 2049.0, "83": 2063.0, "95": 2073.0}, "chrnc": {"5": 2069.0, "17": 2077.0, "50": 2090.0, "83": 2098.0, "95": 2100.0}, "delta": {"5": 24.0, "17": 30.0, "50": 40.0, "83": 51.0, "95": 57.0}}}