{"int_low": {"occ": {"5": 2013.0, "17": 2014.0, "50": 2015.0, "83": 2015.0, "95": 2022.0}, "chrnc": {"5": 2033.0, "17": 2036.0, "50": 2043.0, "83": 2048.0, "95": 2051.0}, "delta": {"5": 16.950000000000045, "17": 21.0, "50": 27.0, "83": 33.0, "95": 37.0}}, "int": {"occ": {"5": 2012.0, "17": 2013.0, "50": 2015.0, "83": 2015.0, "95": 2015.0}, "chrnc": {"5": 2023.0, "17": 2026.0, "50": 2029.0, "83": 2032.0, "95": 2034.0}, "delta": {"5": 8.0, "17": 12.0, "50": 15.0, "83": 18.0, "95": 20.049999999999272}}, "int_high": {"occ": {"5": 2010.0, "17": 2013.0, "50": 2014.0, "83": 2015.0, "95": 2015.0}, "chrnc": {"5": 2019.0, "17": 2020.0, "50": 2023.0, "83": 2025.0, "95": 2027.0}, "delta": {"5": 4.0, "17": 6.0, "50": 9.0, "83": 12.0, "95": 14.0}}, "kopp": {"occ": {"5": 2013.0, "17": 2014.0, "50": 2015.0, "83": 2015.0, "95": 2023.0}, "chrnc": {"5": 2034.0, "17": 2038.0, "50": 2045.0, "83": 2052.0, "95": 2060.0}, "delta": {"5": 18.0, "17": 22.0, "50": 30.0, "83": 37.0, "95": 45.0}}}