{"int_low": {"occ": {"5": 2011.0, "17": 2011.0, "50": 2013.0, "83": 2014.0, "95": 2014.0}, "chrnc": {"5": 2016.0, "17": 2016.0, "50": 2020.0, "83": 2028.0, "95": 2032.0}, "delta": {"5": 2.0, "17": 3.0, "50": 7.0, "83": 15.0, "95": 20.0}}, "int": {"occ": {"5": 2011.0, "17": 2011.0, "50": 2012.0, "83": 2014.0, "95": 2014.0}, "chrnc": {"5": 2010.0, "17": 2015.0, "50": 2018.0, "83": 2021.0, "95": 2023.0499999999993}, "delta": {"5": -1.0, "17": 2.0, "50": 5.0, "83": 9.0, "95": 12.0}}, "int_high": {"occ": {"5": 2011.0, "17": 2011.0, "50": 2012.0, "83": 2014.0, "95": 2014.0}, "chrnc": {"5": 2010.0, "17": 2013.0, "50": 2016.0, "83": 2019.0, "95": 2020.0}, "delta": {"5": -4.0, "17": -1.0, "50": 4.0, "83": 7.0, "95": 9.0}}, "kopp": {"occ": {"5": 2011.0, "17": 2011.0, "50": 2013.0, "83": 2014.0, "95": 2014.0}, "chrnc": {"5": 2016.0, "17": 2016.0, "50": 2020.0, "83": 2028.0, "95": 2033.0}, "delta": {"5": 2.0, "17": 4.0, "50": 8.0, "83": 16.0, "95": 20.049999999999272}}}