{"int_low": {"occ": {"5": 2010.0, "17": 2011.0, "50": 2011.0, "83": 2011.0, "95": 2015.0}, "chrnc": {"5": 2012.0, "17": 2015.0, "50": 2020.0, "83": 2029.0, "95": 2033.0499999999993}, "delta": {"5": 1.0, "17": 2.8300000000001546, "50": 9.0, "83": 17.0, "95": 22.0}}, "int": {"occ": {"5": 2010.0, "17": 2011.0, "50": 2011.0, "83": 2011.0, "95": 2011.0}, "chrnc": {"5": 2012.0, "17": 2012.0, "50": 2015.0, "83": 2019.0, "95": 2023.0}, "delta": {"5": 1.0, "17": 1.0, "50": 4.0, "83": 8.0, "95": 12.0}}, "int_high": {"occ": {"5": 2010.0, "17": 2011.0, "50": 2011.0, "83": 2011.0, "95": 2011.0}, "chrnc": {"5": 2010.0, "17": 2012.0, "50": 2014.0, "83": 2016.0, "95": 2020.0}, "delta": {"5": -1.0, "17": 1.0, "50": 3.0, "83": 5.170000000000073, "95": 9.0}}, "kopp": {"occ": {"5": 2010.0, "17": 2011.0, "50": 2011.0, "83": 2011.0, "95": 2019.0}, "chrnc": {"5": 2012.0, "17": 2015.0, "50": 2021.0, "83": 2031.0, "95": 2037.0}, "delta": {"5": 1.0, "17": 4.0, "50": 10.0, "83": 19.0, "95": 25.0}}}