{"int_low": {"occ": {"5": 2011.0, "17": 2013.0, "50": 2013.0, "83": 2019.0, "95": 2028.0}, "chrnc": {"5": 2038.0, "17": 2046.0, "50": 2059.0, "83": 2071.0, "95": 2079.0}, "delta": {"5": 21.0, "17": 30.0, "50": 44.5, "83": 56.17000000000007, "95": 64.04999999999927}}, "int": {"occ": {"5": 2010.0, "17": 2013.0, "50": 2013.0, "83": 2013.0, "95": 2022.0}, "chrnc": {"5": 2025.0, "17": 2030.0, "50": 2038.0, "83": 2044.0, "95": 2047.0}, "delta": {"5": 10.0, "17": 17.0, "50": 25.0, "83": 31.0, "95": 34.0}}, "int_high": {"occ": {"5": 2010.0, "17": 2013.0, "50": 2013.0, "83": 2013.0, "95": 2015.0}, "chrnc": {"5": 2019.95, "17": 2025.0, "50": 2030.0, "83": 2035.0, "95": 2037.0}, "delta": {"5": 6.0, "17": 12.0, "50": 17.0, "83": 22.0, "95": 24.0}}, "kopp": {"occ": {"5": 2011.0, "17": 2013.0, "50": 2013.0, "83": 2015.0, "95": 2025.0}, "chrnc": {"5": 2030.0, "17": 2037.0, "50": 2046.0, "83": 2059.0, "95": 2073.0}, "delta": {"5": 14.0, "17": 22.0, "50": 32.0, "83": 45.0, "95": 58.0}}}