{"int_low": {"occ": {"5": 2010.0, "17": 2010.0, "50": 2011.0, "83": 2012.0, "95": 2020.0499999999993}, "chrnc": {"5": 2010.0, "17": 2010.0, "50": 2011.0, "83": 2012.0, "95": 2020.0499999999993}, "delta": {"5": 0.0, "17": 0.0, "50": 0.0, "83": 0.0, "95": 0.0}}, "int": {"occ": {"5": 2010.0, "17": 2010.0, "50": 2010.0, "83": 2012.0, "95": 2013.0}, "chrnc": {"5": 2010.0, "17": 2010.0, "50": 2010.0, "83": 2012.0, "95": 2013.0}, "delta": {"5": 0.0, "17": 0.0, "50": 0.0, "83": 0.0, "95": 0.0}}, "int_high": {"occ": {"5": 2010.0, "17": 2010.0, "50": 2010.0, "83": 2012.0, "95": 2012.0}, "chrnc": {"5": 2010.0, "17": 2010.0, "50": 2010.0, "83": 2012.0, "95": 2012.0}, "delta": {"5": 0.0, "17": 0.0, "50": 0.0, "83": 0.0, "95": 0.0}}, "kopp": {"occ": {"5": 2010.0, "17": 2010.0, "50": 2011.0, "83": 2013.0, "95": 2023.0}, "chrnc": {"5": 2010.0, "17": 2010.0, "50": 2011.0, "83": 2013.0, "95": 2023.0}, "delta": {"5": 0.0, "17": 0.0, "50": 0.0, "83": 0.0, "95": 0.0}}}