{"int_low": {"occ": {"5": 2013.0, "17": 2013.0, "50": 2015.0, "83": 2015.0, "95": 2019.0}, "chrnc": {"5": 2034.0, "17": 2038.0, "50": 2042.0, "83": 2048.0, "95": 2052.0}, "delta": {"5": 18.950000000000045, "17": 22.0, "50": 27.0, "83": 33.17000000000007, "95": 38.0}}, "int": {"occ": {"5": 2012.0, "17": 2013.0, "50": 2015.0, "83": 2015.0, "95": 2015.0}, "chrnc": {"5": 2025.0, "17": 2027.0, "50": 2030.0, "83": 2034.0, "95": 2036.0}, "delta": {"5": 10.0, "17": 12.0, "50": 16.0, "83": 19.0, "95": 21.0}}, "int_high": {"occ": {"5": 2010.0, "17": 2013.0, "50": 2015.0, "83": 2015.0, "95": 2015.0}, "chrnc": {"5": 2020.0, "17": 2022.0, "50": 2024.0, "83": 2027.0, "95": 2029.0}, "delta": {"5": 6.0, "17": 8.0, "50": 10.0, "83": 13.0, "95": 15.0}}, "kopp": {"occ": {"5": 2011.0, "17": 2013.0, "50": 2014.0, "83": 2016.0, "95": 2020.0}, "chrnc": {"5": 2035.0, "17": 2038.0, "50": 2043.0, "83": 2050.0, "95": 2055.0}, "delta": {"5": 19.0, "17": 23.0, "50": 29.0, "83": 35.0, "95": 40.0}}}