{"int_low": {"occ": {"5": 2021.0, "17": 2025.8300000000002, "50": 2033.0, "83": 2038.0, "95": 2043.0}, "chrnc": {"5": 2054.0, "17": 2057.0, "50": 2063.0, "83": 2070.0, "95": 2074.0}, "delta": {"5": 17.0, "17": 23.0, "50": 31.0, "83": 39.0, "95": 46.0}}, "int": {"occ": {"5": 2015.0, "17": 2016.0, "50": 2023.0, "83": 2028.0, "95": 2031.0499999999993}, "chrnc": {"5": 2040.0, "17": 2042.0, "50": 2046.0, "83": 2049.0, "95": 2051.0}, "delta": {"5": 12.0, "17": 17.0, "50": 23.0, "83": 29.0, "95": 33.0}}, "int_high": {"occ": {"5": 2014.0, "17": 2014.0, "50": 2018.0, "83": 2022.0, "95": 2025.0}, "chrnc": {"5": 2032.0, "17": 2034.0, "50": 2037.0, "83": 2039.0, "95": 2041.0}, "delta": {"5": 11.0, "17": 14.0, "50": 19.0, "83": 22.0, "95": 25.0}}, "kopp": {"occ": {"5": 2021.0, "17": 2026.0, "50": 2033.0, "83": 2040.0, "95": 2046.0}, "chrnc": {"5": 2046.0, "17": 2051.0, "50": 2058.0, "83": 2067.0, "95": 2075.0}, "delta": {"5": 13.0, "17": 18.0, "50": 25.0, "83": 33.0, "95": 40.0}}}