{"int_low": {"occ": {"5": 2026.0, "17": 2040.0, "50": 2047.0, "83": 2055.0, "95": 2059.0499999999993}, "chrnc": {"5": 2083.0, "17": 2088.0, "50": 2097.0, "83": 2100.0, "95": 2100.0}, "delta": {"5": 29.0, "17": 39.0, "50": 48.0, "83": 57.0, "95": 69.0}}, "int": {"occ": {"5": 2024.0, "17": 2026.0, "50": 2033.0, "83": 2038.0, "95": 2040.0499999999993}, "chrnc": {"5": 2057.0, "17": 2058.0, "50": 2062.0, "83": 2066.0, "95": 2069.0}, "delta": {"5": 19.0, "17": 23.0, "50": 29.0, "83": 37.0, "95": 41.0}}, "int_high": {"occ": {"5": 2021.0, "17": 2023.0, "50": 2028.0, "83": 2033.0, "95": 2035.0}, "chrnc": {"5": 2044.0, "17": 2045.0, "50": 2048.0, "83": 2051.0, "95": 2053.0}, "delta": {"5": 12.0, "17": 15.0, "50": 20.0, "83": 26.0, "95": 29.0}}, "kopp": {"occ": {"5": 2026.0, "17": 2030.0, "50": 2040.0, "83": 2051.0, "95": 2059.0}, "chrnc": {"5": 2057.0, "17": 2062.0, "50": 2075.0, "83": 2089.0, "95": 2097.0}, "delta": {"5": 19.0, "17": 25.0, "50": 35.0, "83": 46.0, "95": 54.0}}}