{"int_low": {"occ": {"5": 2012.0, "17": 2013.0, "50": 2013.0, "83": 2013.0, "95": 2034.0}, "chrnc": {"5": 2060.0, "17": 2076.0, "50": 2083.0, "83": 2098.0, "95": 2100.0}, "delta": {"5": 36.0, "17": 52.0, "50": 69.0, "83": 84.0, "95": 86.0}}, "int": {"occ": {"5": 2012.0, "17": 2013.0, "50": 2013.0, "83": 2013.0, "95": 2019.0}, "chrnc": {"5": 2040.0, "17": 2043.0, "50": 2048.0, "83": 2056.0, "95": 2059.0499999999993}, "delta": {"5": 24.0, "17": 29.0, "50": 35.0, "83": 42.0, "95": 46.0}}, "int_high": {"occ": {"5": 2012.0, "17": 2013.0, "50": 2013.0, "83": 2013.0, "95": 2013.0}, "chrnc": {"5": 2023.0, "17": 2027.0, "50": 2038.0, "83": 2041.0, "95": 2050.0499999999993}, "delta": {"5": 10.0, "17": 14.0, "50": 25.0, "83": 29.0, "95": 37.0}}, "kopp": {"occ": {"5": 2012.0, "17": 2013.0, "50": 2013.0, "83": 2013.0, "95": 2034.0}, "chrnc": {"5": 2041.0, "17": 2046.0, "50": 2065.0, "83": 2084.0, "95": 2095.0}, "delta": {"5": 27.0, "17": 32.0, "50": 50.0, "83": 68.0, "95": 81.0}}}