{"int_low": {"occ": {"5": 2040.0, "17": 2043.0, "50": 2051.0, "83": 2057.0, "95": 2064.0}, "chrnc": {"5": 2063.0, "17": 2073.0, "50": 2080.0, "83": 2089.0, "95": 2093.0}, "delta": {"5": 12.950000000000045, "17": 21.0, "50": 29.0, "83": 39.0, "95": 45.0}}, "int": {"occ": {"5": 2029.95, "17": 2035.0, "50": 2039.0, "83": 2043.0, "95": 2048.0}, "chrnc": {"5": 2047.0, "17": 2053.0, "50": 2057.0, "83": 2060.0, "95": 2063.0}, "delta": {"5": 7.9500000000000455, "17": 12.0, "50": 17.0, "83": 22.0, "95": 26.049999999999272}}, "int_high": {"occ": {"5": 2025.0, "17": 2028.0, "50": 2033.0, "83": 2036.0, "95": 2038.0}, "chrnc": {"5": 2040.0, "17": 2042.0, "50": 2047.0, "83": 2051.0, "95": 2053.0}, "delta": {"5": 6.0, "17": 9.830000000000155, "50": 14.0, "83": 19.0, "95": 23.0}}, "kopp": {"occ": {"5": 2037.0, "17": 2041.0, "50": 2047.0, "83": 2054.0, "95": 2061.0}, "chrnc": {"5": 2054.0, "17": 2059.0, "50": 2067.0, "83": 2077.0, "95": 2088.0}, "delta": {"5": 9.0, "17": 13.0, "50": 20.0, "83": 28.0, "95": 35.0}}}