{"int_low": {"occ": {"5": 2010.0, "17": 2010.0, "50": 2013.0, "83": 2014.0, "95": 2023.0}, "chrnc": {"5": 2021.0, "17": 2025.0, "50": 2033.0, "83": 2042.0, "95": 2052.0}, "delta": {"5": 5.9500000000000455, "17": 11.0, "50": 19.0, "83": 29.0, "95": 40.0}}, "int": {"occ": {"5": 2010.0, "17": 2010.0, "50": 2012.0, "83": 2013.0, "95": 2019.0}, "chrnc": {"5": 2017.0, "17": 2020.0, "50": 2025.0, "83": 2033.0, "95": 2036.0}, "delta": {"5": 4.0, "17": 7.0, "50": 13.0, "83": 20.0, "95": 24.0}}, "int_high": {"occ": {"5": 2010.0, "17": 2010.0, "50": 2011.0, "83": 2013.0, "95": 2016.0999999999985}, "chrnc": {"5": 2015.0, "17": 2015.0, "50": 2019.0, "83": 2023.0, "95": 2029.0}, "delta": {"5": 2.0, "17": 4.0, "50": 7.0, "83": 12.0, "95": 17.0}}, "kopp": {"occ": {"5": 2010.0, "17": 2011.0, "50": 2013.0, "83": 2018.0, "95": 2021.0}, "chrnc": {"5": 2019.0, "17": 2023.0, "50": 2030.0, "83": 2038.0, "95": 2050.0}, "delta": {"5": 4.0, "17": 9.0, "50": 16.0, "83": 25.0, "95": 35.0}}}