{"int_low": {"occ": {"5": 2015.0, "17": 2019.0, "50": 2027.0, "83": 2035.0, "95": 2039.0}, "chrnc": {"5": 2062.0, "17": 2073.0, "50": 2081.0, "83": 2090.0, "95": 2093.0}, "delta": {"5": 31.0, "17": 41.0, "50": 54.0, "83": 65.0, "95": 71.0}}, "int": {"occ": {"5": 2014.0, "17": 2016.0, "50": 2019.0, "83": 2027.0, "95": 2032.0}, "chrnc": {"5": 2043.0, "17": 2046.0, "50": 2051.0, "83": 2055.0, "95": 2056.0}, "delta": {"5": 16.950000000000045, "17": 24.0, "50": 31.0, "83": 37.0, "95": 40.0}}, "int_high": {"occ": {"5": 2012.95, "17": 2014.0, "50": 2016.0, "83": 2020.0, "95": 2023.0}, "chrnc": {"5": 2038.0, "17": 2039.0, "50": 2041.0, "83": 2043.0, "95": 2046.0}, "delta": {"5": 17.0, "17": 21.0, "50": 25.0, "83": 28.0, "95": 30.0}}, "kopp": {"occ": {"5": 2015.0, "17": 2017.0, "50": 2024.0, "83": 2033.0, "95": 2037.0}, "chrnc": {"5": 2045.0, "17": 2053.0, "50": 2062.0, "83": 2074.0, "95": 2087.5499999999993}, "delta": {"5": 21.0, "17": 27.0, "50": 37.0, "83": 49.0, "95": 60.0}}}