{"int_low": {"occ": {"5": 2010.0, "17": 2012.0, "50": 2013.0, "83": 2016.0, "95": 2020.0}, "chrnc": {"5": 2038.0, "17": 2042.0, "50": 2047.0, "83": 2052.0, "95": 2055.0}, "delta": {"5": 22.0, "17": 27.830000000000155, "50": 33.0, "83": 39.0, "95": 43.0}}, "int": {"occ": {"5": 2010.0, "17": 2011.0, "50": 2013.0, "83": 2014.0, "95": 2018.0}, "chrnc": {"5": 2028.0, "17": 2030.0, "50": 2034.0, "83": 2037.0, "95": 2040.0}, "delta": {"5": 14.0, "17": 17.0, "50": 21.0, "83": 24.0, "95": 27.0}}, "int_high": {"occ": {"5": 2010.0, "17": 2010.0, "50": 2013.0, "83": 2013.0, "95": 2014.0}, "chrnc": {"5": 2022.0, "17": 2025.0, "50": 2027.0, "83": 2030.0, "95": 2032.0}, "delta": {"5": 10.0, "17": 12.0, "50": 15.0, "83": 18.0, "95": 20.0}}, "kopp": {"occ": {"5": 2010.0, "17": 2013.0, "50": 2013.0, "83": 2018.0, "95": 2020.0}, "chrnc": {"5": 2037.0, "17": 2041.0, "50": 2047.0, "83": 2054.0, "95": 2061.0}, "delta": {"5": 22.0, "17": 26.0, "50": 33.0, "83": 40.17000000000007, "95": 47.0}}}