{"int_low": {"occ": {"5": 2010.0, "17": 2013.0, "50": 2018.0, "83": 2027.0, "95": 2035.0}, "chrnc": {"5": 2022.0, "17": 2029.0, "50": 2039.0, "83": 2050.0, "95": 2058.0}, "delta": {"5": -3.0, "17": 7.0, "50": 19.0, "83": 32.17000000000007, "95": 43.0}}, "int": {"occ": {"5": 2010.0, "17": 2014.0, "50": 2016.0, "83": 2023.0, "95": 2028.0}, "chrnc": {"5": 2018.0, "17": 2022.0, "50": 2029.0, "83": 2036.0, "95": 2041.0}, "delta": {"5": -3.0, "17": 4.830000000000155, "50": 12.0, "83": 20.0, "95": 25.0}}, "int_high": {"occ": {"5": 2010.0, "17": 2014.0, "50": 2016.0, "83": 2019.0, "95": 2024.0}, "chrnc": {"5": 2012.0, "17": 2012.0, "50": 2021.0, "83": 2028.0, "95": 2032.0}, "delta": {"5": -8.0, "17": -4.0, "50": 5.0, "83": 12.0, "95": 17.0}}, "kopp": {"occ": {"5": 2010.0, "17": 2011.0, "50": 2017.0, "83": 2027.0, "95": 2035.0}, "chrnc": {"5": 2020.0, "17": 2026.0, "50": 2035.0, "83": 2047.0, "95": 2058.0}, "delta": {"5": -4.0, "17": 6.0, "50": 17.0, "83": 28.0, "95": 39.0}}}