{"int_low": {"occ": {"5": 2012.0, "17": 2013.0, "50": 2021.0, "83": 2025.0, "95": 2025.0}, "chrnc": {"5": 2010.0, "17": 2017.0, "50": 2027.0, "83": 2035.0, "95": 2041.0}, "delta": {"5": -13.0, "17": -4.169999999999845, "50": 7.0, "83": 17.0, "95": 24.0}}, "int": {"occ": {"5": 2010.0, "17": 2012.0, "50": 2013.0, "83": 2020.0, "95": 2023.0}, "chrnc": {"5": 2010.0, "17": 2011.0, "50": 2016.0, "83": 2022.0, "95": 2025.0}, "delta": {"5": -9.0, "17": -3.0, "50": 3.0, "83": 8.170000000000073, "95": 12.0}}, "int_high": {"occ": {"5": 2010.0, "17": 2011.0, "50": 2013.0, "83": 2013.0, "95": 2017.0}, "chrnc": {"5": 2010.0, "17": 2011.0, "50": 2013.0, "83": 2014.0, "95": 2018.0}, "delta": {"5": -3.0, "17": -1.0, "50": 0.0, "83": 2.0, "95": 5.0}}, "kopp": {"occ": {"5": 2012.0, "17": 2013.0, "50": 2021.0, "83": 2025.0, "95": 2025.0499999999993}, "chrnc": {"5": 2018.0, "17": 2027.0, "50": 2032.0, "83": 2040.0, "95": 2044.0}, "delta": {"5": -5.0, "17": 5.0, "50": 13.0, "83": 20.0, "95": 27.0}}}