{"int_low": {"occ": {"5": 2010.0, "17": 2010.0, "50": 2011.0, "83": 2013.0, "95": 2021.0499999999993}, "chrnc": {"5": 2011.0, "17": 2012.0, "50": 2016.0, "83": 2024.17, "95": 2031.0}, "delta": {"5": -7.0, "17": 0.8300000000001546, "50": 3.0, "83": 12.0, "95": 20.0}}, "int": {"occ": {"5": 2010.0, "17": 2010.0, "50": 2010.0, "83": 2011.0, "95": 2017.0}, "chrnc": {"5": 2010.0, "17": 2010.0, "50": 2011.0, "83": 2013.0, "95": 2020.0}, "delta": {"5": -2.0, "17": -1.0, "50": 1.0, "83": 3.0, "95": 10.0}}, "int_high": {"occ": {"5": 2010.0, "17": 2010.0, "50": 2010.0, "83": 2011.0, "95": 2012.0}, "chrnc": {"5": 2010.0, "17": 2010.0, "50": 2010.0, "83": 2011.0, "95": 2013.0}, "delta": {"5": 0.0, "17": 0.0, "50": 0.0, "83": 0.0, "95": 1.0}}, "kopp": {"occ": {"5": 2010.0, "17": 2010.0, "50": 2011.0, "83": 2018.0, "95": 2024.0}, "chrnc": {"5": 2011.0, "17": 2012.0, "50": 2017.0, "83": 2025.0, "95": 2032.0}, "delta": {"5": -8.0, "17": -1.0, "50": 3.0, "83": 13.0, "95": 20.0}}}