{"int_low": {"occ": {"5": 2056.0, "17": 2059.0, "50": 2064.0, "83": 2068.0, "95": 2073.0}, "chrnc": {"5": 2091.0, "17": 2094.0, "50": 2098.0, "83": 2100.0, "95": 2100.0}, "delta": {"5": 24.0, "17": 29.0, "50": 34.0, "83": 39.0, "95": 43.0}}, "int": {"occ": {"5": 2039.0, "17": 2042.0, "50": 2044.0, "83": 2046.0, "95": 2048.0}, "chrnc": {"5": 2058.0, "17": 2060.0, "50": 2062.0, "83": 2065.0, "95": 2066.0}, "delta": {"5": 13.0, "17": 15.0, "50": 18.0, "83": 21.170000000000073, "95": 24.0}}, "int_high": {"occ": {"5": 2032.0, "17": 2034.0, "50": 2036.0, "83": 2038.0, "95": 2039.0}, "chrnc": {"5": 2047.0, "17": 2048.0, "50": 2050.0, "83": 2051.0, "95": 2053.0}, "delta": {"5": 10.0, "17": 11.830000000000155, "50": 14.0, "83": 17.0, "95": 18.0}}}