{"int_low": {"occ": {"5": 2034.95, "17": 2039.0, "50": 2044.0, "83": 2050.17, "95": 2054.0}, "chrnc": {"5": 2057.0, "17": 2060.0, "50": 2066.0, "83": 2072.0, "95": 2075.0}, "delta": {"5": 8.0, "17": 13.0, "50": 22.0, "83": 30.170000000000073, "95": 36.0}}, "int": {"occ": {"5": 2024.0, "17": 2027.0, "50": 2032.0, "83": 2036.0, "95": 2038.0}, "chrnc": {"5": 2041.0, "17": 2043.0, "50": 2045.0, "83": 2049.17, "95": 2052.0}, "delta": {"5": 5.9500000000000455, "17": 9.0, "50": 14.0, "83": 20.0, "95": 24.0}}, "int_high": {"occ": {"5": 2019.0, "17": 2023.0, "50": 2026.0, "83": 2031.0, "95": 2033.0}, "chrnc": {"5": 2035.0, "17": 2037.0, "50": 2038.0, "83": 2040.0, "95": 2041.0}, "delta": {"5": 4.0, "17": 8.0, "50": 12.0, "83": 16.0, "95": 19.0}}, "kopp": {"occ": {"5": 2027.0, "17": 2032.0, "50": 2039.0, "83": 2047.0, "95": 2053.0}, "chrnc": {"5": 2042.0, "17": 2047.0, "50": 2056.0, "83": 2065.0, "95": 2074.0}, "delta": {"5": 6.0, "17": 10.0, "50": 16.0, "83": 24.0, "95": 31.0}}}