{"int_low": {"occ": {"5": 2010.0, "17": 2011.0, "50": 2013.0, "83": 2028.0, "95": 2037.0}, "chrnc": {"5": 2046.0, "17": 2060.0, "50": 2074.0, "83": 2087.0, "95": 2093.0}, "delta": {"5": 24.950000000000045, "17": 38.0, "50": 56.0, "83": 71.0, "95": 79.0}}, "int": {"occ": {"5": 2010.0, "17": 2011.0, "50": 2013.0, "83": 2021.0, "95": 2029.0}, "chrnc": {"5": 2034.0, "17": 2041.0, "50": 2047.0, "83": 2053.0, "95": 2057.0}, "delta": {"5": 14.0, "17": 23.0, "50": 32.0, "83": 40.0, "95": 44.0}}, "int_high": {"occ": {"5": 2010.0, "17": 2011.0, "50": 2013.0, "83": 2020.0, "95": 2024.0}, "chrnc": {"5": 2025.95, "17": 2032.0, "50": 2038.0, "83": 2042.0, "95": 2046.0}, "delta": {"5": 9.0, "17": 15.0, "50": 24.0, "83": 29.0, "95": 32.04999999999927}}, "kopp": {"occ": {"5": 2010.0, "17": 2011.0, "50": 2013.0, "83": 2027.0, "95": 2036.0}, "chrnc": {"5": 2038.0, "17": 2045.0, "50": 2057.0, "83": 2073.0, "95": 2088.0}, "delta": {"5": 17.0, "17": 28.0, "50": 41.0, "83": 56.0, "95": 69.0}}}