{"int_low": {"occ": {"5": 2012.0, "17": 2013.0, "50": 2015.0, "83": 2016.0, "95": 2022.0499999999993}, "chrnc": {"5": 2043.95, "17": 2047.0, "50": 2052.0, "83": 2056.0, "95": 2060.0}, "delta": {"5": 27.0, "17": 31.0, "50": 37.0, "83": 42.0, "95": 45.04999999999927}}, "int": {"occ": {"5": 2010.0, "17": 2013.0, "50": 2014.0, "83": 2015.0, "95": 2018.0}, "chrnc": {"5": 2032.0, "17": 2035.0, "50": 2037.0, "83": 2039.0, "95": 2042.0}, "delta": {"5": 17.0, "17": 20.0, "50": 23.0, "83": 26.0, "95": 28.0}}, "int_high": {"occ": {"5": 2010.0, "17": 2013.0, "50": 2013.0, "83": 2015.0, "95": 2016.0}, "chrnc": {"5": 2026.0, "17": 2028.0, "50": 2030.0, "83": 2032.0, "95": 2034.0}, "delta": {"5": 12.0, "17": 14.0, "50": 17.0, "83": 19.0, "95": 21.0}}, "kopp": {"occ": {"5": 2011.0, "17": 2013.0, "50": 2015.0, "83": 2019.0, "95": 2024.0}, "chrnc": {"5": 2042.0, "17": 2046.0, "50": 2052.0, "83": 2059.0, "95": 2066.0}, "delta": {"5": 25.0, "17": 30.0, "50": 36.0, "83": 44.0, "95": 50.0}}}