{"int_low": {"occ": {"5": 2011.0, "17": 2012.0, "50": 2015.0, "83": 2022.0, "95": 2025.0499999999993}, "chrnc": {"5": 2054.0, "17": 2056.0, "50": 2063.0, "83": 2067.0, "95": 2070.0}, "delta": {"5": 33.950000000000045, "17": 39.0, "50": 46.0, "83": 53.0, "95": 57.0}}, "int": {"occ": {"5": 2010.0, "17": 2012.0, "50": 2013.0, "83": 2015.0, "95": 2016.0}, "chrnc": {"5": 2036.0, "17": 2037.0, "50": 2041.0, "83": 2044.0, "95": 2045.0}, "delta": {"5": 21.0, "17": 24.0, "50": 28.0, "83": 31.0, "95": 32.0}}, "int_high": {"occ": {"5": 2010.0, "17": 2012.0, "50": 2013.0, "83": 2015.0, "95": 2015.0}, "chrnc": {"5": 2028.0, "17": 2030.0, "50": 2031.0, "83": 2033.0, "95": 2035.0}, "delta": {"5": 15.0, "17": 16.0, "50": 18.0, "83": 21.0, "95": 22.0}}, "kopp": {"occ": {"5": 2010.0, "17": 2012.0, "50": 2018.0, "83": 2025.0, "95": 2029.0}, "chrnc": {"5": 2049.0, "17": 2053.0, "50": 2062.0, "83": 2071.0, "95": 2082.0}, "delta": {"5": 29.0, "17": 34.0, "50": 43.0, "83": 53.0, "95": 63.0}}}