{"int_low": {"occ": {"5": 2010.0, "17": 2010.0, "50": 2013.0, "83": 2014.0, "95": 2023.0}, "chrnc": {"5": 2012.0, "17": 2014.0, "50": 2019.0, "83": 2032.0, "95": 2035.0}, "delta": {"5": -5.0, "17": 1.0, "50": 6.0, "83": 18.170000000000073, "95": 24.0}}, "int": {"occ": {"5": 2010.0, "17": 2010.0, "50": 2012.0, "83": 2013.0, "95": 2019.0}, "chrnc": {"5": 2010.0, "17": 2011.0, "50": 2012.0, "83": 2017.0, "95": 2021.0}, "delta": {"5": -6.0, "17": -2.0, "50": 2.0, "83": 6.0, "95": 10.0}}, "int_high": {"occ": {"5": 2010.0, "17": 2010.0, "50": 2011.0, "83": 2013.0, "95": 2016.0999999999985}, "chrnc": {"5": 2010.0, "17": 2010.0, "50": 2012.0, "83": 2013.0, "95": 2016.0}, "delta": {"5": -3.0, "17": -1.0, "50": 0.0, "83": 2.0, "95": 4.0}}, "kopp": {"occ": {"5": 2010.0, "17": 2011.0, "50": 2013.0, "83": 2018.0, "95": 2021.0}, "chrnc": {"5": 2010.0, "17": 2012.0, "50": 2016.0, "83": 2024.0, "95": 2033.0}, "delta": {"5": -7.0, "17": -2.0, "50": 3.0, "83": 10.0, "95": 21.0}}}