{"int_low": {"occ": {"5": 2022.0, "17": 2026.0, "50": 2040.0, "83": 2052.0, "95": 2058.0}, "chrnc": {"5": 2094.0, "17": 2097.0, "50": 2099.0, "83": 2100.0, "95": 2100.0}, "delta": {"5": 33.0, "17": 46.0, "50": 58.0, "83": 73.0, "95": 78.0}}, "int": {"occ": {"5": 2019.0, "17": 2023.0, "50": 2029.0, "83": 2036.0, "95": 2038.0}, "chrnc": {"5": 2061.0, "17": 2063.0, "50": 2070.0, "83": 2074.0, "95": 2076.0}, "delta": {"5": 26.950000000000045, "17": 32.0, "50": 40.0, "83": 48.0, "95": 52.04999999999927}}, "int_high": {"occ": {"5": 2017.0, "17": 2019.0, "50": 2025.0, "83": 2032.0, "95": 2034.0}, "chrnc": {"5": 2046.0, "17": 2053.0, "50": 2055.0, "83": 2057.0, "95": 2058.0}, "delta": {"5": 18.0, "17": 23.0, "50": 29.0, "83": 36.0, "95": 39.0}}, "kopp": {"occ": {"5": 2020.0, "17": 2023.0, "50": 2034.0, "83": 2048.0, "95": 2054.0}, "chrnc": {"5": 2061.0, "17": 2071.0, "50": 2083.0, "83": 2096.0, "95": 2099.0}, "delta": {"5": 28.0, "17": 36.0, "50": 48.0, "83": 61.0, "95": 71.0}}}