{"int_low": {"occ": {"5": 2010.0, "17": 2010.0, "50": 2011.0, "83": 2018.0, "95": 2022.0499999999993}, "chrnc": {"5": 2057.0, "17": 2060.0, "50": 2067.0, "83": 2073.0, "95": 2081.0}, "delta": {"5": 37.0, "17": 47.0, "50": 54.0, "83": 61.0, "95": 69.04999999999927}}, "int": {"occ": {"5": 2010.0, "17": 2010.0, "50": 2011.0, "83": 2012.17, "95": 2019.0}, "chrnc": {"5": 2039.0, "17": 2041.0, "50": 2044.0, "83": 2049.0, "95": 2052.0}, "delta": {"5": 24.0, "17": 29.0, "50": 33.0, "83": 38.0, "95": 41.0}}, "int_high": {"occ": {"5": 2010.0, "17": 2010.0, "50": 2011.0, "83": 2012.0, "95": 2019.0}, "chrnc": {"5": 2026.0, "17": 2030.0, "50": 2036.0, "83": 2039.0, "95": 2040.0}, "delta": {"5": 15.0, "17": 18.0, "50": 25.0, "83": 28.0, "95": 29.0}}, "kopp": {"occ": {"5": 2010.0, "17": 2010.0, "50": 2011.0, "83": 2019.0, "95": 2023.0}, "chrnc": {"5": 2041.0, "17": 2044.0, "50": 2054.0, "83": 2066.0, "95": 2076.0}, "delta": {"5": 25.25, "17": 31.0, "50": 41.0, "83": 52.0, "95": 62.0}}}