{"int_low": {"occ": {"5": 2063.0, "17": 2067.0, "50": 2074.0, "83": 2081.0, "95": 2089.0}, "chrnc": {"5": 2096.0, "17": 2097.0, "50": 2099.0, "83": 2100.0, "95": 2100.0}, "delta": {"5": 16.450000000000003, "17": 23.0, "50": 28.0, "83": 34.0, "95": 37.54999999999973}}, "int": {"occ": {"5": 2044.0, "17": 2046.0, "50": 2050.0, "83": 2053.0, "95": 2054.0}, "chrnc": {"5": 2059.0, "17": 2061.0, "50": 2063.0, "83": 2066.0, "95": 2068.0}, "delta": {"5": 8.0, "17": 10.0, "50": 14.0, "83": 17.0, "95": 19.0}}, "int_high": {"occ": {"5": 2038.0, "17": 2039.0, "50": 2040.0, "83": 2042.0, "95": 2043.0}, "chrnc": {"5": 2048.0, "17": 2050.0, "50": 2052.0, "83": 2054.0, "95": 2055.0}, "delta": {"5": 8.0, "17": 9.0, "50": 12.0, "83": 13.0, "95": 15.0}}, "kopp": {"occ": {"5": 2050.0, "17": 2056.0, "50": 2062.0, "83": 2073.0, "95": 2082.0}, "chrnc": {"5": 2062.0, "17": 2070.0, "50": 2079.0, "83": 2092.0, "95": 2097.0}, "delta": {"5": 10.0, "17": 13.0, "50": 17.0, "83": 22.0, "95": 26.0}}}