{"int_low": {"occ": {"5": 2011.0, "17": 2015.8300000000002, "50": 2020.0, "83": 2024.0, "95": 2029.0}, "chrnc": {"5": 2045.0, "17": 2049.0, "50": 2054.0, "83": 2058.0, "95": 2061.0}, "delta": {"5": 22.0, "17": 27.0, "50": 34.0, "83": 41.0, "95": 46.0}}, "int": {"occ": {"5": 2011.0, "17": 2012.0, "50": 2014.0, "83": 2019.0, "95": 2021.0}, "chrnc": {"5": 2033.0, "17": 2035.8300000000002, "50": 2038.0, "83": 2040.0, "95": 2042.0}, "delta": {"5": 16.0, "17": 19.0, "50": 23.0, "83": 27.0, "95": 29.0}}, "int_high": {"occ": {"5": 2010.0, "17": 2011.0, "50": 2013.0, "83": 2015.0, "95": 2016.0}, "chrnc": {"5": 2026.0, "17": 2028.0, "50": 2030.0, "83": 2033.0, "95": 2034.0}, "delta": {"5": 12.0, "17": 14.0, "50": 17.0, "83": 20.0, "95": 22.0}}, "kopp": {"occ": {"5": 2016.0, "17": 2019.0, "50": 2024.0, "83": 2030.0, "95": 2034.0}, "chrnc": {"5": 2042.0, "17": 2046.0, "50": 2053.0, "83": 2060.0, "95": 2067.0}, "delta": {"5": 18.0, "17": 22.0, "50": 28.0, "83": 36.0, "95": 42.0}}}