{"int_low": {"occ": {"5": 2044.0, "17": 2047.0, "50": 2058.0, "83": 2068.0, "95": 2072.0}, "chrnc": {"5": 2079.0, "17": 2082.0, "50": 2092.0, "83": 2097.0, "95": 2100.0}, "delta": {"5": 13.450000000000045, "17": 21.0, "50": 32.0, "83": 43.0, "95": 50.0}}, "int": {"occ": {"5": 2034.0, "17": 2037.0, "50": 2040.0, "83": 2043.0, "95": 2050.0}, "chrnc": {"5": 2053.0, "17": 2055.0, "50": 2058.0, "83": 2060.0, "95": 2061.0}, "delta": {"5": 8.0, "17": 13.0, "50": 18.0, "83": 21.0, "95": 25.049999999999272}}, "int_high": {"occ": {"5": 2024.0, "17": 2026.0, "50": 2031.0, "83": 2035.0, "95": 2037.0}, "chrnc": {"5": 2041.0, "17": 2043.0, "50": 2045.0, "83": 2049.0, "95": 2051.0}, "delta": {"5": 7.0, "17": 9.0, "50": 14.0, "83": 19.0, "95": 23.0}}, "kopp": {"occ": {"5": 2039.0, "17": 2043.0, "50": 2051.0, "83": 2060.0, "95": 2071.0}, "chrnc": {"5": 2056.0, "17": 2061.0, "50": 2072.0, "83": 2085.0, "95": 2094.0}, "delta": {"5": 9.0, "17": 13.0, "50": 20.0, "83": 29.0, "95": 35.0}}}