{"int_low": {"occ": {"5": 2038.0, "17": 2042.0, "50": 2047.0, "83": 2052.0, "95": 2055.0}, "chrnc": {"5": 2078.0, "17": 2084.0, "50": 2091.0, "83": 2097.0, "95": 2099.0}, "delta": {"5": 29.0, "17": 35.0, "50": 43.0, "83": 50.0, "95": 56.0}}, "int": {"occ": {"5": 2027.0, "17": 2029.0, "50": 2032.0, "83": 2035.0, "95": 2037.0}, "chrnc": {"5": 2049.0, "17": 2051.0, "50": 2053.0, "83": 2055.0, "95": 2057.0499999999993}, "delta": {"5": 14.950000000000045, "17": 18.0, "50": 21.0, "83": 25.0, "95": 28.0}}, "int_high": {"occ": {"5": 2019.0, "17": 2022.0, "50": 2024.0, "83": 2027.0, "95": 2028.0}, "chrnc": {"5": 2038.0, "17": 2039.0, "50": 2041.0, "83": 2043.0, "95": 2044.0}, "delta": {"5": 11.0, "17": 14.0, "50": 17.0, "83": 20.0, "95": 22.0}}, "kopp": {"occ": {"5": 2038.0, "17": 2043.0, "50": 2049.0, "83": 2058.0, "95": 2065.0}, "chrnc": {"5": 2060.0, "17": 2067.0, "50": 2076.0, "83": 2088.0, "95": 2096.0}, "delta": {"5": 17.0, "17": 21.0, "50": 27.0, "83": 35.0, "95": 41.0}}}