{"int_low": {"occ": {"5": 2096.0, "17": 2097.0, "50": 2099.0, "83": 2100.0, "95": 2100.0}, "chrnc": {"5": NaN, "17": NaN, "50": NaN, "83": NaN, "95": NaN}, "delta": {"5": NaN, "17": NaN, "50": NaN, "83": NaN, "95": NaN}}, "int": {"occ": {"5": 2063.0, "17": 2065.0, "50": 2068.0, "83": 2071.0, "95": 2072.0}, "chrnc": {"5": 2074.0, "17": 2075.0, "50": 2077.0, "83": 2079.0, "95": 2080.0}, "delta": {"5": 4.0, "17": 6.0, "50": 9.0, "83": 13.0, "95": 15.0}}, "int_high": {"occ": {"5": 2052.0, "17": 2053.0, "50": 2055.0, "83": 2056.0, "95": 2057.0499999999993}, "chrnc": {"5": 2058.0, "17": 2059.0, "50": 2060.0, "83": 2062.0, "95": 2063.0}, "delta": {"5": 2.9500000000000455, "17": 4.0, "50": 6.0, "83": 8.0, "95": 10.0}}, "kopp": {"occ": {"5": 2062.0, "17": 2070.0, "50": 2080.0, "83": 2094.0, "95": 2099.0}, "chrnc": {"5": 2070.0, "17": 2077.0, "50": 2088.0, "83": 2097.0, "95": 2100.0}, "delta": {"5": 4.0, "17": 6.0, "50": 10.0, "83": 14.0, "95": 17.0}}}