{"int_low": {"occ": {"5": 2075.0, "17": 2078.0, "50": 2084.0, "83": 2090.0, "95": 2093.0}, "chrnc": {"5": 2095.0, "17": 2097.0, "50": 2099.0, "83": 2100.0, "95": 2100.0}, "delta": {"5": 6.0, "17": 9.0, "50": 15.0, "83": 21.0, "95": 25.0}}, "int": {"occ": {"5": 2051.0, "17": 2054.0, "50": 2056.0, "83": 2058.0, "95": 2060.0}, "chrnc": {"5": 2061.0, "17": 2062.0, "50": 2066.0, "83": 2069.0, "95": 2071.0}, "delta": {"5": 4.0, "17": 6.0, "50": 9.0, "83": 13.0, "95": 16.0}}, "int_high": {"occ": {"5": 2041.0, "17": 2043.0, "50": 2045.0, "83": 2047.0, "95": 2049.0}, "chrnc": {"5": 2050.0, "17": 2052.0, "50": 2054.0, "83": 2056.0, "95": 2057.0}, "delta": {"5": 4.0, "17": 6.830000000000155, "50": 9.0, "83": 12.0, "95": 13.049999999999272}}, "kopp": {"occ": {"5": 2054.0, "17": 2058.0, "50": 2066.0, "83": 2078.0, "95": 2089.0}, "chrnc": {"5": 2062.0, "17": 2069.0, "50": 2078.0, "83": 2092.0, "95": 2098.0}, "delta": {"5": 5.0, "17": 8.0, "50": 13.0, "83": 18.0, "95": 22.0}}}