{"int_low": {"occ": {"5": 2061.0, "17": 2065.0, "50": 2072.0, "83": 2078.0, "95": 2084.0499999999993}, "chrnc": {"5": 2091.95, "17": 2095.0, "50": 2098.0, "83": 2100.0, "95": 2100.0}, "delta": {"5": 10.800000000000004, "17": 19.0, "50": 25.0, "83": 32.0, "95": 34.14999999999995}}, "int": {"occ": {"5": 2042.0, "17": 2044.0, "50": 2047.0, "83": 2050.0, "95": 2052.0}, "chrnc": {"5": 2062.0, "17": 2065.0, "50": 2067.0, "83": 2070.0, "95": 2071.0499999999993}, "delta": {"5": 13.0, "17": 16.0, "50": 20.0, "83": 24.0, "95": 27.0}}, "int_high": {"occ": {"5": 2034.0, "17": 2035.0, "50": 2038.0, "83": 2040.0, "95": 2042.0}, "chrnc": {"5": 2049.0, "17": 2051.0, "50": 2053.0, "83": 2055.0, "95": 2058.0}, "delta": {"5": 10.0, "17": 12.0, "50": 16.0, "83": 19.0, "95": 21.0}}, "kopp": {"occ": {"5": 2052.0, "17": 2057.0, "50": 2065.0, "83": 2075.0, "95": 2085.0}, "chrnc": {"5": 2070.0, "17": 2078.0, "50": 2088.0, "83": 2097.0, "95": 2100.0}, "delta": {"5": 15.0, "17": 19.0, "50": 25.0, "83": 31.0, "95": 35.0}}}