{"int_low": {"occ": {"5": 2013.0, "17": 2013.0, "50": 2013.0, "83": 2013.0, "95": 2031.0}, "chrnc": {"5": 2022.0, "17": 2027.0, "50": 2047.0, "83": 2069.0, "95": 2072.0}, "delta": {"5": 9.0, "17": 13.0, "50": 34.0, "83": 56.0, "95": 59.0}}, "int": {"occ": {"5": 2013.0, "17": 2013.0, "50": 2013.0, "83": 2013.0, "95": 2014.0}, "chrnc": {"5": 2021.0, "17": 2022.0, "50": 2027.0, "83": 2038.0, "95": 2050.0}, "delta": {"5": 8.0, "17": 9.0, "50": 14.0, "83": 25.0, "95": 36.04999999999927}}, "int_high": {"occ": {"5": 2012.0, "17": 2013.0, "50": 2013.0, "83": 2013.0, "95": 2013.0499999999993}, "chrnc": {"5": 2019.0, "17": 2022.0, "50": 2029.0, "83": 2033.0, "95": 2035.0}, "delta": {"5": 6.0, "17": 9.0, "50": 16.0, "83": 20.0, "95": 22.0}}, "kopp": {"occ": {"5": 2013.0, "17": 2013.0, "50": 2013.0, "83": 2013.0, "95": 2016.0}, "chrnc": {"5": 2022.0, "17": 2025.0, "50": 2039.0, "83": 2053.0, "95": 2069.0}, "delta": {"5": 8.0, "17": 11.0, "50": 25.0, "83": 39.0, "95": 55.0}}}