{"int_low": {"occ": {"5": 2047.0, "17": 2053.0, "50": 2059.0, "83": 2066.0, "95": 2070.0}, "chrnc": {"5": 2077.0, "17": 2080.0, "50": 2087.0, "83": 2093.0, "95": 2097.0}, "delta": {"5": 13.950000000000045, "17": 20.0, "50": 28.0, "83": 36.0, "95": 42.0}}, "int": {"occ": {"5": 2035.95, "17": 2038.0, "50": 2041.0, "83": 2043.0, "95": 2046.0}, "chrnc": {"5": 2051.0, "17": 2053.0, "50": 2056.0, "83": 2058.0, "95": 2060.0}, "delta": {"5": 8.0, "17": 11.0, "50": 15.0, "83": 18.0, "95": 21.049999999999272}}, "int_high": {"occ": {"5": 2027.0, "17": 2029.0, "50": 2033.0, "83": 2035.0, "95": 2037.0}, "chrnc": {"5": 2040.0, "17": 2042.0, "50": 2044.0, "83": 2046.0, "95": 2048.0}, "delta": {"5": 6.0, "17": 8.0, "50": 11.0, "83": 15.0, "95": 18.0}}, "kopp": {"occ": {"5": 2041.0, "17": 2044.0, "50": 2052.0, "83": 2061.0, "95": 2070.0}, "chrnc": {"5": 2055.0, "17": 2060.0, "50": 2070.0, "83": 2081.0, "95": 2091.0}, "delta": {"5": 8.0, "17": 12.0, "50": 18.0, "83": 24.0, "95": 30.0}}}