{"int_low": {"occ": {"5": 2011.0, "17": 2013.0, "50": 2017.0, "83": 2025.0, "95": 2028.0}, "chrnc": {"5": 2066.0, "17": 2070.0, "50": 2077.0, "83": 2086.0, "95": 2096.5499999999993}, "delta": {"5": 43.450000000000045, "17": 51.0, "50": 59.0, "83": 70.0, "95": 79.0}}, "int": {"occ": {"5": 2011.0, "17": 2012.0, "50": 2015.0, "83": 2018.0, "95": 2023.0}, "chrnc": {"5": 2040.0, "17": 2044.0, "50": 2046.0, "83": 2049.0, "95": 2050.0}, "delta": {"5": 22.0, "17": 26.0, "50": 31.0, "83": 35.0, "95": 37.0}}, "int_high": {"occ": {"5": 2010.0, "17": 2012.0, "50": 2014.0, "83": 2016.0, "95": 2018.0}, "chrnc": {"5": 2030.0, "17": 2032.0, "50": 2034.0, "83": 2036.0, "95": 2040.0}, "delta": {"5": 15.0, "17": 17.0, "50": 20.0, "83": 23.0, "95": 27.0}}, "kopp": {"occ": {"5": 2010.0, "17": 2012.0, "50": 2021.0, "83": 2030.0, "95": 2040.0}, "chrnc": {"5": 2055.0, "17": 2061.0, "50": 2070.0, "83": 2083.0, "95": 2093.0}, "delta": {"5": 32.0, "17": 39.0, "50": 49.0, "83": 62.0, "95": 72.0}}}