{"int_low": {"occ": {"5": 2010.0, "17": 2010.0, "50": 2011.0, "83": 2012.0, "95": 2021.0}, "chrnc": {"5": 2040.0, "17": 2044.0, "50": 2053.0, "83": 2060.0, "95": 2071.0}, "delta": {"5": 19.950000000000045, "17": 32.0, "50": 40.0, "83": 48.0, "95": 59.04999999999927}}, "int": {"occ": {"5": 2010.0, "17": 2010.0, "50": 2011.0, "83": 2011.0, "95": 2018.0}, "chrnc": {"5": 2025.0, "17": 2028.0, "50": 2037.0, "83": 2040.0, "95": 2042.0}, "delta": {"5": 12.0, "17": 17.0, "50": 26.0, "83": 29.0, "95": 32.0}}, "int_high": {"occ": {"5": 2010.0, "17": 2010.0, "50": 2011.0, "83": 2011.0, "95": 2017.0}, "chrnc": {"5": 2023.0, "17": 2026.0, "50": 2031.0, "83": 2035.0, "95": 2036.0}, "delta": {"5": 11.0, "17": 15.0, "50": 19.0, "83": 24.0, "95": 26.0}}, "kopp": {"occ": {"5": 2010.0, "17": 2010.0, "50": 2011.0, "83": 2015.0, "95": 2020.0}, "chrnc": {"5": 2028.0, "17": 2038.0, "50": 2044.0, "83": 2054.0, "95": 2064.0}, "delta": {"5": 15.0, "17": 24.0, "50": 32.0, "83": 42.0, "95": 51.0}}}