{"int_low": {"occ": {"5": 2056.0, "17": 2062.0, "50": 2067.0, "83": 2075.0, "95": 2080.0}, "chrnc": {"5": 2090.0, "17": 2092.0, "50": 2097.0, "83": 2100.0, "95": 2100.0}, "delta": {"5": 16.0, "17": 24.0, "50": 30.5, "83": 35.0, "95": 41.0}}, "int": {"occ": {"5": 2037.0, "17": 2041.0, "50": 2044.0, "83": 2047.0, "95": 2049.0}, "chrnc": {"5": 2061.0, "17": 2063.0, "50": 2066.0, "83": 2067.0, "95": 2069.0}, "delta": {"5": 16.0, "17": 18.0, "50": 21.0, "83": 25.0, "95": 28.0}}, "int_high": {"occ": {"5": 2029.0, "17": 2030.8300000000002, "50": 2033.0, "83": 2036.0, "95": 2038.0}, "chrnc": {"5": 2047.95, "17": 2049.0, "50": 2051.0, "83": 2052.0, "95": 2054.0}, "delta": {"5": 12.0, "17": 15.0, "50": 18.0, "83": 20.0, "95": 22.049999999999272}}, "kopp": {"occ": {"5": 2051.0, "17": 2055.0, "50": 2064.0, "83": 2074.0, "95": 2084.0}, "chrnc": {"5": 2070.0, "17": 2077.0, "50": 2087.0, "83": 2096.0, "95": 2099.0}, "delta": {"5": 16.0, "17": 20.0, "50": 26.0, "83": 32.0, "95": 36.0}}}