{"int_low": {"occ": {"5": 2077.0, "17": 2080.0, "50": 2085.0, "83": 2090.0, "95": 2092.0}, "chrnc": {"5": 2098.0, "17": 2098.0, "50": 2098.0, "83": 2098.0, "95": 2098.0}, "delta": {"5": 17.0, "17": 17.0, "50": 17.0, "83": 17.0, "95": 17.0}}, "int": {"occ": {"5": 2051.0, "17": 2053.0, "50": 2055.0, "83": 2057.0, "95": 2058.0}, "chrnc": {"5": 2064.0, "17": 2065.0, "50": 2068.0, "83": 2070.0, "95": 2071.0}, "delta": {"5": 7.9500000000000455, "17": 10.0, "50": 12.0, "83": 15.0, "95": 17.049999999999272}}, "int_high": {"occ": {"5": 2040.0, "17": 2042.0, "50": 2043.0, "83": 2044.0, "95": 2046.0}, "chrnc": {"5": 2051.0, "17": 2052.0, "50": 2054.0, "83": 2055.0, "95": 2056.0}, "delta": {"5": 7.0, "17": 9.0, "50": 11.0, "83": 13.0, "95": 14.0}}, "kopp": {"occ": {"5": 2054.0, "17": 2058.0, "50": 2067.0, "83": 2078.0, "95": 2089.0}, "chrnc": {"5": 2064.0, "17": 2072.0, "50": 2081.0, "83": 2093.0, "95": 2098.0}, "delta": {"5": 9.0, "17": 11.0, "50": 15.0, "83": 20.0, "95": 23.0}}}