{"int_low": {"occ": {"5": 2010.0, "17": 2017.0, "50": 2029.0, "83": 2048.0, "95": 2053.0}, "chrnc": {"5": 2096.0, "17": 2097.0, "50": 2099.0, "83": 2100.0, "95": 2100.0}, "delta": {"5": 45.0, "17": 59.0, "50": 70.0, "83": 82.0, "95": 89.0}}, "int": {"occ": {"5": 2010.0, "17": 2017.0, "50": 2027.0, "83": 2033.0, "95": 2035.0}, "chrnc": {"5": 2060.0, "17": 2062.0, "50": 2066.0, "83": 2072.0, "95": 2073.0}, "delta": {"5": 28.0, "17": 32.0, "50": 42.0, "83": 52.0, "95": 57.04999999999927}}, "int_high": {"occ": {"5": 2011.0, "17": 2014.0, "50": 2015.0, "83": 2018.0, "95": 2028.0}, "chrnc": {"5": 2043.0, "17": 2045.0, "50": 2053.0, "83": 2055.0, "95": 2056.0}, "delta": {"5": 23.950000000000045, "17": 29.0, "50": 37.0, "83": 41.0, "95": 43.0}}, "kopp": {"occ": {"5": 2010.0, "17": 2017.0, "50": 2028.0, "83": 2036.0, "95": 2051.0}, "chrnc": {"5": 2059.0, "17": 2066.0, "50": 2081.0, "83": 2095.0, "95": 2099.0}, "delta": {"5": 30.0, "17": 41.0, "50": 54.0, "83": 69.0, "95": 79.0}}}