{"int_low": {"occ": {"5": 2010.0, "17": 2011.0, "50": 2013.0, "83": 2014.0, "95": 2014.0}, "chrnc": {"5": 2024.0, "17": 2026.0, "50": 2036.0, "83": 2040.0, "95": 2050.0}, "delta": {"5": 10.0, "17": 13.0, "50": 24.0, "83": 28.0, "95": 37.04999999999927}}, "int": {"occ": {"5": 2010.0, "17": 2011.0, "50": 2012.0, "83": 2014.0, "95": 2014.0}, "chrnc": {"5": 2021.0, "17": 2023.0, "50": 2028.0, "83": 2033.0, "95": 2035.0}, "delta": {"5": 8.0, "17": 11.0, "50": 16.0, "83": 21.0, "95": 23.0}}, "int_high": {"occ": {"5": 2010.0, "17": 2011.0, "50": 2012.0, "83": 2014.0, "95": 2014.0}, "chrnc": {"5": 2018.0, "17": 2020.0, "50": 2022.0, "83": 2026.0, "95": 2031.0}, "delta": {"5": 5.9500000000000455, "17": 7.0, "50": 10.0, "83": 14.0, "95": 18.049999999999272}}, "kopp": {"occ": {"5": 2010.0, "17": 2011.0, "50": 2013.0, "83": 2014.0, "95": 2014.0}, "chrnc": {"5": 2024.0, "17": 2027.0, "50": 2035.0, "83": 2040.0, "95": 2050.0}, "delta": {"5": 11.0, "17": 14.0, "50": 22.0, "83": 28.0, "95": 37.0}}}