{"int_low": {"occ": {"5": 2037.0, "17": 2042.0, "50": 2048.0, "83": 2054.0, "95": 2059.0499999999993}, "chrnc": {"5": 2088.0, "17": 2090.0, "50": 2095.0, "83": 2100.0, "95": 2100.0}, "delta": {"5": 36.0, "17": 41.0, "50": 49.0, "83": 55.0, "95": 62.0}}, "int": {"occ": {"5": 2028.0, "17": 2029.0, "50": 2031.0, "83": 2035.0, "95": 2040.0}, "chrnc": {"5": 2053.0, "17": 2055.0, "50": 2059.0, "83": 2062.0, "95": 2063.0}, "delta": {"5": 18.0, "17": 22.0, "50": 27.0, "83": 31.0, "95": 33.04999999999927}}, "int_high": {"occ": {"5": 2019.0, "17": 2021.0, "50": 2025.0, "83": 2027.0, "95": 2028.0}, "chrnc": {"5": 2044.0, "17": 2045.0, "50": 2046.0, "83": 2048.0, "95": 2048.0499999999993}, "delta": {"5": 17.0, "17": 19.0, "50": 21.0, "83": 25.0, "95": 28.0}}, "kopp": {"occ": {"5": 2037.0, "17": 2043.0, "50": 2049.0, "83": 2058.0, "95": 2065.0}, "chrnc": {"5": 2066.0, "17": 2073.0, "50": 2084.0, "83": 2094.0, "95": 2099.0}, "delta": {"5": 23.0, "17": 28.0, "50": 36.0, "83": 43.0, "95": 49.0}}}