{"int_low": {"occ": {"5": 2032.0, "17": 2034.0, "50": 2040.0, "83": 2045.0, "95": 2048.0}, "chrnc": {"5": 2086.0, "17": 2090.0, "50": 2093.0, "83": 2099.0, "95": 2100.0}, "delta": {"5": 42.0, "17": 47.0, "50": 54.0, "83": 61.0, "95": 65.0}}, "int": {"occ": {"5": 2020.0, "17": 2026.0, "50": 2028.0, "83": 2031.0, "95": 2034.0499999999993}, "chrnc": {"5": 2051.0, "17": 2053.0, "50": 2056.0, "83": 2059.0, "95": 2062.0}, "delta": {"5": 21.0, "17": 23.0, "50": 28.0, "83": 32.0, "95": 36.0}}, "int_high": {"occ": {"5": 2015.0, "17": 2018.0, "50": 2021.0, "83": 2024.0, "95": 2026.0}, "chrnc": {"5": 2041.0, "17": 2042.0, "50": 2045.0, "83": 2046.0, "95": 2047.0}, "delta": {"5": 17.950000000000045, "17": 20.0, "50": 23.0, "83": 27.0, "95": 29.0}}, "kopp": {"occ": {"5": 2032.0, "17": 2036.0, "50": 2044.0, "83": 2052.0, "95": 2060.0}, "chrnc": {"5": 2065.0, "17": 2070.0, "50": 2082.0, "83": 2092.0, "95": 2098.0}, "delta": {"5": 25.0, "17": 30.0, "50": 38.0, "83": 46.0, "95": 52.0}}}