{"int_low": {"occ": {"5": 2010.0, "17": 2010.0, "50": 2013.0, "83": 2019.0, "95": 2025.0}, "chrnc": {"5": 2026.0, "17": 2032.0, "50": 2038.0, "83": 2044.0, "95": 2048.0}, "delta": {"5": 9.0, "17": 16.0, "50": 24.0, "83": 31.0, "95": 35.04999999999927}}, "int": {"occ": {"5": 2010.0, "17": 2010.0, "50": 2012.0, "83": 2014.0, "95": 2014.0}, "chrnc": {"5": 2020.0, "17": 2026.0, "50": 2031.0, "83": 2035.0, "95": 2038.0}, "delta": {"5": 7.9500000000000455, "17": 13.0, "50": 19.0, "83": 23.0, "95": 26.0}}, "int_high": {"occ": {"5": 2010.0, "17": 2010.0, "50": 2011.0, "83": 2012.0, "95": 2014.0}, "chrnc": {"5": 2016.0, "17": 2018.0, "50": 2024.0, "83": 2029.0, "95": 2031.0}, "delta": {"5": 5.0, "17": 7.0, "50": 13.0, "83": 17.0, "95": 20.0}}, "kopp": {"occ": {"5": 2010.0, "17": 2011.0, "50": 2013.0, "83": 2020.0, "95": 2025.0}, "chrnc": {"5": 2025.0, "17": 2031.0, "50": 2037.0, "83": 2043.0, "95": 2048.0}, "delta": {"5": 9.0, "17": 15.0, "50": 23.0, "83": 29.0, "95": 34.0}}}