{"int_low": {"occ": {"5": 2026.0, "17": 2029.0, "50": 2034.0, "83": 2040.0, "95": 2043.0}, "chrnc": {"5": 2071.0, "17": 2076.0, "50": 2085.0, "83": 2094.0, "95": 2098.0}, "delta": {"5": 34.0, "17": 41.0, "50": 51.0, "83": 60.0, "95": 65.0}}, "int": {"occ": {"5": 2011.0, "17": 2019.0, "50": 2023.0, "83": 2026.0, "95": 2027.0}, "chrnc": {"5": 2046.0, "17": 2048.0, "50": 2051.0, "83": 2053.0, "95": 2056.0}, "delta": {"5": 21.0, "17": 24.0, "50": 28.0, "83": 33.0, "95": 38.0}}, "int_high": {"occ": {"5": 2010.0, "17": 2011.0, "50": 2015.0, "83": 2018.0, "95": 2021.0499999999993}, "chrnc": {"5": 2035.0, "17": 2037.0, "50": 2040.0, "83": 2042.0, "95": 2044.0}, "delta": {"5": 17.0, "17": 20.830000000000155, "50": 25.0, "83": 29.0, "95": 32.0}}, "kopp": {"occ": {"5": 2028.0, "17": 2031.0, "50": 2037.0, "83": 2044.0, "95": 2050.0}, "chrnc": {"5": 2059.0, "17": 2065.0, "50": 2074.0, "83": 2085.0, "95": 2094.449999999999}, "delta": {"5": 24.0, "17": 29.0, "50": 37.0, "83": 46.0, "95": 53.0}}}