{"int_low": {"occ": {"5": 2013.0, "17": 2013.0, "50": 2013.0, "83": 2013.0, "95": 2013.0}, "chrnc": {"5": 2036.0, "17": 2040.0, "50": 2047.0, "83": 2054.0, "95": 2061.0499999999993}, "delta": {"5": 23.0, "17": 27.0, "50": 34.0, "83": 41.0, "95": 47.04999999999927}}, "int": {"occ": {"5": 2012.0, "17": 2013.0, "50": 2013.0, "83": 2013.0, "95": 2013.0}, "chrnc": {"5": 2025.0, "17": 2029.0, "50": 2035.0, "83": 2039.0, "95": 2042.0}, "delta": {"5": 12.0, "17": 17.0, "50": 22.0, "83": 26.0, "95": 29.0}}, "int_high": {"occ": {"5": 2012.0, "17": 2013.0, "50": 2013.0, "83": 2013.0, "95": 2013.0}, "chrnc": {"5": 2020.0, "17": 2024.0, "50": 2028.0, "83": 2032.0, "95": 2035.0}, "delta": {"5": 7.0, "17": 11.0, "50": 15.0, "83": 19.0, "95": 22.0}}, "kopp": {"occ": {"5": 2012.0, "17": 2013.0, "50": 2013.0, "83": 2013.0, "95": 2013.0}, "chrnc": {"5": 2029.0, "17": 2034.0, "50": 2041.0, "83": 2050.0, "95": 2058.0}, "delta": {"5": 15.0, "17": 21.0, "50": 28.0, "83": 37.0, "95": 45.0}}}