{"int_low": {"occ": {"5": 2035.95, "17": 2042.0, "50": 2049.0, "83": 2056.0, "95": 2062.0}, "chrnc": {"5": 2066.0, "17": 2073.0, "50": 2080.0, "83": 2087.0, "95": 2093.0}, "delta": {"5": 13.0, "17": 20.0, "50": 30.0, "83": 41.0, "95": 49.04999999999927}}, "int": {"occ": {"5": 2027.0, "17": 2031.0, "50": 2036.0, "83": 2041.0, "95": 2044.0}, "chrnc": {"5": 2047.0, "17": 2050.0, "50": 2053.0, "83": 2057.0, "95": 2059.0}, "delta": {"5": 7.9500000000000455, "17": 11.0, "50": 17.0, "83": 23.0, "95": 27.0}}, "int_high": {"occ": {"5": 2021.0, "17": 2025.0, "50": 2029.0, "83": 2033.0, "95": 2036.0}, "chrnc": {"5": 2038.0, "17": 2040.0, "50": 2043.0, "83": 2046.0, "95": 2047.0}, "delta": {"5": 5.0, "17": 9.0, "50": 14.0, "83": 19.0, "95": 22.0}}, "kopp": {"occ": {"5": 2032.0, "17": 2036.0, "50": 2044.0, "83": 2054.0, "95": 2063.0}, "chrnc": {"5": 2049.0, "17": 2055.0, "50": 2064.0, "83": 2077.0, "95": 2089.0}, "delta": {"5": 8.0, "17": 13.0, "50": 20.0, "83": 29.0, "95": 36.0}}}