{"int_low": {"occ": {"5": 2013.0, "17": 2013.0, "50": 2015.0, "83": 2016.0, "95": 2018.0}, "chrnc": {"5": 2020.0, "17": 2023.0, "50": 2028.0, "83": 2035.0, "95": 2037.0}, "delta": {"5": 5.0, "17": 8.0, "50": 14.0, "83": 20.0, "95": 23.0}}, "int": {"occ": {"5": 2012.0, "17": 2013.0, "50": 2013.0, "83": 2015.0, "95": 2017.0}, "chrnc": {"5": 2011.0, "17": 2018.0, "50": 2021.0, "83": 2024.0, "95": 2028.0}, "delta": {"5": -2.0, "17": 4.0, "50": 7.0, "83": 10.0, "95": 14.049999999999272}}, "int_high": {"occ": {"5": 2010.0, "17": 2013.0, "50": 2013.0, "83": 2015.0, "95": 2016.0}, "chrnc": {"5": 2011.0, "17": 2011.0, "50": 2017.0, "83": 2019.0, "95": 2020.0}, "delta": {"5": -4.0, "17": -2.0, "50": 3.0, "83": 6.0, "95": 7.0}}, "kopp": {"occ": {"5": 2013.0, "17": 2013.0, "50": 2015.0, "83": 2017.0, "95": 2019.0}, "chrnc": {"5": 2022.0, "17": 2025.0, "50": 2031.0, "83": 2037.0, "95": 2041.0499999999993}, "delta": {"5": 6.0, "17": 10.0, "50": 16.0, "83": 22.0, "95": 27.0}}}