{"int_low": {"occ": {"5": 2026.0, "17": 2029.0, "50": 2034.0, "83": 2040.0, "95": 2043.0}, "chrnc": {"5": 2069.0, "17": 2072.0, "50": 2079.0, "83": 2085.0, "95": 2089.0499999999993}, "delta": {"5": 30.950000000000045, "17": 37.0, "50": 44.0, "83": 52.0, "95": 59.0}}, "int": {"occ": {"5": 2018.0, "17": 2020.0, "50": 2023.0, "83": 2026.0, "95": 2028.0}, "chrnc": {"5": 2046.0, "17": 2047.0, "50": 2049.0, "83": 2052.0, "95": 2053.0}, "delta": {"5": 20.0, "17": 23.0, "50": 26.0, "83": 30.0, "95": 32.0}}, "int_high": {"occ": {"5": 2011.0, "17": 2017.0, "50": 2018.0, "83": 2020.0, "95": 2023.0}, "chrnc": {"5": 2034.0, "17": 2036.0, "50": 2039.0, "83": 2041.0, "95": 2043.0}, "delta": {"5": 14.0, "17": 17.0, "50": 20.0, "83": 24.0, "95": 27.0}}, "kopp": {"occ": {"5": 2028.0, "17": 2031.0, "50": 2037.0, "83": 2044.0, "95": 2049.0}, "chrnc": {"5": 2055.0, "17": 2063.0, "50": 2071.0, "83": 2082.0, "95": 2092.0}, "delta": {"5": 22.0, "17": 26.0, "50": 34.0, "83": 43.0, "95": 51.0}}}