{"int_low": {"occ": {"5": 2029.0, "17": 2038.8300000000002, "50": 2050.0, "83": 2061.0, "95": 2072.0}, "chrnc": {"5": 2055.0, "17": 2063.0, "50": 2074.0, "83": 2086.0, "95": 2092.0}, "delta": {"5": -5.0, "17": 9.0, "50": 24.0, "83": 39.0, "95": 50.0}}, "int": {"occ": {"5": 2023.95, "17": 2029.0, "50": 2036.0, "83": 2043.0, "95": 2047.0}, "chrnc": {"5": 2039.95, "17": 2044.0, "50": 2050.0, "83": 2054.0, "95": 2057.0499999999993}, "delta": {"5": -2.0, "17": 5.0, "50": 14.0, "83": 22.0, "95": 28.0}}, "int_high": {"occ": {"5": 2020.0, "17": 2023.0, "50": 2029.0, "83": 2034.0, "95": 2037.0}, "chrnc": {"5": 2030.0, "17": 2035.0, "50": 2039.0, "83": 2043.0, "95": 2046.0}, "delta": {"5": -2.0, "17": 4.0, "50": 10.0, "83": 17.0, "95": 22.0}}, "kopp": {"occ": {"5": 2027.0, "17": 2033.0, "50": 2043.0, "83": 2055.0, "95": 2067.0}, "chrnc": {"5": 2043.0, "17": 2049.0, "50": 2060.0, "83": 2075.0, "95": 2088.0}, "delta": {"5": -2.0, "17": 6.0, "50": 16.0, "83": 29.0, "95": 40.0}}}