{"int_low": {"occ": {"5": 2018.0, "17": 2021.0, "50": 2026.0, "83": 2032.0, "95": 2035.0}, "chrnc": {"5": 2057.0, "17": 2062.0, "50": 2068.0, "83": 2074.0, "95": 2078.0}, "delta": {"5": 27.0, "17": 33.830000000000155, "50": 42.0, "83": 50.0, "95": 57.0}}, "int": {"occ": {"5": 2011.0, "17": 2016.0, "50": 2019.0, "83": 2023.0, "95": 2026.0}, "chrnc": {"5": 2040.0, "17": 2043.0, "50": 2046.0, "83": 2049.0, "95": 2051.0}, "delta": {"5": 18.0, "17": 21.0, "50": 26.0, "83": 32.0, "95": 35.0}}, "int_high": {"occ": {"5": 2010.0, "17": 2010.0, "50": 2012.0, "83": 2016.0, "95": 2020.0}, "chrnc": {"5": 2033.0, "17": 2034.0, "50": 2037.0, "83": 2039.0, "95": 2041.0}, "delta": {"5": 16.0, "17": 19.830000000000155, "50": 24.0, "83": 27.0, "95": 30.0}}, "kopp": {"occ": {"5": 2019.0, "17": 2022.0, "50": 2028.0, "83": 2035.0, "95": 2041.0}, "chrnc": {"5": 2049.0, "17": 2055.0, "50": 2063.0, "83": 2073.0, "95": 2082.0}, "delta": {"5": 20.0, "17": 26.0, "50": 34.0, "83": 44.0, "95": 52.0}}}