{"int_low": {"occ": {"5": 2011.0, "17": 2013.0, "50": 2021.0, "83": 2033.0, "95": 2043.0499999999993}, "chrnc": {"5": 2019.0, "17": 2026.0, "50": 2043.0, "83": 2060.0, "95": 2074.0}, "delta": {"5": -12.0, "17": 4.830000000000155, "50": 19.0, "83": 40.0, "95": 54.0}}, "int": {"occ": {"5": 2010.0, "17": 2013.0, "50": 2014.0, "83": 2023.0, "95": 2032.0}, "chrnc": {"5": 2018.0, "17": 2021.0, "50": 2030.0, "83": 2038.0, "95": 2045.0}, "delta": {"5": -6.0, "17": 3.0, "50": 12.0, "83": 23.0, "95": 29.0}}, "int_high": {"occ": {"5": 2010.0, "17": 2012.0, "50": 2013.0, "83": 2021.0, "95": 2025.0}, "chrnc": {"5": 2015.0, "17": 2019.0, "50": 2025.0, "83": 2032.0, "95": 2036.0}, "delta": {"5": -4.0, "17": 3.0, "50": 9.0, "83": 18.0, "95": 22.0}}, "kopp": {"occ": {"5": 2011.0, "17": 2013.0, "50": 2019.0, "83": 2030.0, "95": 2037.0}, "chrnc": {"5": 2018.0, "17": 2024.0, "50": 2036.0, "83": 2050.0, "95": 2063.0}, "delta": {"5": -7.0, "17": 4.0, "50": 16.0, "83": 31.0, "95": 42.0}}}