{"int_low": {"occ": {"5": 2010.0, "17": 2013.0, "50": 2015.0, "83": 2015.0, "95": 2019.0}, "chrnc": {"5": 2021.95, "17": 2025.0, "50": 2029.0, "83": 2033.0, "95": 2036.0}, "delta": {"5": 7.0, "17": 10.0, "50": 14.0, "83": 20.0, "95": 22.049999999999272}}, "int": {"occ": {"5": 2010.0, "17": 2013.0, "50": 2014.0, "83": 2015.0, "95": 2015.0}, "chrnc": {"5": 2018.0, "17": 2020.0, "50": 2022.0, "83": 2024.0, "95": 2027.0}, "delta": {"5": 4.0, "17": 5.0, "50": 8.0, "83": 11.0, "95": 14.0}}, "int_high": {"occ": {"5": 2010.0, "17": 2010.0, "50": 2013.0, "83": 2015.0, "95": 2015.0}, "chrnc": {"5": 2011.0, "17": 2012.0, "50": 2017.0, "83": 2019.0, "95": 2021.0}, "delta": {"5": -3.0499999999999545, "17": 1.0, "50": 4.0, "83": 7.0, "95": 9.0}}, "kopp": {"occ": {"5": 2013.0, "17": 2013.0, "50": 2015.0, "83": 2015.0, "95": 2019.0}, "chrnc": {"5": 2024.0, "17": 2026.0, "50": 2032.0, "83": 2037.0, "95": 2042.0}, "delta": {"5": 8.0, "17": 11.0, "50": 17.0, "83": 23.0, "95": 28.0}}}