{"int_low": {"occ": {"5": 2011.0, "17": 2013.0, "50": 2013.0, "83": 2020.0, "95": 2031.0}, "chrnc": {"5": 2037.0, "17": 2044.0, "50": 2056.0, "83": 2070.0, "95": 2076.0499999999993}, "delta": {"5": 16.0, "17": 28.0, "50": 41.0, "83": 54.17000000000007, "95": 63.0}}, "int": {"occ": {"5": 2010.0, "17": 2013.0, "50": 2013.0, "83": 2014.0, "95": 2023.0}, "chrnc": {"5": 2024.0, "17": 2030.0, "50": 2038.0, "83": 2044.0, "95": 2048.0}, "delta": {"5": 9.0, "17": 15.0, "50": 24.0, "83": 30.0, "95": 35.0}}, "int_high": {"occ": {"5": 2010.0, "17": 2012.0, "50": 2013.0, "83": 2013.0, "95": 2019.0}, "chrnc": {"5": 2020.0, "17": 2023.0, "50": 2029.0, "83": 2035.0, "95": 2037.0}, "delta": {"5": 6.0, "17": 10.0, "50": 16.0, "83": 22.0, "95": 24.0}}, "kopp": {"occ": {"5": 2011.0, "17": 2013.0, "50": 2013.0, "83": 2019.0, "95": 2028.0}, "chrnc": {"5": 2026.0, "17": 2034.0, "50": 2045.0, "83": 2059.0, "95": 2073.0}, "delta": {"5": 11.0, "17": 18.0, "50": 31.0, "83": 43.0, "95": 57.0}}}