{"int_low": {"occ": {"5": 2010.0, "17": 2010.0, "50": 2013.0, "83": 2019.0, "95": 2025.0}, "chrnc": {"5": 2041.0, "17": 2044.0, "50": 2053.0, "83": 2063.0, "95": 2071.0}, "delta": {"5": 20.950000000000045, "17": 30.0, "50": 40.0, "83": 50.0, "95": 58.0}}, "int": {"occ": {"5": 2010.0, "17": 2010.0, "50": 2013.0, "83": 2016.0, "95": 2020.0}, "chrnc": {"5": 2026.0, "17": 2031.0, "50": 2039.0, "83": 2042.0, "95": 2046.0}, "delta": {"5": 13.0, "17": 18.0, "50": 26.0, "83": 30.0, "95": 34.0}}, "int_high": {"occ": {"5": 2010.0, "17": 2010.0, "50": 2012.0, "83": 2013.0, "95": 2019.0}, "chrnc": {"5": 2024.0, "17": 2027.0, "50": 2032.0, "83": 2036.0, "95": 2038.0}, "delta": {"5": 10.0, "17": 14.0, "50": 20.0, "83": 24.0, "95": 26.049999999999272}}, "kopp": {"occ": {"5": 2010.0, "17": 2010.0, "50": 2013.0, "83": 2019.0, "95": 2023.0}, "chrnc": {"5": 2030.0, "17": 2038.0, "50": 2046.0, "83": 2055.0, "95": 2067.0}, "delta": {"5": 15.0, "17": 23.0, "50": 32.0, "83": 42.0, "95": 52.0}}}