{"int_low": {"occ": {"5": 2025.95, "17": 2030.0, "50": 2041.0, "83": 2050.0, "95": 2055.0}, "chrnc": {"5": 2091.0, "17": 2094.03, "50": 2099.0, "83": 2100.0, "95": 2100.0}, "delta": {"5": 41.0, "17": 47.0, "50": 57.0, "83": 67.0, "95": 75.0}}, "int": {"occ": {"5": 2017.0, "17": 2023.0, "50": 2031.0, "83": 2037.0, "95": 2040.0}, "chrnc": {"5": 2062.0, "17": 2065.0, "50": 2068.0, "83": 2071.0, "95": 2074.0}, "delta": {"5": 26.950000000000045, "17": 30.830000000000155, "50": 37.0, "83": 45.0, "95": 53.0}}, "int_high": {"occ": {"5": 2017.0, "17": 2017.0, "50": 2024.0, "83": 2029.0, "95": 2033.0}, "chrnc": {"5": 2049.0, "17": 2052.0, "50": 2054.0, "83": 2056.0, "95": 2058.0}, "delta": {"5": 20.0, "17": 24.0, "50": 30.0, "83": 36.0, "95": 39.0}}, "kopp": {"occ": {"5": 2018.0, "17": 2028.0, "50": 2036.0, "83": 2045.0, "95": 2054.0}, "chrnc": {"5": 2061.0, "17": 2068.0, "50": 2080.0, "83": 2093.0, "95": 2098.0}, "delta": {"5": 28.0, "17": 34.0, "50": 44.0, "83": 56.0, "95": 64.0}}}