{"int_low": {"occ": {"5": 2012.0, "17": 2013.0, "50": 2013.0, "83": 2013.0, "95": 2031.0}, "chrnc": {"5": 2020.0, "17": 2024.0, "50": 2036.0, "83": 2050.0, "95": 2054.0}, "delta": {"5": 5.0, "17": 10.0, "50": 22.0, "83": 37.0, "95": 41.0}}, "int": {"occ": {"5": 2011.0, "17": 2013.0, "50": 2013.0, "83": 2013.0, "95": 2016.0}, "chrnc": {"5": 2018.0, "17": 2021.0, "50": 2027.0, "83": 2034.0, "95": 2037.0}, "delta": {"5": 4.0, "17": 7.0, "50": 14.0, "83": 21.0, "95": 24.0}}, "int_high": {"occ": {"5": 2011.0, "17": 2013.0, "50": 2013.0, "83": 2013.0, "95": 2014.0}, "chrnc": {"5": 2012.0, "17": 2017.0, "50": 2020.0, "83": 2029.0, "95": 2032.0499999999993}, "delta": {"5": -2.0, "17": 4.0, "50": 7.0, "83": 16.0, "95": 19.049999999999272}}, "kopp": {"occ": {"5": 2011.0, "17": 2013.0, "50": 2013.0, "83": 2013.0, "95": 2020.0}, "chrnc": {"5": 2018.0, "17": 2022.0, "50": 2030.0, "83": 2041.0, "95": 2052.0}, "delta": {"5": 4.0, "17": 8.0, "50": 16.5, "83": 27.0, "95": 38.04999999999927}}}