{"int_low": {"occ": {"5": 2021.0, "17": 2024.0, "50": 2030.0, "83": 2038.0, "95": 2050.0}, "chrnc": {"5": 2058.0, "17": 2061.0, "50": 2067.0, "83": 2074.0, "95": 2083.0499999999993}, "delta": {"5": 18.950000000000045, "17": 27.0, "50": 37.0, "83": 46.0, "95": 54.0}}, "int": {"occ": {"5": 2016.0, "17": 2017.0, "50": 2023.0, "83": 2031.0, "95": 2034.0}, "chrnc": {"5": 2039.0, "17": 2041.0, "50": 2045.0, "83": 2050.0, "95": 2052.0}, "delta": {"5": 9.0, "17": 14.0, "50": 22.0, "83": 29.0, "95": 33.0}}, "int_high": {"occ": {"5": 2015.0, "17": 2016.0, "50": 2018.0, "83": 2020.0, "95": 2023.0}, "chrnc": {"5": 2027.0, "17": 2034.0, "50": 2037.0, "83": 2039.0, "95": 2041.0}, "delta": {"5": 9.0, "17": 15.0, "50": 19.0, "83": 22.0, "95": 24.0}}, "kopp": {"occ": {"5": 2021.0, "17": 2024.0, "50": 2030.0, "83": 2039.0, "95": 2051.0}, "chrnc": {"5": 2043.0, "17": 2047.0, "50": 2058.0, "83": 2070.0, "95": 2081.0}, "delta": {"5": 11.0, "17": 17.0, "50": 26.0, "83": 37.0, "95": 46.0}}}