{"int_low": {"occ": {"5": 2064.0, "17": 2067.0, "50": 2072.0, "83": 2077.0, "95": 2081.0499999999993}, "chrnc": {"5": 2089.95, "17": 2096.0, "50": 2099.0, "83": 2100.0, "95": 2100.0}, "delta": {"5": 17.85000000000001, "17": 23.0, "50": 27.0, "83": 32.0, "95": 35.0}}, "int": {"occ": {"5": 2044.0, "17": 2046.0, "50": 2048.0, "83": 2051.0, "95": 2053.0}, "chrnc": {"5": 2062.0, "17": 2064.0, "50": 2066.0, "83": 2068.0, "95": 2070.0}, "delta": {"5": 12.0, "17": 15.0, "50": 18.0, "83": 21.0, "95": 23.0}}, "int_high": {"occ": {"5": 2036.0, "17": 2038.0, "50": 2040.0, "83": 2041.0, "95": 2043.0}, "chrnc": {"5": 2050.0, "17": 2051.0, "50": 2053.0, "83": 2054.0, "95": 2056.0}, "delta": {"5": 9.0, "17": 11.0, "50": 13.0, "83": 16.0, "95": 17.0}}}