{"int_low": {"occ": {"5": 2047.0, "17": 2050.0, "50": 2056.0, "83": 2061.0, "95": 2063.0}, "chrnc": {"5": 2090.0, "17": 2091.0, "50": 2099.0, "83": 2100.0, "95": 2100.0}, "delta": {"5": 33.0, "17": 39.0, "50": 44.0, "83": 51.0, "95": 52.0}}, "int": {"occ": {"5": 2030.0, "17": 2033.0, "50": 2036.0, "83": 2040.0, "95": 2043.0}, "chrnc": {"5": 2056.0, "17": 2060.0, "50": 2063.0, "83": 2065.0, "95": 2066.0}, "delta": {"5": 18.0, "17": 22.0, "50": 26.0, "83": 30.0, "95": 33.0}}, "int_high": {"occ": {"5": 2024.0, "17": 2027.0, "50": 2028.0, "83": 2031.0, "95": 2031.0}, "chrnc": {"5": 2046.0, "17": 2046.0, "50": 2048.0, "83": 2050.0, "95": 2051.0}, "delta": {"5": 15.950000000000045, "17": 17.0, "50": 20.0, "83": 22.0, "95": 24.0}}, "kopp": {"occ": {"5": 2045.0, "17": 2048.0, "50": 2055.0, "83": 2064.0, "95": 2075.0}, "chrnc": {"5": 2068.0, "17": 2077.0, "50": 2086.0, "83": 2096.0, "95": 2100.0}, "delta": {"5": 21.05000000000001, "17": 26.0, "50": 33.0, "83": 40.0, "95": 45.0}}}