{"int_low": {"occ": {"5": 2054.0, "17": 2057.0, "50": 2061.0, "83": 2066.0, "95": 2068.0499999999993}, "chrnc": {"5": 2094.0, "17": 2096.0, "50": 2099.0, "83": 2100.0, "95": 2100.0}, "delta": {"5": 30.0, "17": 34.0, "50": 38.0, "83": 43.0, "95": 45.0}}, "int": {"occ": {"5": 2038.0, "17": 2040.8300000000002, "50": 2043.0, "83": 2046.0, "95": 2048.0}, "chrnc": {"5": 2062.0, "17": 2064.0, "50": 2066.0, "83": 2068.0, "95": 2070.0}, "delta": {"5": 17.0, "17": 20.0, "50": 23.0, "83": 26.0, "95": 29.0}}, "int_high": {"occ": {"5": 2031.0, "17": 2033.0, "50": 2035.0, "83": 2037.0, "95": 2038.0}, "chrnc": {"5": 2050.0, "17": 2052.0, "50": 2053.0, "83": 2055.0, "95": 2056.0}, "delta": {"5": 14.0, "17": 16.0, "50": 18.0, "83": 21.0, "95": 23.0}}, "kopp": {"occ": {"5": 2047.0, "17": 2051.0, "50": 2057.0, "83": 2066.0, "95": 2073.0}, "chrnc": {"5": 2069.0, "17": 2075.0, "50": 2085.0, "83": 2095.0, "95": 2099.0}, "delta": {"5": 18.0, "17": 22.0, "50": 28.0, "83": 34.0, "95": 38.0}}}