{"int_low": {"occ": {"5": 2012.0, "17": 2012.0, "50": 2013.0, "83": 2019.0, "95": 2023.0}, "chrnc": {"5": 2035.0, "17": 2039.0, "50": 2044.0, "83": 2050.0, "95": 2053.0}, "delta": {"5": 17.0, "17": 22.830000000000155, "50": 30.0, "83": 36.0, "95": 39.04999999999927}}, "int": {"occ": {"5": 2010.0, "17": 2012.0, "50": 2013.0, "83": 2014.0, "95": 2019.0}, "chrnc": {"5": 2026.0, "17": 2030.0, "50": 2034.0, "83": 2037.0, "95": 2040.0}, "delta": {"5": 12.0, "17": 16.0, "50": 21.0, "83": 25.0, "95": 28.0}}, "int_high": {"occ": {"5": 2010.0, "17": 2010.0, "50": 2011.0, "83": 2014.0, "95": 2014.0}, "chrnc": {"5": 2022.0, "17": 2025.0, "50": 2029.0, "83": 2032.0, "95": 2035.0}, "delta": {"5": 10.0, "17": 13.0, "50": 17.0, "83": 21.0, "95": 24.0}}, "kopp": {"occ": {"5": 2012.0, "17": 2012.0, "50": 2014.0, "83": 2021.0, "95": 2026.0}, "chrnc": {"5": 2032.0, "17": 2036.0, "50": 2042.0, "83": 2049.0, "95": 2054.0}, "delta": {"5": 14.0, "17": 19.0, "50": 26.0, "83": 32.0, "95": 38.0}}}