{"int_low": {"occ": {"5": 2016.0, "17": 2020.0, "50": 2029.0, "83": 2036.0, "95": 2039.0499999999993}, "chrnc": {"5": 2055.0, "17": 2059.0, "50": 2065.0, "83": 2073.0, "95": 2077.0}, "delta": {"5": 21.0, "17": 27.0, "50": 37.0, "83": 47.0, "95": 54.0}}, "int": {"occ": {"5": 2014.0, "17": 2015.0, "50": 2019.0, "83": 2025.0, "95": 2029.0499999999993}, "chrnc": {"5": 2039.0, "17": 2041.0, "50": 2044.0, "83": 2047.0, "95": 2050.0}, "delta": {"5": 13.0, "17": 19.0, "50": 25.0, "83": 30.0, "95": 33.0}}, "int_high": {"occ": {"5": 2012.0, "17": 2012.0, "50": 2014.0, "83": 2019.0, "95": 2021.0}, "chrnc": {"5": 2029.0, "17": 2032.0, "50": 2035.0, "83": 2037.0, "95": 2039.0}, "delta": {"5": 11.0, "17": 15.0, "50": 19.0, "83": 24.0, "95": 26.0}}, "kopp": {"occ": {"5": 2016.0, "17": 2019.0, "50": 2028.0, "83": 2037.0, "95": 2043.0}, "chrnc": {"5": 2043.0, "17": 2048.0, "50": 2056.0, "83": 2066.0, "95": 2075.0}, "delta": {"5": 14.0, "17": 20.0, "50": 28.0, "83": 38.0, "95": 45.0}}}