{"int_low": {"occ": {"5": 2010.0, "17": 2010.0, "50": 2013.0, "83": 2014.0, "95": 2023.0}, "chrnc": {"5": 2026.0, "17": 2034.0, "50": 2045.0, "83": 2053.0, "95": 2056.0}, "delta": {"5": 11.0, "17": 18.0, "50": 31.0, "83": 40.0, "95": 45.0}}, "int": {"occ": {"5": 2010.0, "17": 2010.0, "50": 2012.0, "83": 2013.0, "95": 2019.0}, "chrnc": {"5": 2022.0, "17": 2025.0, "50": 2030.0, "83": 2036.0, "95": 2039.0}, "delta": {"5": 8.0, "17": 12.0, "50": 18.0, "83": 24.0, "95": 27.0}}, "int_high": {"occ": {"5": 2010.0, "17": 2010.0, "50": 2011.0, "83": 2013.0, "95": 2016.0999999999985}, "chrnc": {"5": 2018.0, "17": 2022.0, "50": 2025.0, "83": 2032.0, "95": 2034.0}, "delta": {"5": 5.9500000000000455, "17": 9.0, "50": 14.0, "83": 20.0, "95": 23.0}}, "kopp": {"occ": {"5": 2010.0, "17": 2011.0, "50": 2013.0, "83": 2018.0, "95": 2021.0}, "chrnc": {"5": 2024.0, "17": 2027.0, "50": 2037.0, "83": 2048.0, "95": 2055.0}, "delta": {"5": 9.0, "17": 13.0, "50": 23.0, "83": 33.0, "95": 41.0}}}