{"int_low": {"occ": {"5": 2015.0, "17": 2018.0, "50": 2031.0, "83": 2047.0, "95": 2054.0499999999993}, "chrnc": {"5": 2069.0, "17": 2080.0, "50": 2090.0, "83": 2097.0, "95": 2100.0}, "delta": {"5": 26.0, "17": 40.0, "50": 57.0, "83": 72.0, "95": 80.0}}, "int": {"occ": {"5": 2014.0, "17": 2014.0, "50": 2022.0, "83": 2032.0, "95": 2036.0}, "chrnc": {"5": 2045.0, "17": 2050.0, "50": 2057.0, "83": 2062.0, "95": 2067.0499999999993}, "delta": {"5": 16.0, "17": 23.0, "50": 33.0, "83": 43.0, "95": 49.0}}, "int_high": {"occ": {"5": 2011.0, "17": 2014.0, "50": 2018.0, "83": 2024.0, "95": 2031.0}, "chrnc": {"5": 2038.0, "17": 2041.0, "50": 2045.0, "83": 2049.0, "95": 2051.0}, "delta": {"5": 12.0, "17": 19.0, "50": 27.0, "83": 32.0, "95": 36.0}}, "kopp": {"occ": {"5": 2014.0, "17": 2016.0, "50": 2027.0, "83": 2038.0, "95": 2052.0}, "chrnc": {"5": 2047.0, "17": 2057.0, "50": 2069.0, "83": 2085.0, "95": 2095.0}, "delta": {"5": 19.0, "17": 28.0, "50": 41.0, "83": 57.0, "95": 70.0}}}