{"int_low": {"occ": {"5": 2013.0, "17": 2013.0, "50": 2015.0, "83": 2022.0, "95": 2025.0}, "chrnc": {"5": 2010.0, "17": 2019.0, "50": 2028.0, "83": 2034.0, "95": 2041.0}, "delta": {"5": -10.049999999999955, "17": -2.0, "50": 10.0, "83": 18.0, "95": 25.0}}, "int": {"occ": {"5": 2012.0, "17": 2013.0, "50": 2014.0, "83": 2016.0, "95": 2021.0}, "chrnc": {"5": 2010.0, "17": 2011.0, "50": 2017.0, "83": 2022.0, "95": 2024.0499999999993}, "delta": {"5": -6.0, "17": -3.0, "50": 3.0, "83": 8.0, "95": 11.0}}, "int_high": {"occ": {"5": 2012.0, "17": 2013.0, "50": 2013.0, "83": 2015.0, "95": 2016.0}, "chrnc": {"5": 2011.0, "17": 2012.0, "50": 2014.0, "83": 2015.0, "95": 2016.0}, "delta": {"5": -3.0, "17": -2.0, "50": 0.0, "83": 2.0, "95": 3.0}}, "kopp": {"occ": {"5": 2013.0, "17": 2013.0, "50": 2017.0, "83": 2023.0, "95": 2025.0}, "chrnc": {"5": 2019.0, "17": 2027.0, "50": 2032.0, "83": 2040.0, "95": 2044.0}, "delta": {"5": 2.9500000000000455, "17": 7.0, "50": 15.0, "83": 22.0, "95": 28.0}}}