{"int_low": {"occ": {"5": 2013.0, "17": 2013.0, "50": 2014.0, "83": 2034.0, "95": 2050.0}, "chrnc": {"5": 2023.0, "17": 2030.0, "50": 2055.0, "83": 2075.0, "95": 2090.0}, "delta": {"5": -8.049999999999955, "17": 11.0, "50": 33.0, "83": 58.0, "95": 75.04999999999927}}, "int": {"occ": {"5": 2013.0, "17": 2013.0, "50": 2013.0, "83": 2019.0, "95": 2033.0}, "chrnc": {"5": 2021.0, "17": 2024.0, "50": 2030.0, "83": 2045.0, "95": 2054.0}, "delta": {"5": -2.0499999999999545, "17": 9.0, "50": 16.0, "83": 27.0, "95": 38.04999999999927}}, "int_high": {"occ": {"5": 2013.0, "17": 2013.0, "50": 2013.0, "83": 2016.0, "95": 2019.0}, "chrnc": {"5": 2011.0, "17": 2020.0, "50": 2028.0, "83": 2034.0, "95": 2037.0}, "delta": {"5": -3.0, "17": 5.0, "50": 14.0, "83": 20.0, "95": 23.0}}, "kopp": {"occ": {"5": 2013.0, "17": 2013.0, "50": 2013.0, "83": 2033.0, "95": 2037.0}, "chrnc": {"5": 2022.0, "17": 2025.0, "50": 2041.0, "83": 2058.0, "95": 2075.0}, "delta": {"5": -7.0, "17": 9.0, "50": 22.0, "83": 40.0, "95": 57.0}}}