{"int_low": {"occ": {"5": 2045.0, "17": 2051.0, "50": 2057.0, "83": 2063.0, "95": 2069.0}, "chrnc": {"5": 2076.0, "17": 2080.0, "50": 2086.0, "83": 2092.0, "95": 2095.0}, "delta": {"5": 14.0, "17": 20.0, "50": 29.0, "83": 37.0, "95": 44.0}}, "int": {"occ": {"5": 2034.0, "17": 2037.0, "50": 2040.0, "83": 2043.0, "95": 2046.0}, "chrnc": {"5": 2049.0, "17": 2052.0, "50": 2055.0, "83": 2057.0, "95": 2059.0}, "delta": {"5": 7.9500000000000455, "17": 11.0, "50": 15.0, "83": 19.0, "95": 22.0}}, "int_high": {"occ": {"5": 2026.0, "17": 2028.8300000000002, "50": 2032.0, "83": 2035.0, "95": 2037.0}, "chrnc": {"5": 2040.0, "17": 2041.0, "50": 2043.0, "83": 2046.0, "95": 2048.0}, "delta": {"5": 6.0, "17": 8.0, "50": 12.0, "83": 15.0, "95": 19.0}}, "kopp": {"occ": {"5": 2040.0, "17": 2043.0, "50": 2051.0, "83": 2059.0, "95": 2068.0}, "chrnc": {"5": 2055.0, "17": 2059.0, "50": 2069.0, "83": 2080.0, "95": 2091.0}, "delta": {"5": 9.0, "17": 12.0, "50": 18.0, "83": 24.0, "95": 30.0}}}