{"int_low": {"occ": {"5": 2010.0, "17": 2011.0, "50": 2011.0, "83": 2012.0, "95": 2014.0}, "chrnc": {"5": 2021.0, "17": 2024.0, "50": 2029.0, "83": 2033.0, "95": 2036.0}, "delta": {"5": 9.0, "17": 12.0, "50": 17.0, "83": 22.0, "95": 25.0}}, "int": {"occ": {"5": 2010.0, "17": 2011.0, "50": 2011.0, "83": 2012.0, "95": 2014.0}, "chrnc": {"5": 2016.0, "17": 2017.8300000000002, "50": 2022.0, "83": 2026.0, "95": 2029.0}, "delta": {"5": 5.0, "17": 6.0, "50": 11.0, "83": 15.0, "95": 18.0}}, "int_high": {"occ": {"5": 2010.0, "17": 2011.0, "50": 2011.0, "83": 2012.0, "95": 2014.0}, "chrnc": {"5": 2016.0, "17": 2017.0, "50": 2019.0, "83": 2022.0, "95": 2024.0}, "delta": {"5": 4.0, "17": 5.0, "50": 7.0, "83": 10.170000000000073, "95": 13.0}}, "kopp": {"occ": {"5": 2010.0, "17": 2011.0, "50": 2011.0, "83": 2013.0, "95": 2014.0}, "chrnc": {"5": 2021.0, "17": 2024.0, "50": 2028.0, "83": 2033.0, "95": 2036.0}, "delta": {"5": 9.0, "17": 12.0, "50": 17.0, "83": 22.0, "95": 25.0}}}