{"int_low": {"occ": {"5": 2010.0, "17": 2010.0, "50": 2012.0, "83": 2014.0, "95": 2021.0}, "chrnc": {"5": 2052.0, "17": 2058.0, "50": 2066.0, "83": 2072.0, "95": 2076.0499999999993}, "delta": {"5": 35.0, "17": 45.0, "50": 53.0, "83": 60.0, "95": 64.04999999999927}}, "int": {"occ": {"5": 2010.0, "17": 2010.0, "50": 2013.0, "83": 2013.0, "95": 2019.0}, "chrnc": {"5": 2038.0, "17": 2041.0, "50": 2044.0, "83": 2050.0, "95": 2052.0}, "delta": {"5": 24.0, "17": 28.0, "50": 32.0, "83": 38.0, "95": 41.0}}, "int_high": {"occ": {"5": 2010.0, "17": 2010.0, "50": 2011.0, "83": 2013.0, "95": 2018.0}, "chrnc": {"5": 2026.0, "17": 2030.0, "50": 2036.5, "83": 2039.0, "95": 2040.0}, "delta": {"5": 13.0, "17": 18.0, "50": 24.0, "83": 27.0, "95": 29.0}}, "kopp": {"occ": {"5": 2010.0, "17": 2011.0, "50": 2013.0, "83": 2016.0, "95": 2022.0}, "chrnc": {"5": 2039.0, "17": 2044.0, "50": 2052.0, "83": 2065.0, "95": 2076.0}, "delta": {"5": 25.0, "17": 30.0, "50": 39.0, "83": 51.0, "95": 62.0}}}