{"int_low": {"occ": {"5": 2096.0, "17": 2098.0, "50": 2098.0, "83": 2099.0, "95": 2099.0}, "chrnc": {"5": NaN, "17": NaN, "50": NaN, "83": NaN, "95": NaN}, "delta": {"5": NaN, "17": NaN, "50": NaN, "83": NaN, "95": NaN}}, "int": {"occ": {"5": 2063.0, "17": 2066.0, "50": 2069.0, "83": 2072.0, "95": 2074.0}, "chrnc": {"5": 2082.0, "17": 2084.0, "50": 2087.0, "83": 2090.0, "95": 2091.0}, "delta": {"5": 12.0, "17": 14.830000000000155, "50": 18.0, "83": 22.0, "95": 24.0}}, "int_high": {"occ": {"5": 2052.0, "17": 2053.0, "50": 2055.0, "83": 2057.0, "95": 2058.0}, "chrnc": {"5": 2064.0, "17": 2065.0, "50": 2067.0, "83": 2069.0, "95": 2070.0499999999993}, "delta": {"5": 8.0, "17": 10.0, "50": 12.0, "83": 15.0, "95": 16.0}}, "kopp": {"occ": {"5": 2064.0, "17": 2073.0, "50": 2083.0, "83": 2095.0, "95": 2099.0}, "chrnc": {"5": 2075.0, "17": 2083.0, "50": 2093.0, "83": 2099.0, "95": 2100.0}, "delta": {"5": 11.0, "17": 14.0, "50": 18.0, "83": 21.0, "95": 24.0}}}