{"int_low": {"occ": {"5": 2057.0, "17": 2061.0, "50": 2067.0, "83": 2073.17, "95": 2077.0499999999993}, "chrnc": {"5": 2096.0, "17": 2096.0, "50": 2099.0, "83": 2100.0, "95": 2100.0}, "delta": {"5": 21.0, "17": 26.0, "50": 33.0, "83": 39.0, "95": 43.0}}, "int": {"occ": {"5": 2044.0, "17": 2047.0, "50": 2050.0, "83": 2054.0, "95": 2056.0}, "chrnc": {"5": 2067.0, "17": 2070.0, "50": 2073.0, "83": 2076.0, "95": 2077.0}, "delta": {"5": 15.0, "17": 18.0, "50": 22.5, "83": 27.0, "95": 30.049999999999272}}, "int_high": {"occ": {"5": 2038.0, "17": 2040.0, "50": 2042.0, "83": 2044.0, "95": 2046.0}, "chrnc": {"5": 2055.95, "17": 2057.0, "50": 2059.0, "83": 2060.0, "95": 2062.0}, "delta": {"5": 11.0, "17": 14.0, "50": 17.0, "83": 19.0, "95": 21.0}}, "kopp": {"occ": {"5": 2045.0, "17": 2050.0, "50": 2058.0, "83": 2068.0, "95": 2077.0}, "chrnc": {"5": 2065.0, "17": 2073.0, "50": 2083.0, "83": 2095.0, "95": 2099.0}, "delta": {"5": 16.0, "17": 20.0, "50": 26.0, "83": 33.0, "95": 38.0}}}