{"int_low": {"occ": {"5": 2011.0, "17": 2011.0, "50": 2015.0, "83": 2031.0, "95": 2035.0}, "chrnc": {"5": 2075.0, "17": 2079.0, "50": 2087.0, "83": 2096.0, "95": 2098.5499999999993}, "delta": {"5": 44.450000000000045, "17": 57.0, "50": 69.0, "83": 81.0, "95": 86.0}}, "int": {"occ": {"5": 2011.0, "17": 2011.0, "50": 2012.0, "83": 2019.0, "95": 2031.0}, "chrnc": {"5": 2046.0, "17": 2054.0, "50": 2058.0, "83": 2067.0, "95": 2070.0}, "delta": {"5": 27.0, "17": 35.830000000000155, "50": 45.0, "83": 52.0, "95": 57.0}}, "int_high": {"occ": {"5": 2011.0, "17": 2011.0, "50": 2011.0, "83": 2018.0, "95": 2021.0}, "chrnc": {"5": 2039.0, "17": 2041.0, "50": 2045.0, "83": 2050.0, "95": 2051.0499999999993}, "delta": {"5": 20.950000000000045, "17": 27.0, "50": 32.0, "83": 37.17000000000007, "95": 40.0}}, "kopp": {"occ": {"5": 2011.0, "17": 2011.0, "50": 2014.0, "83": 2029.0, "95": 2034.0}, "chrnc": {"5": 2053.0, "17": 2059.0, "50": 2070.0, "83": 2086.0, "95": 2095.0}, "delta": {"5": 31.0, "17": 42.0, "50": 53.0, "83": 67.0, "95": 78.0}}}