{"int_low": {"occ": {"5": 2016.0, "17": 2018.0, "50": 2026.0, "83": 2034.0, "95": 2038.0}, "chrnc": {"5": 2050.95, "17": 2058.0, "50": 2065.0, "83": 2072.0, "95": 2074.0}, "delta": {"5": 21.0, "17": 28.830000000000155, "50": 39.0, "83": 49.0, "95": 54.04999999999927}}, "int": {"occ": {"5": 2015.0, "17": 2017.0, "50": 2020.0, "83": 2028.0, "95": 2032.0}, "chrnc": {"5": 2038.0, "17": 2040.0, "50": 2043.0, "83": 2049.0, "95": 2051.0}, "delta": {"5": 9.0, "17": 15.0, "50": 22.0, "83": 28.0, "95": 33.0}}, "int_high": {"occ": {"5": 2012.0, "17": 2013.0, "50": 2016.0, "83": 2020.0, "95": 2023.0}, "chrnc": {"5": 2026.0, "17": 2030.0, "50": 2035.0, "83": 2037.0, "95": 2039.0}, "delta": {"5": 7.0, "17": 12.0, "50": 18.0, "83": 23.0, "95": 25.0}}, "kopp": {"occ": {"5": 2016.0, "17": 2018.0, "50": 2027.0, "83": 2035.0, "95": 2041.0}, "chrnc": {"5": 2042.0, "17": 2046.0, "50": 2055.0, "83": 2066.0, "95": 2074.0}, "delta": {"5": 12.0, "17": 18.0, "50": 28.0, "83": 38.0, "95": 47.0}}}