{"int_low": {"occ": {"5": 2010.0, "17": 2010.0, "50": 2011.0, "83": 2012.0, "95": 2021.0}, "chrnc": {"5": 2026.95, "17": 2042.0, "50": 2048.0, "83": 2055.0, "95": 2063.0}, "delta": {"5": 15.0, "17": 29.0, "50": 36.0, "83": 44.0, "95": 50.04999999999927}}, "int": {"occ": {"5": 2010.0, "17": 2010.0, "50": 2011.0, "83": 2011.0, "95": 2018.0}, "chrnc": {"5": 2024.0, "17": 2026.0, "50": 2034.0, "83": 2038.0, "95": 2040.0}, "delta": {"5": 11.0, "17": 15.0, "50": 22.0, "83": 27.0, "95": 29.0}}, "int_high": {"occ": {"5": 2010.0, "17": 2010.0, "50": 2011.0, "83": 2011.0, "95": 2017.0}, "chrnc": {"5": 2021.95, "17": 2024.0, "50": 2029.0, "83": 2033.0, "95": 2035.0}, "delta": {"5": 10.0, "17": 12.0, "50": 17.0, "83": 22.0, "95": 25.0}}, "kopp": {"occ": {"5": 2010.0, "17": 2010.0, "50": 2011.0, "83": 2015.0, "95": 2020.0}, "chrnc": {"5": 2026.0, "17": 2030.0, "50": 2041.0, "83": 2052.0, "95": 2058.0}, "delta": {"5": 13.0, "17": 19.0, "50": 29.0, "83": 39.0, "95": 45.04999999999927}}}