{"int_low": {"occ": {"5": 2043.0, "17": 2047.0, "50": 2053.0, "83": 2059.0, "95": 2064.0}, "chrnc": {"5": 2074.0, "17": 2079.0, "50": 2084.5, "83": 2090.0, "95": 2094.0}, "delta": {"5": 16.0, "17": 23.0, "50": 31.0, "83": 39.0, "95": 44.04999999999927}}, "int": {"occ": {"5": 2035.0, "17": 2038.0, "50": 2041.0, "83": 2045.0, "95": 2047.0}, "chrnc": {"5": 2054.95, "17": 2057.0, "50": 2059.0, "83": 2063.0, "95": 2065.0}, "delta": {"5": 10.950000000000045, "17": 14.0, "50": 19.0, "83": 23.0, "95": 27.0}}, "int_high": {"occ": {"5": 2028.0, "17": 2032.0, "50": 2035.0, "83": 2038.0, "95": 2040.0}, "chrnc": {"5": 2045.0, "17": 2047.0, "50": 2050.0, "83": 2052.0, "95": 2054.0}, "delta": {"5": 8.0, "17": 11.0, "50": 15.0, "83": 19.0, "95": 22.0}}, "kopp": {"occ": {"5": 2039.0, "17": 2043.0, "50": 2050.0, "83": 2057.0, "95": 2064.0}, "chrnc": {"5": 2057.0, "17": 2062.0, "50": 2071.0, "83": 2081.0, "95": 2090.0}, "delta": {"5": 11.0, "17": 15.0, "50": 21.0, "83": 28.0, "95": 34.0}}}