{"int_low": {"occ": {"5": 2020.0, "17": 2023.0, "50": 2030.0, "83": 2036.0, "95": 2039.0}, "chrnc": {"5": 2062.0, "17": 2066.0, "50": 2074.0, "83": 2082.0, "95": 2089.0}, "delta": {"5": 28.0, "17": 35.0, "50": 44.0, "83": 54.0, "95": 62.04999999999927}}, "int": {"occ": {"5": 2015.0, "17": 2018.0, "50": 2023.0, "83": 2029.0, "95": 2032.0}, "chrnc": {"5": 2044.0, "17": 2046.0, "50": 2051.0, "83": 2054.0, "95": 2056.0}, "delta": {"5": 16.0, "17": 21.0, "50": 28.0, "83": 34.0, "95": 38.0}}, "int_high": {"occ": {"5": 2014.0, "17": 2014.0, "50": 2018.0, "83": 2021.0, "95": 2023.0499999999993}, "chrnc": {"5": 2038.0, "17": 2040.0, "50": 2041.0, "83": 2043.0, "95": 2044.0}, "delta": {"5": 17.0, "17": 19.0, "50": 23.0, "83": 27.0, "95": 29.0}}, "kopp": {"occ": {"5": 2015.0, "17": 2019.0, "50": 2026.0, "83": 2034.0, "95": 2038.0}, "chrnc": {"5": 2046.0, "17": 2053.0, "50": 2060.0, "83": 2071.0, "95": 2081.0}, "delta": {"5": 20.0, "17": 26.0, "50": 35.0, "83": 45.0, "95": 53.0}}}