{"int_low": {"occ": {"5": 2018.0, "17": 2027.0, "50": 2032.0, "83": 2040.0, "95": 2043.0}, "chrnc": {"5": 2073.0, "17": 2084.0, "50": 2090.0, "83": 2096.0, "95": 2098.5499999999993}, "delta": {"5": 40.0, "17": 48.0, "50": 58.0, "83": 67.0, "95": 75.54999999999927}}, "int": {"occ": {"5": 2010.0, "17": 2015.0, "50": 2020.0, "83": 2025.0, "95": 2027.0}, "chrnc": {"5": 2047.95, "17": 2049.0, "50": 2051.0, "83": 2054.0, "95": 2058.0}, "delta": {"5": 23.0, "17": 26.0, "50": 31.0, "83": 38.0, "95": 42.0}}, "int_high": {"occ": {"5": 2010.0, "17": 2011.0, "50": 2014.0, "83": 2017.0, "95": 2021.0}, "chrnc": {"5": 2037.0, "17": 2038.0, "50": 2041.0, "83": 2043.0, "95": 2044.0}, "delta": {"5": 19.0, "17": 23.0, "50": 27.0, "83": 30.0, "95": 32.0}}, "kopp": {"occ": {"5": 2028.0, "17": 2030.0, "50": 2035.0, "83": 2043.0, "95": 2047.0499999999993}, "chrnc": {"5": 2061.0, "17": 2067.0, "50": 2076.0, "83": 2087.0, "95": 2097.0}, "delta": {"5": 26.0, "17": 32.0, "50": 41.0, "83": 51.0, "95": 59.0}}}