{"int_low": {"occ": {"5": 2035.0, "17": 2039.0, "50": 2045.0, "83": 2051.0, "95": 2054.0499999999993}, "chrnc": {"5": 2077.0, "17": 2080.0, "50": 2087.0, "83": 2093.0, "95": 2096.0}, "delta": {"5": 28.0, "17": 34.0, "50": 42.0, "83": 50.17000000000007, "95": 56.0}}, "int": {"occ": {"5": 2023.0, "17": 2026.0, "50": 2031.0, "83": 2035.0, "95": 2037.0}, "chrnc": {"5": 2049.0, "17": 2051.0, "50": 2054.0, "83": 2056.0, "95": 2058.0}, "delta": {"5": 15.0, "17": 18.0, "50": 23.0, "83": 28.0, "95": 32.0}}, "int_high": {"occ": {"5": 2019.0, "17": 2022.0, "50": 2024.0, "83": 2028.0, "95": 2030.0}, "chrnc": {"5": 2039.0, "17": 2040.0, "50": 2042.0, "83": 2044.17, "95": 2046.0}, "delta": {"5": 11.0, "17": 14.0, "50": 18.0, "83": 21.0, "95": 24.0}}, "kopp": {"occ": {"5": 2029.0, "17": 2034.0, "50": 2041.0, "83": 2051.0, "95": 2059.0}, "chrnc": {"5": 2053.0, "17": 2059.0, "50": 2069.0, "83": 2083.0, "95": 2095.0}, "delta": {"5": 17.0, "17": 21.0, "50": 28.0, "83": 37.0, "95": 45.0}}}