{"int_low": {"occ": {"5": 2026.0, "17": 2030.0, "50": 2037.0, "83": 2040.0, "95": 2042.0499999999993}, "chrnc": {"5": 2058.0, "17": 2061.0, "50": 2066.0, "83": 2071.0, "95": 2074.0}, "delta": {"5": 20.0, "17": 23.0, "50": 30.0, "83": 36.0, "95": 43.0}}, "int": {"occ": {"5": 2022.0, "17": 2023.0, "50": 2026.0, "83": 2029.17, "95": 2033.0}, "chrnc": {"5": 2040.0, "17": 2042.0, "50": 2044.0, "83": 2048.0, "95": 2050.0499999999993}, "delta": {"5": 12.0, "17": 15.0, "50": 18.0, "83": 22.170000000000073, "95": 25.0}}, "int_high": {"occ": {"5": 2019.0, "17": 2020.0, "50": 2021.0, "83": 2023.0, "95": 2025.0}, "chrnc": {"5": 2035.0, "17": 2036.0, "50": 2038.0, "83": 2039.0, "95": 2040.0}, "delta": {"5": 11.0, "17": 14.0, "50": 16.0, "83": 18.0, "95": 20.0}}, "kopp": {"occ": {"5": 2025.0, "17": 2029.0, "50": 2036.0, "83": 2041.0, "95": 2047.0}, "chrnc": {"5": 2045.0, "17": 2051.0, "50": 2058.0, "83": 2067.0, "95": 2076.0}, "delta": {"5": 13.0, "17": 18.0, "50": 22.0, "83": 29.0, "95": 35.0}}}