{"int_low": {"occ": {"5": 2023.0, "17": 2038.8300000000002, "50": 2060.0, "83": 2083.0, "95": 2091.0}, "chrnc": {"5": NaN, "17": NaN, "50": NaN, "83": NaN, "95": NaN}, "delta": {"5": NaN, "17": NaN, "50": NaN, "83": NaN, "95": NaN}}, "int": {"occ": {"5": 2018.0, "17": 2021.0, "50": 2028.0, "83": 2039.0, "95": 2052.0}, "chrnc": {"5": 2076.0, "17": 2078.0, "50": 2084.0, "83": 2089.0, "95": 2091.0}, "delta": {"5": 32.0, "17": 41.0, "50": 54.0, "83": 64.0, "95": 69.0}}, "int_high": {"occ": {"5": 2010.0, "17": 2017.0, "50": 2024.0, "83": 2033.0, "95": 2035.0}, "chrnc": {"5": 2056.0, "17": 2057.0, "50": 2059.0, "83": 2064.0, "95": 2068.0}, "delta": {"5": 24.0, "17": 27.830000000000155, "50": 37.0, "83": 47.0, "95": 51.0}}, "kopp": {"occ": {"5": 2020.0, "17": 2024.0, "50": 2040.0, "83": 2059.0, "95": 2077.0}, "chrnc": {"5": 2067.2, "17": 2078.0, "50": 2093.0, "83": 2099.0, "95": 2100.0}, "delta": {"5": 31.0, "17": 41.0, "50": 53.0, "83": 69.0, "95": 76.0}}}