{"int_low": {"occ": {"5": 2047.0, "17": 2051.0, "50": 2057.0, "83": 2064.0, "95": 2071.0}, "chrnc": {"5": 2089.8, "17": 2090.0, "50": 2095.5, "83": 2100.0, "95": 2100.0}, "delta": {"5": 34.95, "17": 35.0, "50": 39.5, "83": 48.0, "95": 54.44999999999985}}, "int": {"occ": {"5": 2029.0, "17": 2033.0, "50": 2038.0, "83": 2043.0, "95": 2044.0}, "chrnc": {"5": 2055.0, "17": 2061.0, "50": 2065.0, "83": 2067.0, "95": 2070.0}, "delta": {"5": 18.0, "17": 22.0, "50": 27.0, "83": 32.0, "95": 36.0}}, "int_high": {"occ": {"5": 2022.0, "17": 2026.0, "50": 2029.0, "83": 2031.0, "95": 2034.0499999999993}, "chrnc": {"5": 2046.0, "17": 2047.0, "50": 2049.0, "83": 2052.0, "95": 2053.0}, "delta": {"5": 14.0, "17": 17.0, "50": 20.0, "83": 24.0, "95": 27.0}}, "kopp": {"occ": {"5": 2046.0, "17": 2050.0, "50": 2058.0, "83": 2070.0, "95": 2081.0}, "chrnc": {"5": 2070.0, "17": 2078.0, "50": 2089.0, "83": 2097.0, "95": 2100.0}, "delta": {"5": 20.0, "17": 25.0, "50": 33.0, "83": 41.0, "95": 46.0}}}