{"int_low": {"occ": {"5": 2024.0, "17": 2026.0, "50": 2033.0, "83": 2037.0, "95": 2040.0}, "chrnc": {"5": 2043.0, "17": 2046.0, "50": 2052.0, "83": 2056.0, "95": 2060.0}, "delta": {"5": 8.0, "17": 12.0, "50": 19.0, "83": 26.0, "95": 31.049999999999272}}, "int": {"occ": {"5": 2020.0, "17": 2022.0, "50": 2026.0, "83": 2031.0, "95": 2033.0}, "chrnc": {"5": 2034.0, "17": 2036.0, "50": 2039.0, "83": 2041.0, "95": 2042.0}, "delta": {"5": 5.0, "17": 8.0, "50": 13.0, "83": 17.0, "95": 20.0}}, "int_high": {"occ": {"5": 2015.0, "17": 2015.0, "50": 2019.0, "83": 2022.0, "95": 2024.0}, "chrnc": {"5": 2026.0, "17": 2028.0, "50": 2032.0, "83": 2034.0, "95": 2035.0499999999993}, "delta": {"5": 5.0, "17": 8.0, "50": 13.0, "83": 17.0, "95": 19.0}}, "kopp": {"occ": {"5": 2021.0, "17": 2024.0, "50": 2030.0, "83": 2036.0, "95": 2041.0}, "chrnc": {"5": 2036.0, "17": 2039.0, "50": 2045.0, "83": 2054.0, "95": 2060.0}, "delta": {"5": 6.0, "17": 10.0, "50": 16.0, "83": 22.0, "95": 28.0}}}