{"int_low": {"occ": {"5": 2020.0, "17": 2023.0, "50": 2029.0, "83": 2035.0, "95": 2040.0}, "chrnc": {"5": 2070.0, "17": 2075.0, "50": 2083.0, "83": 2091.0, "95": 2096.0}, "delta": {"5": 38.0, "17": 44.0, "50": 54.0, "83": 63.0, "95": 70.0}}, "int": {"occ": {"5": 2011.0, "17": 2016.8300000000002, "50": 2021.0, "83": 2025.0, "95": 2028.0}, "chrnc": {"5": 2046.0, "17": 2049.0, "50": 2052.0, "83": 2055.0, "95": 2058.0}, "delta": {"5": 22.0, "17": 26.0, "50": 31.0, "83": 37.0, "95": 42.0}}, "int_high": {"occ": {"5": 2011.0, "17": 2012.0, "50": 2016.0, "83": 2019.0, "95": 2022.0}, "chrnc": {"5": 2037.0, "17": 2039.0, "50": 2042.0, "83": 2044.0, "95": 2046.0}, "delta": {"5": 18.0, "17": 21.0, "50": 26.0, "83": 29.0, "95": 32.0}}, "kopp": {"occ": {"5": 2020.0, "17": 2025.0, "50": 2031.0, "83": 2039.0, "95": 2045.0}, "chrnc": {"5": 2055.0, "17": 2061.0, "50": 2071.0, "83": 2083.0, "95": 2093.0}, "delta": {"5": 24.0, "17": 30.0, "50": 39.0, "83": 50.0, "95": 59.69999999999891}}}