{"int_low": {"occ": {"5": 2095.0, "17": 2097.0, "50": 2099.0, "83": 2100.0, "95": 2100.0}, "chrnc": {"5": NaN, "17": NaN, "50": NaN, "83": NaN, "95": NaN}, "delta": {"5": NaN, "17": NaN, "50": NaN, "83": NaN, "95": NaN}}, "int": {"occ": {"5": 2058.0, "17": 2060.0, "50": 2063.0, "83": 2065.0, "95": 2067.0}, "chrnc": {"5": 2076.0, "17": 2077.0, "50": 2079.0, "83": 2081.0, "95": 2082.0499999999993}, "delta": {"5": 11.0, "17": 13.0, "50": 16.0, "83": 19.0, "95": 21.049999999999272}}, "int_high": {"occ": {"5": 2047.0, "17": 2048.0, "50": 2050.0, "83": 2052.0, "95": 2053.0}, "chrnc": {"5": 2059.0, "17": 2060.0, "50": 2061.0, "83": 2063.0, "95": 2064.0}, "delta": {"5": 7.0, "17": 9.0, "50": 11.0, "83": 13.0, "95": 15.0}}, "kopp": {"occ": {"5": 2060.0, "17": 2068.0, "50": 2079.0, "83": 2093.0, "95": 2099.0}, "chrnc": {"5": 2071.1, "17": 2079.0, "50": 2090.0, "83": 2098.0, "95": 2100.0}, "delta": {"5": 10.0, "17": 13.0, "50": 17.0, "83": 21.0, "95": 24.0}}}