{"int_low": {"occ": {"5": 2029.0, "17": 2034.0, "50": 2040.0, "83": 2045.0, "95": 2049.0}, "chrnc": {"5": 2054.0, "17": 2058.0, "50": 2063.0, "83": 2070.0, "95": 2073.0499999999993}, "delta": {"5": 11.0, "17": 16.0, "50": 23.0, "83": 32.0, "95": 39.0}}, "int": {"occ": {"5": 2020.0, "17": 2027.0, "50": 2032.0, "83": 2036.0, "95": 2038.0}, "chrnc": {"5": 2041.0, "17": 2045.0, "50": 2048.0, "83": 2051.0, "95": 2054.0}, "delta": {"5": 8.0, "17": 11.830000000000155, "50": 16.0, "83": 22.0, "95": 29.0}}, "int_high": {"occ": {"5": 2016.0, "17": 2019.0, "50": 2026.0, "83": 2030.0, "95": 2032.0}, "chrnc": {"5": 2036.0, "17": 2038.0, "50": 2041.0, "83": 2043.0, "95": 2045.0}, "delta": {"5": 7.0, "17": 10.0, "50": 15.0, "83": 22.0, "95": 25.0}}, "kopp": {"occ": {"5": 2027.0, "17": 2032.0, "50": 2038.0, "83": 2044.0, "95": 2049.0}, "chrnc": {"5": 2046.0, "17": 2051.0, "50": 2057.0, "83": 2065.0, "95": 2071.0}, "delta": {"5": 9.0, "17": 13.0, "50": 19.0, "83": 26.0, "95": 33.0}}}