{"int_low": {"occ": {"5": 2077.0, "17": 2084.0, "50": 2092.0, "83": 2098.0, "95": 2100.0}, "chrnc": {"5": 2085.0, "17": 2091.0, "50": 2097.0, "83": 2100.0, "95": 2100.0}, "delta": {"5": -7.0, "17": -2.0, "50": 5.0, "83": 13.0, "95": 24.0}}, "int": {"occ": {"5": 2052.0, "17": 2056.0, "50": 2061.0, "83": 2065.0, "95": 2068.0}, "chrnc": {"5": 2062.0, "17": 2066.0, "50": 2070.0, "83": 2074.0, "95": 2077.0499999999993}, "delta": {"5": -2.0, "17": 4.0, "50": 9.0, "83": 16.0, "95": 20.049999999999272}}, "int_high": {"occ": {"5": 2042.0, "17": 2044.8300000000002, "50": 2048.0, "83": 2051.0, "95": 2054.0}, "chrnc": {"5": 2049.0, "17": 2051.0, "50": 2055.0, "83": 2058.0, "95": 2061.0}, "delta": {"5": -1.0, "17": 3.0, "50": 7.0, "83": 11.0, "95": 15.0}}, "kopp": {"occ": {"5": 2055.0, "17": 2062.0, "50": 2074.0, "83": 2089.0, "95": 2097.0}, "chrnc": {"5": 2063.0, "17": 2071.0, "50": 2083.0, "83": 2095.0, "95": 2099.0}, "delta": {"5": -2.0, "17": 4.0, "50": 11.0, "83": 18.0, "95": 24.0}}}