{"int_low": {"occ": {"5": 2010.0, "17": 2010.0, "50": 2011.0, "83": 2019.0, "95": 2021.0}, "chrnc": {"5": 2015.0, "17": 2020.0, "50": 2029.0, "83": 2037.0, "95": 2045.0499999999993}, "delta": {"5": -4.0, "17": 5.0, "50": 16.0, "83": 25.0, "95": 31.0}}, "int": {"occ": {"5": 2010.0, "17": 2010.0, "50": 2011.0, "83": 2012.17, "95": 2019.0}, "chrnc": {"5": 2014.0, "17": 2016.0, "50": 2021.0, "83": 2031.0, "95": 2033.0}, "delta": {"5": -1.0, "17": 4.0, "50": 9.0, "83": 19.0, "95": 23.0}}, "int_high": {"occ": {"5": 2010.0, "17": 2010.0, "50": 2011.0, "83": 2012.0, "95": 2019.0}, "chrnc": {"5": 2014.0, "17": 2014.0, "50": 2017.0, "83": 2020.0, "95": 2023.0}, "delta": {"5": -1.0, "17": 3.0, "50": 6.0, "83": 9.170000000000073, "95": 13.0}}, "kopp": {"occ": {"5": 2010.0, "17": 2010.0, "50": 2011.0, "83": 2019.0, "95": 2025.0}, "chrnc": {"5": 2015.0, "17": 2018.0, "50": 2027.0, "83": 2036.0, "95": 2043.0}, "delta": {"5": -4.0, "17": 5.0, "50": 13.0, "83": 23.0, "95": 28.0}}}