{"int_low": {"occ": {"5": 2063.0, "17": 2069.0, "50": 2074.0, "83": 2081.0, "95": 2086.0}, "chrnc": {"5": 2091.45, "17": 2096.0, "50": 2097.0, "83": 2100.0, "95": 2100.0}, "delta": {"5": 12.700000000000006, "17": 19.0, "50": 28.0, "83": 34.0, "95": 40.749999999999915}}, "int": {"occ": {"5": 2042.0, "17": 2045.0, "50": 2049.0, "83": 2051.0, "95": 2054.0}, "chrnc": {"5": 2065.0, "17": 2068.0, "50": 2070.0, "83": 2072.0, "95": 2075.0}, "delta": {"5": 15.0, "17": 18.0, "50": 21.0, "83": 25.0, "95": 29.0}}, "int_high": {"occ": {"5": 2033.0, "17": 2035.0, "50": 2038.0, "83": 2041.0, "95": 2043.0}, "chrnc": {"5": 2051.0, "17": 2052.0, "50": 2054.0, "83": 2056.0, "95": 2058.0}, "delta": {"5": 11.0, "17": 13.0, "50": 16.0, "83": 20.0, "95": 22.0}}, "kopp": {"occ": {"5": 2049.0, "17": 2053.0, "50": 2062.0, "83": 2074.0, "95": 2085.0}, "chrnc": {"5": 2066.0, "17": 2073.0, "50": 2084.0, "83": 2095.0, "95": 2099.0}, "delta": {"5": 14.0, "17": 18.0, "50": 24.0, "83": 30.0, "95": 34.0}}}