{"int_low": {"occ": {"5": 2011.0, "17": 2013.0, "50": 2016.0, "83": 2027.0, "95": 2034.0}, "chrnc": {"5": 2057.0, "17": 2062.0, "50": 2069.0, "83": 2077.0, "95": 2089.0}, "delta": {"5": 31.950000000000045, "17": 42.0, "50": 51.0, "83": 61.0, "95": 73.0}}, "int": {"occ": {"5": 2010.0, "17": 2010.0, "50": 2012.0, "83": 2014.0, "95": 2020.0}, "chrnc": {"5": 2041.0, "17": 2043.0, "50": 2047.0, "83": 2052.0, "95": 2055.0}, "delta": {"5": 25.0, "17": 30.0, "50": 35.0, "83": 40.0, "95": 43.0}}, "int_high": {"occ": {"5": 2010.0, "17": 2010.0, "50": 2011.0, "83": 2013.0, "95": 2018.0}, "chrnc": {"5": 2030.0, "17": 2037.0, "50": 2039.0, "83": 2041.0, "95": 2042.0}, "delta": {"5": 17.0, "17": 24.0, "50": 27.0, "83": 29.0, "95": 31.0}}, "kopp": {"occ": {"5": 2010.0, "17": 2011.0, "50": 2014.0, "83": 2020.0, "95": 2032.0}, "chrnc": {"5": 2042.0, "17": 2046.0, "50": 2057.0, "83": 2070.0, "95": 2081.6499999999996}, "delta": {"5": 26.0, "17": 32.0, "50": 41.0, "83": 53.0, "95": 63.0}}}