{"int_low": {"occ": {"5": 2019.0, "17": 2022.0, "50": 2026.0, "83": 2030.0, "95": 2033.0499999999993}, "chrnc": {"5": 2064.0, "17": 2067.0, "50": 2071.0, "83": 2076.0, "95": 2080.0}, "delta": {"5": 35.0, "17": 40.0, "50": 46.0, "83": 52.0, "95": 57.0}}, "int": {"occ": {"5": 2017.0, "17": 2019.0, "50": 2021.0, "83": 2024.0, "95": 2026.0}, "chrnc": {"5": 2045.0, "17": 2047.0, "50": 2049.0, "83": 2051.0, "95": 2053.0}, "delta": {"5": 21.950000000000045, "17": 24.0, "50": 28.0, "83": 31.0, "95": 34.0}}, "int_high": {"occ": {"5": 2012.0, "17": 2014.0, "50": 2016.0, "83": 2019.0, "95": 2021.0}, "chrnc": {"5": 2036.0, "17": 2037.0, "50": 2040.0, "83": 2042.0, "95": 2043.0}, "delta": {"5": 18.0, "17": 20.0, "50": 23.0, "83": 26.0, "95": 28.0}}, "kopp": {"occ": {"5": 2020.0, "17": 2023.0, "50": 2028.0, "83": 2033.0, "95": 2039.0}, "chrnc": {"5": 2052.0, "17": 2057.0, "50": 2065.0, "83": 2074.0, "95": 2084.0}, "delta": {"5": 25.0, "17": 29.0, "50": 37.0, "83": 45.0, "95": 53.0}}}