{"int_low": {"occ": {"5": 2037.0, "17": 2039.0, "50": 2043.0, "83": 2048.0, "95": 2051.0}, "chrnc": {"5": 2055.0, "17": 2057.0, "50": 2063.0, "83": 2068.0, "95": 2071.0}, "delta": {"5": 8.0, "17": 13.0, "50": 19.0, "83": 26.0, "95": 30.049999999999272}}, "int": {"occ": {"5": 2025.0, "17": 2028.0, "50": 2033.0, "83": 2036.0, "95": 2037.0}, "chrnc": {"5": 2039.0, "17": 2040.0, "50": 2043.0, "83": 2046.0, "95": 2049.0}, "delta": {"5": 4.0, "17": 7.0, "50": 11.0, "83": 16.0, "95": 19.049999999999272}}, "int_high": {"occ": {"5": 2021.0, "17": 2022.0, "50": 2026.0, "83": 2029.0, "95": 2032.0}, "chrnc": {"5": 2034.0, "17": 2035.0, "50": 2036.0, "83": 2038.0, "95": 2039.0}, "delta": {"5": 4.0, "17": 7.0, "50": 10.0, "83": 14.0, "95": 16.0}}, "kopp": {"occ": {"5": 2027.0, "17": 2033.0, "50": 2038.0, "83": 2045.0, "95": 2052.0}, "chrnc": {"5": 2040.0, "17": 2044.0, "50": 2053.0, "83": 2061.0, "95": 2069.0}, "delta": {"5": 5.0, "17": 8.0, "50": 14.0, "83": 20.0, "95": 25.0}}}