{"int_low": {"occ": {"5": 2011.0, "17": 2011.0, "50": 2014.0, "83": 2031.0, "95": 2034.0}, "chrnc": {"5": 2062.0, "17": 2073.0, "50": 2082.0, "83": 2091.0, "95": 2094.0}, "delta": {"5": 37.950000000000045, "17": 49.0, "50": 64.0, "83": 75.0, "95": 81.0}}, "int": {"occ": {"5": 2011.0, "17": 2011.0, "50": 2013.0, "83": 2018.0, "95": 2029.0}, "chrnc": {"5": 2042.0, "17": 2045.0, "50": 2052.0, "83": 2056.0, "95": 2059.0499999999993}, "delta": {"5": 23.0, "17": 30.0, "50": 37.0, "83": 44.0, "95": 47.0}}, "int_high": {"occ": {"5": 2011.0, "17": 2013.0, "50": 2013.0, "83": 2013.0, "95": 2015.0}, "chrnc": {"5": 2037.0, "17": 2039.0, "50": 2041.0, "83": 2047.0, "95": 2050.0}, "delta": {"5": 24.0, "17": 26.0, "50": 28.0, "83": 34.0, "95": 37.0}}, "kopp": {"occ": {"5": 2011.0, "17": 2011.0, "50": 2013.0, "83": 2024.0, "95": 2033.0}, "chrnc": {"5": 2044.0, "17": 2054.0, "50": 2064.0, "83": 2077.0, "95": 2090.0}, "delta": {"5": 28.0, "17": 35.0, "50": 48.0, "83": 61.0, "95": 74.0}}}