{"int_low": {"occ": {"5": 2011.0, "17": 2011.0, "50": 2016.0, "83": 2029.0, "95": 2040.0}, "chrnc": {"5": 2079.0, "17": 2084.0, "50": 2098.0, "83": 2100.0, "95": 2100.0}, "delta": {"5": 66.0, "17": 68.0, "50": 80.0, "83": 85.0, "95": 88.0}}, "int": {"occ": {"5": 2010.0, "17": 2011.0, "50": 2013.0, "83": 2021.0, "95": 2028.0}, "chrnc": {"5": 2065.0, "17": 2070.0, "50": 2075.0, "83": 2079.0, "95": 2082.0499999999993}, "delta": {"5": 45.950000000000045, "17": 53.0, "50": 60.0, "83": 66.0, "95": 70.0}}, "int_high": {"occ": {"5": 2010.0, "17": 2011.0, "50": 2013.0, "83": 2019.0, "95": 2023.0}, "chrnc": {"5": 2051.0, "17": 2054.0, "50": 2057.0, "83": 2060.0, "95": 2063.0}, "delta": {"5": 33.0, "17": 38.0, "50": 44.0, "83": 48.0, "95": 50.0}}, "kopp": {"occ": {"5": 2010.0, "17": 2011.0, "50": 2015.0, "83": 2027.0, "95": 2037.0}, "chrnc": {"5": 2061.0, "17": 2071.0, "50": 2084.0, "83": 2096.0, "95": 2099.0}, "delta": {"5": 45.0, "17": 54.0, "50": 67.0, "83": 80.0, "95": 86.0}}}