{"int_low": {"occ": {"5": 2066.0, "17": 2074.0, "50": 2080.0, "83": 2089.0, "95": 2093.0}, "chrnc": {"5": 2100.0, "17": 2100.0, "50": 2100.0, "83": 2100.0, "95": 2100.0}, "delta": {"5": 10.0, "17": 10.0, "50": 16.5, "83": 23.0, "95": 23.0}}, "int": {"occ": {"5": 2047.0, "17": 2050.0, "50": 2055.0, "83": 2057.0, "95": 2058.0}, "chrnc": {"5": 2068.0, "17": 2070.0, "50": 2073.0, "83": 2075.0, "95": 2077.0}, "delta": {"5": 12.950000000000045, "17": 16.0, "50": 19.0, "83": 23.0, "95": 26.049999999999272}}, "int_high": {"occ": {"5": 2040.0, "17": 2041.0, "50": 2043.0, "83": 2045.0, "95": 2046.0499999999993}, "chrnc": {"5": 2056.0, "17": 2057.0, "50": 2058.0, "83": 2059.0, "95": 2060.0}, "delta": {"5": 11.0, "17": 13.0, "50": 15.0, "83": 17.0, "95": 19.0}}, "kopp": {"occ": {"5": 2049.0, "17": 2056.0, "50": 2063.0, "83": 2075.0, "95": 2086.0}, "chrnc": {"5": 2066.0, "17": 2075.0, "50": 2084.0, "83": 2096.0, "95": 2099.0}, "delta": {"5": 13.0, "17": 17.0, "50": 22.0, "83": 29.0, "95": 33.0}}}