{"int_low": {"occ": {"5": 2048.0, "17": 2053.0, "50": 2059.0, "83": 2066.0, "95": 2070.0499999999993}, "chrnc": {"5": 2092.0, "17": 2095.0, "50": 2098.0, "83": 2100.0, "95": 2100.0}, "delta": {"5": 26.0, "17": 32.0, "50": 39.0, "83": 45.0, "95": 50.0}}, "int": {"occ": {"5": 2040.0, "17": 2042.0, "50": 2045.0, "83": 2049.0, "95": 2052.0}, "chrnc": {"5": 2063.0, "17": 2065.0, "50": 2069.0, "83": 2072.0, "95": 2074.0}, "delta": {"5": 15.0, "17": 19.0, "50": 23.0, "83": 28.0, "95": 31.0}}, "int_high": {"occ": {"5": 2034.0, "17": 2036.8300000000002, "50": 2039.0, "83": 2041.0, "95": 2042.0}, "chrnc": {"5": 2052.0, "17": 2053.83, "50": 2056.0, "83": 2058.0, "95": 2059.0}, "delta": {"5": 12.0, "17": 14.0, "50": 17.0, "83": 20.0, "95": 23.0}}, "kopp": {"occ": {"5": 2040.0, "17": 2044.0, "50": 2052.0, "83": 2060.0, "95": 2069.1000000000004}, "chrnc": {"5": 2061.0, "17": 2069.0, "50": 2079.0, "83": 2092.0, "95": 2098.0}, "delta": {"5": 17.0, "17": 21.0, "50": 28.0, "83": 36.0, "95": 42.0}}}