{"int_low": {"occ": {"5": 2011.0, "17": 2013.0, "50": 2013.0, "83": 2019.0, "95": 2032.0}, "chrnc": {"5": 2059.0, "17": 2064.0, "50": 2078.0, "83": 2089.0, "95": 2092.0499999999993}, "delta": {"5": 38.0, "17": 49.0, "50": 63.0, "83": 75.0, "95": 79.0}}, "int": {"occ": {"5": 2011.0, "17": 2013.0, "50": 2013.0, "83": 2013.0, "95": 2018.0}, "chrnc": {"5": 2041.0, "17": 2044.0, "50": 2050.0, "83": 2055.0, "95": 2057.0}, "delta": {"5": 27.0, "17": 30.0, "50": 36.0, "83": 42.0, "95": 44.0}}, "int_high": {"occ": {"5": 2011.0, "17": 2013.0, "50": 2013.0, "83": 2013.0, "95": 2014.0}, "chrnc": {"5": 2036.0, "17": 2038.0, "50": 2040.0, "83": 2045.0, "95": 2050.0}, "delta": {"5": 22.950000000000045, "17": 25.0, "50": 27.0, "83": 32.0, "95": 37.0}}, "kopp": {"occ": {"5": 2011.0, "17": 2013.0, "50": 2013.0, "83": 2015.0, "95": 2032.0}, "chrnc": {"5": 2042.0, "17": 2049.0, "50": 2061.0, "83": 2074.0, "95": 2088.0}, "delta": {"5": 28.0, "17": 34.0, "50": 47.0, "83": 59.0, "95": 73.0}}}