{"int_low": {"occ": {"5": 2010.0, "17": 2012.0, "50": 2019.0, "83": 2031.0, "95": 2036.0499999999993}, "chrnc": {"5": 2015.0, "17": 2018.0, "50": 2031.0, "83": 2047.0, "95": 2054.0499999999993}, "delta": {"5": -14.0, "17": -4.0, "50": 13.0, "83": 26.170000000000073, "95": 37.0}}, "int": {"occ": {"5": 2010.0, "17": 2012.0, "50": 2013.0, "83": 2022.0, "95": 2029.0}, "chrnc": {"5": 2014.0, "17": 2014.0, "50": 2022.0, "83": 2032.0, "95": 2036.0}, "delta": {"5": -9.0, "17": -2.0, "50": 7.0, "83": 17.0, "95": 23.0}}, "int_high": {"occ": {"5": 2010.0, "17": 2011.0, "50": 2013.0, "83": 2020.0, "95": 2024.0}, "chrnc": {"5": 2011.0, "17": 2014.0, "50": 2018.0, "83": 2024.0, "95": 2031.0}, "delta": {"5": -8.0, "17": -2.0, "50": 4.0, "83": 11.0, "95": 18.0}}, "kopp": {"occ": {"5": 2010.0, "17": 2012.0, "50": 2018.5, "83": 2028.0, "95": 2035.0}, "chrnc": {"5": 2014.0, "17": 2016.0, "50": 2027.0, "83": 2038.0, "95": 2052.0}, "delta": {"5": -13.0, "17": -4.0, "50": 9.0, "83": 22.0, "95": 32.0}}}