{"int_low": {"occ": {"5": 2010.0, "17": 2011.0, "50": 2011.0, "83": 2011.0, "95": 2014.0499999999993}, "chrnc": {"5": 2042.0, "17": 2045.0, "50": 2053.0, "83": 2059.0, "95": 2066.0499999999993}, "delta": {"5": 30.0, "17": 34.0, "50": 42.0, "83": 48.0, "95": 55.0}}, "int": {"occ": {"5": 2010.0, "17": 2011.0, "50": 2011.0, "83": 2011.0, "95": 2011.0}, "chrnc": {"5": 2028.0, "17": 2032.0, "50": 2037.0, "83": 2040.0, "95": 2042.0}, "delta": {"5": 16.950000000000045, "17": 21.0, "50": 26.0, "83": 29.0, "95": 31.0}}, "int_high": {"occ": {"5": 2010.0, "17": 2011.0, "50": 2011.0, "83": 2011.0, "95": 2011.0}, "chrnc": {"5": 2023.0, "17": 2026.0, "50": 2029.0, "83": 2032.0, "95": 2034.0}, "delta": {"5": 12.0, "17": 15.0, "50": 18.0, "83": 21.0, "95": 23.0}}, "kopp": {"occ": {"5": 2010.0, "17": 2011.0, "50": 2011.0, "83": 2011.0, "95": 2019.0}, "chrnc": {"5": 2036.0, "17": 2040.0, "50": 2048.0, "83": 2059.0, "95": 2070.0}, "delta": {"5": 24.0, "17": 29.0, "50": 36.0, "83": 47.0, "95": 57.0}}}