{"int_low": {"occ": {"5": 2015.0, "17": 2019.0, "50": 2026.0, "83": 2036.0, "95": 2044.0}, "chrnc": {"5": 2045.0, "17": 2052.0, "50": 2062.0, "83": 2072.17, "95": 2082.0}, "delta": {"5": 13.0, "17": 21.830000000000155, "50": 35.0, "83": 48.0, "95": 59.0}}, "int": {"occ": {"5": 2010.0, "17": 2011.0, "50": 2016.0, "83": 2021.0, "95": 2027.0}, "chrnc": {"5": 2032.0, "17": 2036.0, "50": 2042.0, "83": 2047.0, "95": 2051.0}, "delta": {"5": 12.0, "17": 18.0, "50": 26.0, "83": 33.0, "95": 37.0}}, "int_high": {"occ": {"5": 2010.0, "17": 2011.0, "50": 2013.0, "83": 2016.0, "95": 2020.0}, "chrnc": {"5": 2026.0, "17": 2029.0, "50": 2033.0, "83": 2037.0, "95": 2041.0}, "delta": {"5": 11.0, "17": 14.0, "50": 19.0, "83": 24.0, "95": 28.049999999999272}}, "kopp": {"occ": {"5": 2018.0, "17": 2021.0, "50": 2029.0, "83": 2040.0, "95": 2047.0}, "chrnc": {"5": 2044.0, "17": 2050.0, "50": 2060.0, "83": 2071.0, "95": 2081.0}, "delta": {"5": 11.0, "17": 18.0, "50": 30.0, "83": 42.0, "95": 51.0}}}