{"int_low": {"occ": {"5": 2027.95, "17": 2038.0, "50": 2044.0, "83": 2052.0, "95": 2054.0}, "chrnc": {"5": 2078.0, "17": 2082.0, "50": 2089.0, "83": 2095.0, "95": 2098.0}, "delta": {"5": 29.0, "17": 35.0, "50": 44.0, "83": 54.0, "95": 61.0}}, "int": {"occ": {"5": 2024.0, "17": 2026.0, "50": 2033.0, "83": 2036.0, "95": 2038.0}, "chrnc": {"5": 2056.0, "17": 2057.0, "50": 2059.0, "83": 2062.0, "95": 2063.0}, "delta": {"5": 20.0, "17": 22.0, "50": 27.0, "83": 33.0, "95": 36.04999999999927}}, "int_high": {"occ": {"5": 2021.0, "17": 2023.0, "50": 2027.0, "83": 2031.0, "95": 2033.0}, "chrnc": {"5": 2043.0, "17": 2045.0, "50": 2047.0, "83": 2050.0, "95": 2052.0}, "delta": {"5": 12.0, "17": 15.0, "50": 20.0, "83": 25.0, "95": 27.049999999999272}}, "kopp": {"occ": {"5": 2026.0, "17": 2030.0, "50": 2038.0, "83": 2047.0, "95": 2054.0}, "chrnc": {"5": 2056.0, "17": 2060.0, "50": 2070.0, "83": 2082.0, "95": 2092.0}, "delta": {"5": 19.0, "17": 24.0, "50": 32.0, "83": 41.0, "95": 50.0}}}