{"int_low": {"occ": {"5": 2012.0, "17": 2012.0, "50": 2014.0, "83": 2020.0, "95": 2025.0}, "chrnc": {"5": 2035.0, "17": 2039.0, "50": 2044.0, "83": 2050.0, "95": 2054.0}, "delta": {"5": 15.0, "17": 22.0, "50": 28.0, "83": 35.0, "95": 39.04999999999927}}, "int": {"occ": {"5": 2010.0, "17": 2011.0, "50": 2013.0, "83": 2018.0, "95": 2020.0}, "chrnc": {"5": 2023.0, "17": 2026.0, "50": 2031.0, "83": 2035.0, "95": 2037.0}, "delta": {"5": 8.0, "17": 12.830000000000155, "50": 18.0, "83": 22.0, "95": 25.0}}, "int_high": {"occ": {"5": 2010.0, "17": 2010.0, "50": 2011.0, "83": 2012.0, "95": 2014.0}, "chrnc": {"5": 2020.0, "17": 2022.0, "50": 2025.0, "83": 2028.0, "95": 2030.0}, "delta": {"5": 8.0, "17": 10.0, "50": 13.0, "83": 17.0, "95": 20.0}}, "kopp": {"occ": {"5": 2012.0, "17": 2012.0, "50": 2014.0, "83": 2021.0, "95": 2027.0}, "chrnc": {"5": 2030.0, "17": 2036.0, "50": 2041.0, "83": 2049.0, "95": 2055.0}, "delta": {"5": 13.0, "17": 18.0, "50": 25.0, "83": 33.0, "95": 39.0}}}