{"int_low": {"occ": {"5": 2012.0, "17": 2013.0, "50": 2021.0, "83": 2025.0, "95": 2025.0}, "chrnc": {"5": 2046.0, "17": 2049.0, "50": 2054.0, "83": 2060.0, "95": 2062.0}, "delta": {"5": 23.0, "17": 27.830000000000155, "50": 35.0, "83": 42.0, "95": 47.0}}, "int": {"occ": {"5": 2010.0, "17": 2012.0, "50": 2013.0, "83": 2020.0, "95": 2023.0}, "chrnc": {"5": 2029.0, "17": 2032.0, "50": 2035.0, "83": 2040.0, "95": 2042.0}, "delta": {"5": 10.950000000000045, "17": 16.0, "50": 21.0, "83": 26.0, "95": 30.0}}, "int_high": {"occ": {"5": 2010.0, "17": 2011.0, "50": 2013.0, "83": 2013.0, "95": 2017.0}, "chrnc": {"5": 2024.0, "17": 2026.0, "50": 2028.0, "83": 2030.0, "95": 2031.0}, "delta": {"5": 8.0, "17": 13.0, "50": 15.0, "83": 18.0, "95": 19.0}}, "kopp": {"occ": {"5": 2012.0, "17": 2013.0, "50": 2021.0, "83": 2025.0, "95": 2026.0}, "chrnc": {"5": 2043.0, "17": 2047.0, "50": 2054.0, "83": 2062.0, "95": 2071.0}, "delta": {"5": 22.0, "17": 26.0, "50": 34.0, "83": 43.0, "95": 52.0}}}