{"int_low": {"occ": {"5": 2011.0, "17": 2012.0, "50": 2016.0, "83": 2023.0, "95": 2033.0}, "chrnc": {"5": 2059.0, "17": 2062.0, "50": 2069.0, "83": 2077.0, "95": 2089.0}, "delta": {"5": 33.0, "17": 43.0, "50": 53.0, "83": 62.0, "95": 71.0}}, "int": {"occ": {"5": 2010.0, "17": 2010.8300000000002, "50": 2012.0, "83": 2016.0, "95": 2021.0}, "chrnc": {"5": 2042.0, "17": 2044.0, "50": 2049.0, "83": 2053.0, "95": 2055.0}, "delta": {"5": 25.0, "17": 30.0, "50": 36.0, "83": 41.0, "95": 43.0}}, "int_high": {"occ": {"5": 2010.0, "17": 2010.0, "50": 2012.0, "83": 2013.0, "95": 2020.0}, "chrnc": {"5": 2035.0, "17": 2038.0, "50": 2040.0, "83": 2042.0, "95": 2043.0499999999993}, "delta": {"5": 19.0, "17": 24.0, "50": 28.0, "83": 30.0, "95": 32.0}}, "kopp": {"occ": {"5": 2010.0, "17": 2011.0, "50": 2014.0, "83": 2021.0, "95": 2032.0}, "chrnc": {"5": 2043.0, "17": 2048.0, "50": 2058.0, "83": 2070.0, "95": 2082.0}, "delta": {"5": 26.0, "17": 32.0, "50": 42.0, "83": 53.18000000000029, "95": 64.0}}}