{"int_low": {"occ": {"5": 2012.0, "17": 2013.0, "50": 2015.0, "83": 2018.0, "95": 2023.0}, "chrnc": {"5": 2032.0, "17": 2036.0, "50": 2040.0, "83": 2044.0, "95": 2047.0499999999993}, "delta": {"5": 15.0, "17": 20.0, "50": 25.0, "83": 30.0, "95": 33.0}}, "int": {"occ": {"5": 2010.0, "17": 2012.0, "50": 2013.0, "83": 2015.0, "95": 2016.0}, "chrnc": {"5": 2022.0, "17": 2026.0, "50": 2028.0, "83": 2030.0, "95": 2031.0}, "delta": {"5": 7.0, "17": 11.0, "50": 15.0, "83": 17.0, "95": 19.0}}, "int_high": {"occ": {"5": 2010.0, "17": 2012.0, "50": 2013.0, "83": 2015.0, "95": 2015.0}, "chrnc": {"5": 2018.0, "17": 2019.0, "50": 2021.0, "83": 2024.0, "95": 2025.0499999999993}, "delta": {"5": 4.0, "17": 5.0, "50": 8.0, "83": 11.0, "95": 13.0}}, "kopp": {"occ": {"5": 2012.0, "17": 2013.0, "50": 2015.0, "83": 2021.0, "95": 2025.0}, "chrnc": {"5": 2033.0, "17": 2037.0, "50": 2044.0, "83": 2050.0, "95": 2059.0}, "delta": {"5": 16.0, "17": 21.0, "50": 28.0, "83": 35.0, "95": 42.0}}}