{"int_low": {"occ": {"5": 2011.95, "17": 2013.0, "50": 2013.0, "83": 2016.0, "95": 2027.0}, "chrnc": {"5": 2017.0, "17": 2022.8300000000002, "50": 2035.0, "83": 2051.0, "95": 2058.0499999999993}, "delta": {"5": 2.0, "17": 7.0, "50": 21.0, "83": 36.0, "95": 45.0}}, "int": {"occ": {"5": 2011.0, "17": 2013.0, "50": 2013.0, "83": 2014.0, "95": 2020.0}, "chrnc": {"5": 2016.0, "17": 2018.0, "50": 2026.0, "83": 2034.0, "95": 2038.0}, "delta": {"5": 2.0, "17": 4.0, "50": 12.0, "83": 21.0, "95": 25.0}}, "int_high": {"occ": {"5": 2010.0, "17": 2013.0, "50": 2013.0, "83": 2013.0, "95": 2019.0}, "chrnc": {"5": 2012.0, "17": 2014.0, "50": 2019.0, "83": 2025.0, "95": 2031.0}, "delta": {"5": -3.0, "17": -1.0, "50": 6.0, "83": 12.0, "95": 18.0}}, "kopp": {"occ": {"5": 2011.0, "17": 2013.0, "50": 2013.0, "83": 2015.0, "95": 2027.0}, "chrnc": {"5": 2017.0, "17": 2019.0, "50": 2030.0, "83": 2044.0, "95": 2059.0}, "delta": {"5": 2.0, "17": 5.0, "50": 16.0, "83": 29.0, "95": 43.0}}}