{"int_low": {"occ": {"5": 2053.0, "17": 2057.0, "50": 2064.0, "83": 2069.17, "95": 2074.0}, "chrnc": {"5": 2090.0, "17": 2092.0, "50": 2097.0, "83": 2100.0, "95": 2100.0}, "delta": {"5": 21.450000000000017, "17": 26.0, "50": 33.0, "83": 40.0, "95": 44.0}}, "int": {"occ": {"5": 2037.0, "17": 2039.0, "50": 2043.0, "83": 2046.0, "95": 2049.0499999999993}, "chrnc": {"5": 2058.0, "17": 2061.0, "50": 2064.0, "83": 2067.0, "95": 2068.0}, "delta": {"5": 13.0, "17": 16.0, "50": 21.0, "83": 25.0, "95": 28.049999999999272}}, "int_high": {"occ": {"5": 2030.0, "17": 2032.0, "50": 2035.0, "83": 2037.0, "95": 2039.0}, "chrnc": {"5": 2047.0, "17": 2048.0, "50": 2051.0, "83": 2053.0, "95": 2054.0}, "delta": {"5": 10.0, "17": 13.0, "50": 16.0, "83": 19.0, "95": 23.0}}, "kopp": {"occ": {"5": 2047.0, "17": 2052.0, "50": 2059.0, "83": 2069.0, "95": 2078.0}, "chrnc": {"5": 2068.0, "17": 2075.0, "50": 2085.0, "83": 2095.0, "95": 2099.0}, "delta": {"5": 15.0, "17": 20.0, "50": 26.0, "83": 33.0, "95": 38.0}}}