{"int_low": {"occ": {"5": 2061.0, "17": 2064.0, "50": 2071.0, "83": 2076.0, "95": 2085.0499999999993}, "chrnc": {"5": 2082.0, "17": 2088.0, "50": 2095.0, "83": 2098.0, "95": 2100.0}, "delta": {"5": 9.0, "17": 15.0, "50": 23.0, "83": 31.0, "95": 35.0}}, "int": {"occ": {"5": 2044.0, "17": 2046.0, "50": 2050.0, "83": 2054.0, "95": 2055.0}, "chrnc": {"5": 2057.0, "17": 2058.0, "50": 2060.0, "83": 2063.0, "95": 2066.0}, "delta": {"5": 4.0, "17": 6.830000000000155, "50": 10.0, "83": 14.0, "95": 18.0}}, "int_high": {"occ": {"5": 2038.0, "17": 2039.0, "50": 2041.0, "83": 2043.0, "95": 2045.0}, "chrnc": {"5": 2045.0, "17": 2047.0, "50": 2050.0, "83": 2052.0, "95": 2054.0}, "delta": {"5": 4.0, "17": 6.0, "50": 9.0, "83": 12.0, "95": 13.0}}, "kopp": {"occ": {"5": 2046.0, "17": 2053.0, "50": 2059.0, "83": 2070.0, "95": 2079.0}, "chrnc": {"5": 2058.0, "17": 2063.0, "50": 2074.0, "83": 2086.0, "95": 2095.0}, "delta": {"5": 5.0, "17": 8.0, "50": 14.0, "83": 19.0, "95": 25.0}}}