{"int_low": {"occ": {"5": 2013.0, "17": 2013.0, "50": 2014.0, "83": 2034.0, "95": 2050.0}, "chrnc": {"5": 2011.0, "17": 2016.0, "50": 2032.0, "83": 2053.0, "95": 2068.0}, "delta": {"5": -22.0, "17": -8.0, "50": 12.0, "83": 35.0, "95": 43.0}}, "int": {"occ": {"5": 2013.0, "17": 2013.0, "50": 2013.0, "83": 2019.0, "95": 2033.0}, "chrnc": {"5": 2011.0, "17": 2012.0, "50": 2018.0, "83": 2033.0, "95": 2036.0}, "delta": {"5": -11.049999999999955, "17": -2.0, "50": 3.0, "83": 18.0, "95": 22.0}}, "int_high": {"occ": {"5": 2013.0, "17": 2013.0, "50": 2013.0, "83": 2016.0, "95": 2019.0}, "chrnc": {"5": 2011.0, "17": 2012.0, "50": 2015.0, "83": 2020.0, "95": 2032.0}, "delta": {"5": -5.0, "17": -2.0, "50": 2.0, "83": 7.0, "95": 18.049999999999272}}, "kopp": {"occ": {"5": 2013.0, "17": 2013.0, "50": 2013.0, "83": 2033.0, "95": 2037.0}, "chrnc": {"5": 2011.0, "17": 2014.0, "50": 2023.0, "83": 2037.0, "95": 2055.0}, "delta": {"5": -20.0, "17": -4.0, "50": 5.0, "83": 22.0, "95": 38.0}}}