{"int_low": {"occ": {"5": 2048.0, "17": 2052.0, "50": 2056.0, "83": 2061.0, "95": 2065.0}, "chrnc": {"5": 2081.0, "17": 2086.0, "50": 2092.0, "83": 2097.0, "95": 2099.0}, "delta": {"5": 22.0, "17": 28.0, "50": 35.0, "83": 42.0, "95": 47.0}}, "int": {"occ": {"5": 2033.0, "17": 2036.0, "50": 2038.0, "83": 2041.0, "95": 2043.0499999999993}, "chrnc": {"5": 2051.0, "17": 2053.0, "50": 2055.0, "83": 2057.0, "95": 2059.0}, "delta": {"5": 10.0, "17": 13.0, "50": 16.0, "83": 20.0, "95": 23.0}}, "int_high": {"occ": {"5": 2026.0, "17": 2027.0, "50": 2030.0, "83": 2031.0, "95": 2033.0}, "chrnc": {"5": 2039.0, "17": 2041.0, "50": 2043.0, "83": 2045.0, "95": 2046.0}, "delta": {"5": 8.950000000000045, "17": 11.0, "50": 14.0, "83": 16.0, "95": 18.0}}, "kopp": {"occ": {"5": 2045.0, "17": 2050.0, "50": 2057.0, "83": 2066.0, "95": 2075.0}, "chrnc": {"5": 2062.0, "17": 2069.0, "50": 2078.0, "83": 2090.0, "95": 2097.0}, "delta": {"5": 12.0, "17": 16.0, "50": 22.0, "83": 29.0, "95": 34.0}}}