{"int_low": {"occ": {"5": 2010.0, "17": 2011.0, "50": 2011.0, "83": 2011.0, "95": 2015.0}, "chrnc": {"5": 2039.0, "17": 2043.0, "50": 2049.0, "83": 2056.0, "95": 2061.0}, "delta": {"5": 26.0, "17": 31.0, "50": 38.0, "83": 45.0, "95": 50.0}}, "int": {"occ": {"5": 2010.0, "17": 2011.0, "50": 2011.0, "83": 2011.0, "95": 2011.0}, "chrnc": {"5": 2026.0, "17": 2029.0, "50": 2034.0, "83": 2038.0, "95": 2041.0}, "delta": {"5": 14.950000000000045, "17": 18.0, "50": 23.0, "83": 27.0, "95": 30.0}}, "int_high": {"occ": {"5": 2010.0, "17": 2011.0, "50": 2011.0, "83": 2011.0, "95": 2011.0}, "chrnc": {"5": 2022.0, "17": 2024.0, "50": 2027.0, "83": 2030.0, "95": 2032.0499999999993}, "delta": {"5": 11.0, "17": 13.0, "50": 16.0, "83": 19.0, "95": 22.0}}, "kopp": {"occ": {"5": 2010.0, "17": 2011.0, "50": 2011.0, "83": 2011.0, "95": 2019.0}, "chrnc": {"5": 2033.0, "17": 2038.0, "50": 2045.0, "83": 2055.0, "95": 2066.0}, "delta": {"5": 20.0, "17": 27.0, "50": 33.0, "83": 44.0, "95": 54.0}}}