{"int_low": {"occ": {"5": 2012.0, "17": 2013.0, "50": 2021.0, "83": 2025.0, "95": 2025.0}, "chrnc": {"5": 2032.0, "17": 2034.0, "50": 2040.0, "83": 2045.0, "95": 2048.0}, "delta": {"5": 8.0, "17": 13.0, "50": 21.0, "83": 28.0, "95": 33.0}}, "int": {"occ": {"5": 2010.0, "17": 2012.0, "50": 2013.0, "83": 2020.0, "95": 2023.0}, "chrnc": {"5": 2020.0, "17": 2026.0, "50": 2028.0, "83": 2031.0, "95": 2034.0499999999993}, "delta": {"5": 4.0, "17": 8.0, "50": 14.0, "83": 18.0, "95": 21.0}}, "int_high": {"occ": {"5": 2010.0, "17": 2011.0, "50": 2013.0, "83": 2013.0, "95": 2017.0}, "chrnc": {"5": 2015.0, "17": 2018.0, "50": 2021.0, "83": 2024.0, "95": 2026.0}, "delta": {"5": 2.0, "17": 5.0, "50": 8.0, "83": 12.0, "95": 14.0}}, "kopp": {"occ": {"5": 2012.0, "17": 2013.0, "50": 2021.0, "83": 2025.0, "95": 2025.0499999999993}, "chrnc": {"5": 2032.0, "17": 2036.0, "50": 2044.0, "83": 2052.0, "95": 2060.0}, "delta": {"5": 11.0, "17": 16.0, "50": 24.0, "83": 33.0, "95": 39.0}}}