{"int_low": {"occ": {"5": 2028.0, "17": 2032.0, "50": 2036.0, "83": 2040.0, "95": 2044.0}, "chrnc": {"5": 2064.0, "17": 2067.0, "50": 2072.0, "83": 2077.0, "95": 2081.0499999999993}, "delta": {"5": 25.0, "17": 30.0, "50": 36.0, "83": 43.0, "95": 48.04999999999927}}, "int": {"occ": {"5": 2022.0, "17": 2024.0, "50": 2027.0, "83": 2030.0, "95": 2032.0}, "chrnc": {"5": 2044.0, "17": 2046.0, "50": 2048.0, "83": 2051.0, "95": 2053.0}, "delta": {"5": 15.950000000000045, "17": 18.0, "50": 22.0, "83": 25.0, "95": 28.0}}, "int_high": {"occ": {"5": 2018.0, "17": 2020.0, "50": 2022.0, "83": 2024.0, "95": 2025.0}, "chrnc": {"5": 2036.0, "17": 2038.0, "50": 2040.0, "83": 2041.0, "95": 2043.0}, "delta": {"5": 12.0, "17": 15.0, "50": 18.0, "83": 20.0, "95": 22.0}}}