{"int_low": {"occ": {"5": 2010.0, "17": 2010.0, "50": 2012.0, "83": 2013.17, "95": 2023.0}, "chrnc": {"5": 2049.0, "17": 2052.0, "50": 2058.0, "83": 2064.0, "95": 2067.0}, "delta": {"5": 31.0, "17": 38.0, "50": 45.0, "83": 52.0, "95": 55.0}}, "int": {"occ": {"5": 2010.0, "17": 2010.0, "50": 2011.0, "83": 2012.0, "95": 2013.0}, "chrnc": {"5": 2034.0, "17": 2036.0, "50": 2040.0, "83": 2043.0, "95": 2046.0}, "delta": {"5": 22.0, "17": 25.0, "50": 28.0, "83": 32.0, "95": 35.04999999999927}}, "int_high": {"occ": {"5": 2010.0, "17": 2010.0, "50": 2010.0, "83": 2012.0, "95": 2012.0}, "chrnc": {"5": 2026.0, "17": 2029.0, "50": 2031.0, "83": 2033.0, "95": 2036.0}, "delta": {"5": 16.0, "17": 18.0, "50": 21.0, "83": 23.0, "95": 25.049999999999272}}, "kopp": {"occ": {"5": 2010.0, "17": 2011.0, "50": 2012.0, "83": 2021.0, "95": 2024.0}, "chrnc": {"5": 2040.0, "17": 2045.0, "50": 2052.0, "83": 2060.0, "95": 2067.0}, "delta": {"5": 25.0, "17": 31.0, "50": 38.0, "83": 47.0, "95": 54.0}}}