{"int_low": {"occ": {"5": 2012.0, "17": 2012.0, "50": 2014.0, "83": 2020.0, "95": 2023.0}, "chrnc": {"5": 2040.0, "17": 2042.0, "50": 2046.0, "83": 2051.0, "95": 2054.0}, "delta": {"5": 20.0, "17": 25.0, "50": 31.0, "83": 37.0, "95": 41.0}}, "int": {"occ": {"5": 2010.0, "17": 2011.0, "50": 2012.0, "83": 2013.0, "95": 2019.0}, "chrnc": {"5": 2026.0, "17": 2030.0, "50": 2033.0, "83": 2036.0, "95": 2038.0}, "delta": {"5": 12.0, "17": 16.0, "50": 21.0, "83": 24.0, "95": 26.0}}, "int_high": {"occ": {"5": 2010.0, "17": 2010.0, "50": 2011.0, "83": 2011.0, "95": 2012.0}, "chrnc": {"5": 2022.0, "17": 2024.0, "50": 2026.0, "83": 2028.0, "95": 2030.0499999999993}, "delta": {"5": 11.0, "17": 13.0, "50": 15.0, "83": 17.170000000000073, "95": 20.0}}, "kopp": {"occ": {"5": 2012.0, "17": 2012.0, "50": 2014.0, "83": 2020.0, "95": 2025.0}, "chrnc": {"5": 2034.0, "17": 2038.0, "50": 2042.0, "83": 2050.0, "95": 2056.0}, "delta": {"5": 17.0, "17": 21.0, "50": 27.0, "83": 33.0, "95": 40.0}}}