{"int_low": {"occ": {"5": 2010.0, "17": 2017.0, "50": 2021.0, "83": 2027.0, "95": 2031.0}, "chrnc": {"5": 2050.0, "17": 2055.0, "50": 2060.0, "83": 2066.0, "95": 2070.0499999999993}, "delta": {"5": 25.950000000000045, "17": 31.0, "50": 38.0, "83": 47.0, "95": 53.0}}, "int": {"occ": {"5": 2010.0, "17": 2011.0, "50": 2016.0, "83": 2018.0, "95": 2021.0}, "chrnc": {"5": 2036.0, "17": 2039.0, "50": 2042.0, "83": 2044.17, "95": 2047.0}, "delta": {"5": 18.0, "17": 22.0, "50": 27.0, "83": 32.0, "95": 34.0}}, "int_high": {"occ": {"5": 2010.0, "17": 2012.0, "50": 2014.0, "83": 2015.0, "95": 2016.0}, "chrnc": {"5": 2028.0, "17": 2030.0, "50": 2033.0, "83": 2036.0, "95": 2037.0}, "delta": {"5": 14.0, "17": 16.0, "50": 19.0, "83": 23.0, "95": 25.0}}, "kopp": {"occ": {"5": 2016.0, "17": 2019.0, "50": 2025.0, "83": 2031.0, "95": 2035.0}, "chrnc": {"5": 2046.0, "17": 2050.0, "50": 2058.0, "83": 2067.0, "95": 2075.0}, "delta": {"5": 20.0, "17": 25.0, "50": 33.0, "83": 42.0, "95": 50.0}}}