{"int_low": {"occ": {"5": 2010.0, "17": 2010.0, "50": 2014.0, "83": 2018.0, "95": 2020.0}, "chrnc": {"5": 2023.0, "17": 2026.0, "50": 2031.0, "83": 2035.0, "95": 2038.0}, "delta": {"5": 7.0, "17": 11.0, "50": 17.0, "83": 22.0, "95": 26.0}}, "int": {"occ": {"5": 2010.0, "17": 2010.0, "50": 2013.0, "83": 2015.0, "95": 2018.0}, "chrnc": {"5": 2019.0, "17": 2021.0, "50": 2023.0, "83": 2026.0, "95": 2028.0499999999993}, "delta": {"5": 5.0, "17": 7.0, "50": 11.0, "83": 14.0, "95": 17.0}}, "int_high": {"occ": {"5": 2010.0, "17": 2010.0, "50": 2010.0, "83": 2013.0, "95": 2015.0}, "chrnc": {"5": 2016.0, "17": 2017.0, "50": 2018.0, "83": 2021.0, "95": 2022.0}, "delta": {"5": 2.0, "17": 5.0, "50": 7.0, "83": 10.0, "95": 12.0}}, "kopp": {"occ": {"5": 2010.0, "17": 2010.0, "50": 2014.0, "83": 2018.0, "95": 2021.0}, "chrnc": {"5": 2025.0, "17": 2028.0, "50": 2034.0, "83": 2039.0, "95": 2044.0499999999993}, "delta": {"5": 10.0, "17": 14.0, "50": 20.0, "83": 26.0, "95": 31.0}}}