{"int_low": {"occ": {"5": 2012.0, "17": 2013.0, "50": 2020.0, "83": 2027.0, "95": 2034.0}, "chrnc": {"5": 2059.0, "17": 2067.0, "50": 2074.0, "83": 2082.0, "95": 2089.0}, "delta": {"5": 34.0, "17": 44.0, "50": 54.0, "83": 64.0, "95": 71.0}}, "int": {"occ": {"5": 2011.0, "17": 2012.0, "50": 2017.0, "83": 2022.0, "95": 2025.0}, "chrnc": {"5": 2042.0, "17": 2046.0, "50": 2049.0, "83": 2052.0, "95": 2056.0499999999993}, "delta": {"5": 20.950000000000045, "17": 26.0, "50": 33.0, "83": 38.0, "95": 41.04999999999927}}, "int_high": {"occ": {"5": 2010.0, "17": 2011.0, "50": 2011.0, "83": 2017.0, "95": 2020.0}, "chrnc": {"5": 2030.0, "17": 2034.0, "50": 2037.0, "83": 2041.0, "95": 2043.0}, "delta": {"5": 14.0, "17": 20.0, "50": 25.0, "83": 29.0, "95": 32.0}}, "kopp": {"occ": {"5": 2012.0, "17": 2014.0, "50": 2021.0, "83": 2028.0, "95": 2036.0}, "chrnc": {"5": 2048.0, "17": 2054.0, "50": 2063.0, "83": 2075.0, "95": 2087.0}, "delta": {"5": 24.0, "17": 32.0, "50": 42.0, "83": 54.0, "95": 65.0}}}