{"int_low": {"occ": {"5": 2055.0, "17": 2063.0, "50": 2074.0, "83": 2086.0, "95": 2092.0}, "chrnc": {"5": 2077.0, "17": 2084.0, "50": 2092.0, "83": 2098.0, "95": 2100.0}, "delta": {"5": -5.0, "17": 5.0, "50": 17.0, "83": 30.0, "95": 39.0}}, "int": {"occ": {"5": 2039.95, "17": 2044.0, "50": 2050.0, "83": 2054.0, "95": 2057.0499999999993}, "chrnc": {"5": 2052.0, "17": 2056.0, "50": 2061.0, "83": 2065.0, "95": 2068.0}, "delta": {"5": -1.0, "17": 4.0, "50": 11.0, "83": 18.0, "95": 24.0}}, "int_high": {"occ": {"5": 2030.0, "17": 2035.0, "50": 2039.0, "83": 2043.0, "95": 2046.0}, "chrnc": {"5": 2042.0, "17": 2044.8300000000002, "50": 2048.0, "83": 2051.0, "95": 2054.0}, "delta": {"5": 1.0, "17": 4.0, "50": 9.0, "83": 14.0, "95": 19.0}}, "kopp": {"occ": {"5": 2043.0, "17": 2049.0, "50": 2060.0, "83": 2075.0, "95": 2088.0}, "chrnc": {"5": 2055.0, "17": 2062.0, "50": 2074.0, "83": 2089.0, "95": 2097.0}, "delta": {"5": -2.0, "17": 5.0, "50": 13.0, "83": 23.0, "95": 30.0}}}