{"int_low": {"occ": {"5": 2023.0, "17": 2025.0, "50": 2030.0, "83": 2035.0, "95": 2037.0}, "chrnc": {"5": 2055.0, "17": 2058.0, "50": 2062.0, "83": 2067.17, "95": 2071.0}, "delta": {"5": 22.0, "17": 26.0, "50": 32.0, "83": 39.0, "95": 45.0}}, "int": {"occ": {"5": 2019.0, "17": 2020.0, "50": 2022.0, "83": 2025.0, "95": 2028.0}, "chrnc": {"5": 2037.0, "17": 2039.0, "50": 2041.0, "83": 2044.0, "95": 2045.0499999999993}, "delta": {"5": 12.0, "17": 15.0, "50": 19.0, "83": 22.0, "95": 24.049999999999272}}, "int_high": {"occ": {"5": 2011.0, "17": 2017.0, "50": 2018.0, "83": 2020.0, "95": 2022.0}, "chrnc": {"5": 2030.0, "17": 2032.0, "50": 2034.0, "83": 2036.0, "95": 2037.0}, "delta": {"5": 10.0, "17": 13.0, "50": 16.0, "83": 19.0, "95": 22.0}}, "kopp": {"occ": {"5": 2024.0, "17": 2028.0, "50": 2033.0, "83": 2039.0, "95": 2044.0}, "chrnc": {"5": 2047.0, "17": 2052.0, "50": 2058.0, "83": 2067.0, "95": 2075.0}, "delta": {"5": 15.0, "17": 19.0, "50": 25.0, "83": 32.0, "95": 39.0}}}