{"int_low": {"occ": {"5": 2010.0, "17": 2010.0, "50": 2010.0, "83": 2021.0, "95": 2025.0}, "chrnc": {"5": 2011.0, "17": 2012.0, "50": 2018.0, "83": 2025.0, "95": 2028.0499999999993}, "delta": {"5": -10.0, "17": -3.0, "50": 4.0, "83": 12.170000000000073, "95": 17.0}}, "int": {"occ": {"5": 2010.0, "17": 2010.0, "50": 2010.0, "83": 2017.0, "95": 2023.0}, "chrnc": {"5": 2010.0, "17": 2011.0, "50": 2013.0, "83": 2021.0, "95": 2025.0}, "delta": {"5": -8.0, "17": 0.0, "50": 1.0, "83": 9.0, "95": 13.049999999999272}}, "int_high": {"occ": {"5": 2010.0, "17": 2010.0, "50": 2010.0, "83": 2011.0, "95": 2017.0}, "chrnc": {"5": 2010.0, "17": 2010.0, "50": 2011.0, "83": 2012.0, "95": 2019.0}, "delta": {"5": -1.0, "17": 0.0, "50": 0.0, "83": 1.0, "95": 8.0}}, "kopp": {"occ": {"5": 2010.0, "17": 2010.0, "50": 2011.0, "83": 2023.0, "95": 2025.0}, "chrnc": {"5": 2011.0, "17": 2013.0, "50": 2018.0, "83": 2026.0, "95": 2032.0}, "delta": {"5": -11.0, "17": -4.0, "50": 5.0, "83": 13.0, "95": 19.0}}}