{"int_low": {"occ": {"5": 2063.0, "17": 2069.0, "50": 2078.0, "83": 2085.0, "95": 2092.0}, "chrnc": {"5": NaN, "17": NaN, "50": NaN, "83": NaN, "95": NaN}, "delta": {"5": NaN, "17": NaN, "50": NaN, "83": NaN, "95": NaN}}, "int": {"occ": {"5": 2042.0, "17": 2046.0, "50": 2050.0, "83": 2053.0, "95": 2056.0499999999993}, "chrnc": {"5": 2069.0, "17": 2071.0, "50": 2075.0, "83": 2078.0, "95": 2080.0}, "delta": {"5": 18.0, "17": 21.0, "50": 25.0, "83": 29.0, "95": 32.0}}, "int_high": {"occ": {"5": 2034.0, "17": 2036.0, "50": 2038.0, "83": 2041.0, "95": 2043.0499999999993}, "chrnc": {"5": 2053.0, "17": 2055.0, "50": 2058.0, "83": 2060.0, "95": 2062.0}, "delta": {"5": 14.0, "17": 16.0, "50": 19.0, "83": 22.0, "95": 25.0}}, "kopp": {"occ": {"5": 2050.0, "17": 2055.0, "50": 2064.0, "83": 2076.0, "95": 2088.0}, "chrnc": {"5": 2070.0, "17": 2077.0, "50": 2088.0, "83": 2097.0, "95": 2100.0}, "delta": {"5": 17.0, "17": 21.0, "50": 27.0, "83": 33.0, "95": 38.0}}}