{"int_low": {"occ": {"5": 2021.0, "17": 2026.0, "50": 2032.0, "83": 2037.0, "95": 2041.0499999999993}, "chrnc": {"5": 2064.0, "17": 2069.0, "50": 2075.0, "83": 2083.0, "95": 2088.0}, "delta": {"5": 28.0, "17": 35.0, "50": 44.0, "83": 53.0, "95": 59.04999999999927}}, "int": {"occ": {"5": 2012.0, "17": 2016.0, "50": 2021.0, "83": 2026.0, "95": 2030.0}, "chrnc": {"5": 2043.0, "17": 2045.0, "50": 2048.0, "83": 2051.0, "95": 2053.0}, "delta": {"5": 17.0, "17": 21.0, "50": 27.0, "83": 33.0, "95": 37.0}}, "int_high": {"occ": {"5": 2011.95, "17": 2013.0, "50": 2016.0, "83": 2020.0, "95": 2022.0}, "chrnc": {"5": 2034.0, "17": 2036.0, "50": 2038.0, "83": 2040.0, "95": 2042.0}, "delta": {"5": 15.0, "17": 18.0, "50": 22.0, "83": 26.0, "95": 29.0}}, "kopp": {"occ": {"5": 2019.0, "17": 2023.0, "50": 2030.0, "83": 2038.0, "95": 2047.0}, "chrnc": {"5": 2047.0, "17": 2053.0, "50": 2062.0, "83": 2076.0, "95": 2088.0}, "delta": {"5": 19.0, "17": 24.0, "50": 32.0, "83": 43.0, "95": 52.0}}}