{"int_low": {"occ": {"5": 2016.0, "17": 2022.0, "50": 2028.0, "83": 2034.0, "95": 2037.0}, "chrnc": {"5": 2045.0, "17": 2051.0, "50": 2057.0, "83": 2063.0, "95": 2069.0}, "delta": {"5": 14.0, "17": 20.830000000000155, "50": 29.0, "83": 38.0, "95": 44.0}}, "int": {"occ": {"5": 2015.0, "17": 2016.0, "50": 2019.0, "83": 2023.0, "95": 2028.0}, "chrnc": {"5": 2034.0, "17": 2037.0, "50": 2040.0, "83": 2043.0, "95": 2046.0}, "delta": {"5": 10.0, "17": 16.0, "50": 21.0, "83": 25.0, "95": 28.0}}, "int_high": {"occ": {"5": 2013.0, "17": 2014.0, "50": 2017.0, "83": 2019.0, "95": 2021.0}, "chrnc": {"5": 2026.0, "17": 2028.8300000000002, "50": 2032.0, "83": 2035.0, "95": 2037.0}, "delta": {"5": 8.0, "17": 11.0, "50": 15.0, "83": 19.0, "95": 21.0}}, "kopp": {"occ": {"5": 2016.0, "17": 2021.0, "50": 2028.0, "83": 2035.0, "95": 2039.0}, "chrnc": {"5": 2040.0, "17": 2043.0, "50": 2051.0, "83": 2059.0, "95": 2068.0}, "delta": {"5": 11.0, "17": 16.0, "50": 23.0, "83": 31.0, "95": 38.0}}}