{"int_low": {"occ": {"5": 2034.0, "17": 2037.0, "50": 2041.0, "83": 2046.0, "95": 2050.0}, "chrnc": {"5": 2059.0, "17": 2061.0, "50": 2066.0, "83": 2070.0, "95": 2073.0}, "delta": {"5": 13.0, "17": 18.0, "50": 24.0, "83": 31.0, "95": 35.0}}, "int": {"occ": {"5": 2026.0, "17": 2029.0, "50": 2033.0, "83": 2036.0, "95": 2038.0}, "chrnc": {"5": 2045.0, "17": 2047.0, "50": 2051.0, "83": 2054.0, "95": 2056.0}, "delta": {"5": 10.0, "17": 13.0, "50": 18.0, "83": 23.0, "95": 27.0}}, "int_high": {"occ": {"5": 2023.0, "17": 2025.0, "50": 2028.0, "83": 2032.0, "95": 2034.0}, "chrnc": {"5": 2040.0, "17": 2041.0, "50": 2043.0, "83": 2045.0, "95": 2047.0}, "delta": {"5": 8.0, "17": 10.830000000000155, "50": 15.0, "83": 18.170000000000073, "95": 21.0}}, "kopp": {"occ": {"5": 2031.0, "17": 2036.0, "50": 2039.0, "83": 2044.0, "95": 2050.0}, "chrnc": {"5": 2049.0, "17": 2055.0, "50": 2059.0, "83": 2066.0, "95": 2072.0}, "delta": {"5": 10.0, "17": 15.0, "50": 20.0, "83": 25.0, "95": 30.0}}}