{"int_low": {"occ": {"5": 2049.0, "17": 2053.0, "50": 2058.0, "83": 2062.0, "95": 2067.0}, "chrnc": {"5": 2089.9500000000003, "17": 2091.0, "50": 2096.0, "83": 2100.0, "95": 2100.0}, "delta": {"5": 28.0, "17": 33.0, "50": 38.0, "83": 45.0, "95": 49.04999999999973}}, "int": {"occ": {"5": 2033.0, "17": 2035.0, "50": 2039.0, "83": 2042.0, "95": 2044.0}, "chrnc": {"5": 2055.0, "17": 2057.0, "50": 2061.0, "83": 2064.0, "95": 2066.0}, "delta": {"5": 15.0, "17": 18.0, "50": 23.0, "83": 27.0, "95": 30.0}}, "int_high": {"occ": {"5": 2026.0, "17": 2028.0, "50": 2030.0, "83": 2032.0, "95": 2033.0}, "chrnc": {"5": 2045.0, "17": 2046.0, "50": 2048.0, "83": 2050.0, "95": 2051.0}, "delta": {"5": 14.0, "17": 16.0, "50": 18.0, "83": 21.0, "95": 23.0}}, "kopp": {"occ": {"5": 2046.0, "17": 2050.0, "50": 2057.0, "83": 2066.0, "95": 2076.0}, "chrnc": {"5": 2067.0, "17": 2073.0, "50": 2085.0, "83": 2094.0, "95": 2099.0}, "delta": {"5": 18.0, "17": 22.0, "50": 28.0, "83": 35.0, "95": 40.0}}}