{"int_low": {"occ": {"5": 2046.0, "17": 2049.0, "50": 2054.0, "83": 2060.0, "95": 2062.0}, "chrnc": {"5": 2090.0, "17": 2091.0, "50": 2099.0, "83": 2100.0, "95": 2100.0}, "delta": {"5": 29.450000000000003, "17": 36.0, "50": 43.0, "83": 52.0, "95": 56.649999999999864}}, "int": {"occ": {"5": 2029.0, "17": 2032.0, "50": 2035.0, "83": 2040.0, "95": 2042.0}, "chrnc": {"5": 2055.0, "17": 2059.0, "50": 2062.0, "83": 2064.0, "95": 2066.0}, "delta": {"5": 18.0, "17": 21.0, "50": 27.0, "83": 31.0, "95": 34.0}}, "int_high": {"occ": {"5": 2024.0, "17": 2026.0, "50": 2028.0, "83": 2030.0, "95": 2031.0}, "chrnc": {"5": 2045.0, "17": 2046.0, "50": 2048.0, "83": 2049.0, "95": 2050.0}, "delta": {"5": 15.950000000000045, "17": 17.0, "50": 20.0, "83": 22.0, "95": 25.0}}, "kopp": {"occ": {"5": 2043.0, "17": 2047.0, "50": 2054.0, "83": 2062.0, "95": 2071.0}, "chrnc": {"5": 2068.0, "17": 2076.0, "50": 2086.0, "83": 2096.0, "95": 2099.0}, "delta": {"5": 22.0, "17": 27.0, "50": 34.0, "83": 41.0, "95": 46.0}}}