{"int_low": {"occ": {"5": 2038.0, "17": 2040.0, "50": 2044.0, "83": 2048.0, "95": 2051.0499999999993}, "chrnc": {"5": 2071.0, "17": 2075.0, "50": 2079.0, "83": 2084.0, "95": 2088.0}, "delta": {"5": 25.0, "17": 29.830000000000155, "50": 35.0, "83": 41.0, "95": 46.0}}, "int": {"occ": {"5": 2028.0, "17": 2029.0, "50": 2032.0, "83": 2035.0, "95": 2037.0}, "chrnc": {"5": 2047.0, "17": 2049.0, "50": 2051.0, "83": 2053.0, "95": 2055.0}, "delta": {"5": 13.0, "17": 16.0, "50": 19.0, "83": 22.0, "95": 25.0}}, "int_high": {"occ": {"5": 2022.0, "17": 2024.0, "50": 2026.0, "83": 2028.0, "95": 2030.0}, "chrnc": {"5": 2038.0, "17": 2040.0, "50": 2041.0, "83": 2043.0, "95": 2044.0}, "delta": {"5": 11.0, "17": 13.0, "50": 16.0, "83": 18.0, "95": 20.0}}, "kopp": {"occ": {"5": 2036.0, "17": 2040.0, "50": 2045.0, "83": 2052.0, "95": 2057.0}, "chrnc": {"5": 2056.0, "17": 2062.0, "50": 2070.0, "83": 2080.0, "95": 2089.0}, "delta": {"5": 16.0, "17": 19.0, "50": 25.0, "83": 31.0, "95": 37.0}}}