{"int_low": {"occ": {"5": 2013.0, "17": 2013.0, "50": 2015.0, "83": 2017.0, "95": 2023.0}, "chrnc": {"5": 2040.0, "17": 2043.0, "50": 2048.0, "83": 2052.0, "95": 2056.0}, "delta": {"5": 23.0, "17": 27.0, "50": 33.0, "83": 37.0, "95": 41.04999999999927}}, "int": {"occ": {"5": 2010.0, "17": 2013.0, "50": 2014.0, "83": 2015.0, "95": 2018.0}, "chrnc": {"5": 2030.0, "17": 2032.0, "50": 2035.0, "83": 2037.0, "95": 2039.0}, "delta": {"5": 15.0, "17": 17.0, "50": 21.0, "83": 23.170000000000073, "95": 26.0}}, "int_high": {"occ": {"5": 2010.0, "17": 2013.0, "50": 2013.0, "83": 2015.0, "95": 2016.0}, "chrnc": {"5": 2024.0, "17": 2026.0, "50": 2028.0, "83": 2031.0, "95": 2032.0}, "delta": {"5": 9.0, "17": 12.0, "50": 15.0, "83": 17.0, "95": 19.0}}, "kopp": {"occ": {"5": 2013.0, "17": 2013.0, "50": 2015.0, "83": 2017.17, "95": 2023.0}, "chrnc": {"5": 2039.0, "17": 2043.0, "50": 2048.0, "83": 2055.0, "95": 2062.0}, "delta": {"5": 23.0, "17": 27.0, "50": 33.0, "83": 40.0, "95": 47.0}}}