{"int_low": {"occ": {"5": 2010.0, "17": 2012.0, "50": 2015.0, "83": 2023.0, "95": 2031.0}, "chrnc": {"5": 2036.0, "17": 2044.0, "50": 2053.0, "83": 2064.0, "95": 2074.0}, "delta": {"5": 15.0, "17": 25.0, "50": 38.0, "83": 49.0, "95": 56.04999999999927}}, "int": {"occ": {"5": 2010.0, "17": 2011.0, "50": 2013.0, "83": 2017.17, "95": 2024.0}, "chrnc": {"5": 2028.0, "17": 2031.0, "50": 2037.0, "83": 2043.0, "95": 2047.0}, "delta": {"5": 12.0, "17": 16.0, "50": 22.0, "83": 30.0, "95": 34.0}}, "int_high": {"occ": {"5": 2010.0, "17": 2010.0, "50": 2013.0, "83": 2015.0, "95": 2023.0}, "chrnc": {"5": 2022.0, "17": 2025.0, "50": 2029.0, "83": 2033.0, "95": 2037.0}, "delta": {"5": 7.0, "17": 11.0, "50": 16.0, "83": 21.0, "95": 24.049999999999272}}, "kopp": {"occ": {"5": 2010.0, "17": 2011.0, "50": 2017.0, "83": 2026.0, "95": 2036.0}, "chrnc": {"5": 2037.0, "17": 2044.0, "50": 2053.0, "83": 2064.0, "95": 2074.0}, "delta": {"5": 15.0, "17": 23.0, "50": 35.0, "83": 47.0, "95": 56.0}}}