{"int_low": {"occ": {"5": 2012.0, "17": 2014.0, "50": 2023.0, "83": 2035.0, "95": 2045.0499999999993}, "chrnc": {"5": 2089.0, "17": 2095.0, "50": 2097.0, "83": 2100.0, "95": 2100.0}, "delta": {"5": 53.0, "17": 62.0, "50": 75.0, "83": 83.0, "95": 86.0}}, "int": {"occ": {"5": 2010.0, "17": 2011.0, "50": 2018.0, "83": 2025.0, "95": 2031.0}, "chrnc": {"5": 2058.95, "17": 2061.0, "50": 2066.0, "83": 2070.0, "95": 2072.0}, "delta": {"5": 33.0, "17": 39.0, "50": 48.0, "83": 56.0, "95": 60.0}}, "int_high": {"occ": {"5": 2010.0, "17": 2010.0, "50": 2012.0, "83": 2021.0, "95": 2025.0}, "chrnc": {"5": 2045.0, "17": 2048.0, "50": 2050.0, "83": 2053.0, "95": 2055.0}, "delta": {"5": 24.0, "17": 29.0, "50": 36.0, "83": 41.0, "95": 43.0}}, "kopp": {"occ": {"5": 2010.0, "17": 2014.0, "50": 2021.0, "83": 2032.0, "95": 2041.0}, "chrnc": {"5": 2058.0, "17": 2066.0, "50": 2078.0, "83": 2092.0, "95": 2098.0}, "delta": {"5": 35.0, "17": 43.77000000000021, "50": 57.0, "83": 71.0, "95": 80.0}}}