{"int_low": {"occ": {"5": 2010.0, "17": 2011.0, "50": 2013.0, "83": 2019.0, "95": 2032.0}, "chrnc": {"5": 2057.0, "17": 2061.83, "50": 2070.0, "83": 2081.0, "95": 2090.0}, "delta": {"5": 35.0, "17": 47.0, "50": 55.0, "83": 66.0, "95": 76.0}}, "int": {"occ": {"5": 2010.0, "17": 2011.0, "50": 2013.0, "83": 2018.0, "95": 2021.0}, "chrnc": {"5": 2040.0, "17": 2042.8300000000002, "50": 2047.0, "83": 2052.0, "95": 2055.0}, "delta": {"5": 22.0, "17": 28.0, "50": 33.0, "83": 39.0, "95": 42.0}}, "int_high": {"occ": {"5": 2010.0, "17": 2011.0, "50": 2013.0, "83": 2013.0, "95": 2019.0}, "chrnc": {"5": 2029.0, "17": 2034.0, "50": 2038.0, "83": 2040.0, "95": 2042.0}, "delta": {"5": 15.950000000000045, "17": 20.0, "50": 25.0, "83": 28.0, "95": 30.0}}, "kopp": {"occ": {"5": 2010.0, "17": 2011.0, "50": 2013.0, "83": 2019.0, "95": 2028.0}, "chrnc": {"5": 2040.0, "17": 2045.0, "50": 2056.0, "83": 2070.0, "95": 2084.0}, "delta": {"5": 25.0, "17": 31.0, "50": 41.0, "83": 55.0, "95": 68.0}}}