{"int_low": {"occ": {"5": 2010.0, "17": 2010.0, "50": 2016.0, "83": 2022.0, "95": 2025.0}, "chrnc": {"5": 2051.95, "17": 2055.0, "50": 2061.0, "83": 2066.0, "95": 2069.0}, "delta": {"5": 31.0, "17": 37.0, "50": 44.0, "83": 51.0, "95": 57.0}}, "int": {"occ": {"5": 2010.0, "17": 2013.0, "50": 2014.0, "83": 2015.0, "95": 2016.0}, "chrnc": {"5": 2034.0, "17": 2036.0, "50": 2040.0, "83": 2044.0, "95": 2045.0}, "delta": {"5": 19.950000000000045, "17": 22.0, "50": 26.0, "83": 30.0, "95": 32.0}}, "int_high": {"occ": {"5": 2010.0, "17": 2013.0, "50": 2014.0, "83": 2015.0, "95": 2015.0}, "chrnc": {"5": 2027.0, "17": 2029.0, "50": 2031.0, "83": 2033.0, "95": 2035.0}, "delta": {"5": 13.0, "17": 14.830000000000155, "50": 17.0, "83": 20.0, "95": 22.0}}, "kopp": {"occ": {"5": 2011.0, "17": 2011.0, "50": 2019.0, "83": 2025.0, "95": 2030.0}, "chrnc": {"5": 2047.0, "17": 2052.0, "50": 2059.0, "83": 2069.0, "95": 2078.0}, "delta": {"5": 26.0, "17": 32.0, "50": 40.0, "83": 51.0, "95": 59.0}}}