{"int_low": {"occ": {"5": 2012.0, "17": 2013.0, "50": 2013.0, "83": 2013.0, "95": 2034.0}, "chrnc": {"5": 2014.0, "17": 2022.0, "50": 2039.0, "83": 2068.0, "95": 2088.0}, "delta": {"5": -4.0499999999999545, "17": 6.0, "50": 24.0, "83": 53.17000000000007, "95": 74.0}}, "int": {"occ": {"5": 2012.0, "17": 2013.0, "50": 2013.0, "83": 2013.0, "95": 2019.0}, "chrnc": {"5": 2011.0, "17": 2016.8300000000002, "50": 2025.0, "83": 2034.0, "95": 2036.0}, "delta": {"5": -3.0, "17": 2.0, "50": 12.0, "83": 21.0, "95": 23.0}}, "int_high": {"occ": {"5": 2012.0, "17": 2013.0, "50": 2013.0, "83": 2013.0, "95": 2013.0}, "chrnc": {"5": 2011.0, "17": 2014.0, "50": 2016.0, "83": 2028.0, "95": 2033.0}, "delta": {"5": -2.0, "17": 1.0, "50": 3.0, "83": 15.0, "95": 20.0}}, "kopp": {"occ": {"5": 2012.0, "17": 2013.0, "50": 2013.0, "83": 2013.0, "95": 2034.0}, "chrnc": {"5": 2010.0, "17": 2017.0, "50": 2029.0, "83": 2049.0, "95": 2067.0}, "delta": {"5": -7.0, "17": 3.0, "50": 15.0, "83": 34.0, "95": 44.0}}}