{"int_low": {"occ": {"5": 2011.0, "17": 2012.0, "50": 2016.0, "83": 2022.0, "95": 2030.0}, "chrnc": {"5": 2058.0, "17": 2062.0, "50": 2069.0, "83": 2076.0, "95": 2082.0}, "delta": {"5": 37.0, "17": 43.0, "50": 52.0, "83": 60.0, "95": 67.04999999999927}}, "int": {"occ": {"5": 2010.0, "17": 2010.0, "50": 2013.0, "83": 2017.0, "95": 2020.0499999999993}, "chrnc": {"5": 2039.0, "17": 2042.0, "50": 2046.0, "83": 2049.0, "95": 2052.0}, "delta": {"5": 24.0, "17": 27.0, "50": 32.0, "83": 36.0, "95": 39.0}}, "int_high": {"occ": {"5": 2010.0, "17": 2010.0, "50": 2013.0, "83": 2015.0, "95": 2018.0}, "chrnc": {"5": 2031.0, "17": 2034.0, "50": 2037.0, "83": 2040.0, "95": 2041.0}, "delta": {"5": 16.0, "17": 20.0, "50": 24.0, "83": 28.0, "95": 30.0}}, "kopp": {"occ": {"5": 2011.0, "17": 2013.0, "50": 2019.0, "83": 2026.0, "95": 2032.0}, "chrnc": {"5": 2049.0, "17": 2054.0, "50": 2063.0, "83": 2074.0, "95": 2086.0}, "delta": {"5": 28.0, "17": 34.0, "50": 44.0, "83": 55.0, "95": 65.0}}}