{"int_low": {"occ": {"5": 2010.0, "17": 2012.0, "50": 2019.0, "83": 2031.0, "95": 2036.0499999999993}, "chrnc": {"5": 2018.0, "17": 2026.0, "50": 2042.0, "83": 2056.0, "95": 2070.0}, "delta": {"5": -7.0, "17": 6.0, "50": 21.0, "83": 38.0, "95": 49.0}}, "int": {"occ": {"5": 2010.0, "17": 2012.0, "50": 2013.0, "83": 2022.0, "95": 2029.0}, "chrnc": {"5": 2015.0, "17": 2020.0, "50": 2028.0, "83": 2036.17, "95": 2040.0}, "delta": {"5": -5.0499999999999545, "17": 3.0, "50": 12.0, "83": 22.0, "95": 27.0}}, "int_high": {"occ": {"5": 2010.0, "17": 2011.0, "50": 2013.0, "83": 2020.0, "95": 2024.0}, "chrnc": {"5": 2014.0, "17": 2015.0, "50": 2022.0, "83": 2029.0, "95": 2034.0}, "delta": {"5": -6.0, "17": 2.0, "50": 8.0, "83": 16.0, "95": 21.0}}, "kopp": {"occ": {"5": 2010.0, "17": 2012.0, "50": 2018.5, "83": 2028.0, "95": 2035.0}, "chrnc": {"5": 2017.0, "17": 2022.0, "50": 2034.0, "83": 2048.0, "95": 2060.0}, "delta": {"5": -7.0, "17": 4.0, "50": 15.0, "83": 29.0, "95": 41.0}}}