{"int_low": {"occ": {"5": 2011.0, "17": 2018.0, "50": 2022.0, "83": 2027.0, "95": 2031.0}, "chrnc": {"5": 2056.0, "17": 2062.0, "50": 2067.0, "83": 2075.0, "95": 2080.0}, "delta": {"5": 32.950000000000045, "17": 38.0, "50": 45.0, "83": 54.0, "95": 61.0}}, "int": {"occ": {"5": 2010.0, "17": 2012.0, "50": 2015.0, "83": 2018.0, "95": 2021.0499999999993}, "chrnc": {"5": 2037.0, "17": 2041.0, "50": 2044.0, "83": 2047.0, "95": 2049.0}, "delta": {"5": 21.0, "17": 25.0, "50": 29.0, "83": 34.0, "95": 36.0}}, "int_high": {"occ": {"5": 2010.0, "17": 2012.0, "50": 2013.0, "83": 2015.0, "95": 2015.0}, "chrnc": {"5": 2029.0, "17": 2030.8300000000002, "50": 2033.0, "83": 2036.0, "95": 2038.0}, "delta": {"5": 15.0, "17": 17.0, "50": 20.0, "83": 23.0, "95": 25.0}}, "kopp": {"occ": {"5": 2018.0, "17": 2021.0, "50": 2027.0, "83": 2032.0, "95": 2040.0}, "chrnc": {"5": 2051.0, "17": 2055.0, "50": 2064.0, "83": 2074.0, "95": 2084.0}, "delta": {"5": 24.0, "17": 29.0, "50": 37.0, "83": 46.0, "95": 55.0}}}