{"int_low": {"occ": {"5": 2018.0, "17": 2021.8300000000002, "50": 2028.0, "83": 2033.0, "95": 2037.0}, "chrnc": {"5": 2058.0, "17": 2064.0, "50": 2070.0, "83": 2076.0, "95": 2081.0}, "delta": {"5": 28.0, "17": 34.0, "50": 42.0, "83": 51.0, "95": 57.0}}, "int": {"occ": {"5": 2014.0, "17": 2017.0, "50": 2021.0, "83": 2025.0, "95": 2027.0}, "chrnc": {"5": 2041.0, "17": 2044.0, "50": 2047.0, "83": 2050.0, "95": 2051.0}, "delta": {"5": 16.0, "17": 20.830000000000155, "50": 25.0, "83": 30.0, "95": 34.0}}, "int_high": {"occ": {"5": 2010.0, "17": 2011.0, "50": 2015.0, "83": 2019.0, "95": 2021.0}, "chrnc": {"5": 2033.0, "17": 2035.0, "50": 2037.0, "83": 2040.0, "95": 2041.0}, "delta": {"5": 14.0, "17": 18.0, "50": 22.5, "83": 27.0, "95": 29.0}}, "kopp": {"occ": {"5": 2019.0, "17": 2024.0, "50": 2030.0, "83": 2036.0, "95": 2042.0}, "chrnc": {"5": 2050.0, "17": 2056.0, "50": 2064.0, "83": 2074.0, "95": 2084.0}, "delta": {"5": 20.0, "17": 26.0, "50": 34.0, "83": 43.0, "95": 52.0}}}