{"int_low": {"occ": {"5": 2061.0, "17": 2070.0, "50": 2083.0, "83": 2092.0, "95": 2097.0499999999993}, "chrnc": {"5": 2090.0, "17": 2090.0, "50": 2096.0, "83": 2100.0, "95": 2100.0}, "delta": {"5": -9.0, "17": -9.0, "50": 18.0, "83": 45.0, "95": 45.0}}, "int": {"occ": {"5": 2041.0, "17": 2045.0, "50": 2052.0, "83": 2057.0, "95": 2061.0}, "chrnc": {"5": 2069.0, "17": 2073.0, "50": 2077.0, "83": 2082.0, "95": 2085.0}, "delta": {"5": 13.0, "17": 19.0, "50": 26.0, "83": 33.0, "95": 39.0}}, "int_high": {"occ": {"5": 2032.0, "17": 2037.0, "50": 2041.0, "83": 2045.17, "95": 2049.0}, "chrnc": {"5": 2053.0, "17": 2056.0, "50": 2059.0, "83": 2062.0, "95": 2064.0499999999993}, "delta": {"5": 9.0, "17": 12.0, "50": 18.0, "83": 23.0, "95": 28.049999999999272}}, "kopp": {"occ": {"5": 2044.0, "17": 2050.0, "50": 2063.0, "83": 2079.0, "95": 2093.0}, "chrnc": {"5": 2065.0, "17": 2075.0, "50": 2087.0, "83": 2097.0, "95": 2100.0}, "delta": {"5": 12.0, "17": 18.0, "50": 26.0, "83": 35.0, "95": 42.0}}}