{"int_low": {"occ": {"5": 2023.0, "17": 2026.0, "50": 2031.0, "83": 2036.0, "95": 2038.0}, "chrnc": {"5": 2043.0, "17": 2045.0, "50": 2051.5, "83": 2056.0, "95": 2058.0}, "delta": {"5": 9.0, "17": 14.0, "50": 20.0, "83": 26.0, "95": 31.049999999999272}}, "int": {"occ": {"5": 2018.0, "17": 2021.0, "50": 2024.0, "83": 2028.0, "95": 2031.0}, "chrnc": {"5": 2035.0, "17": 2036.0, "50": 2038.0, "83": 2040.0, "95": 2042.0}, "delta": {"5": 7.0, "17": 10.0, "50": 14.0, "83": 18.0, "95": 21.0}}, "int_high": {"occ": {"5": 2014.95, "17": 2015.0, "50": 2017.0, "83": 2020.0, "95": 2021.0499999999993}, "chrnc": {"5": 2025.0, "17": 2027.0, "50": 2030.0, "83": 2033.0, "95": 2034.0}, "delta": {"5": 6.0, "17": 9.0, "50": 13.0, "83": 16.0, "95": 19.0}}, "kopp": {"occ": {"5": 2021.0, "17": 2023.0, "50": 2029.0, "83": 2036.0, "95": 2042.0}, "chrnc": {"5": 2036.0, "17": 2039.0, "50": 2044.0, "83": 2054.0, "95": 2063.0}, "delta": {"5": 7.0, "17": 10.0, "50": 16.0, "83": 22.0, "95": 28.0}}}