{"int_low": {"occ": {"5": 2010.0, "17": 2012.0, "50": 2013.0, "83": 2013.0, "95": 2019.0}, "chrnc": {"5": 2015.0, "17": 2017.0, "50": 2024.0, "83": 2032.0, "95": 2036.0}, "delta": {"5": 2.0, "17": 4.0, "50": 11.0, "83": 19.0, "95": 23.0}}, "int": {"occ": {"5": 2010.0, "17": 2011.0, "50": 2013.0, "83": 2013.0, "95": 2019.0}, "chrnc": {"5": 2014.0, "17": 2015.0, "50": 2020.0, "83": 2026.0, "95": 2031.0499999999993}, "delta": {"5": 0.900000000000091, "17": 2.0, "50": 7.0, "83": 14.0, "95": 19.0}}, "int_high": {"occ": {"5": 2010.0, "17": 2011.0, "50": 2013.0, "83": 2013.0, "95": 2014.0}, "chrnc": {"5": 2014.0, "17": 2014.0, "50": 2016.0, "83": 2020.0, "95": 2024.0}, "delta": {"5": 1.0, "17": 1.0, "50": 3.0, "83": 8.0, "95": 12.0}}, "kopp": {"occ": {"5": 2010.0, "17": 2011.0, "50": 2013.0, "83": 2013.0, "95": 2019.0}, "chrnc": {"5": 2015.0, "17": 2015.0, "50": 2021.0, "83": 2030.0, "95": 2035.0}, "delta": {"5": 1.0, "17": 2.0, "50": 8.0, "83": 17.0, "95": 22.0}}}