{"int_low": {"occ": {"5": 2016.0, "17": 2017.0, "50": 2025.0, "83": 2032.0, "95": 2037.0}, "chrnc": {"5": 2042.0, "17": 2047.0, "50": 2052.0, "83": 2058.0, "95": 2062.0}, "delta": {"5": 12.0, "17": 19.0, "50": 27.0, "83": 36.0, "95": 41.0}}, "int": {"occ": {"5": 2015.0, "17": 2016.0, "50": 2021.0, "83": 2026.0, "95": 2030.0}, "chrnc": {"5": 2035.0, "17": 2038.0, "50": 2041.0, "83": 2045.0, "95": 2047.0}, "delta": {"5": 10.0, "17": 14.0, "50": 20.0, "83": 26.0, "95": 29.049999999999272}}, "int_high": {"occ": {"5": 2014.0, "17": 2015.0, "50": 2018.0, "83": 2023.0, "95": 2026.0}, "chrnc": {"5": 2029.95, "17": 2032.0, "50": 2035.0, "83": 2038.0, "95": 2040.0}, "delta": {"5": 8.0, "17": 11.0, "50": 17.0, "83": 21.0, "95": 24.049999999999272}}, "kopp": {"occ": {"5": 2016.0, "17": 2017.0, "50": 2025.0, "83": 2032.0, "95": 2037.0}, "chrnc": {"5": 2039.0, "17": 2043.0, "50": 2049.0, "83": 2056.0, "95": 2061.0}, "delta": {"5": 10.0, "17": 16.0, "50": 24.0, "83": 32.0, "95": 38.0}}}