{"int_low": {"occ": {"5": 2011.0, "17": 2013.0, "50": 2013.0, "83": 2020.0, "95": 2031.0}, "chrnc": {"5": 2010.0, "17": 2012.0, "50": 2019.0, "83": 2032.0, "95": 2038.0}, "delta": {"5": -11.0, "17": -3.0, "50": 4.0, "83": 18.0, "95": 24.0}}, "int": {"occ": {"5": 2010.0, "17": 2013.0, "50": 2013.0, "83": 2014.0, "95": 2023.0}, "chrnc": {"5": 2010.0, "17": 2011.0, "50": 2015.5, "83": 2025.0, "95": 2032.0}, "delta": {"5": -6.0499999999999545, "17": -3.0, "50": 2.0, "83": 11.0, "95": 18.049999999999272}}, "int_high": {"occ": {"5": 2010.0, "17": 2012.0, "50": 2013.0, "83": 2013.0, "95": 2019.0}, "chrnc": {"5": 2010.0, "17": 2011.0, "50": 2011.0, "83": 2019.0, "95": 2023.0}, "delta": {"5": -3.0, "17": -2.0, "50": -2.0, "83": 5.0, "95": 10.0}}, "kopp": {"occ": {"5": 2011.0, "17": 2013.0, "50": 2013.0, "83": 2019.0, "95": 2028.0}, "chrnc": {"5": 2010.0, "17": 2011.0, "50": 2018.0, "83": 2029.0, "95": 2037.0}, "delta": {"5": -10.0, "17": -3.0, "50": 3.0, "83": 14.0, "95": 23.0}}}