{"int_low": {"occ": {"5": 2024.0, "17": 2029.0, "50": 2034.0, "83": 2039.0, "95": 2042.0499999999993}, "chrnc": {"5": 2067.0, "17": 2071.0, "50": 2077.0, "83": 2082.0, "95": 2086.0}, "delta": {"5": 30.0, "17": 35.830000000000155, "50": 43.0, "83": 50.0, "95": 56.0}}, "int": {"occ": {"5": 2020.0, "17": 2022.0, "50": 2025.0, "83": 2028.0, "95": 2031.0}, "chrnc": {"5": 2045.0, "17": 2047.0, "50": 2050.0, "83": 2052.0, "95": 2054.0}, "delta": {"5": 18.0, "17": 21.0, "50": 25.0, "83": 28.0, "95": 31.0}}, "int_high": {"occ": {"5": 2017.0, "17": 2018.0, "50": 2021.0, "83": 2023.0, "95": 2025.0}, "chrnc": {"5": 2037.0, "17": 2038.0, "50": 2040.0, "83": 2042.0, "95": 2044.0}, "delta": {"5": 14.0, "17": 16.0, "50": 19.0, "83": 22.0, "95": 24.0}}, "kopp": {"occ": {"5": 2027.0, "17": 2030.0, "50": 2036.0, "83": 2042.0, "95": 2047.0}, "chrnc": {"5": 2054.0, "17": 2059.0, "50": 2068.0, "83": 2078.0, "95": 2088.0}, "delta": {"5": 20.0, "17": 25.0, "50": 32.0, "83": 40.0, "95": 48.0}}}