{"int_low": {"occ": {"5": 2010.0, "17": 2011.0, "50": 2011.0, "83": 2012.0, "95": 2014.0}, "chrnc": {"5": 2016.0, "17": 2017.0, "50": 2021.0, "83": 2026.0, "95": 2032.0}, "delta": {"5": 4.0, "17": 6.0, "50": 9.0, "83": 14.170000000000073, "95": 20.049999999999272}}, "int": {"occ": {"5": 2010.0, "17": 2011.0, "50": 2011.0, "83": 2012.0, "95": 2014.0}, "chrnc": {"5": 2015.0, "17": 2017.0, "50": 2019.0, "83": 2021.0, "95": 2024.0}, "delta": {"5": 3.0, "17": 5.0, "50": 8.0, "83": 10.0, "95": 12.0}}, "int_high": {"occ": {"5": 2010.0, "17": 2011.0, "50": 2011.0, "83": 2012.0, "95": 2014.0}, "chrnc": {"5": 2013.0, "17": 2015.0, "50": 2015.0, "83": 2019.0, "95": 2021.0}, "delta": {"5": 1.0, "17": 4.0, "50": 4.0, "83": 8.0, "95": 10.0}}, "kopp": {"occ": {"5": 2010.0, "17": 2011.0, "50": 2011.0, "83": 2012.0, "95": 2014.0}, "chrnc": {"5": 2016.0, "17": 2017.0, "50": 2021.0, "83": 2027.0, "95": 2032.0}, "delta": {"5": 4.0, "17": 6.0, "50": 9.0, "83": 15.0, "95": 21.0}}}