{"int_low": {"occ": {"5": 2017.0, "17": 2022.0, "50": 2031.0, "83": 2039.0, "95": 2049.0}, "chrnc": {"5": 2069.0, "17": 2078.0, "50": 2085.0, "83": 2093.0, "95": 2097.0}, "delta": {"5": 33.0, "17": 42.830000000000155, "50": 54.0, "83": 65.0, "95": 71.0}}, "int": {"occ": {"5": 2017.0, "17": 2018.0, "50": 2025.0, "83": 2032.0, "95": 2036.0}, "chrnc": {"5": 2048.0, "17": 2053.0, "50": 2056.0, "83": 2059.0, "95": 2062.0}, "delta": {"5": 19.0, "17": 23.0, "50": 31.0, "83": 38.0, "95": 42.0}}, "int_high": {"occ": {"5": 2015.0, "17": 2017.0, "50": 2021.0, "83": 2025.0, "95": 2029.0499999999993}, "chrnc": {"5": 2041.0, "17": 2043.0, "50": 2045.0, "83": 2048.0, "95": 2050.0}, "delta": {"5": 15.0, "17": 20.0, "50": 24.0, "83": 29.0, "95": 32.0}}, "kopp": {"occ": {"5": 2017.0, "17": 2021.0, "50": 2029.0, "83": 2038.0, "95": 2048.0}, "chrnc": {"5": 2051.0, "17": 2057.0, "50": 2067.0, "83": 2081.0, "95": 2093.0}, "delta": {"5": 22.0, "17": 28.0, "50": 38.0, "83": 50.0, "95": 60.0}}}