{"int_low": {"occ": {"5": 2046.0, "17": 2049.0, "50": 2056.0, "83": 2062.0, "95": 2067.0}, "chrnc": {"5": 2088.0, "17": 2093.0, "50": 2097.0, "83": 2099.0, "95": 2100.0}, "delta": {"5": 27.0, "17": 33.0, "50": 41.0, "83": 47.0, "95": 51.0}}, "int": {"occ": {"5": 2038.0, "17": 2041.0, "50": 2044.0, "83": 2047.0, "95": 2050.0}, "chrnc": {"5": 2061.0, "17": 2064.0, "50": 2067.0, "83": 2071.0, "95": 2072.0}, "delta": {"5": 15.0, "17": 19.0, "50": 24.0, "83": 28.0, "95": 31.0}}, "int_high": {"occ": {"5": 2030.0, "17": 2034.0, "50": 2038.0, "83": 2040.0, "95": 2041.0499999999993}, "chrnc": {"5": 2050.0, "17": 2053.0, "50": 2055.0, "83": 2057.0, "95": 2058.0}, "delta": {"5": 11.0, "17": 14.0, "50": 17.0, "83": 21.0, "95": 24.049999999999272}}, "kopp": {"occ": {"5": 2039.0, "17": 2042.0, "50": 2049.0, "83": 2058.0, "95": 2067.0}, "chrnc": {"5": 2061.0, "17": 2067.0, "50": 2078.0, "83": 2091.0, "95": 2098.0}, "delta": {"5": 17.0, "17": 22.0, "50": 29.0, "83": 37.0, "95": 43.0}}}