{"int_low": {"occ": {"5": 2065.95, "17": 2073.83, "50": 2080.0, "83": 2088.0, "95": 2091.0499999999993}, "chrnc": {"5": NaN, "17": NaN, "50": NaN, "83": NaN, "95": NaN}, "delta": {"5": NaN, "17": NaN, "50": NaN, "83": NaN, "95": NaN}}, "int": {"occ": {"5": 2044.0, "17": 2047.0, "50": 2051.0, "83": 2054.0, "95": 2056.0}, "chrnc": {"5": 2067.0, "17": 2070.0, "50": 2072.0, "83": 2075.0, "95": 2077.0}, "delta": {"5": 14.0, "17": 18.0, "50": 21.0, "83": 26.0, "95": 29.0}}, "int_high": {"occ": {"5": 2036.0, "17": 2039.0, "50": 2041.0, "83": 2043.0, "95": 2045.0}, "chrnc": {"5": 2054.0, "17": 2055.0, "50": 2057.0, "83": 2059.0, "95": 2060.0}, "delta": {"5": 11.950000000000045, "17": 14.0, "50": 16.0, "83": 19.0, "95": 21.0}}, "kopp": {"occ": {"5": 2048.0, "17": 2055.0, "50": 2064.0, "83": 2077.0, "95": 2089.0}, "chrnc": {"5": 2067.0, "17": 2075.0, "50": 2086.0, "83": 2096.0, "95": 2099.0}, "delta": {"5": 15.0, "17": 19.0, "50": 24.0, "83": 30.0, "95": 34.0}}}