{"int_low": {"occ": {"5": 2010.0, "17": 2013.0, "50": 2020.0, "83": 2027.0, "95": 2032.0}, "chrnc": {"5": 2053.0, "17": 2057.0, "50": 2064.0, "83": 2069.17, "95": 2074.0}, "delta": {"5": 28.0, "17": 35.0, "50": 43.5, "83": 52.0, "95": 57.04999999999927}}, "int": {"occ": {"5": 2010.0, "17": 2011.0, "50": 2014.0, "83": 2019.0, "95": 2023.0}, "chrnc": {"5": 2037.0, "17": 2039.0, "50": 2043.0, "83": 2046.0, "95": 2049.0499999999993}, "delta": {"5": 18.0, "17": 23.0, "50": 29.0, "83": 34.0, "95": 36.0}}, "int_high": {"occ": {"5": 2010.0, "17": 2012.0, "50": 2013.0, "83": 2015.0, "95": 2018.0}, "chrnc": {"5": 2030.0, "17": 2032.0, "50": 2035.0, "83": 2037.0, "95": 2039.0}, "delta": {"5": 14.0, "17": 17.0, "50": 21.0, "83": 24.0, "95": 27.0}}, "kopp": {"occ": {"5": 2012.0, "17": 2018.0, "50": 2024.0, "83": 2031.0, "95": 2036.0}, "chrnc": {"5": 2047.0, "17": 2052.0, "50": 2059.0, "83": 2069.0, "95": 2078.0}, "delta": {"5": 22.0, "17": 27.0, "50": 36.0, "83": 45.0, "95": 53.0}}}