{"int_low": {"occ": {"5": 2010.0, "17": 2013.0, "50": 2015.0, "83": 2016.0, "95": 2021.0}, "chrnc": {"5": 2010.0, "17": 2015.0, "50": 2021.0, "83": 2026.0, "95": 2030.0499999999993}, "delta": {"5": -5.0, "17": -2.0, "50": 6.0, "83": 11.0, "95": 16.0}}, "int": {"occ": {"5": 2010.0, "17": 2011.8300000000002, "50": 2015.0, "83": 2015.0, "95": 2016.0}, "chrnc": {"5": 2010.0, "17": 2011.0, "50": 2013.0, "83": 2015.0, "95": 2019.0}, "delta": {"5": -5.0, "17": -3.0, "50": -1.0, "83": 3.0, "95": 6.0}}, "int_high": {"occ": {"5": 2010.0, "17": 2010.0, "50": 2014.0, "83": 2015.0, "95": 2015.0}, "chrnc": {"5": 2010.0, "17": 2011.0, "50": 2014.0, "83": 2015.0, "95": 2015.0}, "delta": {"5": -1.0, "17": 0.0, "50": 0.0, "83": 0.0, "95": 2.0}}, "kopp": {"occ": {"5": 2012.0, "17": 2014.0, "50": 2015.0, "83": 2018.0, "95": 2023.0}, "chrnc": {"5": 2012.0, "17": 2020.0, "50": 2025.0, "83": 2031.0, "95": 2036.0}, "delta": {"5": -3.0, "17": 4.0, "50": 9.0, "83": 16.0, "95": 21.0}}}