{"int_low": {"occ": {"5": 2010.0, "17": 2011.0, "50": 2014.0, "83": 2019.0, "95": 2022.0}, "chrnc": {"5": 2037.0, "17": 2042.0, "50": 2046.0, "83": 2052.0, "95": 2055.0499999999993}, "delta": {"5": 21.0, "17": 26.0, "50": 31.0, "83": 38.0, "95": 42.0}}, "int": {"occ": {"5": 2010.0, "17": 2011.0, "50": 2013.0, "83": 2015.0, "95": 2019.0}, "chrnc": {"5": 2026.0, "17": 2029.0, "50": 2032.0, "83": 2036.0, "95": 2038.0499999999993}, "delta": {"5": 10.0, "17": 14.830000000000155, "50": 19.0, "83": 23.0, "95": 26.0}}, "int_high": {"occ": {"5": 2010.0, "17": 2011.0, "50": 2012.0, "83": 2015.0, "95": 2015.0}, "chrnc": {"5": 2021.0, "17": 2023.0, "50": 2026.0, "83": 2028.0, "95": 2030.0}, "delta": {"5": 7.0, "17": 10.0, "50": 14.0, "83": 16.0, "95": 18.0}}}