{"int_low": {"occ": {"5": 2015.0, "17": 2018.8300000000002, "50": 2028.0, "83": 2036.0, "95": 2039.0}, "chrnc": {"5": 2066.0, "17": 2077.0, "50": 2084.0, "83": 2091.0, "95": 2094.0}, "delta": {"5": 37.0, "17": 45.0, "50": 56.0, "83": 67.0, "95": 73.0}}, "int": {"occ": {"5": 2014.0, "17": 2014.0, "50": 2019.0, "83": 2025.0, "95": 2032.0}, "chrnc": {"5": 2044.0, "17": 2047.0, "50": 2053.0, "83": 2055.0, "95": 2056.0}, "delta": {"5": 18.0, "17": 24.0, "50": 33.0, "83": 38.0, "95": 41.0}}, "int_high": {"occ": {"5": 2012.0, "17": 2013.0, "50": 2016.0, "83": 2019.0, "95": 2021.0}, "chrnc": {"5": 2038.0, "17": 2040.0, "50": 2041.0, "83": 2043.0, "95": 2045.0}, "delta": {"5": 19.0, "17": 22.0, "50": 25.0, "83": 28.0, "95": 31.0}}, "kopp": {"occ": {"5": 2014.0, "17": 2016.0, "50": 2023.0, "83": 2033.0, "95": 2037.0}, "chrnc": {"5": 2047.0, "17": 2055.0, "50": 2063.0, "83": 2076.0, "95": 2089.0}, "delta": {"5": 24.0, "17": 30.0, "50": 40.0, "83": 52.0, "95": 62.649999999999636}}}