{"int_low": {"occ": {"5": 2012.0, "17": 2013.0, "50": 2021.0, "83": 2025.0, "95": 2025.0}, "chrnc": {"5": 2011.0, "17": 2013.0, "50": 2017.0, "83": 2024.0, "95": 2027.0}, "delta": {"5": -12.0, "17": -9.0, "50": -1.0, "83": 7.0, "95": 12.0}}, "int": {"occ": {"5": 2010.0, "17": 2012.0, "50": 2013.0, "83": 2020.0, "95": 2023.0}, "chrnc": {"5": 2010.0, "17": 2012.0, "50": 2013.0, "83": 2018.0, "95": 2023.0}, "delta": {"5": -8.0, "17": -1.0, "50": 0.0, "83": 1.0, "95": 5.0}}, "int_high": {"occ": {"5": 2010.0, "17": 2011.0, "50": 2013.0, "83": 2013.0, "95": 2017.0}, "chrnc": {"5": 2010.0, "17": 2011.0, "50": 2013.0, "83": 2013.0, "95": 2017.0499999999993}, "delta": {"5": 0.0, "17": 0.0, "50": 0.0, "83": 0.0, "95": 0.0}}, "kopp": {"occ": {"5": 2012.0, "17": 2013.0, "50": 2021.0, "83": 2025.0, "95": 2025.0499999999993}, "chrnc": {"5": 2011.0, "17": 2012.0, "50": 2020.0, "83": 2029.0, "95": 2039.0}, "delta": {"5": -13.0, "17": -8.0, "50": 1.0, "83": 10.0, "95": 17.0}}}