{"int_low": {"occ": {"5": 2014.0, "17": 2015.0, "50": 2020.0, "83": 2028.0, "95": 2033.0499999999993}, "chrnc": {"5": 2056.0, "17": 2059.0, "50": 2065.0, "83": 2071.0, "95": 2074.0}, "delta": {"5": 29.0, "17": 35.0, "50": 44.0, "83": 52.0, "95": 58.0}}, "int": {"occ": {"5": 2012.0, "17": 2014.0, "50": 2016.0, "83": 2021.0, "95": 2025.0}, "chrnc": {"5": 2043.0, "17": 2045.0, "50": 2049.0, "83": 2052.0, "95": 2055.0}, "delta": {"5": 22.0, "17": 27.0, "50": 32.0, "83": 37.0, "95": 40.0}}, "int_high": {"occ": {"5": 2010.0, "17": 2012.0, "50": 2014.0, "83": 2019.0, "95": 2021.0}, "chrnc": {"5": 2037.0, "17": 2039.0, "50": 2041.0, "83": 2043.0, "95": 2045.0}, "delta": {"5": 18.0, "17": 21.830000000000155, "50": 27.0, "83": 30.0, "95": 32.0}}, "kopp": {"occ": {"5": 2012.0, "17": 2014.0, "50": 2018.0, "83": 2024.0, "95": 2031.0499999999993}, "chrnc": {"5": 2043.0, "17": 2048.0, "50": 2056.0, "83": 2066.0, "95": 2074.0}, "delta": {"5": 23.0, "17": 29.0, "50": 37.0, "83": 46.0, "95": 55.0}}}