{"int_low": {"occ": {"5": 2018.0, "17": 2022.0, "50": 2030.0, "83": 2038.0, "95": 2043.0}, "chrnc": {"5": 2049.0, "17": 2054.0, "50": 2061.0, "83": 2068.0, "95": 2073.0}, "delta": {"5": 13.0, "17": 21.0, "50": 31.0, "83": 41.0, "95": 48.0}}, "int": {"occ": {"5": 2012.0, "17": 2012.0, "50": 2020.0, "83": 2027.0, "95": 2030.0499999999993}, "chrnc": {"5": 2035.0, "17": 2038.0, "50": 2043.0, "83": 2047.0, "95": 2049.0499999999993}, "delta": {"5": 10.0, "17": 15.0, "50": 23.0, "83": 30.0, "95": 34.0}}, "int_high": {"occ": {"5": 2010.0, "17": 2011.0, "50": 2016.0, "83": 2021.0, "95": 2025.0}, "chrnc": {"5": 2029.0, "17": 2032.0, "50": 2035.0, "83": 2038.0, "95": 2040.0}, "delta": {"5": 8.0, "17": 12.0, "50": 19.0, "83": 25.0, "95": 28.0}}, "kopp": {"occ": {"5": 2013.0, "17": 2021.0, "50": 2028.0, "83": 2036.0, "95": 2044.0}, "chrnc": {"5": 2039.0, "17": 2044.0, "50": 2052.0, "83": 2063.0, "95": 2073.0}, "delta": {"5": 10.0, "17": 16.0, "50": 24.0, "83": 34.0, "95": 43.0}}}