{"int_low": {"occ": {"5": 2010.0, "17": 2012.0, "50": 2018.0, "83": 2033.0, "95": 2046.0}, "chrnc": {"5": 2017.0, "17": 2040.0, "50": 2065.0, "83": 2081.0, "95": 2091.0}, "delta": {"5": -3.0499999999999545, "17": 15.0, "50": 41.0, "83": 61.17000000000007, "95": 75.0}}, "int": {"occ": {"5": 2010.0, "17": 2012.0, "50": 2013.0, "83": 2024.0, "95": 2031.0499999999993}, "chrnc": {"5": 2017.0, "17": 2027.0, "50": 2041.0, "83": 2050.0, "95": 2055.0}, "delta": {"5": -3.0, "17": 8.0, "50": 24.0, "83": 35.0, "95": 41.0}}, "int_high": {"occ": {"5": 2010.0, "17": 2012.0, "50": 2013.0, "83": 2021.0, "95": 2025.0}, "chrnc": {"5": 2017.0, "17": 2023.0, "50": 2032.0, "83": 2039.0, "95": 2042.0}, "delta": {"5": 1.0, "17": 6.830000000000155, "50": 17.0, "83": 25.0, "95": 28.0}}, "kopp": {"occ": {"5": 2010.0, "17": 2012.0, "50": 2015.0, "83": 2029.0, "95": 2038.0}, "chrnc": {"5": 2017.0, "17": 2033.0, "50": 2049.0, "83": 2066.0, "95": 2080.0}, "delta": {"5": -2.5499999999999545, "17": 12.0, "50": 31.0, "83": 47.0, "95": 61.0}}}