{"int_low": {"occ": {"5": 2042.0, "17": 2057.0, "50": 2072.0, "83": 2087.0, "95": 2094.0499999999993}, "chrnc": {"5": 2079.0, "17": 2088.0, "50": 2096.0, "83": 2099.0, "95": 2100.0}, "delta": {"5": -3.0, "17": 9.0, "50": 26.0, "83": 43.0, "95": 57.0}}, "int": {"occ": {"5": 2017.0, "17": 2033.0, "50": 2045.0, "83": 2052.0, "95": 2058.0}, "chrnc": {"5": 2058.0, "17": 2063.0, "50": 2069.0, "83": 2075.0, "95": 2079.0}, "delta": {"5": 8.0, "17": 15.0, "50": 25.0, "83": 37.0, "95": 50.0}}, "int_high": {"occ": {"5": 2017.0, "17": 2022.0, "50": 2035.0, "83": 2041.0, "95": 2045.0}, "chrnc": {"5": 2045.0, "17": 2049.0, "50": 2054.0, "83": 2058.0, "95": 2060.0}, "delta": {"5": 7.0, "17": 11.0, "50": 19.0, "83": 32.0, "95": 38.04999999999927}}, "kopp": {"occ": {"5": 2027.0, "17": 2042.0, "50": 2055.0, "83": 2071.0, "95": 2086.0}, "chrnc": {"5": 2060.0, "17": 2069.0, "50": 2082.0, "83": 2094.0, "95": 2099.0}, "delta": {"5": 7.0, "17": 15.0, "50": 27.0, "83": 41.0, "95": 54.0}}}