{"int_low": {"occ": {"5": 2013.0, "17": 2013.0, "50": 2013.0, "83": 2013.0, "95": 2031.0}, "chrnc": {"5": 2043.0, "17": 2058.0, "50": 2067.0, "83": 2087.0, "95": 2091.0}, "delta": {"5": 29.0, "17": 44.0, "50": 54.0, "83": 74.0, "95": 77.0}}, "int": {"occ": {"5": 2013.0, "17": 2013.0, "50": 2013.0, "83": 2013.0, "95": 2014.0}, "chrnc": {"5": 2036.5000000000005, "17": 2039.8300000000002, "50": 2048.0, "83": 2052.0, "95": 2054.0}, "delta": {"5": 14.0, "17": 26.0, "50": 35.0, "83": 39.0, "95": 41.0}}, "int_high": {"occ": {"5": 2012.0, "17": 2013.0, "50": 2013.0, "83": 2013.0, "95": 2013.0499999999993}, "chrnc": {"5": 2022.0, "17": 2024.0, "50": 2030.0, "83": 2037.0, "95": 2038.0}, "delta": {"5": 9.0, "17": 11.0, "50": 17.0, "83": 24.0, "95": 25.0}}, "kopp": {"occ": {"5": 2013.0, "17": 2013.0, "50": 2013.0, "83": 2013.0, "95": 2016.0}, "chrnc": {"5": 2038.0, "17": 2042.0, "50": 2052.0, "83": 2069.0, "95": 2084.0}, "delta": {"5": 22.0, "17": 28.0, "50": 38.0, "83": 55.0, "95": 68.0}}}