{"int_low": {"occ": {"5": 2011.0, "17": 2013.0, "50": 2013.0, "83": 2020.0, "95": 2031.0}, "chrnc": {"5": 2041.0, "17": 2049.0, "50": 2062.0, "83": 2073.0, "95": 2081.0499999999993}, "delta": {"5": 23.0, "17": 32.0, "50": 47.0, "83": 59.0, "95": 68.0}}, "int": {"occ": {"5": 2010.0, "17": 2013.0, "50": 2013.0, "83": 2014.0, "95": 2023.0}, "chrnc": {"5": 2026.0, "17": 2034.0, "50": 2041.0, "83": 2047.0, "95": 2052.0}, "delta": {"5": 11.950000000000045, "17": 18.0, "50": 27.0, "83": 33.0, "95": 38.0}}, "int_high": {"occ": {"5": 2010.0, "17": 2012.0, "50": 2013.0, "83": 2013.0, "95": 2019.0}, "chrnc": {"5": 2022.0, "17": 2026.0, "50": 2032.0, "83": 2036.0, "95": 2039.0}, "delta": {"5": 8.0, "17": 12.0, "50": 19.0, "83": 24.0, "95": 26.0}}, "kopp": {"occ": {"5": 2011.0, "17": 2013.0, "50": 2013.0, "83": 2019.0, "95": 2028.0}, "chrnc": {"5": 2030.0, "17": 2038.0, "50": 2049.0, "83": 2063.0, "95": 2078.0}, "delta": {"5": 13.0, "17": 23.0, "50": 34.0, "83": 48.0, "95": 62.0}}}