{"int_low": {"occ": {"5": 2010.0, "17": 2010.0, "50": 2012.0, "83": 2018.0, "95": 2024.0}, "chrnc": {"5": 2053.95, "17": 2059.0, "50": 2066.0, "83": 2073.0, "95": 2076.0}, "delta": {"5": 36.0, "17": 44.0, "50": 53.0, "83": 61.0, "95": 64.0}}, "int": {"occ": {"5": 2010.0, "17": 2010.0, "50": 2013.0, "83": 2015.0, "95": 2020.0}, "chrnc": {"5": 2039.0, "17": 2042.0, "50": 2046.0, "83": 2050.0, "95": 2053.0}, "delta": {"5": 23.0, "17": 28.0, "50": 33.0, "83": 38.0, "95": 41.0}}, "int_high": {"occ": {"5": 2010.0, "17": 2010.0, "50": 2012.0, "83": 2013.0, "95": 2020.0}, "chrnc": {"5": 2030.0, "17": 2034.0, "50": 2038.0, "83": 2040.0, "95": 2042.0}, "delta": {"5": 15.950000000000045, "17": 20.0, "50": 26.0, "83": 29.0, "95": 30.049999999999272}}, "kopp": {"occ": {"5": 2010.0, "17": 2010.0, "50": 2013.0, "83": 2018.0, "95": 2024.0}, "chrnc": {"5": 2041.0, "17": 2045.0, "50": 2054.0, "83": 2066.0, "95": 2076.0}, "delta": {"5": 26.0, "17": 31.0, "50": 40.0, "83": 52.0, "95": 62.0}}}