{"int_low": {"occ": {"5": 2078.0, "17": 2081.4300000000003, "50": 2097.0, "83": 2100.0, "95": 2100.0}, "chrnc": {"5": NaN, "17": NaN, "50": NaN, "83": NaN, "95": NaN}, "delta": {"5": NaN, "17": NaN, "50": NaN, "83": NaN, "95": NaN}}, "int": {"occ": {"5": 2046.95, "17": 2057.0, "50": 2064.0, "83": 2071.0, "95": 2073.0}, "chrnc": {"5": 2091.0, "17": 2094.0, "50": 2096.0, "83": 2098.0, "95": 2099.0}, "delta": {"5": 21.0, "17": 25.0, "50": 32.0, "83": 38.0, "95": 49.04999999999927}}, "int_high": {"occ": {"5": 2040.0, "17": 2042.0, "50": 2047.0, "83": 2052.0, "95": 2055.0}, "chrnc": {"5": 2063.95, "17": 2067.0, "50": 2073.0, "83": 2075.0, "95": 2076.0}, "delta": {"5": 13.950000000000045, "17": 19.0, "50": 25.0, "83": 31.0, "95": 34.0}}, "kopp": {"occ": {"5": 2052.0, "17": 2061.0, "50": 2076.0, "83": 2092.0, "95": 2098.0}, "chrnc": {"5": 2076.0, "17": 2083.0, "50": 2096.0, "83": 2099.0, "95": 2100.0}, "delta": {"5": 18.0, "17": 23.0, "50": 31.0, "83": 38.0, "95": 45.0}}}