{"int_low": {"occ": {"5": 2021.95, "17": 2023.0, "50": 2028.0, "83": 2033.0, "95": 2036.0}, "chrnc": {"5": 2049.0, "17": 2054.0, "50": 2058.0, "83": 2062.0, "95": 2069.0}, "delta": {"5": 19.0, "17": 24.0, "50": 29.0, "83": 36.0, "95": 41.0}}, "int": {"occ": {"5": 2018.0, "17": 2019.0, "50": 2021.0, "83": 2023.0, "95": 2027.0}, "chrnc": {"5": 2037.0, "17": 2039.0, "50": 2040.0, "83": 2043.0, "95": 2045.0}, "delta": {"5": 14.0, "17": 17.0, "50": 20.0, "83": 22.170000000000073, "95": 25.0}}, "int_high": {"occ": {"5": 2014.0, "17": 2015.0, "50": 2016.0, "83": 2018.0, "95": 2020.0}, "chrnc": {"5": 2029.0, "17": 2031.0, "50": 2034.0, "83": 2036.0, "95": 2038.0}, "delta": {"5": 11.950000000000045, "17": 15.0, "50": 18.0, "83": 21.0, "95": 22.0}}, "kopp": {"occ": {"5": 2021.0, "17": 2023.0, "50": 2028.0, "83": 2034.0, "95": 2037.0}, "chrnc": {"5": 2041.0, "17": 2045.0, "50": 2053.0, "83": 2060.0, "95": 2069.0}, "delta": {"5": 14.0, "17": 18.0, "50": 24.0, "83": 31.0, "95": 37.0}}}