{"int_low": {"occ": {"5": 2010.0, "17": 2010.0, "50": 2011.0, "83": 2011.0, "95": 2013.0}, "chrnc": {"5": 2012.0, "17": 2012.0, "50": 2014.0, "83": 2020.0, "95": 2025.0}, "delta": {"5": -0.049999999999954525, "17": 1.0, "50": 3.0, "83": 9.170000000000073, "95": 14.0}}, "int": {"occ": {"5": 2010.0, "17": 2010.0, "50": 2011.0, "83": 2011.0, "95": 2012.0}, "chrnc": {"5": 2010.0, "17": 2011.0, "50": 2013.0, "83": 2018.0, "95": 2020.0}, "delta": {"5": -1.0, "17": 1.0, "50": 2.0, "83": 7.0, "95": 10.0}}, "int_high": {"occ": {"5": 2010.0, "17": 2010.0, "50": 2011.0, "83": 2011.0, "95": 2011.0}, "chrnc": {"5": 2010.0, "17": 2010.0, "50": 2011.0, "83": 2012.0, "95": 2014.0}, "delta": {"5": -1.0, "17": -1.0, "50": 0.0, "83": 1.0, "95": 3.0}}, "kopp": {"occ": {"5": 2010.0, "17": 2010.0, "50": 2011.0, "83": 2011.0, "95": 2019.0}, "chrnc": {"5": 2012.0, "17": 2012.0, "50": 2014.0, "83": 2021.0, "95": 2027.0}, "delta": {"5": -2.0, "17": 1.0, "50": 3.0, "83": 10.0, "95": 15.0}}}