{"int_low": {"occ": {"5": 2012.0, "17": 2016.0, "50": 2019.0, "83": 2024.0, "95": 2027.0}, "chrnc": {"5": 2055.0, "17": 2059.0, "50": 2064.0, "83": 2068.0, "95": 2072.0}, "delta": {"5": 33.0, "17": 38.0, "50": 45.0, "83": 51.0, "95": 56.0}}, "int": {"occ": {"5": 2010.0, "17": 2010.0, "50": 2013.0, "83": 2017.0, "95": 2019.0}, "chrnc": {"5": 2040.0, "17": 2042.0, "50": 2045.0, "83": 2048.0, "95": 2050.0}, "delta": {"5": 23.0, "17": 27.0, "50": 32.0, "83": 35.17000000000007, "95": 38.0}}, "int_high": {"occ": {"5": 2010.0, "17": 2011.0, "50": 2013.0, "83": 2014.0, "95": 2015.0499999999993}, "chrnc": {"5": 2033.0, "17": 2034.0, "50": 2036.0, "83": 2039.0, "95": 2040.0}, "delta": {"5": 19.0, "17": 21.0, "50": 24.0, "83": 27.0, "95": 29.0}}, "kopp": {"occ": {"5": 2014.0, "17": 2017.0, "50": 2022.0, "83": 2027.0, "95": 2031.0}, "chrnc": {"5": 2049.0, "17": 2053.0, "50": 2060.0, "83": 2068.0, "95": 2076.0}, "delta": {"5": 26.0, "17": 31.0, "50": 38.0, "83": 46.0, "95": 53.0}}}