{"int_low": {"occ": {"5": 2010.0, "17": 2010.0, "50": 2011.0, "83": 2014.0, "95": 2015.0499999999993}, "chrnc": {"5": 2023.0, "17": 2027.0, "50": 2034.0, "83": 2038.17, "95": 2042.0}, "delta": {"5": 11.0, "17": 15.0, "50": 22.0, "83": 27.0, "95": 31.0}}, "int": {"occ": {"5": 2010.0, "17": 2011.0, "50": 2011.0, "83": 2011.0, "95": 2013.0}, "chrnc": {"5": 2016.0, "17": 2021.0, "50": 2026.0, "83": 2031.0, "95": 2034.0}, "delta": {"5": 5.0, "17": 10.0, "50": 15.0, "83": 20.0, "95": 23.0}}, "int_high": {"occ": {"5": 2010.0, "17": 2011.0, "50": 2011.0, "83": 2011.0, "95": 2012.0}, "chrnc": {"5": 2016.0, "17": 2016.0, "50": 2021.0, "83": 2025.0, "95": 2028.0499999999993}, "delta": {"5": 5.0, "17": 5.0, "50": 10.0, "83": 14.0, "95": 17.049999999999272}}, "kopp": {"occ": {"5": 2010.0, "17": 2010.0, "50": 2011.0, "83": 2014.0, "95": 2018.0}, "chrnc": {"5": 2023.0, "17": 2027.0, "50": 2034.0, "83": 2039.0, "95": 2045.0}, "delta": {"5": 11.0, "17": 15.0, "50": 21.0, "83": 27.0, "95": 33.0}}}