{"int_low": {"occ": {"5": 2010.0, "17": 2013.0, "50": 2013.0, "83": 2013.0, "95": 2024.0}, "chrnc": {"5": 2027.95, "17": 2034.0, "50": 2043.0, "83": 2052.0, "95": 2056.0499999999993}, "delta": {"5": 12.0, "17": 19.0, "50": 30.0, "83": 39.0, "95": 43.04999999999927}}, "int": {"occ": {"5": 2010.0, "17": 2012.0, "50": 2013.0, "83": 2013.0, "95": 2019.0}, "chrnc": {"5": 2019.0, "17": 2026.0, "50": 2033.0, "83": 2039.0, "95": 2042.0}, "delta": {"5": 6.0, "17": 13.0, "50": 20.0, "83": 26.0, "95": 29.0}}, "int_high": {"occ": {"5": 2010.0, "17": 2012.0, "50": 2013.0, "83": 2013.0, "95": 2014.0}, "chrnc": {"5": 2017.0, "17": 2017.0, "50": 2025.0, "83": 2031.0, "95": 2035.0}, "delta": {"5": 4.0, "17": 4.0, "50": 12.0, "83": 18.0, "95": 22.0}}, "kopp": {"occ": {"5": 2010.0, "17": 2013.0, "50": 2013.0, "83": 2013.0, "95": 2023.0}, "chrnc": {"5": 2023.0, "17": 2030.0, "50": 2038.0, "83": 2047.0, "95": 2055.0499999999993}, "delta": {"5": 9.0, "17": 15.0, "50": 24.0, "83": 33.0, "95": 42.0}}}