{"int_low": {"occ": {"5": 2010.0, "17": 2010.0, "50": 2011.0, "83": 2012.0, "95": 2020.0499999999993}, "chrnc": {"5": 2034.0, "17": 2037.0, "50": 2043.0, "83": 2049.0, "95": 2052.0499999999993}, "delta": {"5": 22.0, "17": 25.0, "50": 32.0, "83": 38.0, "95": 41.04999999999927}}, "int": {"occ": {"5": 2010.0, "17": 2010.0, "50": 2010.0, "83": 2012.0, "95": 2013.0}, "chrnc": {"5": 2026.0, "17": 2028.0, "50": 2032.0, "83": 2036.0, "95": 2040.0}, "delta": {"5": 14.0, "17": 17.0, "50": 21.0, "83": 25.0, "95": 29.0}}, "int_high": {"occ": {"5": 2010.0, "17": 2010.0, "50": 2010.0, "83": 2012.0, "95": 2012.0}, "chrnc": {"5": 2017.95, "17": 2021.0, "50": 2025.0, "83": 2028.0, "95": 2031.0}, "delta": {"5": 7.0, "17": 10.0, "50": 15.0, "83": 18.0, "95": 20.0}}, "kopp": {"occ": {"5": 2010.0, "17": 2010.0, "50": 2011.0, "83": 2013.0, "95": 2023.0}, "chrnc": {"5": 2033.0, "17": 2035.0, "50": 2042.0, "83": 2049.0, "95": 2057.0}, "delta": {"5": 18.0, "17": 23.0, "50": 30.0, "83": 37.0, "95": 44.0}}}