{"int_low": {"occ": {"5": 2079.0, "17": 2084.0, "50": 2092.0, "83": 2097.0, "95": 2099.0}, "chrnc": {"5": NaN, "17": NaN, "50": NaN, "83": NaN, "95": NaN}, "delta": {"5": NaN, "17": NaN, "50": NaN, "83": NaN, "95": NaN}}, "int": {"occ": {"5": 2051.95, "17": 2054.0, "50": 2057.0, "83": 2061.0, "95": 2063.0499999999993}, "chrnc": {"5": 2075.0, "17": 2077.0, "50": 2080.0, "83": 2084.0, "95": 2086.0}, "delta": {"5": 16.0, "17": 19.0, "50": 23.0, "83": 27.0, "95": 30.049999999999272}}, "int_high": {"occ": {"5": 2038.95, "17": 2042.0, "50": 2045.0, "83": 2048.0, "95": 2049.0}, "chrnc": {"5": 2057.0, "17": 2059.0, "50": 2062.0, "83": 2065.0, "95": 2067.0}, "delta": {"5": 12.0, "17": 14.0, "50": 17.0, "83": 20.0, "95": 23.0}}, "kopp": {"occ": {"5": 2056.0, "17": 2062.0, "50": 2073.0, "83": 2086.0, "95": 2095.0}, "chrnc": {"5": 2073.0, "17": 2080.0, "50": 2091.0, "83": 2098.0, "95": 2100.0}, "delta": {"5": 15.0, "17": 19.0, "50": 24.0, "83": 29.0, "95": 33.0}}}