{"int_low": {"occ": {"5": 2030.95, "17": 2037.0, "50": 2046.0, "83": 2054.0, "95": 2061.0}, "chrnc": {"5": 2055.0, "17": 2061.0, "50": 2069.0, "83": 2078.0, "95": 2083.0}, "delta": {"5": 3.0, "17": 11.0, "50": 23.0, "83": 35.0, "95": 43.04999999999927}}, "int": {"occ": {"5": 2022.95, "17": 2029.0, "50": 2035.0, "83": 2041.0, "95": 2044.0499999999993}, "chrnc": {"5": 2041.0, "17": 2045.0, "50": 2050.0, "83": 2054.0, "95": 2058.0}, "delta": {"5": 2.0, "17": 8.0, "50": 14.0, "83": 22.0, "95": 29.049999999999272}}, "int_high": {"occ": {"5": 2018.0, "17": 2022.0, "50": 2028.0, "83": 2033.0, "95": 2036.0}, "chrnc": {"5": 2033.0, "17": 2037.0, "50": 2040.0, "83": 2044.0, "95": 2047.0}, "delta": {"5": 3.0, "17": 6.0, "50": 12.0, "83": 19.0, "95": 24.0}}, "kopp": {"occ": {"5": 2027.0, "17": 2033.0, "50": 2040.0, "83": 2049.0, "95": 2057.0}, "chrnc": {"5": 2043.0, "17": 2048.0, "50": 2057.0, "83": 2067.529999999999, "95": 2078.0}, "delta": {"5": 3.0, "17": 8.0, "50": 17.0, "83": 26.0, "95": 34.0}}}