{"int_low": {"occ": {"5": 2025.0, "17": 2033.0, "50": 2041.0, "83": 2049.0, "95": 2053.0}, "chrnc": {"5": 2057.95, "17": 2062.0, "50": 2069.0, "83": 2076.0, "95": 2084.0}, "delta": {"5": 12.950000000000045, "17": 19.0, "50": 29.0, "83": 38.0, "95": 46.0}}, "int": {"occ": {"5": 2022.0, "17": 2025.0, "50": 2031.0, "83": 2036.0, "95": 2038.0}, "chrnc": {"5": 2042.0, "17": 2045.0, "50": 2050.0, "83": 2055.0, "95": 2057.0}, "delta": {"5": 8.950000000000045, "17": 13.0, "50": 19.0, "83": 25.0, "95": 29.0}}, "int_high": {"occ": {"5": 2020.0, "17": 2022.0, "50": 2026.0, "83": 2031.0, "95": 2033.0}, "chrnc": {"5": 2036.0, "17": 2038.0, "50": 2041.0, "83": 2045.0, "95": 2048.0}, "delta": {"5": 7.0, "17": 11.0, "50": 15.0, "83": 19.0, "95": 23.0}}, "kopp": {"occ": {"5": 2025.0, "17": 2031.0, "50": 2038.0, "83": 2046.0, "95": 2052.0}, "chrnc": {"5": 2046.0, "17": 2053.0, "50": 2060.0, "83": 2069.51, "95": 2077.0}, "delta": {"5": 9.0, "17": 15.0, "50": 22.0, "83": 30.0, "95": 37.0}}}