{"int_low": {"occ": {"5": 2012.0, "17": 2013.0, "50": 2021.0, "83": 2025.0, "95": 2027.0}, "chrnc": {"5": 2032.0, "17": 2037.0, "50": 2047.0, "83": 2058.0, "95": 2062.0}, "delta": {"5": 9.0, "17": 16.0, "50": 27.0, "83": 37.17000000000007, "95": 44.0}}, "int": {"occ": {"5": 2012.0, "17": 2012.0, "50": 2013.0, "83": 2023.0, "95": 2025.0}, "chrnc": {"5": 2020.0, "17": 2028.0, "50": 2031.0, "83": 2036.0, "95": 2040.0}, "delta": {"5": 4.0, "17": 8.0, "50": 15.0, "83": 20.0, "95": 27.0}}, "int_high": {"occ": {"5": 2010.0, "17": 2012.0, "50": 2013.0, "83": 2015.0, "95": 2022.0}, "chrnc": {"5": 2017.0, "17": 2019.0, "50": 2023.0, "83": 2027.0, "95": 2029.0}, "delta": {"5": 0.900000000000091, "17": 5.0, "50": 9.0, "83": 14.0, "95": 16.0}}, "kopp": {"occ": {"5": 2012.0, "17": 2013.0, "50": 2022.0, "83": 2025.0, "95": 2027.0}, "chrnc": {"5": 2034.0, "17": 2039.0, "50": 2049.0, "83": 2060.0, "95": 2069.0}, "delta": {"5": 12.0, "17": 19.0, "50": 28.0, "83": 39.0, "95": 49.0}}}