{"int_low": {"occ": {"5": 2038.0, "17": 2041.8300000000002, "50": 2047.0, "83": 2053.0, "95": 2056.0499999999993}, "chrnc": {"5": 2065.0, "17": 2072.0, "50": 2077.0, "83": 2085.0, "95": 2090.0}, "delta": {"5": 17.0, "17": 23.0, "50": 30.0, "83": 38.17000000000007, "95": 44.0}}, "int": {"occ": {"5": 2028.0, "17": 2031.0, "50": 2036.0, "83": 2039.0, "95": 2042.0}, "chrnc": {"5": 2048.0, "17": 2051.0, "50": 2054.0, "83": 2056.0, "95": 2059.0}, "delta": {"5": 10.0, "17": 14.0, "50": 18.0, "83": 23.0, "95": 26.0}}, "int_high": {"occ": {"5": 2023.0, "17": 2026.0, "50": 2029.0, "83": 2032.0, "95": 2034.0}, "chrnc": {"5": 2039.0, "17": 2040.0, "50": 2043.0, "83": 2045.0, "95": 2047.0}, "delta": {"5": 7.9500000000000455, "17": 10.0, "50": 14.0, "83": 18.0, "95": 20.0}}, "kopp": {"occ": {"5": 2036.0, "17": 2039.0, "50": 2045.0, "83": 2053.0, "95": 2060.0}, "chrnc": {"5": 2054.0, "17": 2059.0, "50": 2067.0, "83": 2078.0, "95": 2088.0}, "delta": {"5": 11.0, "17": 16.0, "50": 22.0, "83": 29.0, "95": 35.0}}}