{"int_low": {"occ": {"5": 2010.0, "17": 2010.0, "50": 2013.0, "83": 2019.0, "95": 2025.0}, "chrnc": {"5": 2014.0, "17": 2015.0, "50": 2022.0, "83": 2032.17, "95": 2036.0}, "delta": {"5": -5.0, "17": 1.8300000000001546, "50": 9.0, "83": 20.0, "95": 24.0}}, "int": {"occ": {"5": 2010.0, "17": 2010.0, "50": 2013.0, "83": 2016.0, "95": 2020.0}, "chrnc": {"5": 2012.0, "17": 2014.0, "50": 2017.0, "83": 2023.0, "95": 2029.0}, "delta": {"5": -5.0, "17": 1.0, "50": 4.0, "83": 10.0, "95": 16.049999999999272}}, "int_high": {"occ": {"5": 2010.0, "17": 2010.0, "50": 2012.0, "83": 2013.0, "95": 2019.0}, "chrnc": {"5": 2010.0, "17": 2011.0, "50": 2013.0, "83": 2018.0, "95": 2021.0}, "delta": {"5": -7.0, "17": -2.0, "50": 2.0, "83": 6.0, "95": 9.049999999999272}}, "kopp": {"occ": {"5": 2010.0, "17": 2010.0, "50": 2013.0, "83": 2019.0, "95": 2023.0}, "chrnc": {"5": 2012.0, "17": 2014.0, "50": 2019.0, "83": 2029.0, "95": 2036.0}, "delta": {"5": -6.0, "17": 1.0, "50": 6.0, "83": 15.0, "95": 22.0}}}