{"int_low": {"occ": {"5": 2012.0, "17": 2013.0, "50": 2021.0, "83": 2025.0, "95": 2025.0}, "chrnc": {"5": 2010.0, "17": 2012.0, "50": 2020.0, "83": 2028.0, "95": 2035.0499999999993}, "delta": {"5": -12.0, "17": -7.0, "50": 2.0, "83": 10.0, "95": 18.0}}, "int": {"occ": {"5": 2010.0, "17": 2012.0, "50": 2013.0, "83": 2020.0, "95": 2023.0}, "chrnc": {"5": 2010.0, "17": 2012.0, "50": 2015.0, "83": 2021.0, "95": 2025.0}, "delta": {"5": -9.0, "17": -4.0, "50": 1.5, "83": 7.0, "95": 11.0}}, "int_high": {"occ": {"5": 2010.0, "17": 2011.0, "50": 2013.0, "83": 2013.0, "95": 2017.0}, "chrnc": {"5": 2010.0, "17": 2011.0, "50": 2013.0, "83": 2013.0, "95": 2017.0499999999993}, "delta": {"5": -1.0, "17": 0.0, "50": 0.0, "83": 0.0, "95": 2.0}}, "kopp": {"occ": {"5": 2012.0, "17": 2013.0, "50": 2021.0, "83": 2025.0, "95": 2025.0499999999993}, "chrnc": {"5": 2010.0, "17": 2018.0, "50": 2028.0, "83": 2037.0, "95": 2043.0}, "delta": {"5": -13.0, "17": -3.0, "50": 8.0, "83": 17.0, "95": 23.0}}}