{"int_low": {"occ": {"5": 2019.0, "17": 2024.0, "50": 2030.0, "83": 2036.0, "95": 2042.0}, "chrnc": {"5": 2060.0, "17": 2064.0, "50": 2074.0, "83": 2084.0, "95": 2089.0499999999993}, "delta": {"5": 26.0, "17": 33.830000000000155, "50": 43.0, "83": 55.0, "95": 62.0}}, "int": {"occ": {"5": 2011.0, "17": 2011.0, "50": 2021.0, "83": 2027.0, "95": 2031.0}, "chrnc": {"5": 2041.0, "17": 2044.0, "50": 2048.0, "83": 2052.0, "95": 2054.0}, "delta": {"5": 15.0, "17": 20.0, "50": 26.0, "83": 34.0, "95": 40.0}}, "int_high": {"occ": {"5": 2011.0, "17": 2012.0, "50": 2017.0, "83": 2020.0, "95": 2022.0}, "chrnc": {"5": 2033.0, "17": 2035.0, "50": 2038.0, "83": 2040.0, "95": 2042.0}, "delta": {"5": 13.0, "17": 16.830000000000155, "50": 20.0, "83": 25.0, "95": 28.0}}, "kopp": {"occ": {"5": 2021.0, "17": 2025.0, "50": 2033.0, "83": 2041.0, "95": 2049.0}, "chrnc": {"5": 2054.0, "17": 2058.0, "50": 2066.0, "83": 2077.0, "95": 2088.0}, "delta": {"5": 19.0, "17": 25.0, "50": 34.0, "83": 44.0, "95": 52.0}}}