{"int_low": {"occ": {"5": 2012.0, "17": 2013.0, "50": 2021.0, "83": 2025.0, "95": 2025.0}, "chrnc": {"5": 2028.0, "17": 2030.0, "50": 2035.0, "83": 2041.0, "95": 2044.0}, "delta": {"5": 5.0, "17": 9.0, "50": 16.0, "83": 23.0, "95": 29.0}}, "int": {"occ": {"5": 2010.0, "17": 2012.0, "50": 2013.0, "83": 2020.0, "95": 2023.0}, "chrnc": {"5": 2015.0, "17": 2019.0, "50": 2024.0, "83": 2027.0, "95": 2029.0}, "delta": {"5": -3.0, "17": 3.8300000000001546, "50": 9.0, "83": 14.0, "95": 16.0}}, "int_high": {"occ": {"5": 2010.0, "17": 2011.0, "50": 2013.0, "83": 2013.0, "95": 2017.0}, "chrnc": {"5": 2010.0, "17": 2012.0, "50": 2016.0, "83": 2019.0, "95": 2023.0}, "delta": {"5": -3.0, "17": -1.0, "50": 3.0, "83": 7.0, "95": 11.0}}, "kopp": {"occ": {"5": 2012.0, "17": 2013.0, "50": 2021.0, "83": 2025.0, "95": 2025.0499999999993}, "chrnc": {"5": 2029.0, "17": 2032.0, "50": 2038.0, "83": 2045.0, "95": 2052.0}, "delta": {"5": 7.0, "17": 11.0, "50": 18.0, "83": 26.0, "95": 33.0}}}