{"int_low": {"occ": {"5": 2035.0, "17": 2042.0, "50": 2054.0, "83": 2066.0, "95": 2075.0}, "chrnc": {"5": 2056.95, "17": 2065.83, "50": 2078.0, "83": 2088.0, "95": 2095.0}, "delta": {"5": -6.0, "17": 7.0, "50": 24.0, "83": 37.0, "95": 49.0}}, "int": {"occ": {"5": 2026.0, "17": 2031.0, "50": 2038.0, "83": 2044.0, "95": 2048.0}, "chrnc": {"5": 2042.0, "17": 2046.0, "50": 2051.0, "83": 2056.0, "95": 2059.0499999999993}, "delta": {"5": -1.0, "17": 6.0, "50": 14.0, "83": 21.0, "95": 27.0}}, "int_high": {"occ": {"5": 2021.0, "17": 2025.0, "50": 2030.0, "83": 2036.0, "95": 2039.0}, "chrnc": {"5": 2032.0, "17": 2037.0, "50": 2041.0, "83": 2045.0, "95": 2047.0}, "delta": {"5": -2.0, "17": 4.0, "50": 10.0, "83": 18.0, "95": 21.049999999999272}}, "kopp": {"occ": {"5": 2029.0, "17": 2036.0, "50": 2046.0, "83": 2058.0, "95": 2071.0}, "chrnc": {"5": 2045.0, "17": 2051.0, "50": 2062.0, "83": 2077.0, "95": 2090.0}, "delta": {"5": -2.0, "17": 6.0, "50": 16.0, "83": 28.0, "95": 38.0}}}