{"int_low": {"occ": {"5": 2077.0, "17": 2080.0, "50": 2086.0, "83": 2092.0, "95": 2095.0}, "chrnc": {"5": NaN, "17": NaN, "50": NaN, "83": NaN, "95": NaN}, "delta": {"5": NaN, "17": NaN, "50": NaN, "83": NaN, "95": NaN}}, "int": {"occ": {"5": 2053.0, "17": 2056.0, "50": 2058.0, "83": 2060.0, "95": 2063.0}, "chrnc": {"5": 2074.0, "17": 2075.0, "50": 2077.0, "83": 2078.0, "95": 2080.0499999999993}, "delta": {"5": 14.0, "17": 16.0, "50": 19.0, "83": 22.0, "95": 24.0}}, "int_high": {"occ": {"5": 2042.0, "17": 2043.0, "50": 2045.0, "83": 2048.0, "95": 2050.0}, "chrnc": {"5": 2057.0, "17": 2059.0, "50": 2060.0, "83": 2062.0, "95": 2063.0}, "delta": {"5": 9.0, "17": 12.0, "50": 15.0, "83": 17.0, "95": 19.0}}, "kopp": {"occ": {"5": 2054.0, "17": 2058.0, "50": 2067.0, "83": 2079.0, "95": 2091.0}, "chrnc": {"5": 2070.0, "17": 2077.0, "50": 2088.0, "83": 2097.0, "95": 2099.8999999999996}, "delta": {"5": 14.0, "17": 17.0, "50": 23.0, "83": 28.0, "95": 33.0}}}