{"int_low": {"occ": {"5": 2013.0, "17": 2015.0, "50": 2018.0, "83": 2023.0, "95": 2026.0}, "chrnc": {"5": 2035.0, "17": 2041.0, "50": 2049.0, "83": 2056.0, "95": 2061.0}, "delta": {"5": 14.0, "17": 21.0, "50": 30.0, "83": 38.0, "95": 44.0}}, "int": {"occ": {"5": 2012.0, "17": 2013.0, "50": 2015.0, "83": 2019.0, "95": 2023.0}, "chrnc": {"5": 2026.0, "17": 2028.0, "50": 2031.0, "83": 2034.17, "95": 2039.0499999999993}, "delta": {"5": 7.0, "17": 11.0, "50": 16.0, "83": 20.0, "95": 24.0}}, "int_high": {"occ": {"5": 2010.0, "17": 2012.0, "50": 2014.0, "83": 2016.0, "95": 2018.0}, "chrnc": {"5": 2019.0, "17": 2020.0, "50": 2024.0, "83": 2026.17, "95": 2027.0499999999993}, "delta": {"5": 4.0, "17": 6.0, "50": 10.0, "83": 13.0, "95": 15.0}}, "kopp": {"occ": {"5": 2013.0, "17": 2015.0, "50": 2021.0, "83": 2024.0, "95": 2027.0}, "chrnc": {"5": 2037.0, "17": 2043.0, "50": 2051.0, "83": 2060.0, "95": 2068.0}, "delta": {"5": 17.0, "17": 23.0, "50": 32.0, "83": 41.0, "95": 49.0}}}