{"int_low": {"occ": {"5": 2018.0, "17": 2022.0, "50": 2027.0, "83": 2033.0, "95": 2037.0}, "chrnc": {"5": 2048.0, "17": 2052.0, "50": 2058.0, "83": 2064.0, "95": 2069.0499999999993}, "delta": {"5": 17.0, "17": 23.0, "50": 30.5, "83": 38.0, "95": 45.0}}, "int": {"occ": {"5": 2014.0, "17": 2015.0, "50": 2017.0, "83": 2021.0, "95": 2024.0}, "chrnc": {"5": 2035.0, "17": 2038.0, "50": 2040.0, "83": 2043.0, "95": 2045.0}, "delta": {"5": 15.0, "17": 18.0, "50": 23.0, "83": 26.0, "95": 28.049999999999272}}, "int_high": {"occ": {"5": 2012.0, "17": 2012.0, "50": 2014.0, "83": 2017.0, "95": 2020.0}, "chrnc": {"5": 2027.0, "17": 2029.0, "50": 2032.0, "83": 2035.0, "95": 2037.0}, "delta": {"5": 11.0, "17": 14.0, "50": 18.0, "83": 21.0, "95": 23.0}}, "kopp": {"occ": {"5": 2016.0, "17": 2021.0, "50": 2027.0, "83": 2033.0, "95": 2038.0}, "chrnc": {"5": 2040.0, "17": 2044.0, "50": 2052.0, "83": 2061.0, "95": 2071.0}, "delta": {"5": 14.0, "17": 18.0, "50": 25.0, "83": 33.0, "95": 41.0}}}