{"int_low": {"occ": {"5": 2073.0, "17": 2077.0, "50": 2084.0, "83": 2089.0, "95": 2092.0}, "chrnc": {"5": 2095.0, "17": 2097.0, "50": 2099.0, "83": 2100.0, "95": 2100.0}, "delta": {"5": 6.0, "17": 9.0, "50": 14.0, "83": 22.0, "95": 26.0}}, "int": {"occ": {"5": 2045.95, "17": 2049.0, "50": 2053.0, "83": 2055.0, "95": 2057.0}, "chrnc": {"5": 2059.0, "17": 2060.0, "50": 2063.0, "83": 2066.0, "95": 2069.0}, "delta": {"5": 4.9500000000000455, "17": 7.0, "50": 10.0, "83": 15.0, "95": 19.0}}, "int_high": {"occ": {"5": 2038.0, "17": 2039.0, "50": 2041.0, "83": 2043.0, "95": 2044.0499999999993}, "chrnc": {"5": 2045.0, "17": 2047.0, "50": 2050.0, "83": 2052.0, "95": 2053.0499999999993}, "delta": {"5": 4.0, "17": 6.0, "50": 9.0, "83": 12.0, "95": 14.0}}, "kopp": {"occ": {"5": 2048.0, "17": 2055.0, "50": 2063.0, "83": 2075.0, "95": 2087.0}, "chrnc": {"5": 2059.0, "17": 2065.0, "50": 2076.0, "83": 2090.0, "95": 2097.0}, "delta": {"5": 5.0, "17": 8.0, "50": 13.0, "83": 19.0, "95": 24.0}}}