{"int_low": {"occ": {"5": 2022.0, "17": 2025.0, "50": 2030.0, "83": 2034.0, "95": 2037.0}, "chrnc": {"5": 2046.0, "17": 2051.0, "50": 2055.0, "83": 2058.0, "95": 2061.0499999999993}, "delta": {"5": 14.0, "17": 19.0, "50": 25.0, "83": 32.0, "95": 36.0}}, "int": {"occ": {"5": 2018.0, "17": 2021.0, "50": 2025.0, "83": 2029.0, "95": 2032.0}, "chrnc": {"5": 2039.0, "17": 2041.0, "50": 2044.0, "83": 2047.0, "95": 2050.0}, "delta": {"5": 10.0, "17": 14.0, "50": 19.0, "83": 24.0, "95": 27.049999999999272}}, "int_high": {"occ": {"5": 2016.0, "17": 2016.0, "50": 2020.0, "83": 2023.0, "95": 2025.0}, "chrnc": {"5": 2035.0, "17": 2037.0, "50": 2039.0, "83": 2040.0, "95": 2042.0}, "delta": {"5": 12.0, "17": 15.0, "50": 19.0, "83": 22.0, "95": 24.0}}, "kopp": {"occ": {"5": 2022.0, "17": 2025.0, "50": 2030.0, "83": 2035.0, "95": 2038.0}, "chrnc": {"5": 2042.0, "17": 2046.0, "50": 2052.0, "83": 2057.0, "95": 2062.0}, "delta": {"5": 11.0, "17": 15.0, "50": 22.0, "83": 28.0, "95": 34.0}}}