{"int_low": {"occ": {"5": 2044.0, "17": 2047.8300000000002, "50": 2054.0, "83": 2057.0, "95": 2060.0}, "chrnc": {"5": 2076.0, "17": 2078.0, "50": 2083.0, "83": 2089.0, "95": 2092.0}, "delta": {"5": 20.0, "17": 23.830000000000155, "50": 31.0, "83": 38.0, "95": 42.0}}, "int": {"occ": {"5": 2034.95, "17": 2037.0, "50": 2039.0, "83": 2040.17, "95": 2042.0}, "chrnc": {"5": 2049.0, "17": 2053.0, "50": 2055.0, "83": 2056.0, "95": 2058.0}, "delta": {"5": 10.0, "17": 13.0, "50": 16.0, "83": 18.0, "95": 22.0}}, "int_high": {"occ": {"5": 2026.0, "17": 2027.0, "50": 2031.0, "83": 2034.0, "95": 2035.0}, "chrnc": {"5": 2040.0, "17": 2041.0, "50": 2043.0, "83": 2045.0, "95": 2046.0}, "delta": {"5": 7.0, "17": 9.0, "50": 13.0, "83": 16.0, "95": 19.0}}, "kopp": {"occ": {"5": 2039.0, "17": 2042.0, "50": 2049.0, "83": 2057.0, "95": 2065.0}, "chrnc": {"5": 2055.0, "17": 2059.0, "50": 2067.0, "83": 2078.0, "95": 2089.0}, "delta": {"5": 10.0, "17": 14.0, "50": 18.0, "83": 25.0, "95": 31.0}}}