{"int_low": {"occ": {"5": 2010.0, "17": 2010.0, "50": 2014.0, "83": 2018.0, "95": 2020.0}, "chrnc": {"5": 2011.0, "17": 2015.8300000000002, "50": 2020.0, "83": 2024.0, "95": 2029.0}, "delta": {"5": -4.0, "17": 1.0, "50": 6.0, "83": 12.0, "95": 16.0}}, "int": {"occ": {"5": 2010.0, "17": 2010.0, "50": 2013.0, "83": 2015.0, "95": 2018.0}, "chrnc": {"5": 2011.0, "17": 2012.0, "50": 2014.0, "83": 2019.0, "95": 2021.0}, "delta": {"5": -4.0, "17": -2.0, "50": 2.0, "83": 7.0, "95": 9.049999999999272}}, "int_high": {"occ": {"5": 2010.0, "17": 2010.0, "50": 2010.0, "83": 2013.0, "95": 2015.0}, "chrnc": {"5": 2010.0, "17": 2011.0, "50": 2013.0, "83": 2015.0, "95": 2016.0}, "delta": {"5": -3.0, "17": 0.0, "50": 3.0, "83": 5.0, "95": 5.0}}, "kopp": {"occ": {"5": 2010.0, "17": 2010.0, "50": 2014.0, "83": 2018.0, "95": 2021.0}, "chrnc": {"5": 2016.0, "17": 2019.0, "50": 2024.0, "83": 2030.0, "95": 2034.0}, "delta": {"5": 1.0, "17": 5.0, "50": 10.0, "83": 17.0, "95": 21.0}}}