{"int_low": {"occ": {"5": 2012.0, "17": 2013.0, "50": 2021.0, "83": 2025.0, "95": 2025.0}, "chrnc": {"5": 2050.0, "17": 2053.0, "50": 2059.0, "83": 2065.0, "95": 2069.0499999999993}, "delta": {"5": 28.0, "17": 32.0, "50": 40.0, "83": 48.0, "95": 53.0}}, "int": {"occ": {"5": 2012.0, "17": 2012.0, "50": 2013.0, "83": 2021.0, "95": 2023.0}, "chrnc": {"5": 2032.0, "17": 2034.0, "50": 2039.0, "83": 2043.0, "95": 2044.0}, "delta": {"5": 13.0, "17": 18.0, "50": 23.0, "83": 29.0, "95": 31.0}}, "int_high": {"occ": {"5": 2010.0, "17": 2012.0, "50": 2013.0, "83": 2015.0, "95": 2021.0}, "chrnc": {"5": 2027.0, "17": 2028.0, "50": 2029.0, "83": 2031.0, "95": 2032.0}, "delta": {"5": 8.0, "17": 14.0, "50": 16.0, "83": 18.0, "95": 19.049999999999272}}, "kopp": {"occ": {"5": 2012.0, "17": 2013.0, "50": 2021.0, "83": 2025.0, "95": 2026.0}, "chrnc": {"5": 2046.0, "17": 2050.0, "50": 2058.0, "83": 2069.0, "95": 2080.0}, "delta": {"5": 25.0, "17": 30.0, "50": 40.0, "83": 51.0, "95": 62.0}}}