{"int_low": {"occ": {"5": 2021.0, "17": 2023.0, "50": 2027.0, "83": 2032.0, "95": 2035.0}, "chrnc": {"5": 2055.0, "17": 2059.0, "50": 2063.0, "83": 2068.0, "95": 2072.0}, "delta": {"5": 25.0, "17": 30.0, "50": 36.0, "83": 42.0, "95": 47.0}}, "int": {"occ": {"5": 2018.0, "17": 2019.0, "50": 2022.0, "83": 2025.0, "95": 2028.0}, "chrnc": {"5": 2038.0, "17": 2041.0, "50": 2043.0, "83": 2046.0, "95": 2048.0}, "delta": {"5": 14.0, "17": 17.0, "50": 21.0, "83": 25.0, "95": 28.0}}, "int_high": {"occ": {"5": 2011.0, "17": 2016.0, "50": 2017.0, "83": 2020.0, "95": 2022.0}, "chrnc": {"5": 2031.0, "17": 2032.0, "50": 2035.0, "83": 2037.0, "95": 2038.0}, "delta": {"5": 12.0, "17": 14.0, "50": 17.0, "83": 20.0, "95": 23.049999999999272}}, "kopp": {"occ": {"5": 2022.0, "17": 2026.0, "50": 2031.0, "83": 2036.0, "95": 2041.0}, "chrnc": {"5": 2048.0, "17": 2052.0, "50": 2059.0, "83": 2068.0, "95": 2076.0}, "delta": {"5": 17.600000000000023, "17": 22.0, "50": 29.0, "83": 36.0, "95": 43.0}}}