{"int_low": {"occ": {"5": 2010.0, "17": 2013.0, "50": 2013.0, "83": 2018.0, "95": 2021.0}, "chrnc": {"5": 2044.0, "17": 2048.0, "50": 2054.0, "83": 2060.0, "95": 2065.0}, "delta": {"5": 29.0, "17": 33.0, "50": 40.0, "83": 46.0, "95": 51.0}}, "int": {"occ": {"5": 2010.0, "17": 2011.0, "50": 2013.0, "83": 2014.0, "95": 2018.0499999999993}, "chrnc": {"5": 2032.0, "17": 2034.0, "50": 2038.0, "83": 2041.0, "95": 2044.0}, "delta": {"5": 17.0, "17": 21.0, "50": 24.0, "83": 28.0, "95": 31.0}}, "int_high": {"occ": {"5": 2010.0, "17": 2011.0, "50": 2013.0, "83": 2013.0, "95": 2015.0}, "chrnc": {"5": 2026.0, "17": 2028.0, "50": 2030.0, "83": 2032.0, "95": 2035.0}, "delta": {"5": 12.0, "17": 14.830000000000155, "50": 17.0, "83": 20.0, "95": 22.0}}}