{"int_low": {"occ": {"5": 2010.0, "17": 2012.0, "50": 2012.0, "83": 2012.0, "95": 2013.0}, "chrnc": {"5": 2016.0, "17": 2018.0, "50": 2022.0, "83": 2031.0, "95": 2034.0}, "delta": {"5": 4.0, "17": 6.0, "50": 10.0, "83": 19.0, "95": 22.0}}, "int": {"occ": {"5": 2010.0, "17": 2012.0, "50": 2012.0, "83": 2012.0, "95": 2013.0}, "chrnc": {"5": 2015.0, "17": 2015.0, "50": 2016.0, "83": 2020.0, "95": 2023.0499999999993}, "delta": {"5": 2.0, "17": 3.0, "50": 4.0, "83": 8.0, "95": 12.0}}, "int_high": {"occ": {"5": 2010.0, "17": 2012.0, "50": 2012.0, "83": 2012.0, "95": 2013.0}, "chrnc": {"5": 2011.0, "17": 2014.0, "50": 2015.0, "83": 2016.0, "95": 2020.0}, "delta": {"5": -1.0499999999999545, "17": 2.0, "50": 3.0, "83": 5.0, "95": 8.0}}, "kopp": {"occ": {"5": 2010.0, "17": 2012.0, "50": 2012.0, "83": 2012.0, "95": 2013.0}, "chrnc": {"5": 2016.0, "17": 2017.0, "50": 2020.0, "83": 2028.0, "95": 2033.0}, "delta": {"5": 4.0, "17": 5.0, "50": 8.0, "83": 16.0, "95": 21.0}}}