{"int_low": {"occ": {"5": 2023.0, "17": 2026.0, "50": 2031.0, "83": 2035.0, "95": 2038.0}, "chrnc": {"5": 2056.0, "17": 2059.0, "50": 2064.0, "83": 2069.0, "95": 2072.0}, "delta": {"5": 22.0, "17": 26.0, "50": 33.0, "83": 40.0, "95": 44.0}}, "int": {"occ": {"5": 2019.0, "17": 2021.0, "50": 2023.0, "83": 2026.0, "95": 2028.0499999999993}, "chrnc": {"5": 2039.0, "17": 2041.0, "50": 2043.0, "83": 2045.0, "95": 2048.0}, "delta": {"5": 13.0, "17": 16.0, "50": 20.0, "83": 23.0, "95": 26.0}}, "int_high": {"occ": {"5": 2016.0, "17": 2017.0, "50": 2018.0, "83": 2021.0, "95": 2022.0}, "chrnc": {"5": 2032.0, "17": 2033.0, "50": 2035.0, "83": 2037.0, "95": 2038.0}, "delta": {"5": 11.950000000000045, "17": 14.0, "50": 17.0, "83": 19.0, "95": 21.0}}, "kopp": {"occ": {"5": 2025.0, "17": 2028.0, "50": 2034.0, "83": 2039.0, "95": 2044.0499999999993}, "chrnc": {"5": 2048.0, "17": 2054.0, "50": 2060.0, "83": 2069.0, "95": 2076.0}, "delta": {"5": 16.0, "17": 20.0, "50": 26.0, "83": 33.0, "95": 39.0}}}