{"int_low": {"occ": {"5": 2030.0, "17": 2033.0, "50": 2037.0, "83": 2041.0, "95": 2044.0499999999993}, "chrnc": {"5": 2069.0, "17": 2072.0, "50": 2078.0, "83": 2084.0, "95": 2087.0}, "delta": {"5": 29.0, "17": 34.0, "50": 41.0, "83": 48.0, "95": 53.0}}, "int": {"occ": {"5": 2022.0, "17": 2025.0, "50": 2028.0, "83": 2031.0, "95": 2032.0499999999993}, "chrnc": {"5": 2047.0, "17": 2048.0, "50": 2051.0, "83": 2054.0, "95": 2055.0}, "delta": {"5": 16.0, "17": 19.0, "50": 23.0, "83": 27.0, "95": 30.0}}, "int_high": {"occ": {"5": 2018.0, "17": 2020.0, "50": 2023.0, "83": 2025.0, "95": 2027.0}, "chrnc": {"5": 2038.0, "17": 2040.0, "50": 2041.0, "83": 2043.0, "95": 2045.0}, "delta": {"5": 14.0, "17": 16.0, "50": 19.0, "83": 22.0, "95": 24.0}}, "kopp": {"occ": {"5": 2030.0, "17": 2034.0, "50": 2039.0, "83": 2045.0, "95": 2050.0}, "chrnc": {"5": 2056.0, "17": 2062.0, "50": 2070.0, "83": 2080.0, "95": 2089.0}, "delta": {"5": 20.0, "17": 25.0, "50": 31.0, "83": 39.0, "95": 46.0}}}