{"int_low": {"occ": {"5": 2010.0, "17": 2013.0, "50": 2013.0, "83": 2013.0, "95": 2024.0}, "chrnc": {"5": 2010.0, "17": 2011.0, "50": 2014.0, "83": 2024.0, "95": 2031.0}, "delta": {"5": -7.0, "17": -2.0, "50": 1.0, "83": 11.0, "95": 18.0}}, "int": {"occ": {"5": 2010.0, "17": 2012.0, "50": 2013.0, "83": 2013.0, "95": 2019.0}, "chrnc": {"5": 2010.0, "17": 2011.0, "50": 2011.0, "83": 2020.0, "95": 2024.0}, "delta": {"5": -3.0, "17": -2.0, "50": -2.0, "83": 6.0, "95": 11.0}}, "int_high": {"occ": {"5": 2010.0, "17": 2012.0, "50": 2013.0, "83": 2013.0, "95": 2014.0}, "chrnc": {"5": 2010.0, "17": 2011.0, "50": 2011.0, "83": 2014.0, "95": 2021.0}, "delta": {"5": -3.0, "17": -2.0, "50": -1.0, "83": 1.0, "95": 7.049999999999272}}, "kopp": {"occ": {"5": 2010.0, "17": 2013.0, "50": 2013.0, "83": 2013.0, "95": 2023.0}, "chrnc": {"5": 2010.0, "17": 2011.0, "50": 2013.0, "83": 2023.0, "95": 2028.0}, "delta": {"5": -5.0499999999999545, "17": -2.0, "50": 0.0, "83": 9.0, "95": 15.0}}}