{"int_low": {"occ": {"5": 2010.0, "17": 2010.0, "50": 2010.0, "83": 2011.0, "95": 2013.0}, "chrnc": {"5": 2014.0, "17": 2015.0, "50": 2022.0, "83": 2029.17, "95": 2034.0499999999993}, "delta": {"5": 3.0, "17": 4.0, "50": 11.0, "83": 19.0, "95": 23.049999999999272}}, "int": {"occ": {"5": 2010.0, "17": 2010.0, "50": 2010.0, "83": 2011.0, "95": 2012.0}, "chrnc": {"5": 2013.0, "17": 2016.0, "50": 2020.0, "83": 2024.0, "95": 2027.0}, "delta": {"5": 2.9500000000000455, "17": 5.0, "50": 9.0, "83": 14.0, "95": 17.0}}, "int_high": {"occ": {"5": 2010.0, "17": 2010.0, "50": 2010.0, "83": 2011.0, "95": 2012.0}, "chrnc": {"5": 2012.0, "17": 2012.0, "50": 2013.0, "83": 2018.0, "95": 2021.0}, "delta": {"5": 1.0, "17": 2.0, "50": 3.0, "83": 7.0, "95": 11.0}}, "kopp": {"occ": {"5": 2010.0, "17": 2010.0, "50": 2010.0, "83": 2011.0, "95": 2013.0}, "chrnc": {"5": 2014.0, "17": 2015.0, "50": 2023.0, "83": 2032.0, "95": 2040.0}, "delta": {"5": 4.0, "17": 5.0, "50": 12.0, "83": 21.0, "95": 28.0}}}