{"int_low": {"occ": {"5": 2010.0, "17": 2013.0, "50": 2013.0, "83": 2013.0, "95": 2024.0}, "chrnc": {"5": 2029.0, "17": 2036.8300000000002, "50": 2046.0, "83": 2053.0, "95": 2058.0}, "delta": {"5": 13.0, "17": 21.0, "50": 32.0, "83": 40.0, "95": 45.0}}, "int": {"occ": {"5": 2010.0, "17": 2012.0, "50": 2013.0, "83": 2013.0, "95": 2019.0}, "chrnc": {"5": 2023.0, "17": 2028.0, "50": 2034.0, "83": 2040.0, "95": 2043.0}, "delta": {"5": 9.0, "17": 15.0, "50": 21.0, "83": 27.0, "95": 30.049999999999272}}, "int_high": {"occ": {"5": 2010.0, "17": 2012.0, "50": 2013.0, "83": 2013.0, "95": 2014.0}, "chrnc": {"5": 2017.0, "17": 2017.8300000000002, "50": 2027.0, "83": 2032.0, "95": 2035.0}, "delta": {"5": 4.0, "17": 5.0, "50": 14.0, "83": 19.0, "95": 22.0}}, "kopp": {"occ": {"5": 2010.0, "17": 2013.0, "50": 2013.0, "83": 2013.0, "95": 2023.0}, "chrnc": {"5": 2026.0, "17": 2030.0, "50": 2039.0, "83": 2049.0, "95": 2058.0}, "delta": {"5": 10.0, "17": 17.0, "50": 26.0, "83": 35.0, "95": 44.0}}}