{"int_low": {"occ": {"5": 2010.0, "17": 2011.0, "50": 2011.0, "83": 2014.0, "95": 2019.0}, "chrnc": {"5": 2016.0, "17": 2017.0, "50": 2022.0, "83": 2033.0, "95": 2036.0}, "delta": {"5": 1.0, "17": 5.830000000000155, "50": 10.0, "83": 21.0, "95": 25.0}}, "int": {"occ": {"5": 2010.0, "17": 2010.0, "50": 2011.0, "83": 2012.0, "95": 2015.0}, "chrnc": {"5": 2012.0, "17": 2012.0, "50": 2015.0, "83": 2020.0, "95": 2025.0499999999993}, "delta": {"5": -1.0, "17": 1.0, "50": 4.0, "83": 8.0, "95": 14.0}}, "int_high": {"occ": {"5": 2010.0, "17": 2010.0, "50": 2011.0, "83": 2012.0, "95": 2015.0}, "chrnc": {"5": 2010.0, "17": 2012.0, "50": 2014.0, "83": 2016.0, "95": 2019.0}, "delta": {"5": -3.0, "17": 1.0, "50": 3.0, "83": 5.0, "95": 8.0}}, "kopp": {"occ": {"5": 2010.0, "17": 2011.0, "50": 2011.0, "83": 2014.0, "95": 2020.0}, "chrnc": {"5": 2015.0, "17": 2017.0, "50": 2022.0, "83": 2033.0, "95": 2037.0}, "delta": {"5": 1.0, "17": 5.0, "50": 10.0, "83": 20.0, "95": 25.0}}}