{"int_low": {"occ": {"5": 2010.0, "17": 2010.0, "50": 2011.0, "83": 2012.0, "95": 2019.0}, "chrnc": {"5": 2030.0, "17": 2040.0, "50": 2047.0, "83": 2053.0, "95": 2055.0}, "delta": {"5": 18.950000000000045, "17": 28.0, "50": 35.0, "83": 42.0, "95": 45.0}}, "int": {"occ": {"5": 2010.0, "17": 2010.0, "50": 2010.0, "83": 2012.0, "95": 2018.0}, "chrnc": {"5": 2025.0, "17": 2027.0, "50": 2034.0, "83": 2037.0, "95": 2039.0}, "delta": {"5": 13.0, "17": 16.0, "50": 23.0, "83": 27.0, "95": 28.0}}, "int_high": {"occ": {"5": 2010.0, "17": 2010.0, "50": 2010.0, "83": 2011.0, "95": 2013.0}, "chrnc": {"5": 2022.0, "17": 2024.0, "50": 2028.0, "83": 2032.0, "95": 2035.0}, "delta": {"5": 11.0, "17": 13.0, "50": 17.0, "83": 21.0, "95": 23.049999999999272}}, "kopp": {"occ": {"5": 2010.0, "17": 2010.0, "50": 2011.0, "83": 2012.0, "95": 2019.0}, "chrnc": {"5": 2026.0, "17": 2031.0, "50": 2040.0, "83": 2049.0, "95": 2055.0}, "delta": {"5": 14.0, "17": 19.0, "50": 28.0, "83": 37.0, "95": 44.0}}}