{"int_low": {"occ": {"5": 2017.0, "17": 2018.8300000000002, "50": 2028.0, "83": 2036.0, "95": 2041.0}, "chrnc": {"5": 2043.0, "17": 2047.0, "50": 2056.0, "83": 2066.0, "95": 2071.0}, "delta": {"5": 9.0, "17": 17.0, "50": 28.0, "83": 39.0, "95": 48.0}}, "int": {"occ": {"5": 2017.0, "17": 2019.0, "50": 2025.0, "83": 2031.0, "95": 2034.0}, "chrnc": {"5": 2034.0, "17": 2037.0, "50": 2040.0, "83": 2044.0, "95": 2048.0}, "delta": {"5": 5.0, "17": 9.0, "50": 16.0, "83": 21.170000000000073, "95": 26.0}}, "int_high": {"occ": {"5": 2016.0, "17": 2016.0, "50": 2018.0, "83": 2021.0, "95": 2024.0}, "chrnc": {"5": 2024.0, "17": 2027.0, "50": 2031.0, "83": 2035.0, "95": 2037.0}, "delta": {"5": 5.0, "17": 8.0, "50": 13.0, "83": 17.0, "95": 20.0}}, "kopp": {"occ": {"5": 2017.0, "17": 2020.0, "50": 2028.0, "83": 2036.0, "95": 2041.0}, "chrnc": {"5": 2037.0, "17": 2041.0, "50": 2047.0, "83": 2056.0, "95": 2066.0}, "delta": {"5": 7.0, "17": 12.0, "50": 20.0, "83": 30.0, "95": 37.0}}}