{"int_low": {"occ": {"5": 2010.0, "17": 2011.0, "50": 2019.0, "83": 2028.0, "95": 2037.0}, "chrnc": {"5": 2039.95, "17": 2049.0, "50": 2058.0, "83": 2068.17, "95": 2079.0}, "delta": {"5": 16.0, "17": 26.0, "50": 39.0, "83": 50.0, "95": 61.04999999999927}}, "int": {"occ": {"5": 2010.0, "17": 2011.0, "50": 2014.0, "83": 2018.0, "95": 2024.0}, "chrnc": {"5": 2030.0, "17": 2033.0, "50": 2040.0, "83": 2045.0, "95": 2049.0}, "delta": {"5": 12.950000000000045, "17": 17.0, "50": 25.0, "83": 31.0, "95": 36.0}}, "int_high": {"occ": {"5": 2010.0, "17": 2010.0, "50": 2013.0, "83": 2016.0, "95": 2022.0}, "chrnc": {"5": 2024.0, "17": 2027.0, "50": 2031.0, "83": 2035.0, "95": 2040.0}, "delta": {"5": 9.0, "17": 13.0, "50": 18.0, "83": 23.0, "95": 27.0}}, "kopp": {"occ": {"5": 2011.0, "17": 2017.0, "50": 2024.0, "83": 2034.0, "95": 2043.0}, "chrnc": {"5": 2040.0, "17": 2047.0, "50": 2057.0, "83": 2067.0, "95": 2077.0}, "delta": {"5": 12.0, "17": 20.0, "50": 32.0, "83": 44.0, "95": 53.0}}}