{"int_low": {"occ": {"5": 2041.0, "17": 2044.0, "50": 2053.0, "83": 2059.0, "95": 2068.0}, "chrnc": {"5": 2065.0, "17": 2075.0, "50": 2083.0, "83": 2091.0, "95": 2095.0}, "delta": {"5": 14.0, "17": 20.0, "50": 30.0, "83": 38.17000000000007, "95": 45.04999999999927}}, "int": {"occ": {"5": 2033.0, "17": 2037.0, "50": 2041.0, "83": 2046.0, "95": 2050.0}, "chrnc": {"5": 2050.95, "17": 2054.0, "50": 2058.0, "83": 2061.0, "95": 2064.0}, "delta": {"5": 8.0, "17": 11.0, "50": 17.0, "83": 21.0, "95": 25.0}}, "int_high": {"occ": {"5": 2025.0, "17": 2030.0, "50": 2035.0, "83": 2038.0, "95": 2040.0}, "chrnc": {"5": 2041.0, "17": 2043.0, "50": 2048.0, "83": 2052.0, "95": 2054.0}, "delta": {"5": 6.0, "17": 9.0, "50": 14.0, "83": 18.0, "95": 22.0}}, "kopp": {"occ": {"5": 2039.0, "17": 2042.0, "50": 2049.0, "83": 2056.0, "95": 2065.0}, "chrnc": {"5": 2055.0, "17": 2060.0, "50": 2069.0, "83": 2079.0, "95": 2089.0}, "delta": {"5": 9.0, "17": 13.0, "50": 20.0, "83": 28.0, "95": 34.0}}}