{"int_low": {"occ": {"5": 2024.0, "17": 2028.0, "50": 2034.0, "83": 2040.0, "95": 2044.0}, "chrnc": {"5": 2071.0, "17": 2074.0, "50": 2081.0, "83": 2087.0, "95": 2094.0}, "delta": {"5": 33.0, "17": 39.0, "50": 46.0, "83": 56.0, "95": 62.04999999999927}}, "int": {"occ": {"5": 2015.0, "17": 2016.0, "50": 2024.0, "83": 2029.0, "95": 2031.0}, "chrnc": {"5": 2049.0, "17": 2051.0, "50": 2053.0, "83": 2058.0, "95": 2059.0}, "delta": {"5": 21.0, "17": 25.0, "50": 31.0, "83": 37.0, "95": 41.0}}, "int_high": {"occ": {"5": 2014.0, "17": 2015.0, "50": 2018.0, "83": 2022.0, "95": 2024.0}, "chrnc": {"5": 2037.0, "17": 2040.0, "50": 2043.0, "83": 2046.0, "95": 2048.0}, "delta": {"5": 16.950000000000045, "17": 20.0, "50": 25.0, "83": 28.0, "95": 31.0}}, "kopp": {"occ": {"5": 2023.0, "17": 2028.0, "50": 2034.0, "83": 2041.0, "95": 2047.0}, "chrnc": {"5": 2053.0, "17": 2059.0, "50": 2068.0, "83": 2079.0, "95": 2089.0}, "delta": {"5": 21.0, "17": 26.0, "50": 34.0, "83": 43.0, "95": 51.0}}}