{"int_low": {"occ": {"5": 2010.0, "17": 2011.0, "50": 2011.0, "83": 2011.0, "95": 2015.0}, "chrnc": {"5": 2016.0, "17": 2023.0, "50": 2030.0, "83": 2037.0, "95": 2041.0}, "delta": {"5": 5.0, "17": 11.0, "50": 18.0, "83": 25.170000000000073, "95": 30.0}}, "int": {"occ": {"5": 2010.0, "17": 2011.0, "50": 2011.0, "83": 2011.0, "95": 2011.0}, "chrnc": {"5": 2016.0, "17": 2017.0, "50": 2021.0, "83": 2027.0, "95": 2031.0}, "delta": {"5": 5.0, "17": 6.0, "50": 10.0, "83": 16.0, "95": 20.0}}, "int_high": {"occ": {"5": 2010.0, "17": 2011.0, "50": 2011.0, "83": 2011.0, "95": 2011.0}, "chrnc": {"5": 2012.0, "17": 2013.0, "50": 2017.0, "83": 2020.0, "95": 2021.0499999999993}, "delta": {"5": 1.0, "17": 2.0, "50": 6.0, "83": 9.0, "95": 11.0}}, "kopp": {"occ": {"5": 2010.0, "17": 2011.0, "50": 2011.0, "83": 2011.0, "95": 2019.0}, "chrnc": {"5": 2016.0, "17": 2023.0, "50": 2030.0, "83": 2039.0, "95": 2049.0}, "delta": {"5": 5.0, "17": 11.0, "50": 18.5, "83": 27.0, "95": 37.0}}}