{"int_low": {"occ": {"5": 2010.0, "17": 2010.0, "50": 2012.0, "83": 2013.0, "95": 2020.0}, "chrnc": {"5": 2044.0, "17": 2050.0, "50": 2059.0, "83": 2069.0, "95": 2074.0}, "delta": {"5": 30.0, "17": 36.0, "50": 47.0, "83": 57.0, "95": 62.0}}, "int": {"occ": {"5": 2010.0, "17": 2010.0, "50": 2013.0, "83": 2013.0, "95": 2017.0499999999993}, "chrnc": {"5": 2034.0, "17": 2039.0, "50": 2042.0, "83": 2046.0, "95": 2050.0}, "delta": {"5": 20.950000000000045, "17": 26.0, "50": 30.0, "83": 35.0, "95": 38.0}}, "int_high": {"occ": {"5": 2010.0, "17": 2010.0, "50": 2013.0, "83": 2013.0, "95": 2013.0}, "chrnc": {"5": 2026.0, "17": 2030.0, "50": 2035.0, "83": 2038.0, "95": 2040.0}, "delta": {"5": 13.950000000000045, "17": 18.0, "50": 23.0, "83": 27.0, "95": 29.0}}, "kopp": {"occ": {"5": 2010.0, "17": 2010.0, "50": 2013.0, "83": 2013.0, "95": 2021.0}, "chrnc": {"5": 2038.0, "17": 2042.0, "50": 2050.0, "83": 2061.0, "95": 2073.0}, "delta": {"5": 24.0, "17": 29.0, "50": 37.0, "83": 48.0, "95": 60.0}}}