{"int_low": {"occ": {"5": 2010.0, "17": 2013.0, "50": 2014.0, "83": 2016.0, "95": 2019.0}, "chrnc": {"5": 2031.0, "17": 2034.0, "50": 2038.0, "83": 2044.0, "95": 2048.0}, "delta": {"5": 15.950000000000045, "17": 19.0, "50": 24.0, "83": 30.0, "95": 34.0}}, "int": {"occ": {"5": 2010.0, "17": 2013.0, "50": 2014.0, "83": 2015.0, "95": 2018.0}, "chrnc": {"5": 2023.0, "17": 2026.0, "50": 2029.0, "83": 2032.0, "95": 2034.0}, "delta": {"5": 8.0, "17": 11.0, "50": 15.0, "83": 18.0, "95": 21.0}}, "int_high": {"occ": {"5": 2010.0, "17": 2011.0, "50": 2013.0, "83": 2015.0, "95": 2016.0}, "chrnc": {"5": 2020.0, "17": 2021.0, "50": 2023.0, "83": 2026.0, "95": 2027.0}, "delta": {"5": 5.0, "17": 7.0, "50": 10.0, "83": 13.0, "95": 15.049999999999272}}, "kopp": {"occ": {"5": 2012.0, "17": 2013.0, "50": 2015.0, "83": 2018.0, "95": 2021.0}, "chrnc": {"5": 2032.0, "17": 2035.0, "50": 2041.0, "83": 2047.0, "95": 2052.0}, "delta": {"5": 16.0, "17": 20.0, "50": 26.0, "83": 32.0, "95": 37.0}}}