{"int_low": {"occ": {"5": 2010.0, "17": 2010.0, "50": 2010.0, "83": 2015.0, "95": 2020.0}, "chrnc": {"5": 2013.0, "17": 2019.0, "50": 2025.0, "83": 2031.0, "95": 2035.0}, "delta": {"5": 1.9500000000000455, "17": 6.0, "50": 13.0, "83": 20.0, "95": 24.0}}, "int": {"occ": {"5": 2010.0, "17": 2010.0, "50": 2010.0, "83": 2014.0, "95": 2019.0499999999993}, "chrnc": {"5": 2012.0, "17": 2013.0, "50": 2018.0, "83": 2023.0, "95": 2027.0}, "delta": {"5": -4.0, "17": 2.0, "50": 6.0, "83": 12.0, "95": 16.0}}, "int_high": {"occ": {"5": 2010.0, "17": 2010.0, "50": 2010.0, "83": 2011.0, "95": 2015.0499999999993}, "chrnc": {"5": 2011.0, "17": 2012.0, "50": 2014.0, "83": 2018.0, "95": 2020.0}, "delta": {"5": -2.0, "17": 1.0, "50": 4.0, "83": 7.0, "95": 10.0}}, "kopp": {"occ": {"5": 2010.0, "17": 2010.0, "50": 2010.0, "83": 2015.0, "95": 2021.0}, "chrnc": {"5": 2012.0, "17": 2016.0, "50": 2024.0, "83": 2031.0, "95": 2038.0}, "delta": {"5": 1.0, "17": 4.0, "50": 12.0, "83": 19.0, "95": 26.0}}}