{"int_low": {"occ": {"5": 2013.0, "17": 2013.0, "50": 2013.0, "83": 2013.0, "95": 2013.0}, "chrnc": {"5": 2015.0, "17": 2016.0, "50": 2023.0, "83": 2031.0, "95": 2035.0}, "delta": {"5": 2.0, "17": 3.0, "50": 10.0, "83": 18.0, "95": 22.0}}, "int": {"occ": {"5": 2012.0, "17": 2013.0, "50": 2013.0, "83": 2013.0, "95": 2013.0}, "chrnc": {"5": 2014.0, "17": 2015.0, "50": 2019.0, "83": 2025.0, "95": 2031.0}, "delta": {"5": 1.0, "17": 2.0, "50": 6.0, "83": 12.0, "95": 18.0}}, "int_high": {"occ": {"5": 2012.0, "17": 2013.0, "50": 2013.0, "83": 2013.0, "95": 2013.0}, "chrnc": {"5": 2010.0, "17": 2010.8300000000002, "50": 2014.0, "83": 2019.0, "95": 2023.0}, "delta": {"5": -3.0, "17": -2.1699999999998454, "50": 1.0, "83": 6.0, "95": 10.0}}, "kopp": {"occ": {"5": 2012.0, "17": 2013.0, "50": 2013.0, "83": 2013.0, "95": 2013.0}, "chrnc": {"5": 2014.0, "17": 2015.0, "50": 2021.0, "83": 2029.0, "95": 2034.0}, "delta": {"5": 1.0, "17": 2.0, "50": 8.0, "83": 16.0, "95": 21.0}}}