{"int_low": {"occ": {"5": 2013.0, "17": 2013.0, "50": 2015.0, "83": 2022.0, "95": 2023.0}, "chrnc": {"5": 2033.0, "17": 2037.0, "50": 2043.0, "83": 2048.0, "95": 2052.0}, "delta": {"5": 14.0, "17": 19.0, "50": 27.0, "83": 33.0, "95": 37.0}}, "int": {"occ": {"5": 2013.0, "17": 2013.0, "50": 2013.0, "83": 2015.0, "95": 2019.0}, "chrnc": {"5": 2024.0, "17": 2026.0, "50": 2029.0, "83": 2031.0, "95": 2035.0}, "delta": {"5": 7.9500000000000455, "17": 11.0, "50": 15.0, "83": 18.0, "95": 21.049999999999272}}, "int_high": {"occ": {"5": 2012.0, "17": 2013.0, "50": 2013.0, "83": 2014.0, "95": 2015.0}, "chrnc": {"5": 2018.0, "17": 2020.0, "50": 2022.0, "83": 2025.0, "95": 2026.0}, "delta": {"5": 4.0, "17": 6.0, "50": 9.0, "83": 12.0, "95": 13.0}}, "kopp": {"occ": {"5": 2013.0, "17": 2013.0, "50": 2015.0, "83": 2022.0, "95": 2025.0}, "chrnc": {"5": 2034.0, "17": 2038.0, "50": 2045.0, "83": 2053.0, "95": 2060.0}, "delta": {"5": 15.0, "17": 21.0, "50": 28.0, "83": 36.0, "95": 43.0}}}