{"int_low": {"occ": {"5": 2056.0, "17": 2064.0, "50": 2076.0, "83": 2087.0, "95": 2094.0}, "chrnc": {"5": 2078.0, "17": 2084.0, "50": 2093.0, "83": 2099.0, "95": 2100.0}, "delta": {"5": -5.0, "17": 4.0, "50": 16.0, "83": 29.0, "95": 39.0}}, "int": {"occ": {"5": 2041.0, "17": 2045.0, "50": 2051.0, "83": 2055.0, "95": 2059.0}, "chrnc": {"5": 2052.0, "17": 2057.0, "50": 2062.0, "83": 2066.0, "95": 2069.0}, "delta": {"5": -1.0, "17": 5.0, "50": 11.0, "83": 18.0, "95": 23.049999999999272}}, "int_high": {"occ": {"5": 2031.0, "17": 2035.8300000000002, "50": 2040.0, "83": 2044.0, "95": 2047.0}, "chrnc": {"5": 2043.0, "17": 2045.0, "50": 2048.0, "83": 2052.0, "95": 2054.0}, "delta": {"5": 1.0, "17": 3.0, "50": 8.0, "83": 14.0, "95": 19.0}}, "kopp": {"occ": {"5": 2044.0, "17": 2050.0, "50": 2061.0, "83": 2076.0, "95": 2089.0}, "chrnc": {"5": 2055.0, "17": 2063.0, "50": 2075.0, "83": 2089.0, "95": 2097.0}, "delta": {"5": -2.0, "17": 5.0, "50": 13.0, "83": 23.0, "95": 30.0}}}