{"int_low": {"occ": {"5": 2022.0, "17": 2027.0, "50": 2038.0, "83": 2049.0, "95": 2052.0}, "chrnc": {"5": 2060.0, "17": 2063.0, "50": 2073.0, "83": 2083.0, "95": 2090.0}, "delta": {"5": 14.0, "17": 23.0, "50": 36.0, "83": 48.0, "95": 56.0}}, "int": {"occ": {"5": 2017.0, "17": 2021.0, "50": 2027.0, "83": 2033.0, "95": 2036.0}, "chrnc": {"5": 2042.0, "17": 2044.0, "50": 2048.0, "83": 2052.0, "95": 2054.0}, "delta": {"5": 9.0, "17": 14.0, "50": 22.0, "83": 29.0, "95": 33.0}}, "int_high": {"occ": {"5": 2016.0, "17": 2016.0, "50": 2020.0, "83": 2024.0, "95": 2029.0}, "chrnc": {"5": 2035.0, "17": 2037.0, "50": 2039.0, "83": 2041.0, "95": 2042.0}, "delta": {"5": 8.950000000000045, "17": 14.0, "50": 19.0, "83": 23.0, "95": 25.0}}, "kopp": {"occ": {"5": 2023.0, "17": 2027.0, "50": 2037.0, "83": 2046.0, "95": 2053.0}, "chrnc": {"5": 2046.0, "17": 2053.0, "50": 2060.0, "83": 2072.0, "95": 2085.0}, "delta": {"5": 11.0, "17": 16.0, "50": 24.0, "83": 34.0, "95": 43.850000000000364}}}