{"int_low": {"occ": {"5": 2010.0, "17": 2013.8300000000002, "50": 2018.0, "83": 2027.0, "95": 2036.0}, "chrnc": {"5": 2066.0, "17": 2069.0, "50": 2078.0, "83": 2091.17, "95": 2098.0}, "delta": {"5": 40.0, "17": 48.0, "50": 59.0, "83": 71.0, "95": 81.04999999999927}}, "int": {"occ": {"5": 2011.0, "17": 2012.0, "50": 2013.0, "83": 2022.0, "95": 2025.0}, "chrnc": {"5": 2041.95, "17": 2045.0, "50": 2047.0, "83": 2051.0, "95": 2054.0}, "delta": {"5": 21.0, "17": 25.0, "50": 33.0, "83": 37.0, "95": 41.0}}, "int_high": {"occ": {"5": 2010.0, "17": 2012.0, "50": 2013.0, "83": 2015.0, "95": 2022.0}, "chrnc": {"5": 2031.0, "17": 2033.0, "50": 2036.0, "83": 2040.0, "95": 2043.0}, "delta": {"5": 14.0, "17": 19.0, "50": 23.0, "83": 27.0, "95": 31.0}}, "kopp": {"occ": {"5": 2010.0, "17": 2011.0, "50": 2021.0, "83": 2035.0, "95": 2043.0}, "chrnc": {"5": 2055.0, "17": 2063.0, "50": 2073.0, "83": 2085.0, "95": 2095.0}, "delta": {"5": 29.0, "17": 37.0, "50": 50.0, "83": 63.0, "95": 75.0}}}