{"int_low": {"occ": {"5": 2010.0, "17": 2011.0, "50": 2014.0, "83": 2018.0, "95": 2023.0}, "chrnc": {"5": 2051.0, "17": 2056.83, "50": 2063.0, "83": 2070.0, "95": 2076.0}, "delta": {"5": 35.0, "17": 41.0, "50": 49.0, "83": 56.0, "95": 62.04999999999927}}, "int": {"occ": {"5": 2010.0, "17": 2010.0, "50": 2013.0, "83": 2016.0, "95": 2020.0}, "chrnc": {"5": 2036.0, "17": 2039.0, "50": 2043.0, "83": 2046.0, "95": 2049.0}, "delta": {"5": 20.0, "17": 25.0, "50": 29.0, "83": 34.0, "95": 37.0}}, "int_high": {"occ": {"5": 2010.0, "17": 2010.0, "50": 2012.0, "83": 2015.0, "95": 2018.0}, "chrnc": {"5": 2028.0, "17": 2031.0, "50": 2034.0, "83": 2037.0, "95": 2039.0}, "delta": {"5": 14.0, "17": 18.0, "50": 22.0, "83": 26.0, "95": 28.049999999999272}}, "kopp": {"occ": {"5": 2010.0, "17": 2012.0, "50": 2015.0, "83": 2021.0, "95": 2027.0}, "chrnc": {"5": 2046.0, "17": 2051.0, "50": 2060.0, "83": 2070.0, "95": 2081.0}, "delta": {"5": 28.0, "17": 34.0, "50": 43.0, "83": 55.0, "95": 65.0}}}