{"int_low": {"occ": {"5": 2014.0, "17": 2015.0, "50": 2029.0, "83": 2051.0, "95": 2069.0499999999993}, "chrnc": {"5": 2081.0, "17": 2097.0, "50": 2098.0, "83": 2100.0, "95": 2100.0}, "delta": {"5": 47.0, "17": 50.0, "50": 81.0, "83": 85.0, "95": 88.0}}, "int": {"occ": {"5": 2011.0, "17": 2012.0, "50": 2016.0, "83": 2032.0, "95": 2035.0}, "chrnc": {"5": 2061.0, "17": 2065.0, "50": 2074.0, "83": 2078.0, "95": 2088.0}, "delta": {"5": 32.950000000000045, "17": 42.0, "50": 55.0, "83": 64.0, "95": 71.04999999999927}}, "int_high": {"occ": {"5": 2011.0, "17": 2011.0, "50": 2012.0, "83": 2019.0, "95": 2031.0}, "chrnc": {"5": 2044.0, "17": 2049.0, "50": 2056.0, "83": 2057.0, "95": 2059.0}, "delta": {"5": 25.0, "17": 33.0, "50": 43.0, "83": 45.0, "95": 47.0}}, "kopp": {"occ": {"5": 2011.0, "17": 2014.0, "50": 2020.0, "83": 2036.0, "95": 2054.0}, "chrnc": {"5": 2062.0, "17": 2074.0, "50": 2086.0, "83": 2098.0, "95": 2100.0}, "delta": {"5": 39.0, "17": 47.0, "50": 63.0, "83": 77.0, "95": 83.0}}}