{"int_low": {"occ": {"5": 2010.0, "17": 2013.8300000000002, "50": 2014.0, "83": 2016.0, "95": 2021.0}, "chrnc": {"5": 2023.0, "17": 2026.8300000000002, "50": 2033.0, "83": 2038.0, "95": 2042.0}, "delta": {"5": 7.0, "17": 11.0, "50": 18.0, "83": 24.0, "95": 28.0}}, "int": {"occ": {"5": 2010.0, "17": 2010.0, "50": 2013.0, "83": 2014.0, "95": 2015.0}, "chrnc": {"5": 2018.95, "17": 2022.0, "50": 2026.0, "83": 2031.0, "95": 2034.0}, "delta": {"5": 5.0, "17": 9.0, "50": 13.0, "83": 19.0, "95": 22.0}}, "int_high": {"occ": {"5": 2010.0, "17": 2010.0, "50": 2011.0, "83": 2013.0, "95": 2014.0}, "chrnc": {"5": 2017.0, "17": 2017.0, "50": 2021.0, "83": 2025.0, "95": 2028.0}, "delta": {"5": 4.0, "17": 6.0, "50": 9.0, "83": 13.0, "95": 16.0}}, "kopp": {"occ": {"5": 2010.0, "17": 2013.0, "50": 2014.0, "83": 2017.0, "95": 2021.0}, "chrnc": {"5": 2022.0, "17": 2025.0, "50": 2032.0, "83": 2038.0, "95": 2044.0}, "delta": {"5": 6.0, "17": 11.0, "50": 17.0, "83": 23.0, "95": 28.0}}}