{"int_low": {"occ": {"5": 2010.0, "17": 2011.0, "50": 2017.0, "83": 2023.0, "95": 2030.0}, "chrnc": {"5": 2046.95, "17": 2055.0, "50": 2061.0, "83": 2069.0, "95": 2073.0}, "delta": {"5": 26.0, "17": 34.0, "50": 44.0, "83": 52.17000000000007, "95": 59.0}}, "int": {"occ": {"5": 2010.0, "17": 2012.0, "50": 2014.0, "83": 2017.0, "95": 2019.0}, "chrnc": {"5": 2034.0, "17": 2038.0, "50": 2041.0, "83": 2045.0, "95": 2048.0}, "delta": {"5": 18.0, "17": 22.0, "50": 27.0, "83": 32.0, "95": 35.0}}, "int_high": {"occ": {"5": 2010.0, "17": 2013.0, "50": 2013.0, "83": 2015.0, "95": 2017.0}, "chrnc": {"5": 2026.0, "17": 2028.0, "50": 2032.0, "83": 2035.0, "95": 2036.0}, "delta": {"5": 11.0, "17": 14.0, "50": 18.0, "83": 21.0, "95": 23.049999999999272}}, "kopp": {"occ": {"5": 2010.0, "17": 2014.0, "50": 2021.0, "83": 2030.0, "95": 2035.0}, "chrnc": {"5": 2044.0, "17": 2050.0, "50": 2058.0, "83": 2067.0, "95": 2075.0}, "delta": {"5": 20.0, "17": 27.0, "50": 36.0, "83": 46.0, "95": 54.0}}}