{"int_low": {"occ": {"5": 2030.0, "17": 2035.0, "50": 2042.0, "83": 2048.0, "95": 2054.0999999999985}, "chrnc": {"5": 2087.0, "17": 2088.0, "50": 2092.0, "83": 2099.0, "95": 2100.0}, "delta": {"5": 39.0, "17": 45.0, "50": 52.0, "83": 60.0, "95": 66.0}}, "int": {"occ": {"5": 2021.95, "17": 2026.0, "50": 2029.0, "83": 2031.0, "95": 2035.0}, "chrnc": {"5": 2051.0, "17": 2053.0, "50": 2056.0, "83": 2059.0, "95": 2062.0}, "delta": {"5": 20.950000000000045, "17": 24.0, "50": 27.0, "83": 32.0, "95": 35.0}}, "int_high": {"occ": {"5": 2017.0, "17": 2018.0, "50": 2021.0, "83": 2025.0, "95": 2026.0}, "chrnc": {"5": 2038.0, "17": 2041.0, "50": 2043.0, "83": 2045.0, "95": 2047.0}, "delta": {"5": 15.950000000000045, "17": 18.0, "50": 22.0, "83": 25.0, "95": 28.0}}, "kopp": {"occ": {"5": 2033.0, "17": 2038.0, "50": 2047.0, "83": 2056.0, "95": 2063.0}, "chrnc": {"5": 2065.0, "17": 2072.0, "50": 2084.0, "83": 2093.0, "95": 2099.0}, "delta": {"5": 24.0, "17": 29.0, "50": 38.0, "83": 46.0, "95": 52.0}}}