{"int_low": {"occ": {"5": 2012.0, "17": 2013.0, "50": 2013.0, "83": 2013.0, "95": 2031.0}, "chrnc": {"5": 2038.0, "17": 2043.0, "50": 2056.0, "83": 2069.0, "95": 2074.0}, "delta": {"5": 16.0, "17": 29.0, "50": 42.0, "83": 55.17000000000007, "95": 60.0}}, "int": {"occ": {"5": 2011.0, "17": 2013.0, "50": 2013.0, "83": 2013.0, "95": 2016.0}, "chrnc": {"5": 2024.0, "17": 2029.0, "50": 2040.0, "83": 2048.0, "95": 2052.0}, "delta": {"5": 11.0, "17": 16.0, "50": 26.0, "83": 35.0, "95": 39.0}}, "int_high": {"occ": {"5": 2011.0, "17": 2013.0, "50": 2013.0, "83": 2013.0, "95": 2014.0}, "chrnc": {"5": 2022.0, "17": 2025.0, "50": 2031.0, "83": 2036.0, "95": 2037.0499999999993}, "delta": {"5": 9.0, "17": 12.0, "50": 18.0, "83": 23.0, "95": 25.0}}, "kopp": {"occ": {"5": 2011.0, "17": 2013.0, "50": 2013.0, "83": 2013.0, "95": 2020.0}, "chrnc": {"5": 2026.0, "17": 2038.0, "50": 2047.0, "83": 2057.0, "95": 2071.0}, "delta": {"5": 12.0, "17": 23.0, "50": 33.0, "83": 43.0, "95": 57.0}}}