{"int_low": {"occ": {"5": 2023.0, "17": 2029.0, "50": 2043.0, "83": 2053.0, "95": 2058.0}, "chrnc": {"5": 2081.0, "17": 2090.0, "50": 2097.0, "83": 2100.0, "95": 2100.0}, "delta": {"5": 32.0, "17": 42.0, "50": 53.0, "83": 68.96999999999935, "95": 74.0}}, "int": {"occ": {"5": 2019.0, "17": 2022.0, "50": 2029.0, "83": 2036.0, "95": 2038.0}, "chrnc": {"5": 2056.0, "17": 2058.0, "50": 2061.0, "83": 2066.0, "95": 2069.0499999999993}, "delta": {"5": 21.0, "17": 25.0, "50": 32.0, "83": 40.0, "95": 44.04999999999927}}, "int_high": {"occ": {"5": 2015.0, "17": 2017.0, "50": 2023.0, "83": 2031.0, "95": 2034.0}, "chrnc": {"5": 2043.0, "17": 2045.0, "50": 2048.0, "83": 2051.0, "95": 2054.0}, "delta": {"5": 13.0, "17": 18.0, "50": 24.0, "83": 32.0, "95": 36.0}}, "kopp": {"occ": {"5": 2022.0, "17": 2026.0, "50": 2036.0, "83": 2049.0, "95": 2057.0}, "chrnc": {"5": 2057.0, "17": 2062.0, "50": 2075.0, "83": 2089.0, "95": 2097.0}, "delta": {"5": 21.0, "17": 28.0, "50": 38.0, "83": 51.0, "95": 61.0}}}