{"int_low": {"occ": {"5": 2010.0, "17": 2010.0, "50": 2013.0, "83": 2014.0, "95": 2023.0}, "chrnc": {"5": 2020.0, "17": 2024.0, "50": 2032.0, "83": 2040.0, "95": 2051.0}, "delta": {"5": 4.0, "17": 10.0, "50": 19.0, "83": 28.0, "95": 39.0}}, "int": {"occ": {"5": 2010.0, "17": 2010.0, "50": 2012.0, "83": 2013.0, "95": 2019.0}, "chrnc": {"5": 2015.0, "17": 2017.0, "50": 2022.0, "83": 2032.0, "95": 2035.0}, "delta": {"5": 2.0, "17": 4.0, "50": 10.0, "83": 19.0, "95": 23.0}}, "int_high": {"occ": {"5": 2010.0, "17": 2010.0, "50": 2011.0, "83": 2013.0, "95": 2016.0999999999985}, "chrnc": {"5": 2014.0, "17": 2015.0, "50": 2018.5, "83": 2023.0, "95": 2028.0}, "delta": {"5": 1.0, "17": 3.0, "50": 7.0, "83": 11.0, "95": 16.049999999999272}}, "kopp": {"occ": {"5": 2010.0, "17": 2011.0, "50": 2013.0, "83": 2018.0, "95": 2021.0}, "chrnc": {"5": 2017.0, "17": 2021.0, "50": 2028.0, "83": 2037.0, "95": 2046.0}, "delta": {"5": 2.0, "17": 7.0, "50": 15.0, "83": 23.0, "95": 30.0}}}