{"int_low": {"occ": {"5": 2010.0, "17": 2011.0, "50": 2016.0, "83": 2024.0, "95": 2033.0}, "chrnc": {"5": 2037.0, "17": 2045.8300000000002, "50": 2056.0, "83": 2066.0, "95": 2078.0}, "delta": {"5": 17.0, "17": 26.0, "50": 38.0, "83": 51.0, "95": 61.0}}, "int": {"occ": {"5": 2010.0, "17": 2011.0, "50": 2013.0, "83": 2017.0, "95": 2025.0}, "chrnc": {"5": 2028.0, "17": 2032.0, "50": 2037.0, "83": 2044.0, "95": 2047.0}, "delta": {"5": 12.0, "17": 16.0, "50": 23.0, "83": 30.0, "95": 34.0}}, "int_high": {"occ": {"5": 2010.0, "17": 2010.0, "50": 2013.0, "83": 2015.0, "95": 2022.0}, "chrnc": {"5": 2023.0, "17": 2026.0, "50": 2030.0, "83": 2034.0, "95": 2038.0}, "delta": {"5": 8.0, "17": 12.0, "50": 17.0, "83": 21.0, "95": 25.0}}, "kopp": {"occ": {"5": 2010.0, "17": 2011.0, "50": 2018.0, "83": 2029.0, "95": 2039.0499999999993}, "chrnc": {"5": 2038.0, "17": 2045.0, "50": 2054.0, "83": 2065.0, "95": 2075.0}, "delta": {"5": 14.0, "17": 23.0, "50": 35.0, "83": 47.0, "95": 56.0}}}