{"int_low": {"occ": {"5": 2016.0, "17": 2018.0, "50": 2025.0, "83": 2033.0, "95": 2036.0}, "chrnc": {"5": 2039.0, "17": 2042.0, "50": 2049.0, "83": 2055.0, "95": 2059.0}, "delta": {"5": 7.0, "17": 14.0, "50": 23.0, "83": 32.0, "95": 38.0}}, "int": {"occ": {"5": 2016.0, "17": 2016.0, "50": 2019.0, "83": 2024.0, "95": 2031.0}, "chrnc": {"5": 2025.0, "17": 2030.0, "50": 2037.0, "83": 2039.0, "95": 2042.0}, "delta": {"5": 3.9500000000000455, "17": 8.0, "50": 16.0, "83": 21.170000000000073, "95": 24.0}}, "int_high": {"occ": {"5": 2014.0, "17": 2015.0, "50": 2018.0, "83": 2020.0, "95": 2023.0}, "chrnc": {"5": 2021.0, "17": 2024.0, "50": 2028.0, "83": 2032.0, "95": 2034.0}, "delta": {"5": 2.0, "17": 5.0, "50": 10.0, "83": 15.0, "95": 18.0}}, "kopp": {"occ": {"5": 2016.0, "17": 2018.0, "50": 2023.0, "83": 2032.0, "95": 2036.0}, "chrnc": {"5": 2030.0, "17": 2037.0, "50": 2043.0, "83": 2052.0, "95": 2058.0}, "delta": {"5": 5.0, "17": 11.0, "50": 19.0, "83": 28.0, "95": 35.0}}}