{"int_low": {"occ": {"5": 2028.0, "17": 2037.0, "50": 2043.0, "83": 2051.0, "95": 2054.0}, "chrnc": {"5": 2059.0, "17": 2063.0, "50": 2071.0, "83": 2080.0, "95": 2087.0}, "delta": {"5": 11.950000000000045, "17": 19.0, "50": 28.0, "83": 39.0, "95": 45.0}}, "int": {"occ": {"5": 2023.0, "17": 2026.0, "50": 2033.5, "83": 2038.0, "95": 2040.0}, "chrnc": {"5": 2042.0, "17": 2045.0, "50": 2052.0, "83": 2056.0, "95": 2058.0}, "delta": {"5": 8.0, "17": 13.0, "50": 18.0, "83": 25.0, "95": 29.049999999999272}}, "int_high": {"occ": {"5": 2022.0, "17": 2024.0, "50": 2028.0, "83": 2032.0, "95": 2034.0}, "chrnc": {"5": 2037.0, "17": 2039.0, "50": 2042.0, "83": 2047.0, "95": 2050.0}, "delta": {"5": 7.0, "17": 10.0, "50": 15.0, "83": 20.0, "95": 23.0}}, "kopp": {"occ": {"5": 2026.0, "17": 2035.0, "50": 2040.0, "83": 2048.0, "95": 2054.0}, "chrnc": {"5": 2048.0, "17": 2055.0, "50": 2061.0, "83": 2071.0, "95": 2080.0}, "delta": {"5": 9.0, "17": 14.0, "50": 21.0, "83": 29.0, "95": 36.0}}}