{"int_low": {"occ": {"5": 2027.0, "17": 2031.0, "50": 2035.0, "83": 2039.0, "95": 2043.0}, "chrnc": {"5": 2072.95, "17": 2075.0, "50": 2080.0, "83": 2085.0, "95": 2088.0}, "delta": {"5": 34.0, "17": 39.0, "50": 45.0, "83": 51.17000000000007, "95": 56.0}}, "int": {"occ": {"5": 2021.0, "17": 2023.0, "50": 2027.0, "83": 2030.0, "95": 2032.0}, "chrnc": {"5": 2049.0, "17": 2051.0, "50": 2053.0, "83": 2055.0, "95": 2058.0}, "delta": {"5": 20.0, "17": 23.0, "50": 27.0, "83": 31.0, "95": 33.0}}, "int_high": {"occ": {"5": 2018.0, "17": 2020.0, "50": 2022.0, "83": 2024.0, "95": 2026.0}, "chrnc": {"5": 2040.0, "17": 2041.0, "50": 2043.0, "83": 2045.0, "95": 2046.0}, "delta": {"5": 16.0, "17": 18.0, "50": 21.0, "83": 24.0, "95": 26.0}}, "kopp": {"occ": {"5": 2028.0, "17": 2032.0, "50": 2036.0, "83": 2042.0, "95": 2047.0}, "chrnc": {"5": 2057.0, "17": 2062.0, "50": 2070.0, "83": 2080.0, "95": 2089.0}, "delta": {"5": 22.600000000000023, "17": 27.0, "50": 34.0, "83": 42.0, "95": 49.0}}}