{"int_low": {"occ": {"5": 2038.0, "17": 2041.0, "50": 2047.0, "83": 2053.0, "95": 2055.0}, "chrnc": {"5": 2059.95, "17": 2063.0, "50": 2070.0, "83": 2076.0, "95": 2083.0}, "delta": {"5": 8.950000000000045, "17": 14.0, "50": 22.0, "83": 32.0, "95": 39.0}}, "int": {"occ": {"5": 2025.0, "17": 2028.0, "50": 2034.0, "83": 2037.17, "95": 2039.0}, "chrnc": {"5": 2041.95, "17": 2044.0, "50": 2047.0, "83": 2051.0, "95": 2054.0}, "delta": {"5": 5.0, "17": 8.0, "50": 14.0, "83": 21.0, "95": 24.049999999999272}}, "int_high": {"occ": {"5": 2017.0, "17": 2021.0, "50": 2026.0, "83": 2031.0, "95": 2033.0}, "chrnc": {"5": 2036.0, "17": 2037.0, "50": 2039.0, "83": 2041.0, "95": 2042.0}, "delta": {"5": 5.0, "17": 8.0, "50": 13.0, "83": 19.0, "95": 22.0}}, "kopp": {"occ": {"5": 2028.0, "17": 2035.0, "50": 2041.0, "83": 2049.0, "95": 2055.0}, "chrnc": {"5": 2044.0, "17": 2049.0, "50": 2058.0, "83": 2068.0, "95": 2076.0}, "delta": {"5": 6.0, "17": 10.0, "50": 16.0, "83": 24.0, "95": 30.0}}}