{"int_low": {"occ": {"5": 2018.0, "17": 2020.0, "50": 2025.0, "83": 2030.0, "95": 2033.0}, "chrnc": {"5": 2057.0, "17": 2061.0, "50": 2067.0, "83": 2072.0, "95": 2077.0}, "delta": {"5": 29.0, "17": 35.0, "50": 42.0, "83": 49.0, "95": 54.0}}, "int": {"occ": {"5": 2015.0, "17": 2017.0, "50": 2019.0, "83": 2023.0, "95": 2025.0}, "chrnc": {"5": 2040.0, "17": 2043.0, "50": 2045.0, "83": 2048.0, "95": 2050.0}, "delta": {"5": 18.0, "17": 22.0, "50": 26.0, "83": 30.0, "95": 32.04999999999927}}, "int_high": {"occ": {"5": 2011.0, "17": 2012.0, "50": 2014.0, "83": 2017.0, "95": 2019.0}, "chrnc": {"5": 2032.0, "17": 2034.0, "50": 2036.0, "83": 2038.0, "95": 2040.0}, "delta": {"5": 16.0, "17": 18.0, "50": 21.0, "83": 24.170000000000073, "95": 26.0}}, "kopp": {"occ": {"5": 2020.0, "17": 2023.0, "50": 2028.0, "83": 2033.0, "95": 2038.0}, "chrnc": {"5": 2049.0, "17": 2054.0, "50": 2061.0, "83": 2071.0, "95": 2080.0}, "delta": {"5": 22.0, "17": 26.0, "50": 34.0, "83": 42.0, "95": 50.0}}}