{"int_low": {"occ": {"5": 2010.0, "17": 2012.0, "50": 2013.0, "83": 2016.0, "95": 2020.0}, "chrnc": {"5": 2032.0, "17": 2037.0, "50": 2041.0, "83": 2046.0, "95": 2049.0}, "delta": {"5": 17.0, "17": 22.0, "50": 27.0, "83": 32.0, "95": 36.0}}, "int": {"occ": {"5": 2010.0, "17": 2011.0, "50": 2013.0, "83": 2014.0, "95": 2018.0}, "chrnc": {"5": 2024.0, "17": 2027.0, "50": 2030.0, "83": 2033.0, "95": 2035.0499999999993}, "delta": {"5": 9.950000000000045, "17": 13.0, "50": 17.0, "83": 21.0, "95": 23.0}}, "int_high": {"occ": {"5": 2010.0, "17": 2010.0, "50": 2013.0, "83": 2013.0, "95": 2014.0}, "chrnc": {"5": 2020.0, "17": 2022.0, "50": 2024.0, "83": 2027.0, "95": 2028.0}, "delta": {"5": 7.0, "17": 9.0, "50": 12.0, "83": 15.0, "95": 17.0}}, "kopp": {"occ": {"5": 2010.0, "17": 2013.0, "50": 2013.0, "83": 2018.0, "95": 2021.0}, "chrnc": {"5": 2032.0, "17": 2036.0, "50": 2042.0, "83": 2049.0, "95": 2055.0}, "delta": {"5": 17.0, "17": 21.0, "50": 28.0, "83": 35.0, "95": 41.0}}}