{"int_low": {"occ": {"5": 2082.0, "17": 2089.0, "50": 2093.5, "83": 2099.0, "95": 2099.0}, "chrnc": {"5": NaN, "17": NaN, "50": NaN, "83": NaN, "95": NaN}, "delta": {"5": NaN, "17": NaN, "50": NaN, "83": NaN, "95": NaN}}, "int": {"occ": {"5": 2067.0, "17": 2071.0, "50": 2075.0, "83": 2079.0, "95": 2082.0}, "chrnc": {"5": 2077.0, "17": 2080.0, "50": 2084.0, "83": 2088.0, "95": 2091.0}, "delta": {"5": -1.0, "17": 4.0, "50": 9.0, "83": 14.170000000000073, "95": 19.0}}, "int_high": {"occ": {"5": 2053.0, "17": 2056.0, "50": 2059.0, "83": 2062.0, "95": 2064.0}, "chrnc": {"5": 2060.0, "17": 2062.0, "50": 2065.0, "83": 2068.0, "95": 2070.0}, "delta": {"5": -1.0, "17": 2.0, "50": 6.0, "83": 11.0, "95": 13.049999999999272}}, "kopp": {"occ": {"5": 2066.0, "17": 2075.0, "50": 2087.0, "83": 2097.0, "95": 2100.0}, "chrnc": {"5": 2072.0, "17": 2080.0, "50": 2091.0, "83": 2098.0, "95": 2100.0}, "delta": {"5": -2.0, "17": 3.0, "50": 8.0, "83": 13.0, "95": 18.0}}}