{"int_low": {"occ": {"5": 2011.0, "17": 2013.0, "50": 2020.0, "83": 2033.0, "95": 2045.0499999999993}, "chrnc": {"5": 2020.95, "17": 2030.0, "50": 2049.0, "83": 2069.0, "95": 2081.0}, "delta": {"5": -7.0499999999999545, "17": 9.0, "50": 28.0, "83": 48.0, "95": 60.04999999999927}}, "int": {"occ": {"5": 2010.95, "17": 2013.0, "50": 2014.0, "83": 2023.0, "95": 2032.0}, "chrnc": {"5": 2018.0, "17": 2023.0, "50": 2032.0, "83": 2041.0, "95": 2049.0}, "delta": {"5": -4.0, "17": 6.0, "50": 15.0, "83": 25.170000000000073, "95": 33.0}}, "int_high": {"occ": {"5": 2010.0, "17": 2012.0, "50": 2013.0, "83": 2021.0, "95": 2025.0}, "chrnc": {"5": 2018.0, "17": 2020.0, "50": 2027.0, "83": 2034.0, "95": 2037.0}, "delta": {"5": -2.0, "17": 5.0, "50": 11.0, "83": 19.0, "95": 24.0}}, "kopp": {"occ": {"5": 2011.0, "17": 2013.0, "50": 2019.0, "83": 2029.0, "95": 2037.0}, "chrnc": {"5": 2019.0, "17": 2026.0, "50": 2040.0, "83": 2054.0, "95": 2068.0}, "delta": {"5": -6.0, "17": 7.0, "50": 20.0, "83": 36.0, "95": 47.0}}}