{"int_low": {"occ": {"5": 2056.0, "17": 2059.0, "50": 2063.0, "83": 2067.0, "95": 2070.0}, "chrnc": {"5": 2089.0, "17": 2092.0, "50": 2096.0, "83": 2099.0, "95": 2100.0}, "delta": {"5": 23.0, "17": 28.0, "50": 33.0, "83": 37.0, "95": 41.0}}, "int": {"occ": {"5": 2038.0, "17": 2040.0, "50": 2043.0, "83": 2045.0, "95": 2047.0}, "chrnc": {"5": 2056.0, "17": 2058.0, "50": 2060.0, "83": 2062.0, "95": 2063.0}, "delta": {"5": 11.950000000000045, "17": 14.0, "50": 17.0, "83": 20.0, "95": 22.0}}, "int_high": {"occ": {"5": 2031.0, "17": 2032.0, "50": 2034.0, "83": 2036.0, "95": 2038.0}, "chrnc": {"5": 2045.0, "17": 2046.0, "50": 2048.0, "83": 2049.0, "95": 2051.0}, "delta": {"5": 9.0, "17": 11.0, "50": 13.0, "83": 16.0, "95": 17.049999999999272}}, "kopp": {"occ": {"5": 2048.0, "17": 2052.0, "50": 2059.0, "83": 2067.0, "95": 2074.0}, "chrnc": {"5": 2064.0, "17": 2070.0, "50": 2080.0, "83": 2090.0, "95": 2097.0}, "delta": {"5": 13.0, "17": 16.0, "50": 21.0, "83": 27.0, "95": 31.0}}}