{"int_low": {"occ": {"5": 2037.0, "17": 2041.0, "50": 2045.0, "83": 2048.0, "95": 2051.0}, "chrnc": {"5": 2070.0, "17": 2073.0, "50": 2078.0, "83": 2083.0, "95": 2085.0499999999993}, "delta": {"5": 24.0, "17": 28.0, "50": 33.0, "83": 39.0, "95": 43.04999999999927}}, "int": {"occ": {"5": 2027.0, "17": 2028.0, "50": 2031.0, "83": 2033.0, "95": 2035.0}, "chrnc": {"5": 2047.0, "17": 2049.0, "50": 2051.0, "83": 2052.0, "95": 2054.0}, "delta": {"5": 14.0, "17": 17.0, "50": 20.0, "83": 23.0, "95": 25.0}}, "int_high": {"occ": {"5": 2020.0, "17": 2023.0, "50": 2025.0, "83": 2027.0, "95": 2028.0}, "chrnc": {"5": 2037.0, "17": 2038.0, "50": 2040.0, "83": 2043.0, "95": 2044.0}, "delta": {"5": 10.0, "17": 13.0, "50": 16.0, "83": 19.0, "95": 21.0}}, "kopp": {"occ": {"5": 2032.0, "17": 2036.0, "50": 2042.0, "83": 2048.0, "95": 2056.0}, "chrnc": {"5": 2050.0, "17": 2055.0, "50": 2064.0, "83": 2074.0, "95": 2084.0}, "delta": {"5": 14.0, "17": 17.0, "50": 22.0, "83": 29.0, "95": 34.0}}}