{"int_low": {"occ": {"5": 2010.0, "17": 2010.0, "50": 2011.0, "83": 2012.0, "95": 2019.0}, "chrnc": {"5": 2026.0, "17": 2029.8300000000002, "50": 2040.0, "83": 2048.0, "95": 2054.0}, "delta": {"5": 14.0, "17": 18.0, "50": 28.0, "83": 37.0, "95": 42.0}}, "int": {"occ": {"5": 2010.0, "17": 2010.0, "50": 2010.0, "83": 2012.0, "95": 2018.0}, "chrnc": {"5": 2022.0, "17": 2025.0, "50": 2030.0, "83": 2035.0, "95": 2037.0}, "delta": {"5": 10.0, "17": 14.0, "50": 19.0, "83": 24.0, "95": 26.0}}, "int_high": {"occ": {"5": 2010.0, "17": 2010.0, "50": 2010.0, "83": 2011.0, "95": 2013.0}, "chrnc": {"5": 2015.0, "17": 2021.0, "50": 2024.0, "83": 2028.17, "95": 2032.0}, "delta": {"5": 5.0, "17": 9.0, "50": 13.0, "83": 18.0, "95": 21.0}}, "kopp": {"occ": {"5": 2010.0, "17": 2010.0, "50": 2011.0, "83": 2012.0, "95": 2019.0}, "chrnc": {"5": 2024.0, "17": 2027.0, "50": 2035.0, "83": 2042.0, "95": 2051.0}, "delta": {"5": 11.0, "17": 15.0, "50": 23.0, "83": 30.0, "95": 39.04999999999927}}}