{"int_low": {"occ": {"5": 2022.0, "17": 2027.0, "50": 2031.0, "83": 2035.0, "95": 2040.0499999999993}, "chrnc": {"5": 2068.0, "17": 2072.0, "50": 2077.0, "83": 2083.0, "95": 2086.0}, "delta": {"5": 33.0, "17": 39.0, "50": 46.0, "83": 53.0, "95": 58.0}}, "int": {"occ": {"5": 2015.0, "17": 2017.0, "50": 2020.0, "83": 2024.0, "95": 2026.0}, "chrnc": {"5": 2045.0, "17": 2046.0, "50": 2048.0, "83": 2050.0, "95": 2052.0}, "delta": {"5": 21.0, "17": 24.0, "50": 27.5, "83": 32.0, "95": 35.0}}, "int_high": {"occ": {"5": 2010.0, "17": 2011.0, "50": 2013.0, "83": 2016.0, "95": 2018.0}, "chrnc": {"5": 2033.0, "17": 2035.0, "50": 2037.0, "83": 2040.0, "95": 2041.0}, "delta": {"5": 17.950000000000045, "17": 20.0, "50": 24.0, "83": 27.0, "95": 29.0}}, "kopp": {"occ": {"5": 2027.0, "17": 2030.0, "50": 2035.0, "83": 2041.0, "95": 2047.0}, "chrnc": {"5": 2055.0, "17": 2062.0, "50": 2070.0, "83": 2082.0, "95": 2091.6000000000004}, "delta": {"5": 23.0, "17": 28.0, "50": 35.0, "83": 45.0, "95": 53.0}}}