{"int_low": {"occ": {"5": 2010.0, "17": 2010.0, "50": 2010.0, "83": 2023.0, "95": 2027.0}, "chrnc": {"5": 2011.0, "17": 2014.0, "50": 2023.0, "83": 2032.0, "95": 2039.0499999999993}, "delta": {"5": -10.049999999999955, "17": -3.1699999999998454, "50": 8.0, "83": 18.0, "95": 26.0}}, "int": {"occ": {"5": 2010.0, "17": 2010.0, "50": 2010.0, "83": 2020.0, "95": 2025.0}, "chrnc": {"5": 2011.0, "17": 2012.0, "50": 2016.0, "83": 2025.0, "95": 2030.0}, "delta": {"5": -9.0, "17": -2.0, "50": 4.0, "83": 12.0, "95": 18.0}}, "int_high": {"occ": {"5": 2010.0, "17": 2010.0, "50": 2010.0, "83": 2018.0, "95": 2023.0}, "chrnc": {"5": 2011.0, "17": 2012.0, "50": 2014.0, "83": 2022.0, "95": 2025.0499999999993}, "delta": {"5": -7.0, "17": -1.0, "50": 3.0, "83": 11.0, "95": 15.0}}, "kopp": {"occ": {"5": 2010.0, "17": 2010.0, "50": 2010.0, "83": 2022.0, "95": 2027.0}, "chrnc": {"5": 2011.0, "17": 2013.0, "50": 2020.0, "83": 2029.0, "95": 2036.0}, "delta": {"5": -11.0, "17": -3.0, "50": 6.0, "83": 16.0, "95": 23.0}}}