{"int_low": {"occ": {"5": 2080.0, "17": 2097.0, "50": 2099.5, "83": 2100.0, "95": 2100.0}, "chrnc": {"5": NaN, "17": NaN, "50": NaN, "83": NaN, "95": NaN}, "delta": {"5": NaN, "17": NaN, "50": NaN, "83": NaN, "95": NaN}}, "int": {"occ": {"5": 2062.0, "17": 2066.0, "50": 2076.0, "83": 2085.0, "95": 2090.0}, "chrnc": {"5": 2096.0, "17": 2097.0, "50": 2099.0, "83": 2100.0, "95": 2100.0}, "delta": {"5": 9.449999999999989, "17": 18.0, "50": 23.0, "83": 34.0, "95": 36.55000000000018}}, "int_high": {"occ": {"5": 2045.95, "17": 2053.0, "50": 2057.0, "83": 2059.0, "95": 2063.0}, "chrnc": {"5": 2075.0, "17": 2076.0, "50": 2077.0, "83": 2079.0, "95": 2082.0}, "delta": {"5": 15.0, "17": 18.0, "50": 20.0, "83": 26.0, "95": 31.0}}, "kopp": {"occ": {"5": 2062.0, "17": 2075.0, "50": 2087.0, "83": 2098.0, "95": 2100.0}, "chrnc": {"5": 2076.0, "17": 2086.0, "50": 2096.0, "83": 2099.0, "95": 2100.0}, "delta": {"5": 11.0, "17": 19.0, "50": 24.0, "83": 33.0, "95": 36.0}}}