{"int_low": {"occ": {"5": 2011.0, "17": 2011.0, "50": 2015.0, "83": 2031.0, "95": 2034.0}, "chrnc": {"5": 2063.0, "17": 2075.0, "50": 2083.0, "83": 2092.0, "95": 2095.0}, "delta": {"5": 39.950000000000045, "17": 51.0, "50": 65.0, "83": 76.0, "95": 81.0}}, "int": {"occ": {"5": 2011.0, "17": 2011.0, "50": 2013.0, "83": 2019.0, "95": 2031.0}, "chrnc": {"5": 2042.0, "17": 2045.0, "50": 2054.0, "83": 2058.0, "95": 2064.0499999999993}, "delta": {"5": 22.0, "17": 30.0, "50": 39.0, "83": 45.0, "95": 50.0}}, "int_high": {"occ": {"5": 2011.0, "17": 2013.0, "50": 2013.0, "83": 2013.0, "95": 2016.0499999999993}, "chrnc": {"5": 2038.0, "17": 2039.0, "50": 2042.0, "83": 2048.0, "95": 2050.0}, "delta": {"5": 23.0, "17": 26.0, "50": 29.0, "83": 35.0, "95": 37.0}}, "kopp": {"occ": {"5": 2011.0, "17": 2011.0, "50": 2013.0, "83": 2028.0, "95": 2033.0}, "chrnc": {"5": 2045.0, "17": 2055.0, "50": 2065.0, "83": 2080.0, "95": 2091.0}, "delta": {"5": 28.0, "17": 36.0, "50": 49.0, "83": 62.0, "95": 75.0}}}