{"int_low": {"occ": {"5": 2012.0, "17": 2013.0, "50": 2013.0, "83": 2013.0, "95": 2031.0}, "chrnc": {"5": 2023.0, "17": 2033.8300000000002, "50": 2046.0, "83": 2055.0, "95": 2067.0}, "delta": {"5": 9.0, "17": 16.0, "50": 32.0, "83": 41.0, "95": 52.04999999999927}}, "int": {"occ": {"5": 2011.0, "17": 2013.0, "50": 2013.0, "83": 2013.0, "95": 2016.0}, "chrnc": {"5": 2021.0, "17": 2024.0, "50": 2030.0, "83": 2037.0, "95": 2041.0}, "delta": {"5": 7.0, "17": 10.0, "50": 17.0, "83": 24.0, "95": 28.0}}, "int_high": {"occ": {"5": 2011.0, "17": 2013.0, "50": 2013.0, "83": 2013.0, "95": 2014.0}, "chrnc": {"5": 2018.0, "17": 2021.0, "50": 2027.0, "83": 2033.0, "95": 2035.0}, "delta": {"5": 5.0, "17": 8.0, "50": 14.0, "83": 20.0, "95": 22.0}}, "kopp": {"occ": {"5": 2011.0, "17": 2013.0, "50": 2013.0, "83": 2013.0, "95": 2020.0}, "chrnc": {"5": 2021.0, "17": 2025.0, "50": 2038.0, "83": 2050.0, "95": 2058.0}, "delta": {"5": 7.0, "17": 11.0, "50": 24.0, "83": 37.0, "95": 44.0}}}