{"int_low": {"occ": {"5": 2010.0, "17": 2010.0, "50": 2010.0, "83": 2015.0, "95": 2020.0}, "chrnc": {"5": 2022.0, "17": 2028.0, "50": 2035.0, "83": 2041.0, "95": 2046.0}, "delta": {"5": 9.0, "17": 15.0, "50": 24.0, "83": 30.0, "95": 35.0}}, "int": {"occ": {"5": 2010.0, "17": 2010.0, "50": 2010.0, "83": 2014.0, "95": 2019.0}, "chrnc": {"5": 2019.0, "17": 2022.0, "50": 2026.0, "83": 2031.0, "95": 2033.0}, "delta": {"5": 5.0, "17": 10.0, "50": 15.0, "83": 20.0, "95": 22.049999999999272}}, "int_high": {"occ": {"5": 2010.0, "17": 2010.0, "50": 2010.0, "83": 2011.0, "95": 2015.0499999999993}, "chrnc": {"5": 2012.0, "17": 2013.0, "50": 2018.0, "83": 2022.0, "95": 2025.0}, "delta": {"5": 2.0, "17": 3.0, "50": 6.0, "83": 12.0, "95": 15.0}}, "kopp": {"occ": {"5": 2010.0, "17": 2010.0, "50": 2010.0, "83": 2015.0, "95": 2021.0}, "chrnc": {"5": 2021.0, "17": 2025.0, "50": 2032.0, "83": 2040.0, "95": 2048.0}, "delta": {"5": 8.0, "17": 13.0, "50": 20.0, "83": 28.0, "95": 36.0}}}