{"int_low": {"occ": {"5": 2067.0, "17": 2070.0, "50": 2074.0, "83": 2079.0, "95": 2083.0}, "chrnc": {"5": 2095.0, "17": 2098.0, "50": 2099.0, "83": 2100.0, "95": 2100.0}, "delta": {"5": 15.950000000000003, "17": 20.0, "50": 25.0, "83": 28.0, "95": 30.049999999999955}}, "int": {"occ": {"5": 2046.0, "17": 2047.0, "50": 2049.0, "83": 2052.0, "95": 2052.0}, "chrnc": {"5": 2061.0, "17": 2063.0, "50": 2064.0, "83": 2066.0, "95": 2067.0}, "delta": {"5": 11.0, "17": 13.0, "50": 15.0, "83": 18.0, "95": 20.0}}, "int_high": {"occ": {"5": 2035.0, "17": 2037.0, "50": 2039.0, "83": 2041.0, "95": 2043.0}, "chrnc": {"5": 2049.0, "17": 2050.0, "50": 2051.0, "83": 2052.0, "95": 2053.0}, "delta": {"5": 8.0, "17": 10.0, "50": 12.5, "83": 15.0, "95": 16.0}}, "kopp": {"occ": {"5": 2049.0, "17": 2054.0, "50": 2062.0, "83": 2071.84, "95": 2082.0}, "chrnc": {"5": 2063.0, "17": 2069.0, "50": 2080.0, "83": 2090.0, "95": 2097.0}, "delta": {"5": 11.0, "17": 14.0, "50": 18.0, "83": 23.0, "95": 27.0}}}