{"int_low": {"occ": {"5": 2015.0, "17": 2018.0, "50": 2022.0, "83": 2031.0, "95": 2035.0}, "chrnc": {"5": 2027.0, "17": 2037.0, "50": 2043.0, "83": 2051.0, "95": 2054.0}, "delta": {"5": 2.0, "17": 9.0, "50": 21.0, "83": 30.0, "95": 35.0}}, "int": {"occ": {"5": 2011.0, "17": 2014.0, "50": 2018.0, "83": 2021.0, "95": 2026.0499999999993}, "chrnc": {"5": 2022.0, "17": 2025.0, "50": 2030.0, "83": 2035.0, "95": 2038.0}, "delta": {"5": 2.0, "17": 6.0, "50": 13.0, "83": 19.0, "95": 22.0}}, "int_high": {"occ": {"5": 2010.0, "17": 2011.0, "50": 2013.0, "83": 2015.0, "95": 2015.0}, "chrnc": {"5": 2017.0, "17": 2017.0, "50": 2023.0, "83": 2028.0, "95": 2032.0}, "delta": {"5": 2.9500000000000455, "17": 4.0, "50": 10.0, "83": 15.0, "95": 19.0}}, "kopp": {"occ": {"5": 2015.0, "17": 2016.0, "50": 2020.0, "83": 2028.0, "95": 2033.0}, "chrnc": {"5": 2024.0, "17": 2029.0, "50": 2038.0, "83": 2047.0, "95": 2053.0}, "delta": {"5": 3.0, "17": 8.0, "50": 17.0, "83": 25.0, "95": 33.0}}}