{"int_low": {"occ": {"5": 2010.0, "17": 2011.0, "50": 2018.0, "83": 2029.0, "95": 2037.0499999999993}, "chrnc": {"5": 2022.95, "17": 2030.0, "50": 2041.0, "83": 2053.0, "95": 2062.0}, "delta": {"5": -4.0, "17": 7.0, "50": 22.0, "83": 35.0, "95": 45.0}}, "int": {"occ": {"5": 2010.0, "17": 2013.0, "50": 2016.0, "83": 2023.0, "95": 2028.0}, "chrnc": {"5": 2019.0, "17": 2023.0, "50": 2031.0, "83": 2037.0, "95": 2042.0}, "delta": {"5": -3.0, "17": 5.0, "50": 14.0, "83": 22.0, "95": 28.0}}, "int_high": {"occ": {"5": 2010.0, "17": 2014.0, "50": 2016.0, "83": 2020.0, "95": 2024.0}, "chrnc": {"5": 2012.0, "17": 2013.0, "50": 2023.0, "83": 2030.0, "95": 2034.0}, "delta": {"5": -6.0499999999999545, "17": -2.0, "50": 7.0, "83": 14.0, "95": 19.0}}, "kopp": {"occ": {"5": 2010.0, "17": 2011.0, "50": 2018.0, "83": 2028.0, "95": 2037.0}, "chrnc": {"5": 2021.0, "17": 2027.0, "50": 2037.0, "83": 2048.0, "95": 2059.0}, "delta": {"5": -3.0, "17": 7.0, "50": 18.0, "83": 30.0, "95": 40.0}}}