{"int_low": {"occ": {"5": 2012.0, "17": 2013.0, "50": 2015.0, "83": 2017.0, "95": 2023.0}, "chrnc": {"5": 2051.0, "17": 2053.0, "50": 2058.0, "83": 2062.0, "95": 2066.0}, "delta": {"5": 33.950000000000045, "17": 37.830000000000155, "50": 43.0, "83": 48.0, "95": 51.0}}, "int": {"occ": {"5": 2010.0, "17": 2012.0, "50": 2013.0, "83": 2015.0, "95": 2016.0}, "chrnc": {"5": 2033.0, "17": 2036.0, "50": 2038.0, "83": 2041.0, "95": 2043.0}, "delta": {"5": 18.950000000000045, "17": 21.0, "50": 25.0, "83": 28.0, "95": 30.049999999999272}}, "int_high": {"occ": {"5": 2010.0, "17": 2012.0, "50": 2013.0, "83": 2015.0, "95": 2015.0}, "chrnc": {"5": 2027.0, "17": 2028.0, "50": 2030.0, "83": 2031.0, "95": 2032.0}, "delta": {"5": 13.0, "17": 15.0, "50": 16.0, "83": 19.0, "95": 20.0}}, "kopp": {"occ": {"5": 2011.0, "17": 2013.0, "50": 2015.0, "83": 2023.0, "95": 2026.0}, "chrnc": {"5": 2046.0, "17": 2050.0, "50": 2058.0, "83": 2067.0, "95": 2078.0}, "delta": {"5": 28.0, "17": 33.0, "50": 41.0, "83": 51.0, "95": 60.0}}}