{"int_low": {"occ": {"5": 2024.0, "17": 2027.0, "50": 2032.0, "83": 2036.0, "95": 2039.0}, "chrnc": {"5": 2058.0, "17": 2062.0, "50": 2066.0, "83": 2071.0, "95": 2074.0}, "delta": {"5": 24.0, "17": 28.830000000000155, "50": 35.0, "83": 40.0, "95": 45.0}}, "int": {"occ": {"5": 2020.0, "17": 2022.0, "50": 2024.0, "83": 2026.0, "95": 2028.0}, "chrnc": {"5": 2041.0, "17": 2042.0, "50": 2044.0, "83": 2047.0, "95": 2048.0}, "delta": {"5": 14.950000000000045, "17": 17.0, "50": 20.0, "83": 23.0, "95": 26.0}}, "int_high": {"occ": {"5": 2018.0, "17": 2018.0, "50": 2020.0, "83": 2022.0, "95": 2023.0}, "chrnc": {"5": 2033.0, "17": 2034.0, "50": 2036.0, "83": 2038.0, "95": 2039.0}, "delta": {"5": 11.0, "17": 14.0, "50": 16.0, "83": 18.0, "95": 20.0}}, "kopp": {"occ": {"5": 2026.0, "17": 2029.0, "50": 2034.0, "83": 2039.0, "95": 2044.0}, "chrnc": {"5": 2050.0, "17": 2054.0, "50": 2061.0, "83": 2070.0, "95": 2078.0}, "delta": {"5": 18.0, "17": 21.0, "50": 27.0, "83": 34.0, "95": 40.0}}}