{"int_low": {"occ": {"5": 2012.0, "17": 2018.0, "50": 2021.0, "83": 2026.0, "95": 2029.0}, "chrnc": {"5": 2048.0, "17": 2052.0, "50": 2057.0, "83": 2061.0, "95": 2064.0}, "delta": {"5": 23.950000000000045, "17": 29.0, "50": 35.0, "83": 42.0, "95": 47.0}}, "int": {"occ": {"5": 2010.0, "17": 2011.0, "50": 2015.0, "83": 2018.0, "95": 2021.0}, "chrnc": {"5": 2034.0, "17": 2037.0, "50": 2039.0, "83": 2042.0, "95": 2044.0}, "delta": {"5": 17.0, "17": 20.0, "50": 25.0, "83": 29.0, "95": 32.0}}, "int_high": {"occ": {"5": 2010.0, "17": 2011.0, "50": 2013.0, "83": 2015.0, "95": 2016.0}, "chrnc": {"5": 2027.0, "17": 2029.0, "50": 2031.0, "83": 2033.0, "95": 2035.0}, "delta": {"5": 13.0, "17": 15.0, "50": 18.0, "83": 21.0, "95": 23.0}}, "kopp": {"occ": {"5": 2017.0, "17": 2020.0, "50": 2024.0, "83": 2029.0, "95": 2033.0}, "chrnc": {"5": 2043.0, "17": 2048.0, "50": 2054.0, "83": 2062.0, "95": 2068.0499999999993}, "delta": {"5": 19.0, "17": 23.0, "50": 30.0, "83": 38.0, "95": 44.0}}}