{"int_low": {"occ": {"5": 2070.0, "17": 2075.0, "50": 2081.0, "83": 2088.0, "95": 2092.0}, "chrnc": {"5": 2094.0, "17": 2096.0, "50": 2098.0, "83": 2100.0, "95": 2100.0}, "delta": {"5": 6.0, "17": 10.0, "50": 19.0, "83": 24.669999999999845, "95": 32.0}}, "int": {"occ": {"5": 2047.0, "17": 2049.0, "50": 2053.0, "83": 2055.0, "95": 2056.0499999999993}, "chrnc": {"5": 2060.0, "17": 2062.0, "50": 2064.0, "83": 2067.0, "95": 2069.0}, "delta": {"5": 6.0, "17": 8.0, "50": 12.0, "83": 16.0, "95": 19.0}}, "int_high": {"occ": {"5": 2038.0, "17": 2040.0, "50": 2042.0, "83": 2043.17, "95": 2046.0}, "chrnc": {"5": 2048.0, "17": 2050.0, "50": 2052.0, "83": 2054.0, "95": 2055.0}, "delta": {"5": 5.9500000000000455, "17": 8.0, "50": 10.0, "83": 13.0, "95": 15.0}}, "kopp": {"occ": {"5": 2052.0, "17": 2057.0, "50": 2066.0, "83": 2077.0, "95": 2087.0}, "chrnc": {"5": 2063.0, "17": 2070.0, "50": 2080.0, "83": 2093.0, "95": 2098.0}, "delta": {"5": 7.0, "17": 10.0, "50": 15.0, "83": 21.0, "95": 25.0}}}