{"int_low": {"occ": {"5": 2012.95, "17": 2014.0, "50": 2020.0, "83": 2026.0, "95": 2030.0499999999993}, "chrnc": {"5": 2035.0, "17": 2039.0, "50": 2044.0, "83": 2049.0, "95": 2053.0}, "delta": {"5": 10.0, "17": 16.0, "50": 24.0, "83": 31.0, "95": 37.0}}, "int": {"occ": {"5": 2010.0, "17": 2012.0, "50": 2014.0, "83": 2021.0, "95": 2026.0}, "chrnc": {"5": 2027.0, "17": 2031.0, "50": 2035.0, "83": 2039.0, "95": 2042.0}, "delta": {"5": 7.0, "17": 12.0, "50": 20.0, "83": 25.0, "95": 28.0}}, "int_high": {"occ": {"5": 2010.0, "17": 2010.0, "50": 2013.0, "83": 2014.0, "95": 2018.0499999999993}, "chrnc": {"5": 2020.0, "17": 2025.0, "50": 2030.0, "83": 2033.0, "95": 2036.0}, "delta": {"5": 7.0, "17": 11.0, "50": 17.0, "83": 21.0, "95": 24.0}}, "kopp": {"occ": {"5": 2013.0, "17": 2014.0, "50": 2020.0, "83": 2026.0, "95": 2030.0}, "chrnc": {"5": 2032.0, "17": 2036.0, "50": 2042.0, "83": 2048.0, "95": 2053.0}, "delta": {"5": 9.0, "17": 15.0, "50": 22.0, "83": 29.0, "95": 35.0}}}