{"int_low": {"occ": {"5": 2051.0, "17": 2054.0, "50": 2060.0, "83": 2065.0, "95": 2069.0}, "chrnc": {"5": 2090.0, "17": 2095.0, "50": 2100.0, "83": 2100.0, "95": 2100.0}, "delta": {"5": 32.0, "17": 37.0, "50": 41.5, "83": 45.0, "95": 48.0}}, "int": {"occ": {"5": 2033.0, "17": 2035.8300000000002, "50": 2039.0, "83": 2042.0, "95": 2044.0}, "chrnc": {"5": 2059.0, "17": 2061.0, "50": 2064.0, "83": 2066.0, "95": 2067.0}, "delta": {"5": 18.0, "17": 21.0, "50": 25.0, "83": 29.0, "95": 31.0}}, "int_high": {"occ": {"5": 2026.0, "17": 2028.0, "50": 2029.0, "83": 2031.0, "95": 2033.0499999999993}, "chrnc": {"5": 2046.0, "17": 2047.0, "50": 2049.0, "83": 2051.0, "95": 2052.0}, "delta": {"5": 15.0, "17": 17.0, "50": 20.0, "83": 22.0, "95": 24.0}}, "kopp": {"occ": {"5": 2046.0, "17": 2051.0, "50": 2059.0, "83": 2067.0, "95": 2077.0}, "chrnc": {"5": 2069.0, "17": 2077.0, "50": 2087.0, "83": 2096.0, "95": 2100.0}, "delta": {"5": 20.0, "17": 24.0, "50": 30.0, "83": 36.0, "95": 41.0}}}