{"int_low": {"occ": {"5": 2010.0, "17": 2011.0, "50": 2013.0, "83": 2014.0, "95": 2019.0}, "chrnc": {"5": 2020.0, "17": 2024.0, "50": 2030.0, "83": 2036.0, "95": 2038.0499999999993}, "delta": {"5": 6.0, "17": 11.0, "50": 17.0, "83": 23.0, "95": 26.0}}, "int": {"occ": {"5": 2010.0, "17": 2010.0, "50": 2011.0, "83": 2013.0, "95": 2014.0}, "chrnc": {"5": 2017.0, "17": 2017.0, "50": 2023.0, "83": 2028.0, "95": 2031.0}, "delta": {"5": 4.0, "17": 6.0, "50": 11.0, "83": 16.170000000000073, "95": 21.0}}, "int_high": {"occ": {"5": 2010.0, "17": 2010.0, "50": 2012.0, "83": 2013.0, "95": 2013.0}, "chrnc": {"5": 2017.0, "17": 2017.0, "50": 2020.0, "83": 2023.0, "95": 2025.0}, "delta": {"5": 4.0, "17": 6.0, "50": 8.0, "83": 12.0, "95": 14.049999999999272}}, "kopp": {"occ": {"5": 2010.0, "17": 2010.0, "50": 2013.0, "83": 2014.0, "95": 2019.0}, "chrnc": {"5": 2019.0, "17": 2023.0, "50": 2029.0, "83": 2035.0, "95": 2039.0}, "delta": {"5": 6.0, "17": 10.0, "50": 16.0, "83": 22.0, "95": 26.0}}}