{"int_low": {"occ": {"5": 2032.0, "17": 2035.0, "50": 2040.0, "83": 2044.0, "95": 2047.0}, "chrnc": {"5": 2071.0, "17": 2075.0, "50": 2081.0, "83": 2087.0, "95": 2090.0499999999993}, "delta": {"5": 29.0, "17": 35.0, "50": 42.0, "83": 48.0, "95": 54.0}}, "int": {"occ": {"5": 2025.0, "17": 2027.0, "50": 2030.0, "83": 2032.0, "95": 2034.0}, "chrnc": {"5": 2048.0, "17": 2050.0, "50": 2052.0, "83": 2055.0, "95": 2056.0}, "delta": {"5": 16.0, "17": 19.0, "50": 23.0, "83": 26.170000000000073, "95": 30.0}}, "int_high": {"occ": {"5": 2019.0, "17": 2021.0, "50": 2024.0, "83": 2027.0, "95": 2028.0}, "chrnc": {"5": 2039.0, "17": 2041.0, "50": 2043.0, "83": 2044.0, "95": 2046.0}, "delta": {"5": 13.0, "17": 16.0, "50": 19.0, "83": 22.0, "95": 24.0}}, "kopp": {"occ": {"5": 2032.0, "17": 2036.0, "50": 2041.0, "83": 2047.0, "95": 2054.0}, "chrnc": {"5": 2057.0, "17": 2064.0, "50": 2072.0, "83": 2082.0, "95": 2091.0}, "delta": {"5": 20.0, "17": 24.0, "50": 31.0, "83": 38.0, "95": 45.0}}}