{"int_low": {"occ": {"5": 2012.0, "17": 2013.0, "50": 2013.0, "83": 2013.0, "95": 2031.0}, "chrnc": {"5": 2039.95, "17": 2044.0, "50": 2059.0, "83": 2070.0, "95": 2076.0}, "delta": {"5": 22.950000000000045, "17": 30.830000000000155, "50": 45.0, "83": 57.0, "95": 63.0}}, "int": {"occ": {"5": 2011.0, "17": 2013.0, "50": 2013.0, "83": 2013.0, "95": 2016.0}, "chrnc": {"5": 2025.0, "17": 2035.0, "50": 2041.0, "83": 2049.0, "95": 2052.0}, "delta": {"5": 12.0, "17": 19.0, "50": 28.0, "83": 36.0, "95": 39.0}}, "int_high": {"occ": {"5": 2011.0, "17": 2013.0, "50": 2013.0, "83": 2013.0, "95": 2014.0}, "chrnc": {"5": 2022.0, "17": 2026.0, "50": 2033.0, "83": 2036.0, "95": 2038.0}, "delta": {"5": 9.0, "17": 12.0, "50": 20.0, "83": 23.0, "95": 25.0}}, "kopp": {"occ": {"5": 2011.0, "17": 2013.0, "50": 2013.0, "83": 2013.0, "95": 2020.0}, "chrnc": {"5": 2027.0, "17": 2039.0, "50": 2048.0, "83": 2059.0, "95": 2072.0}, "delta": {"5": 13.0, "17": 25.0, "50": 34.0, "83": 45.0, "95": 58.0}}}