{"int_low": {"occ": {"5": 2038.0, "17": 2041.8300000000002, "50": 2046.0, "83": 2050.0, "95": 2053.0}, "chrnc": {"5": 2071.0, "17": 2075.0, "50": 2079.0, "83": 2084.0, "95": 2087.0}, "delta": {"5": 22.0, "17": 27.0, "50": 33.0, "83": 39.17000000000007, "95": 44.0}}, "int": {"occ": {"5": 2029.0, "17": 2031.0, "50": 2033.0, "83": 2035.0, "95": 2037.0}, "chrnc": {"5": 2048.0, "17": 2049.0, "50": 2051.0, "83": 2054.0, "95": 2056.0}, "delta": {"5": 12.0, "17": 15.0, "50": 18.0, "83": 21.0, "95": 24.0}}, "int_high": {"occ": {"5": 2023.0, "17": 2025.0, "50": 2027.0, "83": 2029.0, "95": 2030.0}, "chrnc": {"5": 2038.0, "17": 2039.0, "50": 2041.0, "83": 2043.0, "95": 2044.0}, "delta": {"5": 10.0, "17": 12.0, "50": 15.0, "83": 17.0, "95": 19.0}}, "kopp": {"occ": {"5": 2037.0, "17": 2041.0, "50": 2046.0, "83": 2053.0, "95": 2058.0}, "chrnc": {"5": 2056.0, "17": 2062.0, "50": 2069.0, "83": 2079.0, "95": 2088.0}, "delta": {"5": 14.0, "17": 18.0, "50": 23.0, "83": 29.0, "95": 35.0}}}