{"int_low": {"occ": {"5": 2014.0, "17": 2017.0, "50": 2024.0, "83": 2033.0, "95": 2036.0}, "chrnc": {"5": 2061.0, "17": 2065.0, "50": 2075.0, "83": 2086.0, "95": 2091.0}, "delta": {"5": 30.0, "17": 38.830000000000155, "50": 51.0, "83": 62.0, "95": 71.0}}, "int": {"occ": {"5": 2013.0, "17": 2014.0, "50": 2017.0, "83": 2021.0, "95": 2031.0}, "chrnc": {"5": 2042.0, "17": 2044.0, "50": 2049.0, "83": 2053.0, "95": 2055.0}, "delta": {"5": 18.950000000000045, "17": 25.0, "50": 31.0, "83": 37.0, "95": 40.0}}, "int_high": {"occ": {"5": 2011.0, "17": 2012.0, "50": 2014.0, "83": 2018.0, "95": 2021.0}, "chrnc": {"5": 2037.0, "17": 2038.0, "50": 2040.0, "83": 2042.0, "95": 2043.0}, "delta": {"5": 18.0, "17": 22.0, "50": 25.0, "83": 28.0, "95": 30.0}}, "kopp": {"occ": {"5": 2013.0, "17": 2015.0, "50": 2019.0, "83": 2031.0, "95": 2035.0}, "chrnc": {"5": 2043.0, "17": 2050.0, "50": 2059.0, "83": 2071.0, "95": 2084.0}, "delta": {"5": 22.0, "17": 28.0, "50": 39.0, "83": 50.0, "95": 59.0}}}