{"int_low": {"occ": {"5": 2011.0, "17": 2011.0, "50": 2015.0, "83": 2033.0, "95": 2035.0}, "chrnc": {"5": 2078.0, "17": 2080.0, "50": 2094.0, "83": 2097.0, "95": 2100.0}, "delta": {"5": 46.0, "17": 54.830000000000155, "50": 68.0, "83": 84.0, "95": 87.0}}, "int": {"occ": {"5": 2011.0, "17": 2011.0, "50": 2012.0, "83": 2019.0, "95": 2033.0}, "chrnc": {"5": 2044.0, "17": 2056.0, "50": 2059.0, "83": 2068.0, "95": 2071.0}, "delta": {"5": 25.0, "17": 33.830000000000155, "50": 46.0, "83": 55.0, "95": 58.04999999999927}}, "int_high": {"occ": {"5": 2011.0, "17": 2011.0, "50": 2012.0, "83": 2013.0, "95": 2016.0}, "chrnc": {"5": 2039.0, "17": 2041.0, "50": 2045.0, "83": 2051.0, "95": 2052.0}, "delta": {"5": 26.0, "17": 28.0, "50": 33.0, "83": 38.0, "95": 40.0}}, "kopp": {"occ": {"5": 2011.0, "17": 2011.0, "50": 2013.0, "83": 2032.0, "95": 2034.0}, "chrnc": {"5": 2052.0, "17": 2059.0, "50": 2070.0, "83": 2088.0, "95": 2096.0}, "delta": {"5": 30.0, "17": 42.0, "50": 53.0, "83": 68.0, "95": 80.0}}}