{"int_low": {"occ": {"5": 2013.0, "17": 2013.0, "50": 2013.0, "83": 2013.0, "95": 2031.0}, "chrnc": {"5": 2060.0, "17": 2063.83, "50": 2082.0, "83": 2090.0, "95": 2093.0}, "delta": {"5": 45.0, "17": 49.0, "50": 68.0, "83": 76.17000000000007, "95": 80.0}}, "int": {"occ": {"5": 2013.0, "17": 2013.0, "50": 2013.0, "83": 2013.0, "95": 2014.0}, "chrnc": {"5": 2040.0, "17": 2042.0, "50": 2046.0, "83": 2054.0, "95": 2056.0}, "delta": {"5": 27.0, "17": 29.0, "50": 33.0, "83": 41.0, "95": 43.0}}, "int_high": {"occ": {"5": 2012.0, "17": 2013.0, "50": 2013.0, "83": 2013.0, "95": 2013.0499999999993}, "chrnc": {"5": 2026.0, "17": 2037.0, "50": 2039.0, "83": 2040.0, "95": 2048.0499999999993}, "delta": {"5": 13.0, "17": 24.0, "50": 26.0, "83": 27.0, "95": 35.04999999999927}}, "kopp": {"occ": {"5": 2013.0, "17": 2013.0, "50": 2013.0, "83": 2013.0, "95": 2016.0}, "chrnc": {"5": 2042.0, "17": 2046.0, "50": 2062.0, "83": 2075.0, "95": 2090.0}, "delta": {"5": 28.0, "17": 32.0, "50": 48.0, "83": 61.0, "95": 76.0}}}