{"int_low": {"occ": {"5": 2024.0, "17": 2029.0, "50": 2035.0, "83": 2041.0, "95": 2046.0}, "chrnc": {"5": 2069.0, "17": 2072.0, "50": 2077.0, "83": 2084.0, "95": 2087.0}, "delta": {"5": 28.950000000000045, "17": 35.0, "50": 43.0, "83": 51.0, "95": 57.0}}, "int": {"occ": {"5": 2016.0, "17": 2018.0, "50": 2025.0, "83": 2029.0, "95": 2031.0}, "chrnc": {"5": 2047.0, "17": 2049.0, "50": 2051.0, "83": 2054.0, "95": 2058.0}, "delta": {"5": 19.0, "17": 22.0, "50": 27.0, "83": 34.0, "95": 37.0}}, "int_high": {"occ": {"5": 2014.0, "17": 2015.0, "50": 2018.0, "83": 2023.0, "95": 2024.0}, "chrnc": {"5": 2036.0, "17": 2038.0, "50": 2040.0, "83": 2043.0, "95": 2044.0}, "delta": {"5": 14.950000000000045, "17": 18.0, "50": 22.0, "83": 26.0, "95": 28.0}}, "kopp": {"occ": {"5": 2025.0, "17": 2029.0, "50": 2034.0, "83": 2042.0, "95": 2047.0}, "chrnc": {"5": 2052.0, "17": 2057.0, "50": 2066.0, "83": 2076.0, "95": 2086.0}, "delta": {"5": 19.0, "17": 23.0, "50": 31.0, "83": 39.0, "95": 47.0}}}