{"int_low": {"occ": {"5": 2011.0, "17": 2012.0, "50": 2015.0, "83": 2020.0, "95": 2024.0}, "chrnc": {"5": 2050.0, "17": 2053.0, "50": 2057.0, "83": 2061.0, "95": 2064.0}, "delta": {"5": 31.0, "17": 35.0, "50": 41.0, "83": 46.0, "95": 50.0}}, "int": {"occ": {"5": 2010.0, "17": 2012.0, "50": 2013.0, "83": 2015.0, "95": 2015.0499999999993}, "chrnc": {"5": 2033.0, "17": 2035.0, "50": 2038.0, "83": 2041.0, "95": 2043.0}, "delta": {"5": 19.0, "17": 21.0, "50": 25.0, "83": 28.0, "95": 30.0}}, "int_high": {"occ": {"5": 2010.0, "17": 2012.0, "50": 2013.0, "83": 2013.0, "95": 2015.0}, "chrnc": {"5": 2026.0, "17": 2027.0, "50": 2029.0, "83": 2031.0, "95": 2032.0}, "delta": {"5": 12.0, "17": 14.0, "50": 16.0, "83": 18.0, "95": 20.049999999999272}}, "kopp": {"occ": {"5": 2010.0, "17": 2012.0, "50": 2018.0, "83": 2024.0, "95": 2028.0}, "chrnc": {"5": 2045.0, "17": 2049.0, "50": 2056.0, "83": 2064.0, "95": 2071.0}, "delta": {"5": 25.0, "17": 30.0, "50": 38.0, "83": 46.0, "95": 55.0}}}