{"int_low": {"occ": {"5": 2039.0, "17": 2042.0, "50": 2047.0, "83": 2052.0, "95": 2056.0}, "chrnc": {"5": 2060.0, "17": 2064.0, "50": 2070.0, "83": 2075.0, "95": 2081.0}, "delta": {"5": 9.0, "17": 15.0, "50": 22.0, "83": 31.0, "95": 36.0}}, "int": {"occ": {"5": 2026.0, "17": 2031.0, "50": 2037.0, "83": 2039.0, "95": 2041.0499999999993}, "chrnc": {"5": 2043.0, "17": 2045.0, "50": 2048.0, "83": 2052.0, "95": 2053.0}, "delta": {"5": 4.0, "17": 8.0, "50": 12.0, "83": 18.0, "95": 23.0}}, "int_high": {"occ": {"5": 2023.0, "17": 2026.0, "50": 2029.5, "83": 2033.0, "95": 2035.0}, "chrnc": {"5": 2037.0, "17": 2038.0, "50": 2040.0, "83": 2042.0, "95": 2043.0}, "delta": {"5": 4.0, "17": 7.0, "50": 10.0, "83": 14.0, "95": 17.049999999999272}}, "kopp": {"occ": {"5": 2031.0, "17": 2037.0, "50": 2043.0, "83": 2051.0, "95": 2057.0}, "chrnc": {"5": 2045.0, "17": 2050.0, "50": 2058.0, "83": 2069.0, "95": 2079.0}, "delta": {"5": 6.0, "17": 9.0, "50": 16.0, "83": 23.0, "95": 30.0}}}