{"int_low": {"occ": {"5": 2010.0, "17": 2013.0, "50": 2016.0, "83": 2025.0, "95": 2031.0}, "chrnc": {"5": 2023.0, "17": 2029.0, "50": 2038.0, "83": 2046.17, "95": 2053.0}, "delta": {"5": 7.0, "17": 10.0, "50": 18.0, "83": 30.0, "95": 37.0}}, "int": {"occ": {"5": 2010.0, "17": 2010.0, "50": 2013.0, "83": 2020.0, "95": 2025.0}, "chrnc": {"5": 2019.0, "17": 2021.0, "50": 2026.0, "83": 2032.0, "95": 2038.0}, "delta": {"5": 4.0, "17": 6.0, "50": 11.0, "83": 17.0, "95": 22.049999999999272}}, "int_high": {"occ": {"5": 2010.0, "17": 2010.0, "50": 2012.0, "83": 2015.0, "95": 2023.0}, "chrnc": {"5": 2016.0, "17": 2018.0, "50": 2020.0, "83": 2025.0, "95": 2028.0}, "delta": {"5": 2.0, "17": 4.0, "50": 8.0, "83": 12.0, "95": 15.049999999999272}}, "kopp": {"occ": {"5": 2010.0, "17": 2013.0, "50": 2017.0, "83": 2025.0, "95": 2031.0}, "chrnc": {"5": 2025.0, "17": 2030.0, "50": 2039.0, "83": 2048.0, "95": 2058.0}, "delta": {"5": 7.0, "17": 11.0, "50": 20.0, "83": 31.0, "95": 39.0}}}