{"int_low": {"occ": {"5": 2042.0, "17": 2045.0, "50": 2053.0, "83": 2059.0, "95": 2066.0499999999993}, "chrnc": {"5": 2091.0, "17": 2095.0, "50": 2098.0, "83": 2100.0, "95": 2100.0}, "delta": {"5": 31.0, "17": 39.0, "50": 45.0, "83": 53.0, "95": 57.0}}, "int": {"occ": {"5": 2028.0, "17": 2032.0, "50": 2037.0, "83": 2040.0, "95": 2042.0}, "chrnc": {"5": 2058.0, "17": 2059.0, "50": 2062.0, "83": 2065.0, "95": 2067.0}, "delta": {"5": 19.0, "17": 21.0, "50": 25.0, "83": 31.0, "95": 34.0}}, "int_high": {"occ": {"5": 2023.0, "17": 2026.0, "50": 2029.0, "83": 2032.0, "95": 2034.0}, "chrnc": {"5": 2045.0, "17": 2048.0, "50": 2050.0, "83": 2052.0, "95": 2054.0}, "delta": {"5": 15.0, "17": 17.830000000000155, "50": 21.0, "83": 25.0, "95": 28.0}}, "kopp": {"occ": {"5": 2036.0, "17": 2040.0, "50": 2048.0, "83": 2059.0, "95": 2070.0}, "chrnc": {"5": 2059.0, "17": 2066.0, "50": 2077.0, "83": 2091.0, "95": 2098.0}, "delta": {"5": 18.0, "17": 23.0, "50": 30.0, "83": 38.0, "95": 45.0}}}