{"int_low": {"occ": {"5": 2013.0, "17": 2013.0, "50": 2015.0, "83": 2022.0, "95": 2023.0}, "chrnc": {"5": 2026.0, "17": 2029.0, "50": 2034.0, "83": 2040.0, "95": 2043.0}, "delta": {"5": 7.0, "17": 11.830000000000155, "50": 18.0, "83": 25.0, "95": 29.0}}, "int": {"occ": {"5": 2013.0, "17": 2013.0, "50": 2013.0, "83": 2015.0, "95": 2019.0}, "chrnc": {"5": 2011.0, "17": 2019.0, "50": 2023.0, "83": 2026.0, "95": 2027.0}, "delta": {"5": -3.0, "17": 4.0, "50": 8.0, "83": 12.0, "95": 14.0}}, "int_high": {"occ": {"5": 2012.0, "17": 2013.0, "50": 2013.0, "83": 2014.0, "95": 2015.0}, "chrnc": {"5": 2010.0, "17": 2011.0, "50": 2015.0, "83": 2018.0, "95": 2021.0499999999993}, "delta": {"5": -4.0, "17": -3.0, "50": 1.0, "83": 5.0, "95": 9.0}}, "kopp": {"occ": {"5": 2013.0, "17": 2013.0, "50": 2015.0, "83": 2022.0, "95": 2025.0}, "chrnc": {"5": 2028.0, "17": 2031.0, "50": 2037.0, "83": 2044.0, "95": 2050.0}, "delta": {"5": 9.0, "17": 13.0, "50": 20.0, "83": 27.0, "95": 33.0}}}