{"int_low": {"occ": {"5": 2010.0, "17": 2010.0, "50": 2012.0, "83": 2024.0, "95": 2034.0499999999993}, "chrnc": {"5": 2015.0, "17": 2018.0, "50": 2028.0, "83": 2039.0, "95": 2050.0}, "delta": {"5": -12.0, "17": 1.0, "50": 13.0, "83": 26.0, "95": 36.04999999999927}}, "int": {"occ": {"5": 2010.0, "17": 2010.0, "50": 2011.0, "83": 2018.0, "95": 2021.0}, "chrnc": {"5": 2014.0, "17": 2017.0, "50": 2021.0, "83": 2031.0, "95": 2034.0}, "delta": {"5": -3.0, "17": 3.0, "50": 9.0, "83": 18.0, "95": 23.0}}, "int_high": {"occ": {"5": 2010.0, "17": 2010.0, "50": 2010.0, "83": 2013.0, "95": 2019.0}, "chrnc": {"5": 2013.0, "17": 2014.0, "50": 2016.0, "83": 2021.0, "95": 2027.0499999999993}, "delta": {"5": -3.0, "17": 3.0, "50": 6.0, "83": 10.0, "95": 16.0}}, "kopp": {"occ": {"5": 2010.0, "17": 2010.0, "50": 2012.0, "83": 2020.0, "95": 2033.0}, "chrnc": {"5": 2015.0, "17": 2017.0, "50": 2026.0, "83": 2036.0, "95": 2048.0}, "delta": {"5": -6.0, "17": 2.0, "50": 11.0, "83": 22.0, "95": 29.0}}}