{"int_low": {"occ": {"5": 2042.0, "17": 2045.8300000000002, "50": 2051.0, "83": 2056.0, "95": 2059.0}, "chrnc": {"5": 2076.0, "17": 2080.0, "50": 2086.0, "83": 2092.0, "95": 2095.0}, "delta": {"5": 23.0, "17": 28.0, "50": 35.0, "83": 42.0, "95": 47.0}}, "int": {"occ": {"5": 2030.0, "17": 2033.0, "50": 2036.0, "83": 2039.0, "95": 2040.0}, "chrnc": {"5": 2049.0, "17": 2051.0, "50": 2054.0, "83": 2057.0, "95": 2058.0}, "delta": {"5": 11.950000000000045, "17": 14.830000000000155, "50": 18.0, "83": 22.0, "95": 25.0}}, "int_high": {"occ": {"5": 2025.0, "17": 2027.0, "50": 2029.0, "83": 2031.17, "95": 2033.0}, "chrnc": {"5": 2039.0, "17": 2041.0, "50": 2043.0, "83": 2045.0, "95": 2046.0}, "delta": {"5": 9.0, "17": 11.0, "50": 14.0, "83": 17.0, "95": 19.0}}, "kopp": {"occ": {"5": 2040.0, "17": 2044.0, "50": 2051.0, "83": 2058.0, "95": 2065.0}, "chrnc": {"5": 2059.0, "17": 2064.0, "50": 2073.0, "83": 2083.0, "95": 2092.0}, "delta": {"5": 13.0, "17": 17.0, "50": 22.0, "83": 29.0, "95": 34.0}}}