{"int_low": {"occ": {"5": 2014.0, "17": 2014.0, "50": 2019.0, "83": 2032.0, "95": 2036.0}, "chrnc": {"5": 2060.0, "17": 2064.0, "50": 2076.0, "83": 2087.0, "95": 2091.0}, "delta": {"5": 30.0, "17": 41.0, "50": 54.0, "83": 66.0, "95": 74.0}}, "int": {"occ": {"5": 2011.0, "17": 2012.0, "50": 2016.0, "83": 2019.0, "95": 2024.0499999999993}, "chrnc": {"5": 2043.0, "17": 2045.0, "50": 2049.0, "83": 2054.0, "95": 2055.0}, "delta": {"5": 22.950000000000045, "17": 28.0, "50": 33.0, "83": 39.0, "95": 42.0}}, "int_high": {"occ": {"5": 2010.0, "17": 2010.0, "50": 2012.0, "83": 2013.0, "95": 2018.0}, "chrnc": {"5": 2036.0, "17": 2038.0, "50": 2040.0, "83": 2042.0, "95": 2043.0}, "delta": {"5": 21.0, "17": 25.0, "50": 28.0, "83": 30.0, "95": 32.0}}, "kopp": {"occ": {"5": 2011.0, "17": 2014.0, "50": 2018.0, "83": 2027.0, "95": 2035.0}, "chrnc": {"5": 2043.0, "17": 2049.0, "50": 2059.0, "83": 2072.0, "95": 2086.0}, "delta": {"5": 24.0, "17": 30.0, "50": 40.0, "83": 53.0, "95": 63.0}}}