{"int_low": {"occ": {"5": 2019.0, "17": 2029.0, "50": 2043.0, "83": 2055.0, "95": 2063.0}, "chrnc": {"5": 2089.8, "17": 2095.0, "50": 2099.0, "83": 2100.0, "95": 2100.0}, "delta": {"5": 32.20000000000002, "17": 43.0, "50": 62.0, "83": 65.0, "95": 80.19999999999993}}, "int": {"occ": {"5": 2017.0, "17": 2018.0, "50": 2028.0, "83": 2035.0, "95": 2038.0}, "chrnc": {"5": 2065.0, "17": 2067.0, "50": 2071.0, "83": 2075.0, "95": 2077.0}, "delta": {"5": 31.0, "17": 36.0, "50": 44.0, "83": 52.0, "95": 57.0}}, "int_high": {"occ": {"5": 2015.0, "17": 2016.0, "50": 2021.0, "83": 2027.0, "95": 2031.0}, "chrnc": {"5": 2049.0, "17": 2052.0, "50": 2055.0, "83": 2057.0, "95": 2059.0}, "delta": {"5": 23.0, "17": 27.0, "50": 33.0, "83": 39.0, "95": 42.0}}, "kopp": {"occ": {"5": 2017.0, "17": 2023.0, "50": 2034.0, "83": 2046.0, "95": 2058.0}, "chrnc": {"5": 2062.0, "17": 2071.0, "50": 2083.0, "83": 2095.0, "95": 2099.0}, "delta": {"5": 31.0, "17": 39.0, "50": 50.0, "83": 62.0, "95": 71.0}}}