{"int_low": {"occ": {"5": 2010.0, "17": 2011.0, "50": 2019.0, "83": 2025.0, "95": 2029.0499999999993}, "chrnc": {"5": 2049.0, "17": 2053.0, "50": 2058.0, "83": 2064.0, "95": 2070.0}, "delta": {"5": 25.0, "17": 32.0, "50": 39.0, "83": 48.0, "95": 54.04999999999927}}, "int": {"occ": {"5": 2010.0, "17": 2011.0, "50": 2014.0, "83": 2017.0, "95": 2020.0}, "chrnc": {"5": 2036.0, "17": 2038.0, "50": 2041.0, "83": 2044.0, "95": 2045.0499999999993}, "delta": {"5": 19.0, "17": 23.0, "50": 27.0, "83": 31.0, "95": 34.0}}, "int_high": {"occ": {"5": 2010.0, "17": 2012.0, "50": 2013.0, "83": 2015.0, "95": 2016.0}, "chrnc": {"5": 2027.0, "17": 2030.0, "50": 2032.0, "83": 2035.0, "95": 2037.0}, "delta": {"5": 13.0, "17": 16.0, "50": 19.0, "83": 22.0, "95": 25.0}}, "kopp": {"occ": {"5": 2010.0, "17": 2018.0, "50": 2023.0, "83": 2029.0, "95": 2034.0}, "chrnc": {"5": 2045.0, "17": 2049.0, "50": 2057.0, "83": 2065.0, "95": 2074.0}, "delta": {"5": 20.0, "17": 26.0, "50": 34.0, "83": 43.0, "95": 50.0}}}