{"int_low": {"occ": {"5": 2063.0, "17": 2066.0, "50": 2071.0, "83": 2078.0, "95": 2081.0}, "chrnc": {"5": NaN, "17": NaN, "50": NaN, "83": NaN, "95": NaN}, "delta": {"5": NaN, "17": NaN, "50": NaN, "83": NaN, "95": NaN}}, "int": {"occ": {"5": 2039.0, "17": 2042.0, "50": 2045.0, "83": 2047.0, "95": 2048.0}, "chrnc": {"5": 2063.0, "17": 2064.0, "50": 2066.0, "83": 2068.0, "95": 2069.0}, "delta": {"5": 17.0, "17": 19.0, "50": 21.0, "83": 24.0, "95": 27.0}}, "int_high": {"occ": {"5": 2031.0, "17": 2032.0, "50": 2034.0, "83": 2035.0, "95": 2037.0499999999993}, "chrnc": {"5": 2049.0, "17": 2050.0, "50": 2051.0, "83": 2053.0, "95": 2053.0499999999993}, "delta": {"5": 14.0, "17": 15.0, "50": 17.0, "83": 19.0, "95": 21.0}}, "kopp": {"occ": {"5": 2052.0, "17": 2057.0, "50": 2066.0, "83": 2077.0, "95": 2087.0}, "chrnc": {"5": 2070.0, "17": 2079.0, "50": 2088.0, "83": 2097.0, "95": 2100.0}, "delta": {"5": 17.0, "17": 21.0, "50": 26.0, "83": 31.0, "95": 34.0}}}