{"int_low": {"occ": {"5": 2010.0, "17": 2011.0, "50": 2012.0, "83": 2014.0, "95": 2017.0}, "chrnc": {"5": 2023.0, "17": 2026.0, "50": 2033.0, "83": 2040.0, "95": 2049.0}, "delta": {"5": 9.0, "17": 13.0, "50": 21.0, "83": 27.0, "95": 36.04999999999927}}, "int": {"occ": {"5": 2011.0, "17": 2011.0, "50": 2012.0, "83": 2014.0, "95": 2014.0}, "chrnc": {"5": 2020.0, "17": 2023.0, "50": 2028.0, "83": 2033.0, "95": 2035.0}, "delta": {"5": 7.0, "17": 10.0, "50": 15.0, "83": 20.0, "95": 23.0}}, "int_high": {"occ": {"5": 2011.0, "17": 2011.0, "50": 2012.0, "83": 2014.0, "95": 2014.0}, "chrnc": {"5": 2017.0, "17": 2020.0, "50": 2023.0, "83": 2028.0, "95": 2031.0}, "delta": {"5": 4.0, "17": 7.0, "50": 11.0, "83": 15.170000000000073, "95": 19.0}}, "kopp": {"occ": {"5": 2010.0, "17": 2011.0, "50": 2012.0, "83": 2014.0, "95": 2018.0}, "chrnc": {"5": 2022.0, "17": 2026.0, "50": 2033.0, "83": 2039.0, "95": 2047.0}, "delta": {"5": 9.0, "17": 13.0, "50": 20.0, "83": 27.0, "95": 34.0}}}