{"int_low": {"occ": {"5": 2036.95, "17": 2041.0, "50": 2047.0, "83": 2053.0, "95": 2058.0}, "chrnc": {"5": 2069.0, "17": 2075.0, "50": 2081.0, "83": 2088.0, "95": 2092.0}, "delta": {"5": 19.0, "17": 25.0, "50": 34.0, "83": 43.0, "95": 50.0}}, "int": {"occ": {"5": 2027.0, "17": 2031.0, "50": 2035.0, "83": 2038.0, "95": 2040.0}, "chrnc": {"5": 2047.0, "17": 2049.83, "50": 2053.0, "83": 2055.0, "95": 2057.0}, "delta": {"5": 10.0, "17": 14.0, "50": 18.0, "83": 22.0, "95": 26.0}}, "int_high": {"occ": {"5": 2021.0, "17": 2023.0, "50": 2027.0, "83": 2030.0, "95": 2032.0}, "chrnc": {"5": 2038.0, "17": 2040.0, "50": 2042.0, "83": 2044.0, "95": 2046.0}, "delta": {"5": 8.0, "17": 11.0, "50": 15.0, "83": 19.0, "95": 22.049999999999272}}, "kopp": {"occ": {"5": 2030.0, "17": 2035.0, "50": 2042.0, "83": 2052.0, "95": 2062.0}, "chrnc": {"5": 2049.0, "17": 2054.0, "50": 2064.0, "83": 2078.0, "95": 2090.2999999999993}, "delta": {"5": 11.0, "17": 16.0, "50": 22.0, "83": 31.0, "95": 38.0}}}