{"int_low": {"occ": {"5": 2053.0, "17": 2057.0, "50": 2063.0, "83": 2070.0, "95": 2073.0}, "chrnc": {"5": 2077.0, "17": 2080.0, "50": 2086.0, "83": 2091.0, "95": 2094.0}, "delta": {"5": 9.0, "17": 14.0, "50": 23.0, "83": 31.0, "95": 37.0}}, "int": {"occ": {"5": 2040.0, "17": 2042.0, "50": 2044.0, "83": 2048.0, "95": 2051.0}, "chrnc": {"5": 2051.0, "17": 2054.0, "50": 2056.0, "83": 2058.0, "95": 2060.0}, "delta": {"5": 4.0, "17": 8.0, "50": 12.0, "83": 15.0, "95": 18.0}}, "int_high": {"occ": {"5": 2033.0, "17": 2035.0, "50": 2037.0, "83": 2039.0, "95": 2040.0}, "chrnc": {"5": 2041.0, "17": 2043.0, "50": 2045.0, "83": 2047.0, "95": 2049.0}, "delta": {"5": 3.0, "17": 5.0, "50": 7.0, "83": 10.170000000000073, "95": 13.049999999999272}}, "kopp": {"occ": {"5": 2041.0, "17": 2045.0, "50": 2054.0, "83": 2062.0, "95": 2072.0}, "chrnc": {"5": 2053.0, "17": 2058.0, "50": 2067.0, "83": 2079.0, "95": 2090.0}, "delta": {"5": 5.0, "17": 9.0, "50": 14.0, "83": 20.0, "95": 26.0}}}