{"int_low": {"occ": {"5": 2049.0, "17": 2055.0, "50": 2060.0, "83": 2066.0, "95": 2070.0}, "chrnc": {"5": 2079.0, "17": 2083.0, "50": 2090.0, "83": 2095.0, "95": 2099.0}, "delta": {"5": 15.0, "17": 21.830000000000155, "50": 30.0, "83": 37.0, "95": 42.04999999999927}}, "int": {"occ": {"5": 2039.0, "17": 2041.0, "50": 2045.0, "83": 2049.0, "95": 2052.0}, "chrnc": {"5": 2057.0, "17": 2060.0, "50": 2063.0, "83": 2066.0, "95": 2069.0}, "delta": {"5": 9.0, "17": 13.0, "50": 17.0, "83": 22.0, "95": 26.0}}, "int_high": {"occ": {"5": 2033.0, "17": 2035.0, "50": 2038.0, "83": 2040.0, "95": 2042.0}, "chrnc": {"5": 2048.0, "17": 2050.0, "50": 2052.0, "83": 2054.0, "95": 2056.0}, "delta": {"5": 8.0, "17": 11.0, "50": 14.0, "83": 18.0, "95": 20.0}}, "kopp": {"occ": {"5": 2043.0, "17": 2047.0, "50": 2054.0, "83": 2062.0, "95": 2069.0}, "chrnc": {"5": 2060.0, "17": 2065.0, "50": 2075.0, "83": 2086.0, "95": 2094.0}, "delta": {"5": 11.0, "17": 15.0, "50": 20.0, "83": 28.0, "95": 33.0}}}