{"int_low": {"occ": {"5": 2011.0, "17": 2012.0, "50": 2021.0, "83": 2037.0, "95": 2054.0}, "chrnc": {"5": 2095.3, "17": 2098.0, "50": 2099.5, "83": 2100.0, "95": 2100.0}, "delta": {"5": 45.30000000000001, "17": 50.0, "50": 68.5, "83": 84.0, "95": 85.09999999999997}}, "int": {"occ": {"5": 2011.0, "17": 2011.0, "50": 2014.5, "83": 2032.0, "95": 2034.0499999999993}, "chrnc": {"5": 2060.0, "17": 2063.0, "50": 2070.0, "83": 2075.0, "95": 2079.0}, "delta": {"5": 30.0, "17": 39.0, "50": 52.0, "83": 61.0, "95": 65.0}}, "int_high": {"occ": {"5": 2011.0, "17": 2011.0, "50": 2012.0, "83": 2019.0, "95": 2030.0}, "chrnc": {"5": 2042.95, "17": 2045.0, "50": 2053.0, "83": 2056.0, "95": 2057.0}, "delta": {"5": 23.0, "17": 30.0, "50": 38.0, "83": 44.0, "95": 45.0}}, "kopp": {"occ": {"5": 2011.0, "17": 2011.0, "50": 2016.0, "83": 2034.0, "95": 2051.0}, "chrnc": {"5": 2060.0, "17": 2070.0, "50": 2084.0, "83": 2097.0, "95": 2100.0}, "delta": {"5": 39.0, "17": 48.0, "50": 63.0, "83": 79.0, "95": 86.0}}}