{"int_low": {"occ": {"5": 2032.9, "17": 2040.0, "50": 2047.0, "83": 2054.0, "95": 2056.0}, "chrnc": {"5": 2070.0, "17": 2077.0, "50": 2084.0, "83": 2091.0, "95": 2094.0}, "delta": {"5": 19.0, "17": 27.0, "50": 37.0, "83": 46.17000000000007, "95": 54.04999999999927}}, "int": {"occ": {"5": 2022.0, "17": 2026.0, "50": 2031.0, "83": 2037.0, "95": 2038.0}, "chrnc": {"5": 2043.0, "17": 2046.0, "50": 2052.0, "83": 2055.0, "95": 2056.0}, "delta": {"5": 9.0, "17": 14.0, "50": 20.0, "83": 27.0, "95": 31.0}}, "int_high": {"occ": {"5": 2020.0, "17": 2022.0, "50": 2026.0, "83": 2032.0, "95": 2034.0}, "chrnc": {"5": 2039.0, "17": 2040.0, "50": 2041.0, "83": 2043.0, "95": 2046.0}, "delta": {"5": 7.0, "17": 10.0, "50": 16.0, "83": 20.0, "95": 23.0}}, "kopp": {"occ": {"5": 2026.0, "17": 2037.0, "50": 2043.0, "83": 2053.0, "95": 2060.0}, "chrnc": {"5": 2050.0, "17": 2057.0, "50": 2065.0, "83": 2078.0, "95": 2091.0}, "delta": {"5": 9.0, "17": 15.0, "50": 22.0, "83": 33.0, "95": 41.0}}}