{"int_low": {"occ": {"5": 2098.0, "17": 2098.0, "50": 2098.0, "83": 2098.0, "95": 2098.0}, "chrnc": {"5": NaN, "17": NaN, "50": NaN, "83": NaN, "95": NaN}, "delta": {"5": NaN, "17": NaN, "50": NaN, "83": NaN, "95": NaN}}, "int": {"occ": {"5": 2064.0, "17": 2065.0, "50": 2068.0, "83": 2070.0, "95": 2071.0}, "chrnc": {"5": 2076.0, "17": 2077.0, "50": 2079.0, "83": 2081.0, "95": 2082.0}, "delta": {"5": 7.0, "17": 8.830000000000155, "50": 11.0, "83": 14.0, "95": 16.0}}, "int_high": {"occ": {"5": 2051.0, "17": 2052.0, "50": 2054.0, "83": 2055.0, "95": 2056.0}, "chrnc": {"5": 2059.0, "17": 2060.0, "50": 2061.0, "83": 2063.0, "95": 2063.0499999999993}, "delta": {"5": 5.0, "17": 6.0, "50": 8.0, "83": 10.0, "95": 11.0}}, "kopp": {"occ": {"5": 2064.0, "17": 2072.0, "50": 2081.0, "83": 2093.0, "95": 2098.0}, "chrnc": {"5": 2073.0, "17": 2080.0, "50": 2091.0, "83": 2097.0, "95": 2100.0}, "delta": {"5": 7.0, "17": 9.0, "50": 13.0, "83": 16.0, "95": 18.0}}}