{"int_low": {"occ": {"5": 2046.95, "17": 2053.0, "50": 2059.0, "83": 2064.0, "95": 2069.0}, "chrnc": {"5": 2091.0, "17": 2094.0, "50": 2098.0, "83": 2099.0, "95": 2100.0}, "delta": {"5": 26.0, "17": 32.0, "50": 39.0, "83": 44.0, "95": 50.0}}, "int": {"occ": {"5": 2034.0, "17": 2037.0, "50": 2040.0, "83": 2042.0, "95": 2045.0}, "chrnc": {"5": 2055.0, "17": 2057.0, "50": 2059.0, "83": 2062.0, "95": 2064.0}, "delta": {"5": 14.0, "17": 16.0, "50": 20.0, "83": 23.170000000000073, "95": 26.0}}, "int_high": {"occ": {"5": 2026.0, "17": 2028.0, "50": 2031.0, "83": 2034.0, "95": 2035.0}, "chrnc": {"5": 2043.0, "17": 2045.0, "50": 2047.0, "83": 2050.0, "95": 2051.0}, "delta": {"5": 10.0, "17": 12.0, "50": 16.0, "83": 20.0, "95": 22.0}}, "kopp": {"occ": {"5": 2039.0, "17": 2043.0, "50": 2052.0, "83": 2062.0, "95": 2073.3999999999996}, "chrnc": {"5": 2058.0, "17": 2064.0, "50": 2076.0, "83": 2090.0, "95": 2097.0}, "delta": {"5": 15.0, "17": 19.0, "50": 25.0, "83": 33.0, "95": 39.0}}}