{"int_low": {"occ": {"5": 2042.0, "17": 2046.0, "50": 2050.0, "83": 2054.0, "95": 2059.0}, "chrnc": {"5": 2086.0, "17": 2089.0, "50": 2094.0, "83": 2098.0, "95": 2099.0}, "delta": {"5": 31.450000000000045, "17": 37.0, "50": 43.0, "83": 49.0, "95": 53.0}}, "int": {"occ": {"5": 2030.0, "17": 2033.0, "50": 2036.0, "83": 2039.0, "95": 2041.0}, "chrnc": {"5": 2055.0, "17": 2056.0, "50": 2058.5, "83": 2061.0, "95": 2063.0}, "delta": {"5": 16.0, "17": 19.0, "50": 23.0, "83": 26.0, "95": 29.0}}, "int_high": {"occ": {"5": 2025.0, "17": 2027.0, "50": 2029.0, "83": 2031.0, "95": 2033.0}, "chrnc": {"5": 2044.0, "17": 2045.0, "50": 2047.0, "83": 2048.0, "95": 2049.0}, "delta": {"5": 13.0, "17": 15.0, "50": 18.0, "83": 20.0, "95": 22.0}}, "kopp": {"occ": {"5": 2039.0, "17": 2043.0, "50": 2049.0, "83": 2058.0, "95": 2064.0}, "chrnc": {"5": 2061.6499999999996, "17": 2068.0, "50": 2077.0, "83": 2089.0, "95": 2097.0}, "delta": {"5": 18.0, "17": 22.0, "50": 28.0, "83": 35.0, "95": 40.350000000000364}}}