{"int_low": {"occ": {"5": 2056.0, "17": 2061.0, "50": 2067.0, "83": 2073.0, "95": 2078.0}, "chrnc": {"5": 2092.0, "17": 2095.0, "50": 2098.0, "83": 2100.0, "95": 2100.0}, "delta": {"5": 23.0, "17": 26.0, "50": 32.0, "83": 39.0, "95": 43.549999999999955}}, "int": {"occ": {"5": 2039.0, "17": 2043.8300000000002, "50": 2047.0, "83": 2049.0, "95": 2051.0}, "chrnc": {"5": 2063.0, "17": 2065.0, "50": 2067.0, "83": 2069.0, "95": 2071.0}, "delta": {"5": 14.0, "17": 17.0, "50": 21.0, "83": 25.0, "95": 28.0}}, "int_high": {"occ": {"5": 2032.0, "17": 2034.0, "50": 2036.0, "83": 2039.0, "95": 2040.0499999999993}, "chrnc": {"5": 2050.0, "17": 2051.0, "50": 2052.5, "83": 2054.0, "95": 2056.0}, "delta": {"5": 11.0, "17": 14.0, "50": 17.0, "83": 20.0, "95": 22.0}}, "kopp": {"occ": {"5": 2047.0, "17": 2052.0, "50": 2059.0, "83": 2068.0, "95": 2078.0}, "chrnc": {"5": 2066.0, "17": 2072.0, "50": 2083.0, "83": 2093.0, "95": 2098.0}, "delta": {"5": 15.0, "17": 19.0, "50": 24.0, "83": 31.0, "95": 35.0}}}