{"int_low": {"occ": {"5": 2054.0, "17": 2057.0, "50": 2060.0, "83": 2068.0, "95": 2071.0}, "chrnc": {"5": 2080.0, "17": 2083.0, "50": 2090.0, "83": 2095.0, "95": 2097.0}, "delta": {"5": 14.450000000000045, "17": 21.0, "50": 28.0, "83": 35.0, "95": 38.0}}, "int": {"occ": {"5": 2038.0, "17": 2040.0, "50": 2041.0, "83": 2044.0, "95": 2047.0}, "chrnc": {"5": 2054.0, "17": 2056.0, "50": 2057.0, "83": 2059.0, "95": 2060.0}, "delta": {"5": 11.0, "17": 13.0, "50": 16.0, "83": 18.0, "95": 20.0}}, "int_high": {"occ": {"5": 2029.0, "17": 2031.0, "50": 2035.0, "83": 2037.0, "95": 2038.0}, "chrnc": {"5": 2043.0, "17": 2044.0, "50": 2046.0, "83": 2047.0, "95": 2049.0}, "delta": {"5": 6.9500000000000455, "17": 8.0, "50": 11.0, "83": 14.0, "95": 17.0}}, "kopp": {"occ": {"5": 2042.0, "17": 2046.0, "50": 2055.0, "83": 2062.0, "95": 2071.0}, "chrnc": {"5": 2057.0, "17": 2061.0, "50": 2072.0, "83": 2083.0, "95": 2093.0}, "delta": {"5": 9.0, "17": 13.0, "50": 18.0, "83": 24.0, "95": 29.0}}}