{"int_low": {"occ": {"5": 2013.0, "17": 2015.0, "50": 2015.0, "83": 2015.0, "95": 2018.0}, "chrnc": {"5": 2010.0, "17": 2011.0, "50": 2019.0, "83": 2027.0, "95": 2035.0}, "delta": {"5": -5.0, "17": -4.0, "50": 4.0, "83": 12.0, "95": 19.0}}, "int": {"occ": {"5": 2012.0, "17": 2015.0, "50": 2015.0, "83": 2015.0, "95": 2015.0499999999993}, "chrnc": {"5": 2010.0, "17": 2011.0, "50": 2016.0, "83": 2021.0, "95": 2025.0}, "delta": {"5": -5.0, "17": -4.0, "50": 1.0, "83": 6.0, "95": 10.049999999999272}}, "int_high": {"occ": {"5": 2011.0, "17": 2015.0, "50": 2015.0, "83": 2015.0, "95": 2015.0}, "chrnc": {"5": 2010.0, "17": 2012.0, "50": 2014.0, "83": 2018.0, "95": 2022.0}, "delta": {"5": -5.0, "17": -2.0, "50": -1.0, "83": 3.1700000000000728, "95": 7.0}}, "kopp": {"occ": {"5": 2013.0, "17": 2015.0, "50": 2015.0, "83": 2015.0, "95": 2018.0}, "chrnc": {"5": 2010.0, "17": 2011.0, "50": 2019.0, "83": 2027.0, "95": 2035.0}, "delta": {"5": -5.0, "17": -4.0, "50": 4.0, "83": 12.0, "95": 20.0}}}