{"int_low": {"occ": {"5": 2012.0, "17": 2013.0, "50": 2013.0, "83": 2014.0, "95": 2031.0}, "chrnc": {"5": 2057.0, "17": 2062.0, "50": 2074.0, "83": 2087.17, "95": 2091.0}, "delta": {"5": 34.0, "17": 48.0, "50": 60.0, "83": 74.0, "95": 78.0}}, "int": {"occ": {"5": 2011.0, "17": 2013.0, "50": 2013.0, "83": 2013.0, "95": 2016.0}, "chrnc": {"5": 2040.0, "17": 2042.8300000000002, "50": 2048.0, "83": 2053.0, "95": 2055.0}, "delta": {"5": 26.0, "17": 29.0, "50": 35.0, "83": 40.0, "95": 42.0}}, "int_high": {"occ": {"5": 2011.0, "17": 2013.0, "50": 2013.0, "83": 2013.0, "95": 2014.0}, "chrnc": {"5": 2029.0, "17": 2036.8300000000002, "50": 2039.0, "83": 2042.0, "95": 2048.0}, "delta": {"5": 16.0, "17": 23.0, "50": 26.0, "83": 29.0, "95": 35.0}}, "kopp": {"occ": {"5": 2011.0, "17": 2013.0, "50": 2013.0, "83": 2013.0, "95": 2028.0}, "chrnc": {"5": 2041.0, "17": 2046.0, "50": 2058.0, "83": 2072.0, "95": 2087.0}, "delta": {"5": 27.0, "17": 32.0, "50": 45.0, "83": 58.0, "95": 72.0}}}