{"int_low": {"occ": {"5": 2026.0, "17": 2029.8300000000002, "50": 2035.0, "83": 2043.0, "95": 2045.0}, "chrnc": {"5": 2082.0, "17": 2087.0, "50": 2092.0, "83": 2098.0, "95": 2100.0}, "delta": {"5": 42.0, "17": 48.0, "50": 57.0, "83": 64.0, "95": 70.0}}, "int": {"occ": {"5": 2011.0, "17": 2018.0, "50": 2023.0, "83": 2027.0, "95": 2029.0}, "chrnc": {"5": 2048.0, "17": 2049.0, "50": 2052.0, "83": 2056.0, "95": 2058.0499999999993}, "delta": {"5": 22.0, "17": 25.0, "50": 30.0, "83": 35.0, "95": 41.0}}, "int_high": {"occ": {"5": 2010.0, "17": 2011.0, "50": 2014.0, "83": 2020.0, "95": 2023.0}, "chrnc": {"5": 2035.0, "17": 2037.0, "50": 2040.0, "83": 2043.0, "95": 2044.0}, "delta": {"5": 16.0, "17": 20.0, "50": 25.0, "83": 30.0, "95": 32.0}}, "kopp": {"occ": {"5": 2029.0, "17": 2032.0, "50": 2039.0, "83": 2047.0, "95": 2056.0}, "chrnc": {"5": 2063.0, "17": 2069.0, "50": 2080.0, "83": 2091.0, "95": 2098.0}, "delta": {"5": 26.0, "17": 32.0, "50": 40.0, "83": 51.0, "95": 59.0}}}