{"int_low": {"occ": {"5": 2010.0, "17": 2010.0, "50": 2012.0, "83": 2024.0, "95": 2034.0499999999993}, "chrnc": {"5": 2026.0, "17": 2040.0, "50": 2049.0, "83": 2058.0, "95": 2069.0}, "delta": {"5": 8.0, "17": 18.0, "50": 33.0, "83": 45.0, "95": 54.0}}, "int": {"occ": {"5": 2010.0, "17": 2010.0, "50": 2011.0, "83": 2018.0, "95": 2021.0}, "chrnc": {"5": 2022.0, "17": 2025.0, "50": 2031.0, "83": 2038.0, "95": 2040.0499999999993}, "delta": {"5": 5.0, "17": 12.0, "50": 18.0, "83": 26.0, "95": 29.0}}, "int_high": {"occ": {"5": 2010.0, "17": 2010.0, "50": 2010.0, "83": 2013.0, "95": 2019.0}, "chrnc": {"5": 2018.95, "17": 2022.0, "50": 2027.0, "83": 2033.0, "95": 2036.0}, "delta": {"5": 5.0, "17": 10.0, "50": 15.0, "83": 22.0, "95": 25.0}}, "kopp": {"occ": {"5": 2010.0, "17": 2010.0, "50": 2012.0, "83": 2020.0, "95": 2033.0}, "chrnc": {"5": 2024.0, "17": 2029.0, "50": 2040.0, "83": 2052.0, "95": 2063.0}, "delta": {"5": 7.0, "17": 14.0, "50": 25.0, "83": 37.0, "95": 46.0}}}