{"int_low": {"occ": {"5": 2010.0, "17": 2010.0, "50": 2010.0, "83": 2011.0, "95": 2013.0}, "chrnc": {"5": 2026.95, "17": 2031.8300000000002, "50": 2038.0, "83": 2044.0, "95": 2048.0499999999993}, "delta": {"5": 15.0, "17": 20.0, "50": 27.0, "83": 34.0, "95": 38.0}}, "int": {"occ": {"5": 2010.0, "17": 2010.0, "50": 2010.0, "83": 2011.0, "95": 2012.0}, "chrnc": {"5": 2015.95, "17": 2021.0, "50": 2027.0, "83": 2031.0, "95": 2033.0}, "delta": {"5": 5.0, "17": 10.0, "50": 16.0, "83": 20.0, "95": 23.0}}, "int_high": {"occ": {"5": 2010.0, "17": 2010.0, "50": 2010.0, "83": 2011.0, "95": 2012.0}, "chrnc": {"5": 2014.0, "17": 2015.0, "50": 2018.0, "83": 2023.0, "95": 2025.0}, "delta": {"5": 4.0, "17": 4.0, "50": 8.0, "83": 13.0, "95": 15.0}}, "kopp": {"occ": {"5": 2010.0, "17": 2010.0, "50": 2010.0, "83": 2011.0, "95": 2013.0}, "chrnc": {"5": 2026.0, "17": 2030.0, "50": 2037.0, "83": 2044.0, "95": 2051.0}, "delta": {"5": 14.0, "17": 19.0, "50": 26.0, "83": 34.0, "95": 40.0}}}