{"int_low": {"occ": {"5": 2026.95, "17": 2031.8300000000002, "50": 2038.0, "83": 2044.0, "95": 2048.0499999999993}, "chrnc": {"5": 2072.0, "17": 2076.0, "50": 2083.0, "83": 2091.0, "95": 2096.0}, "delta": {"5": 31.0, "17": 36.0, "50": 46.0, "83": 55.0, "95": 61.0}}, "int": {"occ": {"5": 2015.95, "17": 2021.0, "50": 2027.0, "83": 2031.0, "95": 2033.0}, "chrnc": {"5": 2048.0, "17": 2050.0, "50": 2054.0, "83": 2058.0, "95": 2060.0}, "delta": {"5": 19.0, "17": 22.0, "50": 27.0, "83": 34.0, "95": 38.0}}, "int_high": {"occ": {"5": 2014.0, "17": 2015.0, "50": 2018.0, "83": 2023.0, "95": 2025.0}, "chrnc": {"5": 2037.0, "17": 2039.0, "50": 2042.0, "83": 2045.0, "95": 2047.0}, "delta": {"5": 16.0, "17": 19.0, "50": 23.0, "83": 28.0, "95": 30.0}}, "kopp": {"occ": {"5": 2026.0, "17": 2030.0, "50": 2037.0, "83": 2044.0, "95": 2051.0}, "chrnc": {"5": 2053.0, "17": 2058.0, "50": 2068.0, "83": 2080.0, "95": 2091.0}, "delta": {"5": 19.0, "17": 23.0, "50": 31.0, "83": 41.0, "95": 49.0}}}