{"int_low": {"occ": {"5": 2010.0, "17": 2010.0, "50": 2011.0, "83": 2012.0, "95": 2019.0}, "chrnc": {"5": 2021.0, "17": 2025.8300000000002, "50": 2033.0, "83": 2038.0, "95": 2043.0}, "delta": {"5": 8.0, "17": 13.0, "50": 21.0, "83": 26.0, "95": 31.0}}, "int": {"occ": {"5": 2010.0, "17": 2010.0, "50": 2011.0, "83": 2012.0, "95": 2013.0}, "chrnc": {"5": 2015.0, "17": 2016.0, "50": 2023.0, "83": 2028.0, "95": 2031.0499999999993}, "delta": {"5": 3.0, "17": 5.0, "50": 12.0, "83": 17.0, "95": 21.0}}, "int_high": {"occ": {"5": 2010.0, "17": 2010.0, "50": 2011.0, "83": 2011.0, "95": 2012.0}, "chrnc": {"5": 2014.0, "17": 2014.0, "50": 2018.0, "83": 2022.0, "95": 2025.0}, "delta": {"5": 3.0, "17": 4.0, "50": 7.0, "83": 11.0, "95": 14.0}}, "kopp": {"occ": {"5": 2010.0, "17": 2010.0, "50": 2011.0, "83": 2012.0, "95": 2020.0}, "chrnc": {"5": 2021.0, "17": 2026.0, "50": 2033.0, "83": 2040.0, "95": 2046.0}, "delta": {"5": 9.0, "17": 14.0, "50": 21.0, "83": 28.0, "95": 34.0}}}