{"int_low": {"occ": {"5": 2012.0, "17": 2013.0, "50": 2015.0, "83": 2015.0, "95": 2022.0}, "chrnc": {"5": 2012.0, "17": 2013.0, "50": 2015.0, "83": 2016.0, "95": 2023.0}, "delta": {"5": -4.0, "17": -2.0, "50": 0.0, "83": 0.0, "95": 5.0}}, "int": {"occ": {"5": 2011.95, "17": 2013.0, "50": 2015.0, "83": 2015.0, "95": 2015.0499999999993}, "chrnc": {"5": 2012.0, "17": 2013.0, "50": 2015.0, "83": 2015.0, "95": 2015.0499999999993}, "delta": {"5": 0.0, "17": 0.0, "50": 0.0, "83": 0.0, "95": 0.0}}, "int_high": {"occ": {"5": 2010.0, "17": 2013.0, "50": 2014.0, "83": 2015.0, "95": 2015.0}, "chrnc": {"5": 2010.0, "17": 2013.0, "50": 2014.0, "83": 2015.0, "95": 2015.0}, "delta": {"5": 0.0, "17": 0.0, "50": 0.0, "83": 0.0, "95": 0.0}}, "kopp": {"occ": {"5": 2013.0, "17": 2013.0, "50": 2015.0, "83": 2019.0, "95": 2023.0}, "chrnc": {"5": 2012.0, "17": 2013.0, "50": 2015.0, "83": 2022.0, "95": 2025.0}, "delta": {"5": -8.0, "17": -2.0, "50": 0.0, "83": 6.0, "95": 10.0}}}