{"int_low": {"occ": {"5": 2025.0, "17": 2029.0, "50": 2036.5, "83": 2041.0, "95": 2043.0}, "chrnc": {"5": 2058.0, "17": 2062.0, "50": 2068.0, "83": 2073.0, "95": 2077.0}, "delta": {"5": 20.0, "17": 25.0, "50": 32.0, "83": 40.0, "95": 45.04999999999927}}, "int": {"occ": {"5": 2020.0, "17": 2022.0, "50": 2025.0, "83": 2029.0, "95": 2033.0}, "chrnc": {"5": 2040.0, "17": 2042.0, "50": 2045.0, "83": 2048.0, "95": 2050.0499999999993}, "delta": {"5": 11.0, "17": 15.0, "50": 19.0, "83": 23.170000000000073, "95": 27.0}}, "int_high": {"occ": {"5": 2015.0, "17": 2018.0, "50": 2020.0, "83": 2023.0, "95": 2025.0}, "chrnc": {"5": 2032.0, "17": 2035.0, "50": 2037.0, "83": 2039.0, "95": 2041.0}, "delta": {"5": 10.0, "17": 13.0, "50": 17.0, "83": 20.0, "95": 22.0}}, "kopp": {"occ": {"5": 2025.0, "17": 2028.0, "50": 2035.0, "83": 2042.0, "95": 2050.0}, "chrnc": {"5": 2044.0, "17": 2050.0, "50": 2058.0, "83": 2069.0, "95": 2079.0}, "delta": {"5": 13.0, "17": 17.0, "50": 23.0, "83": 31.0, "95": 38.0}}}