{"int_low": {"occ": {"5": 2010.0, "17": 2011.0, "50": 2012.0, "83": 2018.0, "95": 2023.0}, "chrnc": {"5": 2053.0, "17": 2058.0, "50": 2066.0, "83": 2073.0, "95": 2078.0499999999993}, "delta": {"5": 36.0, "17": 43.0, "50": 52.0, "83": 60.0, "95": 66.0}}, "int": {"occ": {"5": 2010.0, "17": 2010.0, "50": 2010.0, "83": 2012.0, "95": 2013.0}, "chrnc": {"5": 2036.0, "17": 2039.0, "50": 2043.0, "83": 2048.0, "95": 2050.0}, "delta": {"5": 24.0, "17": 28.0, "50": 33.0, "83": 37.0, "95": 39.0}}, "int_high": {"occ": {"5": 2010.0, "17": 2010.0, "50": 2010.0, "83": 2011.0, "95": 2012.0}, "chrnc": {"5": 2028.0, "17": 2030.0, "50": 2034.0, "83": 2037.0, "95": 2040.0}, "delta": {"5": 17.0, "17": 19.830000000000155, "50": 23.0, "83": 26.0, "95": 29.0}}, "kopp": {"occ": {"5": 2010.0, "17": 2011.0, "50": 2013.0, "83": 2019.0, "95": 2026.0}, "chrnc": {"5": 2043.0, "17": 2049.0, "50": 2057.0, "83": 2068.0, "95": 2078.0}, "delta": {"5": 28.0, "17": 34.0, "50": 42.0, "83": 53.0, "95": 62.0}}}