{"int_low": {"occ": {"5": 2081.0, "17": 2084.0, "50": 2089.0, "83": 2095.0, "95": 2098.0}, "chrnc": {"5": NaN, "17": NaN, "50": NaN, "83": NaN, "95": NaN}, "delta": {"5": NaN, "17": NaN, "50": NaN, "83": NaN, "95": NaN}}, "int": {"occ": {"5": 2051.0, "17": 2052.0, "50": 2054.0, "83": 2056.0, "95": 2058.0}, "chrnc": {"5": 2068.0, "17": 2069.0, "50": 2071.0, "83": 2073.0, "95": 2074.0}, "delta": {"5": 12.0, "17": 14.0, "50": 17.0, "83": 20.0, "95": 22.0}}, "int_high": {"occ": {"5": 2039.0, "17": 2041.0, "50": 2043.0, "83": 2044.0, "95": 2046.0}, "chrnc": {"5": 2053.0, "17": 2054.0, "50": 2055.0, "83": 2057.0, "95": 2058.0499999999993}, "delta": {"5": 9.0, "17": 10.830000000000155, "50": 13.0, "83": 15.0, "95": 17.0}}, "kopp": {"occ": {"5": 2061.0, "17": 2067.0, "50": 2076.0, "83": 2088.0, "95": 2096.0}, "chrnc": {"5": 2073.0, "17": 2082.0, "50": 2091.0, "83": 2098.0, "95": 2100.0}, "delta": {"5": 12.0, "17": 15.0, "50": 20.0, "83": 24.0, "95": 27.0}}}