{"int_low": {"occ": {"5": 2011.0, "17": 2013.0, "50": 2013.0, "83": 2020.0, "95": 2031.0}, "chrnc": {"5": 2057.0, "17": 2064.0, "50": 2076.0, "83": 2088.17, "95": 2094.0499999999993}, "delta": {"5": 38.0, "17": 48.0, "50": 60.0, "83": 73.0, "95": 81.0}}, "int": {"occ": {"5": 2010.0, "17": 2013.0, "50": 2013.0, "83": 2014.17, "95": 2023.0}, "chrnc": {"5": 2039.0, "17": 2043.0, "50": 2048.0, "83": 2053.0, "95": 2056.0499999999993}, "delta": {"5": 21.0, "17": 28.0, "50": 35.0, "83": 40.0, "95": 44.0}}, "int_high": {"occ": {"5": 2010.0, "17": 2012.0, "50": 2013.0, "83": 2013.0, "95": 2019.0}, "chrnc": {"5": 2029.0, "17": 2034.0, "50": 2038.0, "83": 2042.0, "95": 2044.0}, "delta": {"5": 15.0, "17": 20.0, "50": 25.0, "83": 29.0, "95": 32.0}}, "kopp": {"occ": {"5": 2011.0, "17": 2013.0, "50": 2013.0, "83": 2019.0, "95": 2028.0}, "chrnc": {"5": 2040.0, "17": 2047.0, "50": 2059.0, "83": 2074.0, "95": 2089.0}, "delta": {"5": 25.0, "17": 32.0, "50": 44.0, "83": 59.0, "95": 72.0}}}