{"int_low": {"occ": {"5": 2010.0, "17": 2014.0, "50": 2017.0, "83": 2026.0, "95": 2034.0}, "chrnc": {"5": 2021.0, "17": 2028.0, "50": 2038.0, "83": 2048.17, "95": 2057.0}, "delta": {"5": -4.0, "17": 7.0, "50": 19.0, "83": 31.0, "95": 40.0}}, "int": {"occ": {"5": 2010.0, "17": 2014.0, "50": 2017.0, "83": 2023.0, "95": 2028.0}, "chrnc": {"5": 2013.0, "17": 2021.0, "50": 2028.0, "83": 2035.0, "95": 2039.0}, "delta": {"5": -5.0499999999999545, "17": 3.0, "50": 11.0, "83": 18.0, "95": 24.0}}, "int_high": {"occ": {"5": 2011.0, "17": 2014.8300000000002, "50": 2016.0, "83": 2018.0, "95": 2022.0}, "chrnc": {"5": 2012.0, "17": 2012.0, "50": 2019.0, "83": 2026.0, "95": 2031.0}, "delta": {"5": -7.0, "17": -4.0, "50": 3.0, "83": 11.0, "95": 15.0}}, "kopp": {"occ": {"5": 2010.0, "17": 2014.0, "50": 2017.0, "83": 2026.0, "95": 2035.0}, "chrnc": {"5": 2019.0, "17": 2024.0, "50": 2034.0, "83": 2045.0, "95": 2055.0}, "delta": {"5": -5.0, "17": 5.0, "50": 15.0, "83": 27.0, "95": 37.0}}}