{"int_low": {"occ": {"5": 2029.0, "17": 2033.0, "50": 2037.0, "83": 2041.0, "95": 2044.0499999999993}, "chrnc": {"5": 2051.0, "17": 2054.0, "50": 2058.0, "83": 2062.0, "95": 2066.0}, "delta": {"5": 11.0, "17": 15.830000000000155, "50": 21.0, "83": 27.0, "95": 32.0}}, "int": {"occ": {"5": 2024.0, "17": 2026.0, "50": 2030.0, "83": 2033.0, "95": 2035.0}, "chrnc": {"5": 2040.0, "17": 2043.0, "50": 2045.0, "83": 2048.0, "95": 2050.0}, "delta": {"5": 8.0, "17": 11.0, "50": 16.0, "83": 20.0, "95": 23.0}}, "int_high": {"occ": {"5": 2021.0, "17": 2023.0, "50": 2026.0, "83": 2029.0, "95": 2031.0}, "chrnc": {"5": 2035.0, "17": 2037.0, "50": 2039.0, "83": 2041.0, "95": 2042.0}, "delta": {"5": 8.0, "17": 10.0, "50": 13.0, "83": 16.170000000000073, "95": 19.0}}, "kopp": {"occ": {"5": 2028.0, "17": 2032.0, "50": 2037.0, "83": 2040.0, "95": 2045.0}, "chrnc": {"5": 2045.0, "17": 2048.0, "50": 2054.0, "83": 2059.0, "95": 2064.0}, "delta": {"5": 8.0, "17": 12.0, "50": 17.0, "83": 22.0, "95": 27.0}}}