{"int_low": {"occ": {"5": 2018.0, "17": 2026.0, "50": 2032.0, "83": 2040.0, "95": 2042.0}, "chrnc": {"5": 2070.0, "17": 2073.0, "50": 2079.0, "83": 2085.0, "95": 2093.0}, "delta": {"5": 33.950000000000045, "17": 39.0, "50": 47.0, "83": 56.0, "95": 63.0}}, "int": {"occ": {"5": 2015.0, "17": 2016.0, "50": 2021.0, "83": 2027.0, "95": 2031.0}, "chrnc": {"5": 2048.0, "17": 2050.0, "50": 2052.0, "83": 2056.0, "95": 2059.0}, "delta": {"5": 21.0, "17": 25.830000000000155, "50": 32.0, "83": 37.0, "95": 42.0}}, "int_high": {"occ": {"5": 2014.0, "17": 2014.0, "50": 2017.0, "83": 2022.0, "95": 2024.0}, "chrnc": {"5": 2036.0, "17": 2038.0, "50": 2042.0, "83": 2044.0, "95": 2047.0}, "delta": {"5": 16.0, "17": 20.0, "50": 24.0, "83": 28.0, "95": 30.0}}, "kopp": {"occ": {"5": 2019.0, "17": 2026.0, "50": 2032.0, "83": 2040.0, "95": 2045.0}, "chrnc": {"5": 2053.0, "17": 2057.0, "50": 2067.0, "83": 2077.0, "95": 2087.0}, "delta": {"5": 22.0, "17": 27.0, "50": 34.0, "83": 44.0, "95": 52.0}}}