{"int_low": {"occ": {"5": 2012.0, "17": 2012.0, "50": 2016.0, "83": 2024.0, "95": 2027.0}, "chrnc": {"5": 2056.0, "17": 2067.0, "50": 2075.0, "83": 2083.0, "95": 2096.0}, "delta": {"5": 37.950000000000045, "17": 46.0, "50": 56.0, "83": 67.0, "95": 76.04999999999927}}, "int": {"occ": {"5": 2012.0, "17": 2012.0, "50": 2013.0, "83": 2022.17, "95": 2025.0}, "chrnc": {"5": 2037.0, "17": 2041.8300000000002, "50": 2046.0, "83": 2048.0, "95": 2051.0}, "delta": {"5": 18.0, "17": 22.0, "50": 30.0, "83": 34.17000000000007, "95": 37.0}}, "int_high": {"occ": {"5": 2010.0, "17": 2012.0, "50": 2013.0, "83": 2015.0, "95": 2022.0}, "chrnc": {"5": 2029.0, "17": 2031.0, "50": 2034.0, "83": 2039.0, "95": 2040.0499999999993}, "delta": {"5": 12.0, "17": 17.0, "50": 21.0, "83": 25.0, "95": 28.0}}, "kopp": {"occ": {"5": 2011.0, "17": 2014.0, "50": 2018.0, "83": 2027.0, "95": 2039.0}, "chrnc": {"5": 2052.0, "17": 2059.0, "50": 2070.0, "83": 2082.0, "95": 2093.0}, "delta": {"5": 30.0, "17": 38.0, "50": 50.0, "83": 62.0, "95": 72.0}}}