{"int_low": {"occ": {"5": 2046.0, "17": 2051.0, "50": 2056.0, "83": 2059.0, "95": 2063.0}, "chrnc": {"5": 2081.0, "17": 2085.0, "50": 2091.0, "83": 2095.0, "95": 2098.0}, "delta": {"5": 23.0, "17": 28.0, "50": 35.0, "83": 41.0, "95": 46.0}}, "int": {"occ": {"5": 2034.0, "17": 2036.0, "50": 2038.0, "83": 2041.0, "95": 2042.0499999999993}, "chrnc": {"5": 2053.0, "17": 2054.0, "50": 2056.0, "83": 2058.0, "95": 2059.0}, "delta": {"5": 12.950000000000045, "17": 15.0, "50": 18.0, "83": 21.0, "95": 23.0}}, "int_high": {"occ": {"5": 2027.0, "17": 2029.0, "50": 2031.0, "83": 2033.0, "95": 2035.0}, "chrnc": {"5": 2041.0, "17": 2043.0, "50": 2044.0, "83": 2046.0, "95": 2048.0}, "delta": {"5": 9.0, "17": 10.0, "50": 13.0, "83": 16.0, "95": 18.0}}, "kopp": {"occ": {"5": 2043.0, "17": 2047.0, "50": 2054.0, "83": 2061.0, "95": 2068.0}, "chrnc": {"5": 2061.0, "17": 2067.0, "50": 2076.0, "83": 2086.0, "95": 2095.0}, "delta": {"5": 13.0, "17": 17.0, "50": 22.0, "83": 28.0, "95": 33.0}}}