{"int_low": {"occ": {"5": 2010.0, "17": 2010.0, "50": 2014.0, "83": 2019.0, "95": 2023.0}, "chrnc": {"5": 2021.0, "17": 2025.8300000000002, "50": 2033.0, "83": 2038.0, "95": 2042.0499999999993}, "delta": {"5": 5.0, "17": 10.0, "50": 17.0, "83": 24.0, "95": 29.0}}, "int": {"occ": {"5": 2010.0, "17": 2010.0, "50": 2013.0, "83": 2017.0, "95": 2020.0}, "chrnc": {"5": 2018.0, "17": 2020.0, "50": 2023.0, "83": 2028.0, "95": 2031.0}, "delta": {"5": 2.0, "17": 5.0, "50": 10.0, "83": 15.0, "95": 18.0}}, "int_high": {"occ": {"5": 2010.0, "17": 2010.0, "50": 2012.0, "83": 2015.0, "95": 2018.0}, "chrnc": {"5": 2011.0, "17": 2015.0, "50": 2019.0, "83": 2022.0, "95": 2024.0}, "delta": {"5": -2.0, "17": 1.0, "50": 7.0, "83": 10.170000000000073, "95": 13.0}}, "kopp": {"occ": {"5": 2010.0, "17": 2013.0, "50": 2015.0, "83": 2021.0, "95": 2024.0}, "chrnc": {"5": 2024.0, "17": 2028.0, "50": 2035.0, "83": 2042.0, "95": 2049.0}, "delta": {"5": 6.0, "17": 11.0, "50": 18.0, "83": 26.0, "95": 34.0}}}