{"int_low": {"occ": {"5": 2012.0, "17": 2014.0, "50": 2016.0, "83": 2025.0, "95": 2033.0}, "chrnc": {"5": 2057.0, "17": 2061.0, "50": 2069.0, "83": 2077.0, "95": 2085.0499999999993}, "delta": {"5": 33.0, "17": 41.0, "50": 50.0, "83": 60.0, "95": 66.0}}, "int": {"occ": {"5": 2010.0, "17": 2011.0, "50": 2016.0, "83": 2020.0, "95": 2023.0}, "chrnc": {"5": 2041.0, "17": 2044.0, "50": 2048.0, "83": 2052.0, "95": 2055.0}, "delta": {"5": 23.0, "17": 27.0, "50": 32.0, "83": 38.0, "95": 41.04999999999927}}, "int_high": {"occ": {"5": 2010.0, "17": 2010.0, "50": 2012.0, "83": 2014.0, "95": 2019.0}, "chrnc": {"5": 2034.0, "17": 2038.0, "50": 2040.0, "83": 2042.0, "95": 2044.0}, "delta": {"5": 19.0, "17": 24.0, "50": 28.0, "83": 30.0, "95": 33.0}}, "kopp": {"occ": {"5": 2011.0, "17": 2014.0, "50": 2016.0, "83": 2023.0, "95": 2032.0}, "chrnc": {"5": 2043.0, "17": 2048.0, "50": 2058.0, "83": 2070.0, "95": 2081.0}, "delta": {"5": 24.0, "17": 30.0, "50": 40.0, "83": 51.0, "95": 61.0}}}