{"int_low": {"occ": {"5": 2031.0, "17": 2034.0, "50": 2039.0, "83": 2044.0, "95": 2048.0}, "chrnc": {"5": 2070.0, "17": 2073.0, "50": 2080.0, "83": 2086.0, "95": 2093.0}, "delta": {"5": 27.0, "17": 32.0, "50": 41.0, "83": 49.0, "95": 55.0}}, "int": {"occ": {"5": 2020.0, "17": 2024.0, "50": 2027.0, "83": 2030.0, "95": 2032.0}, "chrnc": {"5": 2045.0, "17": 2047.0, "50": 2049.0, "83": 2051.0, "95": 2053.0}, "delta": {"5": 16.0, "17": 18.830000000000155, "50": 22.0, "83": 26.0, "95": 29.049999999999272}}, "int_high": {"occ": {"5": 2017.0, "17": 2017.0, "50": 2019.0, "83": 2022.0, "95": 2024.0}, "chrnc": {"5": 2034.0, "17": 2036.0, "50": 2038.0, "83": 2040.0, "95": 2041.0}, "delta": {"5": 12.0, "17": 15.0, "50": 18.0, "83": 22.0, "95": 24.0}}, "kopp": {"occ": {"5": 2032.0, "17": 2036.0, "50": 2042.0, "83": 2050.0, "95": 2056.0}, "chrnc": {"5": 2056.0, "17": 2062.0, "50": 2071.0, "83": 2083.0, "95": 2093.0}, "delta": {"5": 18.0, "17": 22.0, "50": 29.0, "83": 37.0, "95": 44.0}}}