{"int_low": {"occ": {"5": 2041.0, "17": 2044.0, "50": 2051.0, "83": 2057.0, "95": 2065.0}, "chrnc": {"5": 2089.0, "17": 2095.0, "50": 2098.0, "83": 2100.0, "95": 2100.0}, "delta": {"5": 33.0, "17": 40.930000000000064, "50": 47.0, "83": 54.0, "95": 57.0}}, "int": {"occ": {"5": 2026.0, "17": 2030.8300000000002, "50": 2036.0, "83": 2039.0, "95": 2041.0}, "chrnc": {"5": 2057.0, "17": 2059.0, "50": 2061.0, "83": 2064.0, "95": 2067.0}, "delta": {"5": 19.0, "17": 22.0, "50": 26.0, "83": 31.0, "95": 36.0}}, "int_high": {"occ": {"5": 2022.0, "17": 2024.0, "50": 2028.0, "83": 2031.0, "95": 2033.0}, "chrnc": {"5": 2045.0, "17": 2047.0, "50": 2050.0, "83": 2052.0, "95": 2053.0}, "delta": {"5": 15.0, "17": 18.0, "50": 22.0, "83": 25.0, "95": 28.0}}, "kopp": {"occ": {"5": 2035.0, "17": 2039.0, "50": 2046.0, "83": 2057.0, "95": 2068.0}, "chrnc": {"5": 2059.0, "17": 2065.0, "50": 2077.0, "83": 2090.0, "95": 2098.0}, "delta": {"5": 19.0, "17": 23.0, "50": 30.0, "83": 39.0, "95": 45.0}}}