{"int_low": {"occ": {"5": 2058.0, "17": 2067.0, "50": 2081.0, "83": 2091.0, "95": 2097.0}, "chrnc": {"5": NaN, "17": NaN, "50": NaN, "83": NaN, "95": NaN}, "delta": {"5": NaN, "17": NaN, "50": NaN, "83": NaN, "95": NaN}}, "int": {"occ": {"5": 2039.0, "17": 2043.0, "50": 2049.0, "83": 2055.0, "95": 2058.0}, "chrnc": {"5": 2087.0, "17": 2091.0, "50": 2094.5, "83": 2098.0, "95": 2099.0}, "delta": {"5": 35.0, "17": 40.0, "50": 45.0, "83": 51.0, "95": 56.0}}, "int_high": {"occ": {"5": 2028.0, "17": 2033.0, "50": 2038.0, "83": 2042.0, "95": 2045.0}, "chrnc": {"5": 2065.0, "17": 2068.0, "50": 2071.0, "83": 2074.0, "95": 2075.0}, "delta": {"5": 26.0, "17": 29.0, "50": 33.0, "83": 38.0, "95": 42.04999999999927}}, "kopp": {"occ": {"5": 2040.0, "17": 2047.0, "50": 2060.0, "83": 2077.0, "95": 2091.0}, "chrnc": {"5": 2072.0, "17": 2081.0, "50": 2093.0, "83": 2099.0, "95": 2100.0}, "delta": {"5": 28.849999999999994, "17": 35.0, "50": 43.0, "83": 51.0, "95": 57.0}}}