{"int_low": {"occ": {"5": 2018.0, "17": 2021.0, "50": 2028.0, "83": 2035.0, "95": 2038.0}, "chrnc": {"5": 2042.0, "17": 2045.0, "50": 2053.0, "83": 2059.0, "95": 2068.0}, "delta": {"5": 9.0, "17": 15.830000000000155, "50": 25.0, "83": 35.0, "95": 42.04999999999927}}, "int": {"occ": {"5": 2016.0, "17": 2018.0, "50": 2022.0, "83": 2029.0, "95": 2033.0}, "chrnc": {"5": 2033.95, "17": 2037.0, "50": 2040.0, "83": 2042.0, "95": 2045.0}, "delta": {"5": 6.0, "17": 10.0, "50": 18.0, "83": 22.0, "95": 25.0}}, "int_high": {"occ": {"5": 2016.0, "17": 2016.0, "50": 2019.0, "83": 2021.0, "95": 2023.0}, "chrnc": {"5": 2025.0, "17": 2027.0, "50": 2031.0, "83": 2035.0, "95": 2036.0}, "delta": {"5": 5.0, "17": 8.0, "50": 12.0, "83": 17.0, "95": 19.0}}, "kopp": {"occ": {"5": 2017.0, "17": 2020.0, "50": 2027.0, "83": 2034.0, "95": 2038.0}, "chrnc": {"5": 2037.0, "17": 2040.0, "50": 2046.0, "83": 2055.0, "95": 2063.0}, "delta": {"5": 7.0, "17": 12.0, "50": 20.0, "83": 29.0, "95": 37.0}}}