{"int_low": {"occ": {"5": 2045.0, "17": 2050.0, "50": 2057.0, "83": 2063.0, "95": 2068.0}, "chrnc": {"5": 2073.0, "17": 2079.0, "50": 2086.0, "83": 2093.0, "95": 2098.0}, "delta": {"5": 11.950000000000045, "17": 20.0, "50": 29.0, "83": 39.0, "95": 46.04999999999927}}, "int": {"occ": {"5": 2031.95, "17": 2035.0, "50": 2040.0, "83": 2044.0, "95": 2048.0}, "chrnc": {"5": 2050.0, "17": 2053.0, "50": 2056.0, "83": 2060.0, "95": 2062.0}, "delta": {"5": 7.0, "17": 11.0, "50": 16.0, "83": 22.0, "95": 26.0}}, "int_high": {"occ": {"5": 2026.0, "17": 2029.0, "50": 2033.0, "83": 2036.0, "95": 2038.0}, "chrnc": {"5": 2041.0, "17": 2043.0, "50": 2045.0, "83": 2048.0, "95": 2050.0}, "delta": {"5": 6.0, "17": 8.0, "50": 13.0, "83": 17.0, "95": 21.0}}, "kopp": {"occ": {"5": 2036.0, "17": 2041.0, "50": 2049.0, "83": 2059.0, "95": 2069.0}, "chrnc": {"5": 2052.0, "17": 2058.0, "50": 2067.0, "83": 2081.0, "95": 2092.0}, "delta": {"5": 8.0, "17": 12.0, "50": 19.0, "83": 27.0, "95": 34.0}}}