{"int_low": {"occ": {"5": 2010.0, "17": 2018.0, "50": 2024.0, "83": 2029.0, "95": 2033.0499999999993}, "chrnc": {"5": 2048.0, "17": 2052.0, "50": 2056.0, "83": 2061.0, "95": 2065.0}, "delta": {"5": 20.0, "17": 26.0, "50": 32.0, "83": 40.0, "95": 46.0}}, "int": {"occ": {"5": 2010.0, "17": 2011.0, "50": 2013.0, "83": 2018.0, "95": 2022.0499999999993}, "chrnc": {"5": 2033.0, "17": 2036.0, "50": 2038.0, "83": 2041.0, "95": 2043.0499999999993}, "delta": {"5": 15.0, "17": 19.0, "50": 25.0, "83": 29.0, "95": 32.0}}, "int_high": {"occ": {"5": 2010.0, "17": 2012.0, "50": 2014.0, "83": 2015.0, "95": 2015.0}, "chrnc": {"5": 2026.0, "17": 2027.0, "50": 2030.0, "83": 2031.0, "95": 2033.0}, "delta": {"5": 11.0, "17": 13.0, "50": 16.0, "83": 18.0, "95": 20.0}}, "kopp": {"occ": {"5": 2018.95, "17": 2022.0, "50": 2028.0, "83": 2034.0, "95": 2040.0}, "chrnc": {"5": 2045.0, "17": 2050.0, "50": 2057.0, "83": 2066.0, "95": 2075.0}, "delta": {"5": 17.0, "17": 22.0, "50": 29.0, "83": 37.0, "95": 45.0}}}