{"int_low": {"occ": {"5": 2010.0, "17": 2010.0, "50": 2011.0, "83": 2012.0, "95": 2020.0499999999993}, "chrnc": {"5": 2015.0, "17": 2016.0, "50": 2024.0, "83": 2030.0, "95": 2033.0}, "delta": {"5": 3.0, "17": 5.0, "50": 12.0, "83": 19.0, "95": 22.049999999999272}}, "int": {"occ": {"5": 2010.0, "17": 2010.0, "50": 2010.0, "83": 2012.0, "95": 2013.0}, "chrnc": {"5": 2014.0, "17": 2015.0, "50": 2019.0, "83": 2023.0, "95": 2025.0}, "delta": {"5": 2.0, "17": 4.0, "50": 8.0, "83": 13.0, "95": 15.0}}, "int_high": {"occ": {"5": 2010.0, "17": 2010.0, "50": 2010.0, "83": 2012.0, "95": 2012.0}, "chrnc": {"5": 2011.0, "17": 2013.0, "50": 2014.0, "83": 2021.0, "95": 2023.0}, "delta": {"5": 1.0, "17": 2.0, "50": 4.0, "83": 10.0, "95": 12.049999999999272}}, "kopp": {"occ": {"5": 2010.0, "17": 2010.0, "50": 2011.0, "83": 2013.0, "95": 2023.0}, "chrnc": {"5": 2015.0, "17": 2016.0, "50": 2024.0, "83": 2031.0, "95": 2038.0}, "delta": {"5": 1.0, "17": 5.0, "50": 12.0, "83": 19.0, "95": 25.0}}}