{"int_low": {"occ": {"5": 2034.0, "17": 2041.0, "50": 2051.0, "83": 2061.0, "95": 2068.0499999999993}, "chrnc": {"5": 2071.0, "17": 2079.0, "50": 2089.0, "83": 2096.0, "95": 2099.0}, "delta": {"5": 15.0, "17": 23.0, "50": 36.0, "83": 48.0, "95": 56.0}}, "int": {"occ": {"5": 2026.0, "17": 2030.0, "50": 2035.0, "83": 2042.0, "95": 2046.0}, "chrnc": {"5": 2047.0, "17": 2051.0, "50": 2056.0, "83": 2061.17, "95": 2065.0}, "delta": {"5": 8.0, "17": 12.0, "50": 20.0, "83": 28.0, "95": 33.04999999999927}}, "int_high": {"occ": {"5": 2021.0, "17": 2024.0, "50": 2028.0, "83": 2032.0, "95": 2036.0}, "chrnc": {"5": 2036.0, "17": 2040.0, "50": 2045.0, "83": 2048.0, "95": 2051.0}, "delta": {"5": 7.0, "17": 10.0, "50": 16.0, "83": 22.0, "95": 26.0}}, "kopp": {"occ": {"5": 2034.0, "17": 2041.0, "50": 2051.0, "83": 2062.0, "95": 2071.0}, "chrnc": {"5": 2060.0, "17": 2067.0, "50": 2078.0, "83": 2089.0, "95": 2097.0}, "delta": {"5": 10.0, "17": 16.0, "50": 26.0, "83": 37.0, "95": 47.0}}}