{"int_low": {"occ": {"5": 2016.0, "17": 2018.0, "50": 2021.5, "83": 2029.0, "95": 2033.0}, "chrnc": {"5": 2037.0, "17": 2039.0, "50": 2044.0, "83": 2051.0, "95": 2054.0}, "delta": {"5": 7.9500000000000455, "17": 15.0, "50": 22.0, "83": 29.0, "95": 34.0}}, "int": {"occ": {"5": 2015.0, "17": 2016.0, "50": 2018.0, "83": 2021.0, "95": 2024.0}, "chrnc": {"5": 2026.0, "17": 2029.0, "50": 2034.0, "83": 2037.0, "95": 2039.0}, "delta": {"5": 6.0, "17": 10.0, "50": 15.0, "83": 19.0, "95": 22.0}}, "int_high": {"occ": {"5": 2013.0, "17": 2015.0, "50": 2015.0, "83": 2019.0, "95": 2020.0499999999993}, "chrnc": {"5": 2022.0, "17": 2024.0, "50": 2028.0, "83": 2031.0, "95": 2033.0}, "delta": {"5": 5.0, "17": 7.0, "50": 12.0, "83": 16.0, "95": 18.0}}, "kopp": {"occ": {"5": 2016.0, "17": 2017.0, "50": 2021.0, "83": 2027.0, "95": 2033.0}, "chrnc": {"5": 2030.0, "17": 2035.0, "50": 2040.0, "83": 2048.0, "95": 2053.0}, "delta": {"5": 7.0, "17": 12.0, "50": 19.0, "83": 25.0, "95": 31.0}}}