{"int_low": {"occ": {"5": 2025.0, "17": 2028.8300000000002, "50": 2034.0, "83": 2040.0, "95": 2044.0}, "chrnc": {"5": 2061.0, "17": 2066.0, "50": 2073.0, "83": 2078.0, "95": 2084.0}, "delta": {"5": 24.0, "17": 30.0, "50": 38.0, "83": 47.0, "95": 52.04999999999927}}, "int": {"occ": {"5": 2019.0, "17": 2022.0, "50": 2025.0, "83": 2029.0, "95": 2032.0}, "chrnc": {"5": 2044.0, "17": 2046.0, "50": 2049.0, "83": 2052.0, "95": 2054.0}, "delta": {"5": 16.0, "17": 19.0, "50": 24.0, "83": 28.0, "95": 31.0}}, "int_high": {"occ": {"5": 2018.0, "17": 2018.0, "50": 2021.0, "83": 2023.0, "95": 2025.0}, "chrnc": {"5": 2035.0, "17": 2037.0, "50": 2039.0, "83": 2041.0, "95": 2043.0}, "delta": {"5": 12.0, "17": 15.0, "50": 19.0, "83": 22.0, "95": 24.0}}, "kopp": {"occ": {"5": 2026.0, "17": 2030.0, "50": 2037.0, "83": 2043.0, "95": 2049.0}, "chrnc": {"5": 2053.0, "17": 2059.0, "50": 2067.0, "83": 2077.0, "95": 2087.0}, "delta": {"5": 18.0, "17": 23.0, "50": 30.0, "83": 39.0, "95": 46.0}}}