{"int_low": {"occ": {"5": 2012.0, "17": 2013.0, "50": 2017.0, "83": 2024.0, "95": 2032.0}, "chrnc": {"5": 2063.0, "17": 2067.0, "50": 2075.0, "83": 2084.0, "95": 2089.0}, "delta": {"5": 40.950000000000045, "17": 47.0, "50": 57.0, "83": 66.0, "95": 73.0}}, "int": {"occ": {"5": 2012.0, "17": 2012.0, "50": 2014.0, "83": 2019.0, "95": 2021.0499999999993}, "chrnc": {"5": 2043.0, "17": 2045.0, "50": 2049.0, "83": 2052.0, "95": 2054.0}, "delta": {"5": 24.950000000000045, "17": 28.0, "50": 33.0, "83": 38.0, "95": 40.0}}, "int_high": {"occ": {"5": 2010.0, "17": 2010.0, "50": 2014.0, "83": 2014.0, "95": 2019.0}, "chrnc": {"5": 2034.0, "17": 2036.0, "50": 2039.0, "83": 2042.0, "95": 2043.0}, "delta": {"5": 19.0, "17": 22.0, "50": 26.0, "83": 29.0, "95": 32.0}}, "kopp": {"occ": {"5": 2012.0, "17": 2013.0, "50": 2018.0, "83": 2028.0, "95": 2035.0}, "chrnc": {"5": 2046.0, "17": 2053.0, "50": 2062.0, "83": 2074.0, "95": 2087.0}, "delta": {"5": 27.0, "17": 33.0, "50": 42.0, "83": 53.0, "95": 63.0}}}