{"int_low": {"occ": {"5": 2079.0, "17": 2083.0, "50": 2093.0, "83": 2098.0, "95": 2099.0}, "chrnc": {"5": NaN, "17": NaN, "50": NaN, "83": NaN, "95": NaN}, "delta": {"5": NaN, "17": NaN, "50": NaN, "83": NaN, "95": NaN}}, "int": {"occ": {"5": 2053.0, "17": 2056.0, "50": 2058.0, "83": 2059.0, "95": 2062.0}, "chrnc": {"5": 2075.0, "17": 2076.0, "50": 2077.0, "83": 2079.0, "95": 2081.0}, "delta": {"5": 15.0, "17": 17.0, "50": 20.0, "83": 22.0, "95": 25.0}}, "int_high": {"occ": {"5": 2041.0, "17": 2042.0, "50": 2044.0, "83": 2047.0, "95": 2049.0}, "chrnc": {"5": 2057.0, "17": 2057.0, "50": 2059.0, "83": 2060.0, "95": 2063.0}, "delta": {"5": 9.950000000000045, "17": 12.0, "50": 15.0, "83": 17.0, "95": 19.049999999999272}}, "kopp": {"occ": {"5": 2054.0, "17": 2059.0, "50": 2069.0, "83": 2083.0, "95": 2094.0}, "chrnc": {"5": 2069.0, "17": 2077.0, "50": 2088.0, "83": 2097.0, "95": 2100.0}, "delta": {"5": 13.0, "17": 17.0, "50": 22.0, "83": 29.0, "95": 34.0}}}