{"int_low": {"occ": {"5": 2010.0, "17": 2010.0, "50": 2013.0, "83": 2019.0, "95": 2026.0499999999993}, "chrnc": {"5": 2044.0, "17": 2051.0, "50": 2060.0, "83": 2070.0, "95": 2073.0}, "delta": {"5": 29.0, "17": 37.0, "50": 47.0, "83": 57.0, "95": 61.0}}, "int": {"occ": {"5": 2010.0, "17": 2010.0, "50": 2013.0, "83": 2016.0, "95": 2020.0}, "chrnc": {"5": 2032.0, "17": 2039.0, "50": 2042.0, "83": 2047.0, "95": 2051.0}, "delta": {"5": 17.0, "17": 25.0, "50": 30.0, "83": 35.0, "95": 39.0}}, "int_high": {"occ": {"5": 2010.0, "17": 2010.0, "50": 2012.0, "83": 2013.0, "95": 2019.0}, "chrnc": {"5": 2026.0, "17": 2030.0, "50": 2035.0, "83": 2038.0, "95": 2039.0499999999993}, "delta": {"5": 12.0, "17": 16.0, "50": 23.0, "83": 26.0, "95": 29.0}}, "kopp": {"occ": {"5": 2010.0, "17": 2010.0, "50": 2013.0, "83": 2019.0, "95": 2023.0}, "chrnc": {"5": 2038.0, "17": 2042.0, "50": 2050.0, "83": 2060.0, "95": 2072.0}, "delta": {"5": 21.0, "17": 28.0, "50": 36.0, "83": 46.0, "95": 58.0}}}