{"int_low": {"occ": {"5": 2019.0, "17": 2026.0, "50": 2033.0, "83": 2039.0, "95": 2043.0}, "chrnc": {"5": 2048.0, "17": 2052.0, "50": 2058.0, "83": 2064.0, "95": 2069.0}, "delta": {"5": 12.0, "17": 17.0, "50": 25.0, "83": 34.17000000000007, "95": 41.04999999999927}}, "int": {"occ": {"5": 2016.0, "17": 2017.0, "50": 2025.0, "83": 2030.0, "95": 2034.0}, "chrnc": {"5": 2039.0, "17": 2041.0, "50": 2045.0, "83": 2048.0, "95": 2050.0}, "delta": {"5": 9.0, "17": 14.0, "50": 19.0, "83": 28.0, "95": 31.0}}, "int_high": {"occ": {"5": 2016.0, "17": 2017.0, "50": 2020.0, "83": 2025.0, "95": 2028.0}, "chrnc": {"5": 2032.95, "17": 2035.0, "50": 2038.0, "83": 2041.0, "95": 2043.0}, "delta": {"5": 8.0, "17": 12.0, "50": 17.0, "83": 22.0, "95": 25.0}}, "kopp": {"occ": {"5": 2019.0, "17": 2026.0, "50": 2032.0, "83": 2039.0, "95": 2044.0}, "chrnc": {"5": 2043.0, "17": 2047.0, "50": 2053.0, "83": 2060.0, "95": 2066.0}, "delta": {"5": 10.0, "17": 14.0, "50": 21.0, "83": 29.0, "95": 36.0}}}