{"int_low": {"occ": {"5": 2032.95, "17": 2037.0, "50": 2040.0, "83": 2045.0, "95": 2048.0499999999993}, "chrnc": {"5": 2062.0, "17": 2065.0, "50": 2070.0, "83": 2074.0, "95": 2078.0}, "delta": {"5": 19.0, "17": 24.0, "50": 29.5, "83": 35.0, "95": 40.0}}, "int": {"occ": {"5": 2022.0, "17": 2026.0, "50": 2028.0, "83": 2031.0, "95": 2033.0}, "chrnc": {"5": 2042.0, "17": 2043.8300000000002, "50": 2046.0, "83": 2048.0, "95": 2050.0}, "delta": {"5": 12.0, "17": 14.0, "50": 18.0, "83": 21.0, "95": 24.0}}, "int_high": {"occ": {"5": 2018.0, "17": 2020.0, "50": 2022.0, "83": 2024.0, "95": 2025.0}, "chrnc": {"5": 2034.0, "17": 2034.0, "50": 2036.0, "83": 2038.0, "95": 2039.0}, "delta": {"5": 10.0, "17": 12.0, "50": 14.0, "83": 17.0, "95": 19.0}}, "kopp": {"occ": {"5": 2034.0, "17": 2038.0, "50": 2043.0, "83": 2049.0, "95": 2055.0}, "chrnc": {"5": 2053.0, "17": 2058.0, "50": 2066.0, "83": 2076.0, "95": 2085.0}, "delta": {"5": 14.0, "17": 18.0, "50": 23.0, "83": 30.0, "95": 36.0}}}