{"int_low": {"occ": {"5": 2037.95, "17": 2042.0, "50": 2048.0, "83": 2054.0, "95": 2061.0}, "chrnc": {"5": 2078.0, "17": 2082.0, "50": 2091.0, "83": 2097.0, "95": 2100.0}, "delta": {"5": 25.0, "17": 32.0, "50": 42.0, "83": 51.0, "95": 57.0}}, "int": {"occ": {"5": 2025.0, "17": 2028.0, "50": 2034.0, "83": 2037.0, "95": 2040.0}, "chrnc": {"5": 2051.0, "17": 2054.0, "50": 2056.0, "83": 2059.0, "95": 2062.0}, "delta": {"5": 14.0, "17": 18.830000000000155, "50": 23.0, "83": 28.0, "95": 33.0}}, "int_high": {"occ": {"5": 2021.0, "17": 2023.0, "50": 2026.0, "83": 2030.0, "95": 2032.0}, "chrnc": {"5": 2039.0, "17": 2041.0, "50": 2044.0, "83": 2047.0, "95": 2049.0}, "delta": {"5": 11.0, "17": 14.0, "50": 18.0, "83": 22.0, "95": 25.0}}, "kopp": {"occ": {"5": 2038.0, "17": 2042.0, "50": 2048.0, "83": 2056.0, "95": 2066.0}, "chrnc": {"5": 2061.0, "17": 2068.0, "50": 2078.0, "83": 2089.0, "95": 2097.0}, "delta": {"5": 16.0, "17": 21.0, "50": 29.0, "83": 37.0, "95": 44.649999999999636}}}