{"int_low": {"occ": {"5": 2011.0, "17": 2013.0, "50": 2017.0, "83": 2024.0, "95": 2027.0}, "chrnc": {"5": 2067.0, "17": 2069.0, "50": 2077.0, "83": 2084.0, "95": 2093.0}, "delta": {"5": 44.0, "17": 50.0, "50": 58.0, "83": 68.0, "95": 74.0}}, "int": {"occ": {"5": 2010.0, "17": 2012.0, "50": 2013.0, "83": 2019.0, "95": 2023.0499999999993}, "chrnc": {"5": 2045.0, "17": 2046.0, "50": 2047.5, "83": 2049.0, "95": 2051.0}, "delta": {"5": 24.0, "17": 28.0, "50": 34.0, "83": 36.0, "95": 38.0}}, "int_high": {"occ": {"5": 2010.0, "17": 2011.0, "50": 2013.0, "83": 2013.0, "95": 2017.0499999999993}, "chrnc": {"5": 2033.0, "17": 2034.0, "50": 2037.0, "83": 2040.0, "95": 2041.0}, "delta": {"5": 18.0, "17": 21.0, "50": 24.0, "83": 27.0, "95": 29.0}}, "kopp": {"occ": {"5": 2010.0, "17": 2013.0, "50": 2023.0, "83": 2031.0, "95": 2040.0}, "chrnc": {"5": 2055.0, "17": 2063.0, "50": 2070.0, "83": 2082.0, "95": 2093.0}, "delta": {"5": 31.0, "17": 38.0, "50": 48.0, "83": 59.0, "95": 69.0}}}