{"int_low": {"occ": {"5": 2053.0, "17": 2057.0, "50": 2064.0, "83": 2069.0, "95": 2075.0}, "chrnc": {"5": 2090.0, "17": 2092.0, "50": 2096.0, "83": 2100.0, "95": 2100.0}, "delta": {"5": 24.0, "17": 27.0, "50": 35.0, "83": 44.06999999999999, "95": 47.0}}, "int": {"occ": {"5": 2037.0, "17": 2042.0, "50": 2045.0, "83": 2048.0, "95": 2050.0}, "chrnc": {"5": 2064.0, "17": 2067.0, "50": 2069.0, "83": 2071.0, "95": 2073.0}, "delta": {"5": 18.0, "17": 20.0, "50": 23.0, "83": 27.170000000000073, "95": 31.0}}, "int_high": {"occ": {"5": 2031.95, "17": 2033.0, "50": 2035.0, "83": 2039.0, "95": 2040.0}, "chrnc": {"5": 2051.0, "17": 2052.0, "50": 2053.0, "83": 2056.0, "95": 2058.0}, "delta": {"5": 12.0, "17": 15.0, "50": 18.0, "83": 21.0, "95": 23.049999999999272}}, "kopp": {"occ": {"5": 2046.0, "17": 2050.0, "50": 2057.0, "83": 2067.0, "95": 2076.0}, "chrnc": {"5": 2067.0, "17": 2073.0, "50": 2084.0, "83": 2094.0, "95": 2098.45}, "delta": {"5": 17.0, "17": 21.0, "50": 27.0, "83": 34.0, "95": 38.0}}}