{"int_low": {"occ": {"5": 2026.0, "17": 2035.0, "50": 2045.0, "83": 2053.0, "95": 2056.0}, "chrnc": {"5": 2082.0, "17": 2085.0, "50": 2095.0, "83": 2099.0, "95": 2100.0}, "delta": {"5": 31.0, "17": 39.0, "50": 49.0, "83": 59.0, "95": 69.0}}, "int": {"occ": {"5": 2022.0, "17": 2026.0, "50": 2032.0, "83": 2037.0, "95": 2040.0}, "chrnc": {"5": 2057.0, "17": 2059.0, "50": 2062.0, "83": 2066.0, "95": 2070.0}, "delta": {"5": 20.950000000000045, "17": 24.0, "50": 31.0, "83": 37.0, "95": 42.0}}, "int_high": {"occ": {"5": 2020.0, "17": 2022.0, "50": 2027.0, "83": 2032.0, "95": 2035.0}, "chrnc": {"5": 2044.0, "17": 2046.0, "50": 2049.0, "83": 2052.0, "95": 2054.0}, "delta": {"5": 13.0, "17": 16.0, "50": 22.0, "83": 27.0, "95": 31.0}}, "kopp": {"occ": {"5": 2024.0, "17": 2028.0, "50": 2038.0, "83": 2048.0, "95": 2055.0}, "chrnc": {"5": 2057.0, "17": 2062.0, "50": 2074.0, "83": 2088.0, "95": 2097.0}, "delta": {"5": 21.0, "17": 27.0, "50": 36.0, "83": 47.339999999999236, "95": 56.0}}}