{"int_low": {"occ": {"5": 2043.0, "17": 2046.0, "50": 2056.0, "83": 2067.0, "95": 2072.0}, "chrnc": {"5": 2078.0, "17": 2081.0, "50": 2089.0, "83": 2095.0, "95": 2098.0}, "delta": {"5": 14.0, "17": 22.0, "50": 33.0, "83": 43.0, "95": 50.0}}, "int": {"occ": {"5": 2028.95, "17": 2036.0, "50": 2039.0, "83": 2042.0, "95": 2047.0}, "chrnc": {"5": 2050.0, "17": 2054.0, "50": 2057.0, "83": 2059.0, "95": 2060.0}, "delta": {"5": 8.0, "17": 14.0, "50": 18.0, "83": 22.0, "95": 28.0}}, "int_high": {"occ": {"5": 2023.0, "17": 2026.0, "50": 2030.0, "83": 2034.0, "95": 2036.0}, "chrnc": {"5": 2040.0, "17": 2042.0, "50": 2044.0, "83": 2047.0, "95": 2050.0}, "delta": {"5": 7.0, "17": 9.830000000000155, "50": 15.0, "83": 19.170000000000073, "95": 23.0}}, "kopp": {"occ": {"5": 2039.0, "17": 2042.0, "50": 2049.0, "83": 2059.0, "95": 2070.0}, "chrnc": {"5": 2056.0, "17": 2060.0, "50": 2071.0, "83": 2083.0, "95": 2093.0}, "delta": {"5": 9.0, "17": 14.0, "50": 21.0, "83": 29.0, "95": 35.0}}}