{"int_low": {"occ": {"5": 2020.0, "17": 2024.0, "50": 2030.0, "83": 2036.0, "95": 2038.0499999999993}, "chrnc": {"5": 2043.0, "17": 2046.0, "50": 2053.0, "83": 2058.0, "95": 2063.0}, "delta": {"5": 9.950000000000045, "17": 14.0, "50": 23.0, "83": 30.0, "95": 36.0}}, "int": {"occ": {"5": 2017.0, "17": 2017.0, "50": 2023.0, "83": 2028.0, "95": 2031.0}, "chrnc": {"5": 2035.0, "17": 2038.0, "50": 2040.0, "83": 2043.0, "95": 2045.0}, "delta": {"5": 8.0, "17": 11.0, "50": 17.0, "83": 22.0, "95": 25.0}}, "int_high": {"occ": {"5": 2017.0, "17": 2017.0, "50": 2020.0, "83": 2023.0, "95": 2025.0}, "chrnc": {"5": 2027.0, "17": 2030.0, "50": 2034.0, "83": 2036.0, "95": 2037.0}, "delta": {"5": 5.0, "17": 9.0, "50": 13.0, "83": 17.0, "95": 19.0}}, "kopp": {"occ": {"5": 2019.0, "17": 2023.0, "50": 2029.0, "83": 2035.0, "95": 2039.0}, "chrnc": {"5": 2038.0, "17": 2041.0, "50": 2047.0, "83": 2055.0, "95": 2062.0}, "delta": {"5": 8.0, "17": 12.0, "50": 19.0, "83": 26.0, "95": 32.0}}}