{"int_low": {"occ": {"5": 2095.0, "17": 2097.0, "50": 2099.0, "83": 2100.0, "95": 2100.0}, "chrnc": {"5": NaN, "17": NaN, "50": NaN, "83": NaN, "95": NaN}, "delta": {"5": NaN, "17": NaN, "50": NaN, "83": NaN, "95": NaN}}, "int": {"occ": {"5": 2065.0, "17": 2067.0, "50": 2070.0, "83": 2073.0, "95": 2075.0}, "chrnc": {"5": 2075.0, "17": 2076.0, "50": 2078.0, "83": 2081.0, "95": 2083.0}, "delta": {"5": 3.0, "17": 5.0, "50": 8.0, "83": 11.170000000000073, "95": 14.049999999999272}}, "int_high": {"occ": {"5": 2052.95, "17": 2054.0, "50": 2056.0, "83": 2057.0, "95": 2059.0}, "chrnc": {"5": 2058.0, "17": 2059.0, "50": 2061.0, "83": 2063.0, "95": 2064.0}, "delta": {"5": 2.0, "17": 3.0, "50": 5.0, "83": 7.0, "95": 9.0}}, "kopp": {"occ": {"5": 2064.0, "17": 2073.0, "50": 2083.0, "83": 2095.0, "95": 2099.0}, "chrnc": {"5": 2072.0, "17": 2078.0, "50": 2090.0, "83": 2098.0, "95": 2100.0}, "delta": {"5": 3.0, "17": 5.0, "50": 9.0, "83": 13.0, "95": 16.0}}}