{"int_low": {"occ": {"5": 2010.0, "17": 2010.0, "50": 2011.0, "83": 2012.0, "95": 2020.0499999999993}, "chrnc": {"5": 2028.0, "17": 2032.0, "50": 2038.0, "83": 2044.0, "95": 2048.0}, "delta": {"5": 14.950000000000045, "17": 20.0, "50": 27.0, "83": 33.0, "95": 37.0}}, "int": {"occ": {"5": 2010.0, "17": 2010.0, "50": 2010.0, "83": 2012.0, "95": 2013.0}, "chrnc": {"5": 2016.0, "17": 2023.0, "50": 2028.0, "83": 2031.0, "95": 2033.0}, "delta": {"5": 5.0, "17": 11.0, "50": 17.0, "83": 20.170000000000073, "95": 22.0}}, "int_high": {"occ": {"5": 2010.0, "17": 2010.0, "50": 2010.0, "83": 2012.0, "95": 2012.0}, "chrnc": {"5": 2015.0, "17": 2015.0, "50": 2019.0, "83": 2023.0, "95": 2025.0}, "delta": {"5": 4.0, "17": 5.0, "50": 8.0, "83": 12.0, "95": 15.0}}, "kopp": {"occ": {"5": 2010.0, "17": 2010.0, "50": 2011.0, "83": 2013.0, "95": 2023.0}, "chrnc": {"5": 2027.0, "17": 2031.0, "50": 2037.0, "83": 2044.0, "95": 2049.0}, "delta": {"5": 13.0, "17": 18.0, "50": 25.0, "83": 32.0, "95": 37.0}}}