{"int_low": {"occ": {"5": 2010.0, "17": 2010.0, "50": 2012.0, "83": 2020.0, "95": 2024.0}, "chrnc": {"5": 2048.0, "17": 2053.0, "50": 2059.0, "83": 2066.0, "95": 2070.0499999999993}, "delta": {"5": 30.0, "17": 36.0, "50": 44.0, "83": 52.0, "95": 58.0}}, "int": {"occ": {"5": 2010.0, "17": 2010.0, "50": 2011.0, "83": 2018.0, "95": 2021.0}, "chrnc": {"5": 2040.0, "17": 2042.0, "50": 2045.0, "83": 2049.0, "95": 2052.0}, "delta": {"5": 23.0, "17": 28.0, "50": 33.0, "83": 37.0, "95": 40.0}}, "int_high": {"occ": {"5": 2010.0, "17": 2011.0, "50": 2011.0, "83": 2013.0, "95": 2018.0}, "chrnc": {"5": 2034.0, "17": 2036.8300000000002, "50": 2039.0, "83": 2041.0, "95": 2042.0}, "delta": {"5": 19.0, "17": 23.0, "50": 27.0, "83": 30.0, "95": 31.0}}, "kopp": {"occ": {"5": 2010.0, "17": 2010.0, "50": 2012.0, "83": 2019.0, "95": 2024.0}, "chrnc": {"5": 2040.0, "17": 2044.0, "50": 2052.0, "83": 2060.0, "95": 2069.1000000000004}, "delta": {"5": 24.0, "17": 30.0, "50": 38.0, "83": 47.0, "95": 55.0}}}