{"int_low": {"occ": {"5": 2010.0, "17": 2012.0, "50": 2018.0, "83": 2024.0, "95": 2028.0}, "chrnc": {"5": 2044.0, "17": 2047.0, "50": 2053.0, "83": 2059.0, "95": 2062.0}, "delta": {"5": 22.0, "17": 27.0, "50": 35.0, "83": 43.0, "95": 48.0}}, "int": {"occ": {"5": 2010.0, "17": 2011.0, "50": 2013.0, "83": 2018.0, "95": 2020.0499999999993}, "chrnc": {"5": 2030.0, "17": 2034.0, "50": 2038.0, "83": 2041.0, "95": 2044.0}, "delta": {"5": 15.0, "17": 19.0, "50": 24.0, "83": 29.0, "95": 31.0}}, "int_high": {"occ": {"5": 2010.0, "17": 2011.0, "50": 2013.0, "83": 2015.0, "95": 2015.0499999999993}, "chrnc": {"5": 2025.0, "17": 2027.0, "50": 2030.0, "83": 2033.0, "95": 2035.0}, "delta": {"5": 11.0, "17": 14.0, "50": 17.0, "83": 20.0, "95": 23.0}}}