{"int_low": {"occ": {"5": 2077.0, "17": 2080.0, "50": 2086.0, "83": 2092.17, "95": 2096.0}, "chrnc": {"5": 2095.0, "17": 2097.0, "50": 2099.0, "83": 2100.0, "95": 2100.0}, "delta": {"5": 3.950000000000017, "17": 7.0, "50": 13.0, "83": 19.0, "95": 23.0}}, "int": {"occ": {"5": 2049.95, "17": 2053.0, "50": 2056.0, "83": 2058.0, "95": 2060.0}, "chrnc": {"5": 2060.0, "17": 2062.0, "50": 2064.0, "83": 2068.0, "95": 2070.0}, "delta": {"5": 3.0, "17": 5.0, "50": 9.0, "83": 13.0, "95": 16.049999999999272}}, "int_high": {"occ": {"5": 2040.0, "17": 2041.0, "50": 2043.0, "83": 2046.0, "95": 2048.0}, "chrnc": {"5": 2047.0, "17": 2049.0, "50": 2052.0, "83": 2054.0, "95": 2055.0}, "delta": {"5": 3.0, "17": 5.0, "50": 8.0, "83": 11.0, "95": 13.0}}, "kopp": {"occ": {"5": 2052.0, "17": 2057.0, "50": 2066.0, "83": 2078.0, "95": 2089.0}, "chrnc": {"5": 2060.0, "17": 2067.0, "50": 2078.0, "83": 2091.0, "95": 2098.0}, "delta": {"5": 4.0, "17": 7.0, "50": 12.0, "83": 18.0, "95": 22.0}}}