{"int_low": {"occ": {"5": 2011.0, "17": 2013.0, "50": 2020.0, "83": 2033.0, "95": 2044.0499999999993}, "chrnc": {"5": 2020.0, "17": 2028.0, "50": 2045.0, "83": 2062.17, "95": 2075.0}, "delta": {"5": -10.0, "17": 5.0, "50": 23.0, "83": 42.0, "95": 58.0}}, "int": {"occ": {"5": 2010.0, "17": 2013.0, "50": 2014.0, "83": 2023.0, "95": 2032.0}, "chrnc": {"5": 2018.0, "17": 2022.0, "50": 2030.0, "83": 2040.0, "95": 2047.0499999999993}, "delta": {"5": -5.0, "17": 4.0, "50": 14.0, "83": 24.0, "95": 33.0}}, "int_high": {"occ": {"5": 2010.0, "17": 2012.0, "50": 2013.0, "83": 2021.0, "95": 2025.0}, "chrnc": {"5": 2016.0, "17": 2020.0, "50": 2026.0, "83": 2033.0, "95": 2037.0}, "delta": {"5": -4.0, "17": 3.0, "50": 11.0, "83": 18.0, "95": 23.0}}, "kopp": {"occ": {"5": 2011.0, "17": 2013.0, "50": 2019.0, "83": 2029.0, "95": 2037.0}, "chrnc": {"5": 2018.0, "17": 2024.0, "50": 2037.0, "83": 2051.0, "95": 2064.0}, "delta": {"5": -7.0, "17": 5.0, "50": 17.0, "83": 31.0, "95": 43.0}}}