{"int_low": {"occ": {"5": 2010.0, "17": 2010.0, "50": 2012.0, "83": 2024.17, "95": 2033.0}, "chrnc": {"5": 2062.95, "17": 2069.0, "50": 2080.0, "83": 2090.0, "95": 2094.0}, "delta": {"5": 41.950000000000045, "17": 50.830000000000155, "50": 64.0, "83": 76.0, "95": 82.0}}, "int": {"occ": {"5": 2010.0, "17": 2011.0, "50": 2012.0, "83": 2018.0, "95": 2023.0}, "chrnc": {"5": 2043.0, "17": 2046.0, "50": 2051.0, "83": 2055.0, "95": 2058.0}, "delta": {"5": 25.0, "17": 31.0, "50": 37.0, "83": 43.0, "95": 46.0}}, "int_high": {"occ": {"5": 2010.0, "17": 2011.0, "50": 2013.0, "83": 2013.0, "95": 2018.0}, "chrnc": {"5": 2036.0, "17": 2039.0, "50": 2041.0, "83": 2043.0, "95": 2045.0}, "delta": {"5": 21.0, "17": 25.0, "50": 28.0, "83": 31.0, "95": 33.0}}, "kopp": {"occ": {"5": 2010.0, "17": 2011.0, "50": 2012.0, "83": 2020.0, "95": 2032.0}, "chrnc": {"5": 2044.0, "17": 2050.0, "50": 2061.0, "83": 2076.0, "95": 2090.0}, "delta": {"5": 28.0, "17": 35.0, "50": 47.0, "83": 60.0, "95": 74.0}}}