{"int_low": {"occ": {"5": 2031.0, "17": 2038.0, "50": 2041.0, "83": 2045.0, "95": 2049.0}, "chrnc": {"5": 2061.0, "17": 2065.0, "50": 2070.0, "83": 2074.0, "95": 2078.0}, "delta": {"5": 17.950000000000045, "17": 22.0, "50": 29.0, "83": 35.0, "95": 41.0}}, "int": {"occ": {"5": 2022.0, "17": 2026.0, "50": 2029.0, "83": 2033.0, "95": 2035.0}, "chrnc": {"5": 2044.0, "17": 2045.0, "50": 2048.0, "83": 2051.0, "95": 2052.0}, "delta": {"5": 11.0, "17": 14.0, "50": 18.0, "83": 23.0, "95": 26.049999999999272}}, "int_high": {"occ": {"5": 2020.0, "17": 2022.0, "50": 2023.0, "83": 2025.0, "95": 2028.0}, "chrnc": {"5": 2035.0, "17": 2037.0, "50": 2038.0, "83": 2040.0, "95": 2041.0}, "delta": {"5": 10.0, "17": 12.0, "50": 15.0, "83": 17.0, "95": 19.0}}, "kopp": {"occ": {"5": 2030.0, "17": 2034.0, "50": 2039.0, "83": 2045.0, "95": 2052.0}, "chrnc": {"5": 2047.0, "17": 2052.0, "50": 2059.0, "83": 2069.0, "95": 2078.0}, "delta": {"5": 12.0, "17": 15.0, "50": 20.0, "83": 27.0, "95": 33.0}}}