{"int_low": {"occ": {"5": 2017.0, "17": 2020.0, "50": 2028.0, "83": 2035.0, "95": 2039.0}, "chrnc": {"5": 2042.0, "17": 2045.0, "50": 2053.5, "83": 2060.0, "95": 2070.0}, "delta": {"5": 9.0, "17": 15.830000000000155, "50": 26.0, "83": 36.0, "95": 44.0}}, "int": {"occ": {"5": 2016.0, "17": 2018.0, "50": 2023.0, "83": 2029.17, "95": 2033.0}, "chrnc": {"5": 2031.0, "17": 2036.0, "50": 2039.0, "83": 2042.0, "95": 2046.0}, "delta": {"5": 5.0, "17": 8.830000000000155, "50": 16.0, "83": 21.0, "95": 25.0}}, "int_high": {"occ": {"5": 2016.0, "17": 2016.0, "50": 2018.0, "83": 2021.0, "95": 2024.0}, "chrnc": {"5": 2024.0, "17": 2026.0, "50": 2031.0, "83": 2035.0, "95": 2036.0}, "delta": {"5": 3.0, "17": 7.0, "50": 12.0, "83": 17.0, "95": 19.0}}, "kopp": {"occ": {"5": 2017.0, "17": 2019.0, "50": 2027.0, "83": 2034.0, "95": 2039.0}, "chrnc": {"5": 2036.0, "17": 2040.0, "50": 2046.0, "83": 2055.0, "95": 2064.0}, "delta": {"5": 6.0, "17": 11.0, "50": 20.0, "83": 29.0, "95": 37.0}}}