{"int_low": {"occ": {"5": 2010.0, "17": 2011.0, "50": 2015.0, "83": 2021.0, "95": 2027.0}, "chrnc": {"5": 2041.0, "17": 2045.0, "50": 2053.0, "83": 2058.0, "95": 2062.0}, "delta": {"5": 22.0, "17": 27.0, "50": 36.0, "83": 43.0, "95": 48.0}}, "int": {"occ": {"5": 2010.0, "17": 2011.0, "50": 2011.0, "83": 2014.0, "95": 2018.0}, "chrnc": {"5": 2030.0, "17": 2034.0, "50": 2037.0, "83": 2040.0, "95": 2041.0499999999993}, "delta": {"5": 16.950000000000045, "17": 20.830000000000155, "50": 25.0, "83": 28.0, "95": 30.0}}, "int_high": {"occ": {"5": 2010.0, "17": 2011.0, "50": 2011.0, "83": 2013.0, "95": 2016.0}, "chrnc": {"5": 2024.0, "17": 2026.0, "50": 2029.0, "83": 2032.0, "95": 2034.0}, "delta": {"5": 11.0, "17": 14.0, "50": 18.0, "83": 21.0, "95": 23.0}}, "kopp": {"occ": {"5": 2010.0, "17": 2011.0, "50": 2015.0, "83": 2020.0, "95": 2025.0}, "chrnc": {"5": 2036.0, "17": 2040.0, "50": 2047.0, "83": 2058.0, "95": 2069.0}, "delta": {"5": 19.0, "17": 24.0, "50": 32.0, "83": 42.0, "95": 53.0}}}