{"int_low": {"occ": {"5": 2012.95, "17": 2016.0, "50": 2017.0, "83": 2020.0, "95": 2023.0499999999993}, "chrnc": {"5": 2044.95, "17": 2048.83, "50": 2055.0, "83": 2058.0, "95": 2060.0}, "delta": {"5": 26.0, "17": 31.0, "50": 37.0, "83": 41.0, "95": 44.0}}, "int": {"occ": {"5": 2012.0, "17": 2012.0, "50": 2013.0, "83": 2018.0, "95": 2020.0}, "chrnc": {"5": 2038.0, "17": 2040.0, "50": 2042.0, "83": 2045.0, "95": 2050.0}, "delta": {"5": 21.0, "17": 24.0, "50": 28.0, "83": 32.0, "95": 36.0}}, "int_high": {"occ": {"5": 2012.0, "17": 2012.0, "50": 2015.0, "83": 2015.0, "95": 2015.0499999999993}, "chrnc": {"5": 2033.0, "17": 2035.0, "50": 2037.0, "83": 2039.0, "95": 2040.0}, "delta": {"5": 18.0, "17": 21.0, "50": 23.0, "83": 25.0, "95": 27.0}}}