{"int_low": {"occ": {"5": 2025.0, "17": 2029.0, "50": 2034.0, "83": 2038.0, "95": 2041.0499999999993}, "chrnc": {"5": 2058.0, "17": 2061.0, "50": 2067.0, "83": 2071.0, "95": 2075.0}, "delta": {"5": 22.0, "17": 26.0, "50": 32.0, "83": 39.0, "95": 45.0}}, "int": {"occ": {"5": 2019.0, "17": 2021.0, "50": 2024.0, "83": 2027.0, "95": 2031.0}, "chrnc": {"5": 2041.0, "17": 2043.0, "50": 2046.0, "83": 2049.0, "95": 2051.0}, "delta": {"5": 15.0, "17": 17.830000000000155, "50": 22.0, "83": 26.0, "95": 28.0}}, "int_high": {"occ": {"5": 2016.0, "17": 2016.0, "50": 2019.0, "83": 2021.0, "95": 2023.0}, "chrnc": {"5": 2033.0, "17": 2034.0, "50": 2036.0, "83": 2037.0, "95": 2039.0}, "delta": {"5": 12.0, "17": 14.0, "50": 17.0, "83": 20.0, "95": 22.0}}}