{"int_low": {"occ": {"5": 2010.0, "17": 2010.0, "50": 2010.0, "83": 2021.0, "95": 2025.0}, "chrnc": {"5": 2028.0, "17": 2032.8300000000002, "50": 2041.0, "83": 2049.0, "95": 2058.0}, "delta": {"5": 10.0, "17": 18.0, "50": 27.0, "83": 37.0, "95": 44.04999999999927}}, "int": {"occ": {"5": 2010.0, "17": 2010.0, "50": 2010.0, "83": 2017.0, "95": 2023.0}, "chrnc": {"5": 2019.0, "17": 2024.0, "50": 2029.5, "83": 2035.0, "95": 2041.0}, "delta": {"5": 5.0, "17": 10.830000000000155, "50": 18.0, "83": 23.0, "95": 30.0}}, "int_high": {"occ": {"5": 2010.0, "17": 2010.0, "50": 2010.0, "83": 2011.0, "95": 2017.0}, "chrnc": {"5": 2015.0, "17": 2015.0, "50": 2021.0, "83": 2025.0, "95": 2028.0}, "delta": {"5": 3.0, "17": 5.0, "50": 10.0, "83": 15.0, "95": 17.0}}, "kopp": {"occ": {"5": 2010.0, "17": 2010.0, "50": 2011.0, "83": 2023.0, "95": 2025.0}, "chrnc": {"5": 2028.0, "17": 2032.0, "50": 2040.0, "83": 2049.0, "95": 2059.0}, "delta": {"5": 9.0, "17": 17.0, "50": 26.0, "83": 35.0, "95": 44.0}}}