{"int_low": {"occ": {"5": 2011.0, "17": 2013.0, "50": 2013.0, "83": 2020.0, "95": 2031.0}, "chrnc": {"5": 2050.0, "17": 2060.0, "50": 2073.0, "83": 2085.0, "95": 2093.0}, "delta": {"5": 31.0, "17": 44.0, "50": 57.0, "83": 70.0, "95": 78.0}}, "int": {"occ": {"5": 2010.0, "17": 2013.0, "50": 2013.0, "83": 2014.0, "95": 2023.0}, "chrnc": {"5": 2035.95, "17": 2040.0, "50": 2046.0, "83": 2051.0, "95": 2055.0}, "delta": {"5": 18.0, "17": 25.830000000000155, "50": 32.0, "83": 38.0, "95": 42.0}}, "int_high": {"occ": {"5": 2010.0, "17": 2012.0, "50": 2013.0, "83": 2013.0, "95": 2019.0}, "chrnc": {"5": 2026.0, "17": 2030.0, "50": 2036.0, "83": 2040.0, "95": 2043.0}, "delta": {"5": 11.950000000000045, "17": 17.0, "50": 23.0, "83": 27.0, "95": 30.0}}, "kopp": {"occ": {"5": 2011.0, "17": 2013.0, "50": 2013.0, "83": 2019.0, "95": 2028.0}, "chrnc": {"5": 2038.0, "17": 2044.0, "50": 2055.0, "83": 2071.0, "95": 2085.0}, "delta": {"5": 22.0, "17": 30.0, "50": 41.0, "83": 55.0, "95": 69.0}}}