{"int_low": {"occ": {"5": 2012.0, "17": 2012.0, "50": 2014.0, "83": 2018.0, "95": 2023.0}, "chrnc": {"5": 2039.0, "17": 2043.8300000000002, "50": 2049.0, "83": 2053.0, "95": 2055.0}, "delta": {"5": 23.0, "17": 27.830000000000155, "50": 34.0, "83": 39.0, "95": 42.0}}, "int": {"occ": {"5": 2010.0, "17": 2011.0, "50": 2012.0, "83": 2013.0, "95": 2014.0}, "chrnc": {"5": 2029.0, "17": 2032.0, "50": 2035.0, "83": 2037.0, "95": 2038.0}, "delta": {"5": 17.0, "17": 19.0, "50": 22.0, "83": 25.0, "95": 27.0}}, "int_high": {"occ": {"5": 2010.0, "17": 2010.0, "50": 2010.0, "83": 2011.0, "95": 2013.0}, "chrnc": {"5": 2022.0, "17": 2025.0, "50": 2027.0, "83": 2029.0, "95": 2031.0}, "delta": {"5": 12.0, "17": 14.0, "50": 16.0, "83": 18.0, "95": 21.0}}}