{"int_low": {"occ": {"5": 2010.0, "17": 2011.0, "50": 2014.0, "83": 2023.0, "95": 2027.0}, "chrnc": {"5": 2051.0, "17": 2056.0, "50": 2065.0, "83": 2074.0, "95": 2080.0}, "delta": {"5": 31.0, "17": 39.0, "50": 49.0, "83": 58.17000000000007, "95": 66.0}}, "int": {"occ": {"5": 2010.0, "17": 2010.0, "50": 2011.0, "83": 2018.0, "95": 2023.0}, "chrnc": {"5": 2034.0, "17": 2038.0, "50": 2044.0, "83": 2048.0, "95": 2050.0499999999993}, "delta": {"5": 18.950000000000045, "17": 24.0, "50": 32.0, "83": 36.0, "95": 39.0}}, "int_high": {"occ": {"5": 2010.0, "17": 2010.0, "50": 2010.0, "83": 2011.0, "95": 2018.0}, "chrnc": {"5": 2028.0, "17": 2030.0, "50": 2033.0, "83": 2037.0, "95": 2041.0}, "delta": {"5": 15.0, "17": 19.0, "50": 22.0, "83": 26.0, "95": 30.0}}, "kopp": {"occ": {"5": 2010.0, "17": 2011.0, "50": 2017.0, "83": 2024.0, "95": 2028.0}, "chrnc": {"5": 2044.0, "17": 2049.0, "50": 2058.0, "83": 2068.0, "95": 2080.0}, "delta": {"5": 24.0, "17": 31.0, "50": 40.0, "83": 52.0, "95": 62.0}}}