{"int_low": {"occ": {"5": 2010.0, "17": 2013.0, "50": 2016.0, "83": 2025.0, "95": 2031.0}, "chrnc": {"5": 2011.0, "17": 2015.0, "50": 2021.0, "83": 2032.0, "95": 2042.0}, "delta": {"5": -13.0, "17": -5.0, "50": 5.0, "83": 14.0, "95": 25.0}}, "int": {"occ": {"5": 2010.0, "17": 2010.0, "50": 2013.0, "83": 2020.0, "95": 2025.0}, "chrnc": {"5": 2010.0, "17": 2011.0, "50": 2014.0, "83": 2019.0, "95": 2025.0}, "delta": {"5": -11.0, "17": -4.0, "50": 1.0, "83": 5.0, "95": 9.049999999999272}}, "int_high": {"occ": {"5": 2010.0, "17": 2010.0, "50": 2012.0, "83": 2015.0, "95": 2023.0}, "chrnc": {"5": 2010.0, "17": 2010.0, "50": 2013.0, "83": 2015.0, "95": 2020.0499999999993}, "delta": {"5": -4.0, "17": 0.0, "50": 0.0, "83": 1.0, "95": 4.0}}, "kopp": {"occ": {"5": 2010.0, "17": 2013.0, "50": 2017.0, "83": 2025.0, "95": 2031.0}, "chrnc": {"5": 2012.0, "17": 2019.0, "50": 2026.0, "83": 2036.0, "95": 2045.0}, "delta": {"5": -10.0, "17": 1.0, "50": 8.0, "83": 17.0, "95": 27.0}}}