{"int_low": {"occ": {"5": 2026.0, "17": 2032.0, "50": 2038.0, "83": 2044.0, "95": 2048.0}, "chrnc": {"5": 2052.95, "17": 2057.0, "50": 2063.0, "83": 2069.0, "95": 2073.0499999999993}, "delta": {"5": 12.950000000000045, "17": 17.0, "50": 25.0, "83": 33.0, "95": 40.0}}, "int": {"occ": {"5": 2020.0, "17": 2026.0, "50": 2031.0, "83": 2035.0, "95": 2038.0}, "chrnc": {"5": 2041.0, "17": 2044.0, "50": 2048.0, "83": 2051.0, "95": 2053.0}, "delta": {"5": 8.0, "17": 12.0, "50": 17.0, "83": 23.0, "95": 28.0}}, "int_high": {"occ": {"5": 2016.0, "17": 2018.0, "50": 2024.0, "83": 2029.0, "95": 2031.0}, "chrnc": {"5": 2035.0, "17": 2038.0, "50": 2040.0, "83": 2043.0, "95": 2044.0499999999993}, "delta": {"5": 7.0, "17": 11.0, "50": 16.0, "83": 22.0, "95": 25.0}}, "kopp": {"occ": {"5": 2025.0, "17": 2031.0, "50": 2037.0, "83": 2043.0, "95": 2048.0}, "chrnc": {"5": 2046.0, "17": 2050.0, "50": 2056.0, "83": 2064.0, "95": 2070.0}, "delta": {"5": 9.0, "17": 13.0, "50": 19.0, "83": 27.0, "95": 33.0}}}