{"int_low": {"occ": {"5": 2014.0, "17": 2016.0, "50": 2020.0, "83": 2027.0, "95": 2031.0}, "chrnc": {"5": 2055.0, "17": 2061.0, "50": 2068.0, "83": 2075.0, "95": 2080.0}, "delta": {"5": 31.950000000000045, "17": 38.0, "50": 47.0, "83": 55.0, "95": 61.0}}, "int": {"occ": {"5": 2011.0, "17": 2013.0, "50": 2017.0, "83": 2023.0, "95": 2025.0}, "chrnc": {"5": 2042.0, "17": 2044.0, "50": 2047.0, "83": 2049.0, "95": 2051.0}, "delta": {"5": 20.0, "17": 24.0, "50": 30.0, "83": 35.0, "95": 38.0}}, "int_high": {"occ": {"5": 2010.0, "17": 2011.0, "50": 2012.0, "83": 2013.0, "95": 2019.0}, "chrnc": {"5": 2032.0, "17": 2034.0, "50": 2036.0, "83": 2040.0, "95": 2041.0}, "delta": {"5": 18.0, "17": 21.0, "50": 24.0, "83": 27.0, "95": 29.049999999999272}}, "kopp": {"occ": {"5": 2014.0, "17": 2016.0, "50": 2020.0, "83": 2027.0, "95": 2031.0}, "chrnc": {"5": 2048.0, "17": 2052.0, "50": 2059.0, "83": 2069.0, "95": 2079.0}, "delta": {"5": 25.0, "17": 30.0, "50": 38.0, "83": 49.0, "95": 57.0}}}