{"int_low": {"occ": {"5": 2034.0, "17": 2037.0, "50": 2042.0, "83": 2048.0, "95": 2051.0}, "chrnc": {"5": 2074.0, "17": 2079.0, "50": 2086.0, "83": 2093.0, "95": 2097.0}, "delta": {"5": 28.950000000000045, "17": 35.0, "50": 43.0, "83": 51.0, "95": 58.0}}, "int": {"occ": {"5": 2025.0, "17": 2028.0, "50": 2031.0, "83": 2034.0, "95": 2036.0499999999993}, "chrnc": {"5": 2051.0, "17": 2053.0, "50": 2055.0, "83": 2058.0, "95": 2060.0}, "delta": {"5": 17.0, "17": 20.0, "50": 24.0, "83": 29.0, "95": 32.0}}, "int_high": {"occ": {"5": 2018.0, "17": 2020.0, "50": 2024.0, "83": 2027.0, "95": 2029.0}, "chrnc": {"5": 2039.0, "17": 2042.0, "50": 2044.0, "83": 2046.0, "95": 2048.0}, "delta": {"5": 14.0, "17": 17.0, "50": 20.0, "83": 24.0, "95": 28.0}}, "kopp": {"occ": {"5": 2032.0, "17": 2035.0, "50": 2041.0, "83": 2048.0, "95": 2055.0}, "chrnc": {"5": 2055.0, "17": 2061.0, "50": 2070.0, "83": 2082.0, "95": 2091.0}, "delta": {"5": 18.0, "17": 22.0, "50": 29.0, "83": 37.0, "95": 44.0}}}