{"int_low": {"occ": {"5": 2057.0, "17": 2062.0, "50": 2068.0, "83": 2074.0, "95": 2079.0}, "chrnc": {"5": 2091.9, "17": 2095.0, "50": 2099.0, "83": 2100.0, "95": 2100.0}, "delta": {"5": 22.950000000000003, "17": 29.0, "50": 34.0, "83": 39.0, "95": 44.049999999999955}}, "int": {"occ": {"5": 2041.0, "17": 2043.0, "50": 2047.0, "83": 2050.0, "95": 2052.0}, "chrnc": {"5": 2063.0, "17": 2065.0, "50": 2068.0, "83": 2071.0, "95": 2074.0}, "delta": {"5": 16.0, "17": 18.0, "50": 22.0, "83": 25.0, "95": 28.0}}, "int_high": {"occ": {"5": 2032.0, "17": 2034.0, "50": 2036.0, "83": 2039.0, "95": 2041.0}, "chrnc": {"5": 2050.0, "17": 2051.0, "50": 2053.0, "83": 2056.0, "95": 2058.0}, "delta": {"5": 12.0, "17": 14.0, "50": 17.0, "83": 20.0, "95": 22.0}}}