{"int_low": {"occ": {"5": 2036.0, "17": 2038.0, "50": 2042.0, "83": 2048.0, "95": 2051.0499999999993}, "chrnc": {"5": 2066.0, "17": 2071.0, "50": 2076.0, "83": 2082.0, "95": 2087.0}, "delta": {"5": 21.0, "17": 26.0, "50": 34.0, "83": 40.0, "95": 45.0}}, "int": {"occ": {"5": 2026.0, "17": 2027.0, "50": 2031.0, "83": 2033.0, "95": 2035.0}, "chrnc": {"5": 2045.0, "17": 2047.0, "50": 2050.0, "83": 2052.0, "95": 2054.0}, "delta": {"5": 13.0, "17": 15.0, "50": 19.0, "83": 23.0, "95": 25.0}}, "int_high": {"occ": {"5": 2021.0, "17": 2023.0, "50": 2025.0, "83": 2027.0, "95": 2028.0}, "chrnc": {"5": 2037.0, "17": 2038.0, "50": 2040.0, "83": 2041.0, "95": 2042.0499999999993}, "delta": {"5": 10.0, "17": 12.0, "50": 15.0, "83": 18.0, "95": 20.0}}, "kopp": {"occ": {"5": 2036.0, "17": 2039.0, "50": 2044.0, "83": 2050.0, "95": 2056.0}, "chrnc": {"5": 2055.0, "17": 2060.0, "50": 2068.0, "83": 2077.0, "95": 2087.0}, "delta": {"5": 15.0, "17": 18.0, "50": 24.0, "83": 30.0, "95": 37.0}}}