{"int_low": {"occ": {"5": 2010.0, "17": 2010.0, "50": 2012.0, "83": 2024.0, "95": 2034.0499999999993}, "chrnc": {"5": 2014.0, "17": 2016.8300000000002, "50": 2024.0, "83": 2035.0, "95": 2039.0}, "delta": {"5": -14.0, "17": -2.0, "50": 9.0, "83": 22.0, "95": 27.0}}, "int": {"occ": {"5": 2010.0, "17": 2010.0, "50": 2011.0, "83": 2018.0, "95": 2021.0}, "chrnc": {"5": 2012.0, "17": 2014.0, "50": 2016.0, "83": 2024.0, "95": 2033.0}, "delta": {"5": -6.0, "17": 1.0, "50": 6.0, "83": 12.0, "95": 23.0}}, "int_high": {"occ": {"5": 2010.0, "17": 2010.0, "50": 2010.0, "83": 2013.0, "95": 2019.0}, "chrnc": {"5": 2010.0, "17": 2011.0, "50": 2013.0, "83": 2018.0, "95": 2020.0499999999993}, "delta": {"5": -7.0, "17": -1.0, "50": 2.0, "83": 6.0, "95": 10.0}}, "kopp": {"occ": {"5": 2010.0, "17": 2010.0, "50": 2012.0, "83": 2020.0, "95": 2033.0}, "chrnc": {"5": 2014.0, "17": 2014.0, "50": 2020.0, "83": 2033.0, "95": 2037.0}, "delta": {"5": -10.0, "17": -2.0, "50": 7.0, "83": 18.0, "95": 24.0}}}