{"int_low": {"occ": {"5": 2093.0, "17": 2096.0, "50": 2098.0, "83": 2100.0, "95": 2100.0}, "chrnc": {"5": NaN, "17": NaN, "50": NaN, "83": NaN, "95": NaN}, "delta": {"5": NaN, "17": NaN, "50": NaN, "83": NaN, "95": NaN}}, "int": {"occ": {"5": 2057.0, "17": 2058.0, "50": 2060.0, "83": 2064.0, "95": 2068.0}, "chrnc": {"5": 2075.0, "17": 2076.0, "50": 2078.0, "83": 2079.0, "95": 2082.0}, "delta": {"5": 10.950000000000045, "17": 14.0, "50": 17.0, "83": 19.0, "95": 22.0}}, "int_high": {"occ": {"5": 2044.95, "17": 2047.0, "50": 2050.0, "83": 2053.0, "95": 2054.0}, "chrnc": {"5": 2058.0, "17": 2059.0, "50": 2060.0, "83": 2062.0, "95": 2064.0}, "delta": {"5": 6.0, "17": 8.0, "50": 11.0, "83": 14.0, "95": 16.0}}, "kopp": {"occ": {"5": 2059.0, "17": 2065.0, "50": 2077.0, "83": 2092.0, "95": 2098.0}, "chrnc": {"5": 2073.0, "17": 2079.0, "50": 2092.0, "83": 2098.0, "95": 2100.0}, "delta": {"5": 9.0, "17": 13.0, "50": 18.0, "83": 21.050000000000182, "95": 25.0}}}