{"int_low": {"occ": {"5": 2010.0, "17": 2011.0, "50": 2015.0, "83": 2019.0, "95": 2022.0499999999993}, "chrnc": {"5": 2021.0, "17": 2025.0, "50": 2031.0, "83": 2036.0, "95": 2040.0}, "delta": {"5": 5.0, "17": 10.0, "50": 16.0, "83": 22.0, "95": 26.049999999999272}}, "int": {"occ": {"5": 2010.0, "17": 2011.0, "50": 2013.0, "83": 2015.0, "95": 2019.0}, "chrnc": {"5": 2016.0, "17": 2017.0, "50": 2021.0, "83": 2025.0, "95": 2027.0}, "delta": {"5": -1.0, "17": 3.0, "50": 8.0, "83": 12.0, "95": 15.0}}, "int_high": {"occ": {"5": 2010.0, "17": 2011.0, "50": 2012.0, "83": 2015.0, "95": 2015.0}, "chrnc": {"5": 2012.0, "17": 2014.0, "50": 2017.0, "83": 2020.0, "95": 2022.0}, "delta": {"5": -3.0, "17": 1.0, "50": 5.0, "83": 8.0, "95": 10.0}}}