{"int_low": {"occ": {"5": 2020.0, "17": 2024.0, "50": 2029.0, "83": 2034.0, "95": 2041.0499999999993}, "chrnc": {"5": 2065.0, "17": 2069.0, "50": 2075.0, "83": 2081.0, "95": 2085.0}, "delta": {"5": 30.0, "17": 37.0, "50": 45.0, "83": 53.0, "95": 59.0}}, "int": {"occ": {"5": 2012.0, "17": 2018.0, "50": 2021.0, "83": 2024.0, "95": 2026.0}, "chrnc": {"5": 2043.0, "17": 2045.0, "50": 2047.0, "83": 2050.0, "95": 2051.0}, "delta": {"5": 20.0, "17": 23.0, "50": 27.0, "83": 31.0, "95": 34.04999999999927}}, "int_high": {"occ": {"5": 2011.0, "17": 2011.0, "50": 2012.0, "83": 2016.0, "95": 2019.0}, "chrnc": {"5": 2032.0, "17": 2034.0, "50": 2036.0, "83": 2040.0, "95": 2042.0}, "delta": {"5": 16.0, "17": 19.0, "50": 23.0, "83": 26.0, "95": 29.0}}, "kopp": {"occ": {"5": 2022.0, "17": 2028.0, "50": 2033.0, "83": 2040.0, "95": 2044.0}, "chrnc": {"5": 2053.0, "17": 2059.0, "50": 2068.0, "83": 2079.0, "95": 2088.0}, "delta": {"5": 23.0, "17": 27.0, "50": 35.0, "83": 44.0, "95": 52.0}}}