{"int_low": {"occ": {"5": 2053.0, "17": 2057.0, "50": 2063.0, "83": 2068.0, "95": 2071.0}, "chrnc": {"5": 2092.0, "17": 2095.0, "50": 2099.0, "83": 2100.0, "95": 2100.0}, "delta": {"5": 25.0, "17": 30.0, "50": 36.0, "83": 42.0, "95": 45.0}}, "int": {"occ": {"5": 2037.0, "17": 2039.0, "50": 2043.0, "83": 2045.0, "95": 2047.0}, "chrnc": {"5": 2059.0, "17": 2061.0, "50": 2064.0, "83": 2066.0, "95": 2068.0}, "delta": {"5": 15.0, "17": 17.0, "50": 21.0, "83": 25.0, "95": 27.049999999999272}}, "int_high": {"occ": {"5": 2030.0, "17": 2032.0, "50": 2034.0, "83": 2036.0, "95": 2038.0}, "chrnc": {"5": 2047.0, "17": 2048.0, "50": 2050.0, "83": 2052.0, "95": 2053.0}, "delta": {"5": 11.0, "17": 13.0, "50": 16.0, "83": 18.170000000000073, "95": 20.049999999999272}}, "kopp": {"occ": {"5": 2047.0, "17": 2051.0, "50": 2058.0, "83": 2067.0, "95": 2076.0}, "chrnc": {"5": 2067.0, "17": 2073.0, "50": 2084.0, "83": 2094.0, "95": 2099.0}, "delta": {"5": 17.0, "17": 20.0, "50": 26.0, "83": 32.0, "95": 37.0}}}