{"int_low": {"occ": {"5": 2013.0, "17": 2013.0, "50": 2013.0, "83": 2013.0, "95": 2031.0}, "chrnc": {"5": 2055.7000000000003, "17": 2060.0, "50": 2073.0, "83": 2088.0, "95": 2091.0}, "delta": {"5": 31.0, "17": 46.0, "50": 57.0, "83": 74.0, "95": 78.0}}, "int": {"occ": {"5": 2013.0, "17": 2013.0, "50": 2013.0, "83": 2013.0, "95": 2014.0}, "chrnc": {"5": 2039.0, "17": 2041.0, "50": 2048.0, "83": 2053.0, "95": 2055.0}, "delta": {"5": 26.0, "17": 28.0, "50": 34.0, "83": 40.0, "95": 42.0}}, "int_high": {"occ": {"5": 2012.0, "17": 2013.0, "50": 2013.0, "83": 2013.0, "95": 2013.0499999999993}, "chrnc": {"5": 2023.0, "17": 2026.0, "50": 2037.0, "83": 2038.0, "95": 2040.0}, "delta": {"5": 10.0, "17": 13.0, "50": 24.0, "83": 25.0, "95": 27.0}}, "kopp": {"occ": {"5": 2013.0, "17": 2013.0, "50": 2013.0, "83": 2013.0, "95": 2016.0}, "chrnc": {"5": 2040.0, "17": 2043.0, "50": 2056.0, "83": 2071.0, "95": 2088.0}, "delta": {"5": 26.0, "17": 30.0, "50": 43.0, "83": 58.0, "95": 74.0}}}