{"int_low": {"occ": {"5": 2046.0, "17": 2050.0, "50": 2054.0, "83": 2059.0, "95": 2062.0}, "chrnc": {"5": 2081.0, "17": 2084.0, "50": 2088.0, "83": 2093.0, "95": 2097.0}, "delta": {"5": 23.0, "17": 28.0, "50": 34.0, "83": 40.0, "95": 45.0}}, "int": {"occ": {"5": 2034.0, "17": 2036.0, "50": 2038.0, "83": 2041.0, "95": 2043.0}, "chrnc": {"5": 2052.0, "17": 2054.0, "50": 2056.0, "83": 2058.0, "95": 2059.0}, "delta": {"5": 12.0, "17": 14.0, "50": 17.0, "83": 20.0, "95": 23.0}}, "int_high": {"occ": {"5": 2027.0, "17": 2029.0, "50": 2031.0, "83": 2033.0, "95": 2034.0}, "chrnc": {"5": 2042.0, "17": 2043.0, "50": 2045.0, "83": 2046.0, "95": 2048.0}, "delta": {"5": 10.0, "17": 11.830000000000155, "50": 14.0, "83": 16.0, "95": 18.049999999999272}}, "kopp": {"occ": {"5": 2043.0, "17": 2047.0, "50": 2053.0, "83": 2060.0, "95": 2066.0}, "chrnc": {"5": 2060.0, "17": 2066.0, "50": 2075.0, "83": 2085.0, "95": 2093.25}, "delta": {"5": 13.0, "17": 17.0, "50": 22.0, "83": 28.0, "95": 33.0}}}