{"int_low": {"occ": {"5": 2010.0, "17": 2012.0, "50": 2013.0, "83": 2013.0, "95": 2019.0499999999993}, "chrnc": {"5": 2034.0, "17": 2040.0, "50": 2045.0, "83": 2051.0, "95": 2055.0}, "delta": {"5": 20.0, "17": 26.0, "50": 32.0, "83": 38.0, "95": 42.0}}, "int": {"occ": {"5": 2010.0, "17": 2011.0, "50": 2013.0, "83": 2013.0, "95": 2019.0}, "chrnc": {"5": 2026.0, "17": 2030.0, "50": 2036.5, "83": 2040.0, "95": 2042.0}, "delta": {"5": 12.0, "17": 17.0, "50": 23.0, "83": 27.0, "95": 30.0}}, "int_high": {"occ": {"5": 2010.0, "17": 2011.0, "50": 2013.0, "83": 2013.0, "95": 2014.0}, "chrnc": {"5": 2024.0, "17": 2027.0, "50": 2031.0, "83": 2034.0, "95": 2036.0}, "delta": {"5": 11.0, "17": 14.0, "50": 19.0, "83": 22.0, "95": 24.0}}, "kopp": {"occ": {"5": 2010.0, "17": 2011.0, "50": 2013.0, "83": 2013.0, "95": 2019.0}, "chrnc": {"5": 2028.0, "17": 2034.0, "50": 2040.0, "83": 2048.0, "95": 2054.0}, "delta": {"5": 14.950000000000045, "17": 20.0, "50": 27.0, "83": 35.0, "95": 41.0}}}