{"int_low": {"occ": {"5": 2037.0, "17": 2040.0, "50": 2044.0, "83": 2049.0, "95": 2052.0499999999993}, "chrnc": {"5": 2069.0, "17": 2073.0, "50": 2078.0, "83": 2082.0, "95": 2085.0}, "delta": {"5": 22.0, "17": 26.0, "50": 33.0, "83": 39.0, "95": 43.0}}, "int": {"occ": {"5": 2028.0, "17": 2030.0, "50": 2033.0, "83": 2035.0, "95": 2037.0}, "chrnc": {"5": 2046.0, "17": 2048.0, "50": 2050.0, "83": 2053.0, "95": 2054.0}, "delta": {"5": 12.0, "17": 15.0, "50": 18.0, "83": 21.0, "95": 24.0}}, "int_high": {"occ": {"5": 2023.0, "17": 2024.0, "50": 2026.0, "83": 2028.0, "95": 2029.0499999999993}, "chrnc": {"5": 2037.95, "17": 2039.0, "50": 2041.0, "83": 2043.0, "95": 2044.0}, "delta": {"5": 10.0, "17": 12.0, "50": 15.0, "83": 17.0, "95": 20.0}}, "kopp": {"occ": {"5": 2036.0, "17": 2040.0, "50": 2045.0, "83": 2052.0, "95": 2057.0}, "chrnc": {"5": 2055.0, "17": 2061.0, "50": 2068.0, "83": 2078.0, "95": 2087.0}, "delta": {"5": 15.0, "17": 18.0, "50": 23.0, "83": 30.0, "95": 35.0}}}