{"int_low": {"occ": {"5": 2042.0, "17": 2044.0, "50": 2050.0, "83": 2056.0, "95": 2058.0499999999993}, "chrnc": {"5": 2073.0, "17": 2076.0, "50": 2081.0, "83": 2089.0, "95": 2091.0}, "delta": {"5": 19.0, "17": 24.0, "50": 32.0, "83": 39.0, "95": 45.0}}, "int": {"occ": {"5": 2034.0, "17": 2036.0, "50": 2038.0, "83": 2041.0, "95": 2043.0}, "chrnc": {"5": 2050.95, "17": 2053.0, "50": 2056.0, "83": 2057.0, "95": 2059.0}, "delta": {"5": 10.0, "17": 14.0, "50": 17.0, "83": 20.0, "95": 23.0}}, "int_high": {"occ": {"5": 2025.0, "17": 2027.0, "50": 2031.0, "83": 2034.0, "95": 2036.0}, "chrnc": {"5": 2040.0, "17": 2041.0, "50": 2043.0, "83": 2046.0, "95": 2048.0}, "delta": {"5": 7.0, "17": 9.0, "50": 13.0, "83": 17.0, "95": 20.0}}, "kopp": {"occ": {"5": 2039.0, "17": 2041.0, "50": 2047.0, "83": 2055.0, "95": 2061.0}, "chrnc": {"5": 2055.0, "17": 2058.0, "50": 2066.0, "83": 2077.0, "95": 2087.0499999999993}, "delta": {"5": 10.0, "17": 14.0, "50": 19.0, "83": 26.0, "95": 32.0}}}