{"int_low": {"occ": {"5": 2032.0, "17": 2036.0, "50": 2042.0, "83": 2048.0, "95": 2052.0}, "chrnc": {"5": 2080.0, "17": 2084.0, "50": 2090.0, "83": 2096.0, "95": 2099.0}, "delta": {"5": 33.0, "17": 40.0, "50": 48.0, "83": 56.0, "95": 61.0}}, "int": {"occ": {"5": 2022.95, "17": 2025.0, "50": 2028.0, "83": 2031.0, "95": 2034.0}, "chrnc": {"5": 2047.0, "17": 2050.0, "50": 2053.0, "83": 2056.0, "95": 2058.0}, "delta": {"5": 17.950000000000045, "17": 21.0, "50": 25.0, "83": 29.0, "95": 32.0}}, "int_high": {"occ": {"5": 2018.0, "17": 2019.0, "50": 2022.0, "83": 2024.0, "95": 2026.0}, "chrnc": {"5": 2036.0, "17": 2037.0, "50": 2041.0, "83": 2043.0, "95": 2044.0}, "delta": {"5": 12.950000000000045, "17": 15.0, "50": 19.0, "83": 22.0, "95": 25.0}}, "kopp": {"occ": {"5": 2033.0, "17": 2038.0, "50": 2045.0, "83": 2053.0, "95": 2061.0}, "chrnc": {"5": 2061.0, "17": 2066.0, "50": 2076.0, "83": 2088.0, "95": 2096.0}, "delta": {"5": 20.0, "17": 24.0, "50": 31.0, "83": 40.0, "95": 47.0}}}