{"int_low": {"occ": {"5": 2047.0, "17": 2050.0, "50": 2056.0, "83": 2061.0, "95": 2066.0}, "chrnc": {"5": 2070.0, "17": 2075.0, "50": 2081.0, "83": 2086.0, "95": 2090.0}, "delta": {"5": 11.0, "17": 16.830000000000155, "50": 25.0, "83": 32.17000000000007, "95": 38.0}}, "int": {"occ": {"5": 2037.0, "17": 2040.0, "50": 2043.0, "83": 2047.0, "95": 2049.0}, "chrnc": {"5": 2053.0, "17": 2055.0, "50": 2058.0, "83": 2061.0, "95": 2064.0}, "delta": {"5": 7.0, "17": 10.0, "50": 15.0, "83": 19.0, "95": 23.0}}, "int_high": {"occ": {"5": 2032.0, "17": 2034.0, "50": 2037.0, "83": 2040.0, "95": 2042.0}, "chrnc": {"5": 2044.0, "17": 2046.0, "50": 2048.0, "83": 2051.0, "95": 2052.0}, "delta": {"5": 5.0, "17": 8.0, "50": 11.0, "83": 15.0, "95": 18.0}}, "kopp": {"occ": {"5": 2041.0, "17": 2045.0, "50": 2051.0, "83": 2058.0, "95": 2064.0}, "chrnc": {"5": 2056.0, "17": 2061.0, "50": 2069.0, "83": 2078.0, "95": 2085.0}, "delta": {"5": 8.0, "17": 11.0, "50": 17.0, "83": 24.0, "95": 29.0}}}