{"int_low": {"occ": {"5": 2011.0, "17": 2015.0, "50": 2029.0, "83": 2050.0, "95": 2057.0499999999993}, "chrnc": {"5": 2080.95, "17": 2097.0, "50": 2098.0, "83": 2100.0, "95": 2100.0}, "delta": {"5": 40.45000000000003, "17": 46.0, "50": 67.0, "83": 83.0, "95": 87.0}}, "int": {"occ": {"5": 2011.0, "17": 2013.0, "50": 2016.0, "83": 2032.0, "95": 2036.0}, "chrnc": {"5": 2061.0, "17": 2062.0, "50": 2069.0, "83": 2075.0, "95": 2078.0}, "delta": {"5": 29.0, "17": 39.830000000000155, "50": 50.0, "83": 60.0, "95": 64.0}}, "int_high": {"occ": {"5": 2011.0, "17": 2012.0, "50": 2015.0, "83": 2020.0, "95": 2032.0}, "chrnc": {"5": 2043.0, "17": 2045.0, "50": 2052.0, "83": 2056.0, "95": 2058.0}, "delta": {"5": 21.950000000000045, "17": 28.0, "50": 35.0, "83": 41.0, "95": 45.0}}, "kopp": {"occ": {"5": 2011.0, "17": 2014.0, "50": 2019.0, "83": 2036.0, "95": 2054.0}, "chrnc": {"5": 2061.0, "17": 2067.0, "50": 2083.0, "83": 2097.0, "95": 2099.0}, "delta": {"5": 33.0, "17": 45.0, "50": 60.0, "83": 76.0, "95": 83.0}}}