{"int_low": {"occ": {"5": 2010.0, "17": 2013.0, "50": 2015.0, "83": 2016.0, "95": 2021.0}, "chrnc": {"5": 2030.0, "17": 2034.0, "50": 2038.0, "83": 2043.0, "95": 2046.0499999999993}, "delta": {"5": 14.0, "17": 18.0, "50": 23.0, "83": 29.0, "95": 32.0}}, "int": {"occ": {"5": 2010.0, "17": 2011.8300000000002, "50": 2015.0, "83": 2015.0, "95": 2016.0}, "chrnc": {"5": 2021.0, "17": 2022.0, "50": 2026.0, "83": 2029.0, "95": 2032.0}, "delta": {"5": 6.0, "17": 8.0, "50": 12.0, "83": 16.0, "95": 18.0}}, "int_high": {"occ": {"5": 2010.0, "17": 2010.0, "50": 2014.0, "83": 2015.0, "95": 2015.0}, "chrnc": {"5": 2017.0, "17": 2018.0, "50": 2020.0, "83": 2023.0, "95": 2024.0}, "delta": {"5": 3.0, "17": 4.0, "50": 7.0, "83": 10.0, "95": 13.0}}, "kopp": {"occ": {"5": 2012.0, "17": 2014.0, "50": 2015.0, "83": 2018.0, "95": 2023.0}, "chrnc": {"5": 2031.0, "17": 2035.0, "50": 2041.0, "83": 2048.0, "95": 2054.0}, "delta": {"5": 15.0, "17": 19.0, "50": 25.0, "83": 32.0, "95": 38.0}}}