{"int_low": {"occ": {"5": 2053.0, "17": 2056.0, "50": 2060.0, "83": 2065.0, "95": 2067.0}, "chrnc": {"5": 2087.0, "17": 2090.0, "50": 2094.0, "83": 2098.0, "95": 2100.0}, "delta": {"5": 24.0, "17": 28.0, "50": 34.0, "83": 40.0, "95": 44.0}}, "int": {"occ": {"5": 2036.0, "17": 2038.0, "50": 2042.0, "83": 2044.0, "95": 2046.0}, "chrnc": {"5": 2054.0, "17": 2056.0, "50": 2058.0, "83": 2061.0, "95": 2062.0}, "delta": {"5": 11.0, "17": 13.0, "50": 17.0, "83": 20.0, "95": 23.049999999999272}}, "int_high": {"occ": {"5": 2029.0, "17": 2031.0, "50": 2033.0, "83": 2034.0, "95": 2035.0499999999993}, "chrnc": {"5": 2045.0, "17": 2046.0, "50": 2047.0, "83": 2048.0, "95": 2049.0}, "delta": {"5": 10.0, "17": 12.0, "50": 14.0, "83": 17.0, "95": 19.0}}, "kopp": {"occ": {"5": 2042.0, "17": 2047.0, "50": 2053.0, "83": 2062.0, "95": 2070.0}, "chrnc": {"5": 2058.0, "17": 2064.0, "50": 2073.0, "83": 2085.0, "95": 2094.0}, "delta": {"5": 12.0, "17": 15.0, "50": 20.0, "83": 25.0, "95": 30.0}}}