{"int_low": {"occ": {"5": 2019.0, "17": 2022.0, "50": 2026.0, "83": 2031.0, "95": 2034.0}, "chrnc": {"5": 2049.0, "17": 2054.0, "50": 2058.0, "83": 2063.0, "95": 2068.0499999999993}, "delta": {"5": 21.0, "17": 26.0, "50": 32.0, "83": 39.0, "95": 44.0}}, "int": {"occ": {"5": 2011.0, "17": 2016.0, "50": 2019.0, "83": 2022.0, "95": 2025.0}, "chrnc": {"5": 2036.0, "17": 2037.0, "50": 2040.0, "83": 2042.0, "95": 2045.0}, "delta": {"5": 14.0, "17": 16.0, "50": 20.5, "83": 26.0, "95": 29.049999999999272}}, "int_high": {"occ": {"5": 2010.0, "17": 2011.0, "50": 2016.0, "83": 2018.0, "95": 2019.0}, "chrnc": {"5": 2028.0, "17": 2030.0, "50": 2033.0, "83": 2035.0, "95": 2036.0}, "delta": {"5": 11.0, "17": 14.0, "50": 18.0, "83": 22.0, "95": 24.0}}, "kopp": {"occ": {"5": 2021.0, "17": 2024.0, "50": 2028.0, "83": 2034.0, "95": 2038.0}, "chrnc": {"5": 2045.0, "17": 2049.0, "50": 2056.0, "83": 2063.34, "95": 2071.0}, "delta": {"5": 16.0, "17": 21.0, "50": 27.0, "83": 34.0, "95": 41.0}}}