{"int_low": {"occ": {"5": 2042.0, "17": 2045.0, "50": 2050.0, "83": 2054.0, "95": 2057.0}, "chrnc": {"5": 2061.0, "17": 2064.0, "50": 2070.0, "83": 2074.0, "95": 2077.0}, "delta": {"5": 8.0, "17": 12.830000000000155, "50": 19.0, "83": 27.0, "95": 32.0}}, "int": {"occ": {"5": 2034.0, "17": 2035.0, "50": 2038.0, "83": 2040.0, "95": 2041.0499999999993}, "chrnc": {"5": 2043.0, "17": 2045.0, "50": 2047.0, "83": 2050.0, "95": 2052.0}, "delta": {"5": 4.0, "17": 6.0, "50": 9.0, "83": 14.0, "95": 17.0}}, "int_high": {"occ": {"5": 2025.0, "17": 2027.0, "50": 2031.0, "83": 2033.0, "95": 2035.0}, "chrnc": {"5": 2036.0, "17": 2038.0, "50": 2039.0, "83": 2041.0, "95": 2041.0}, "delta": {"5": 3.0, "17": 5.0, "50": 8.0, "83": 12.0, "95": 14.0}}, "kopp": {"occ": {"5": 2035.0, "17": 2038.0, "50": 2044.0, "83": 2052.0, "95": 2059.0}, "chrnc": {"5": 2044.0, "17": 2050.0, "50": 2057.0, "83": 2067.0, "95": 2076.0}, "delta": {"5": 5.0, "17": 8.0, "50": 13.0, "83": 18.0, "95": 23.0}}}