{"int_low": {"occ": {"5": 2010.0, "17": 2010.0, "50": 2014.0, "83": 2018.0, "95": 2020.0}, "chrnc": {"5": 2011.0, "17": 2018.0, "50": 2023.0, "83": 2027.0, "95": 2031.0499999999993}, "delta": {"5": -3.0, "17": 3.0, "50": 9.0, "83": 14.0, "95": 19.0}}, "int": {"occ": {"5": 2010.0, "17": 2010.0, "50": 2013.0, "83": 2015.0, "95": 2018.0}, "chrnc": {"5": 2011.0, "17": 2011.0, "50": 2016.0, "83": 2019.0, "95": 2022.0}, "delta": {"5": -4.0, "17": -1.1699999999998454, "50": 3.0, "83": 7.0, "95": 11.0}}, "int_high": {"occ": {"5": 2010.0, "17": 2010.0, "50": 2010.0, "83": 2013.0, "95": 2015.0}, "chrnc": {"5": 2010.0, "17": 2012.0, "50": 2013.0, "83": 2015.0, "95": 2018.0}, "delta": {"5": -3.0, "17": -1.0, "50": 3.0, "83": 5.0, "95": 6.0}}, "kopp": {"occ": {"5": 2010.0, "17": 2010.0, "50": 2014.0, "83": 2018.0, "95": 2021.0}, "chrnc": {"5": 2018.0, "17": 2021.0, "50": 2026.0, "83": 2032.0, "95": 2035.0}, "delta": {"5": 3.0, "17": 6.0, "50": 12.0, "83": 18.0, "95": 22.0}}}