{"int_low": {"occ": {"5": 2022.0, "17": 2026.0, "50": 2030.0, "83": 2035.0, "95": 2039.0}, "chrnc": {"5": 2058.0, "17": 2062.0, "50": 2067.0, "83": 2071.0, "95": 2076.0}, "delta": {"5": 24.950000000000045, "17": 30.0, "50": 36.0, "83": 43.0, "95": 48.0}}, "int": {"occ": {"5": 2019.0, "17": 2021.0, "50": 2024.0, "83": 2026.0, "95": 2029.0}, "chrnc": {"5": 2040.0, "17": 2042.0, "50": 2045.0, "83": 2048.0, "95": 2050.0}, "delta": {"5": 14.0, "17": 18.0, "50": 22.0, "83": 25.0, "95": 28.0}}, "int_high": {"occ": {"5": 2016.0, "17": 2018.0, "50": 2019.0, "83": 2022.0, "95": 2024.0}, "chrnc": {"5": 2032.0, "17": 2034.0, "50": 2036.0, "83": 2038.0, "95": 2040.0}, "delta": {"5": 10.950000000000045, "17": 13.0, "50": 16.0, "83": 19.0, "95": 22.0}}, "kopp": {"occ": {"5": 2024.0, "17": 2028.0, "50": 2033.0, "83": 2039.0, "95": 2044.0}, "chrnc": {"5": 2050.0, "17": 2054.0, "50": 2061.0, "83": 2070.0, "95": 2078.0}, "delta": {"5": 18.0, "17": 22.0, "50": 28.0, "83": 36.0, "95": 43.0}}}