{"int_low": {"occ": {"5": 2035.0, "17": 2040.0, "50": 2046.5, "83": 2053.0, "95": 2055.0}, "chrnc": {"5": 2065.0, "17": 2075.0, "50": 2082.0, "83": 2090.0, "95": 2093.0}, "delta": {"5": 18.0, "17": 26.0, "50": 36.0, "83": 45.0, "95": 52.04999999999927}}, "int": {"occ": {"5": 2022.0, "17": 2025.0, "50": 2032.0, "83": 2037.0, "95": 2038.0}, "chrnc": {"5": 2044.0, "17": 2047.0, "50": 2053.0, "83": 2055.0, "95": 2057.0}, "delta": {"5": 9.0, "17": 14.0, "50": 20.5, "83": 28.0, "95": 31.049999999999272}}, "int_high": {"occ": {"5": 2017.0, "17": 2020.0, "50": 2025.0, "83": 2031.0, "95": 2033.0}, "chrnc": {"5": 2038.0, "17": 2039.0, "50": 2041.0, "83": 2043.0, "95": 2046.0}, "delta": {"5": 7.0, "17": 10.0, "50": 16.0, "83": 21.0, "95": 25.0}}, "kopp": {"occ": {"5": 2029.0, "17": 2037.0, "50": 2043.0, "83": 2052.0, "95": 2059.0}, "chrnc": {"5": 2051.0, "17": 2057.0, "50": 2065.0, "83": 2077.0, "95": 2090.0}, "delta": {"5": 10.0, "17": 15.0, "50": 22.0, "83": 31.0, "95": 39.0}}}