{"int_low": {"occ": {"5": 2010.0, "17": 2011.0, "50": 2016.0, "83": 2021.17, "95": 2031.0}, "chrnc": {"5": 2053.0, "17": 2058.0, "50": 2066.0, "83": 2073.0, "95": 2079.0499999999993}, "delta": {"5": 32.0, "17": 40.0, "50": 49.0, "83": 58.0, "95": 64.0}}, "int": {"occ": {"5": 2010.0, "17": 2010.0, "50": 2012.0, "83": 2014.0, "95": 2020.0}, "chrnc": {"5": 2039.0, "17": 2042.0, "50": 2046.0, "83": 2050.0, "95": 2053.0}, "delta": {"5": 23.0, "17": 29.0, "50": 34.0, "83": 38.0, "95": 41.0}}, "int_high": {"occ": {"5": 2010.0, "17": 2010.0, "50": 2012.0, "83": 2013.0, "95": 2014.0}, "chrnc": {"5": 2030.0, "17": 2035.0, "50": 2038.0, "83": 2041.0, "95": 2042.0}, "delta": {"5": 18.0, "17": 22.0, "50": 26.0, "83": 29.0, "95": 31.0}}, "kopp": {"occ": {"5": 2010.0, "17": 2011.0, "50": 2013.0, "83": 2020.0, "95": 2028.0499999999993}, "chrnc": {"5": 2041.0, "17": 2045.0, "50": 2055.0, "83": 2067.0, "95": 2078.0}, "delta": {"5": 25.0, "17": 31.0, "50": 40.0, "83": 51.0, "95": 61.0}}}