{"int_low": {"occ": {"5": 2011.95, "17": 2013.0, "50": 2013.0, "83": 2016.0, "95": 2027.0}, "chrnc": {"5": 2017.0, "17": 2021.0, "50": 2034.0, "83": 2048.0, "95": 2055.0}, "delta": {"5": 2.9500000000000455, "17": 6.0, "50": 19.0, "83": 34.0, "95": 41.0}}, "int": {"occ": {"5": 2011.0, "17": 2013.0, "50": 2013.0, "83": 2014.0, "95": 2020.0}, "chrnc": {"5": 2012.0, "17": 2017.0, "50": 2024.0, "83": 2033.0, "95": 2036.0499999999993}, "delta": {"5": -1.0, "17": 3.0, "50": 10.0, "83": 19.0, "95": 23.0}}, "int_high": {"occ": {"5": 2010.0, "17": 2013.0, "50": 2013.0, "83": 2013.0, "95": 2019.0}, "chrnc": {"5": 2010.0, "17": 2012.0, "50": 2016.0, "83": 2023.0, "95": 2029.0}, "delta": {"5": -3.0, "17": -1.0, "50": 3.0, "83": 10.0, "95": 15.049999999999272}}, "kopp": {"occ": {"5": 2011.0, "17": 2013.0, "50": 2013.0, "83": 2015.0, "95": 2027.0}, "chrnc": {"5": 2016.0, "17": 2018.0, "50": 2028.0, "83": 2041.0, "95": 2055.0}, "delta": {"5": -1.0, "17": 4.0, "50": 14.0, "83": 26.0, "95": 40.0}}}