{"int_low": {"occ": {"5": 2057.0, "17": 2060.0, "50": 2066.0, "83": 2072.0, "95": 2075.0}, "chrnc": {"5": 2079.0, "17": 2082.0, "50": 2090.0, "83": 2094.0, "95": 2097.0499999999993}, "delta": {"5": 7.9500000000000455, "17": 15.0, "50": 23.0, "83": 31.0, "95": 36.0}}, "int": {"occ": {"5": 2040.0, "17": 2042.0, "50": 2045.0, "83": 2049.0, "95": 2051.0499999999993}, "chrnc": {"5": 2053.0, "17": 2055.0, "50": 2057.0, "83": 2059.0, "95": 2060.0}, "delta": {"5": 4.0, "17": 7.0, "50": 12.0, "83": 16.0, "95": 18.0}}, "int_high": {"occ": {"5": 2032.0, "17": 2035.0, "50": 2037.0, "83": 2039.0, "95": 2041.0}, "chrnc": {"5": 2041.0, "17": 2043.0, "50": 2045.0, "83": 2047.0, "95": 2049.0}, "delta": {"5": 3.0, "17": 5.0, "50": 7.0, "83": 11.0, "95": 14.0}}, "kopp": {"occ": {"5": 2042.0, "17": 2046.0, "50": 2055.0, "83": 2064.0, "95": 2072.0}, "chrnc": {"5": 2055.0, "17": 2059.0, "50": 2068.0, "83": 2080.0, "95": 2091.0}, "delta": {"5": 5.0, "17": 8.0, "50": 14.0, "83": 20.0, "95": 26.0}}}