{"int_low": {"occ": {"5": 2045.0, "17": 2048.0, "50": 2053.0, "83": 2055.0, "95": 2056.0}, "chrnc": {"5": 2061.0, "17": 2062.0, "50": 2066.0, "83": 2070.0, "95": 2072.0}, "delta": {"5": 7.0, "17": 9.830000000000155, "50": 14.0, "83": 19.0, "95": 23.0}}, "int": {"occ": {"5": 2039.0, "17": 2040.0, "50": 2042.0, "83": 2044.0, "95": 2046.0}, "chrnc": {"5": 2050.0, "17": 2052.0, "50": 2054.0, "83": 2055.0, "95": 2056.0}, "delta": {"5": 6.0, "17": 9.0, "50": 12.0, "83": 14.0, "95": 15.049999999999272}}, "int_high": {"occ": {"5": 2036.0, "17": 2037.0, "50": 2038.0, "83": 2039.0, "95": 2040.0}, "chrnc": {"5": 2043.0, "17": 2043.0, "50": 2045.0, "83": 2047.0, "95": 2048.0}, "delta": {"5": 4.0, "17": 5.0, "50": 7.0, "83": 9.0, "95": 11.0}}, "kopp": {"occ": {"5": 2041.0, "17": 2044.0, "50": 2049.0, "83": 2054.0, "95": 2057.0}, "chrnc": {"5": 2053.0, "17": 2056.0, "50": 2060.0, "83": 2066.0, "95": 2072.0}, "delta": {"5": 6.0, "17": 8.0, "50": 12.0, "83": 15.0, "95": 18.0}}}