{"int_low": {"occ": {"5": 2055.0, "17": 2063.0, "50": 2077.0, "83": 2090.0, "95": 2095.0}, "chrnc": {"5": 2090.0, "17": 2095.0, "50": 2098.0, "83": 2100.0, "95": 2100.0}, "delta": {"5": 5.0, "17": 11.0, "50": 27.0, "83": 41.0, "95": 45.0}}, "int": {"occ": {"5": 2037.0, "17": 2042.0, "50": 2049.0, "83": 2054.17, "95": 2058.0}, "chrnc": {"5": 2065.0, "17": 2069.0, "50": 2074.0, "83": 2078.0, "95": 2082.0}, "delta": {"5": 13.0, "17": 18.0, "50": 25.0, "83": 33.0, "95": 40.0}}, "int_high": {"occ": {"5": 2026.0, "17": 2033.0, "50": 2039.0, "83": 2042.17, "95": 2046.0}, "chrnc": {"5": 2051.0, "17": 2054.0, "50": 2057.0, "83": 2060.0, "95": 2063.0}, "delta": {"5": 9.950000000000045, "17": 13.0, "50": 19.0, "83": 25.0, "95": 31.049999999999272}}, "kopp": {"occ": {"5": 2040.0, "17": 2046.0, "50": 2059.0, "83": 2074.0, "95": 2089.0}, "chrnc": {"5": 2063.0, "17": 2072.0, "50": 2085.0, "83": 2096.0, "95": 2099.0}, "delta": {"5": 13.0, "17": 19.0, "50": 28.0, "83": 38.0, "95": 48.0}}}