{"int_low": {"occ": {"5": 2043.0, "17": 2058.0, "50": 2067.0, "83": 2087.0, "95": 2091.0}, "chrnc": {"5": NaN, "17": NaN, "50": NaN, "83": NaN, "95": NaN}, "delta": {"5": NaN, "17": NaN, "50": NaN, "83": NaN, "95": NaN}}, "int": {"occ": {"5": 2036.5000000000005, "17": 2039.8300000000002, "50": 2048.0, "83": 2052.0, "95": 2054.0}, "chrnc": {"5": 2076.0, "17": 2077.0, "50": 2082.0, "83": 2088.0, "95": 2090.0}, "delta": {"5": 24.0, "17": 27.830000000000155, "50": 36.0, "83": 44.0, "95": 51.0}}, "int_high": {"occ": {"5": 2022.0, "17": 2024.0, "50": 2030.0, "83": 2037.0, "95": 2038.0}, "chrnc": {"5": 2057.0, "17": 2058.0, "50": 2059.0, "83": 2063.0, "95": 2067.0}, "delta": {"5": 20.0, "17": 22.0, "50": 30.0, "83": 36.0, "95": 40.0}}, "kopp": {"occ": {"5": 2038.0, "17": 2042.0, "50": 2052.0, "83": 2069.0, "95": 2084.0}, "chrnc": {"5": 2073.0, "17": 2078.0, "50": 2093.0, "83": 2098.0, "95": 2100.0}, "delta": {"5": 24.0, "17": 29.0, "50": 40.0, "83": 52.0, "95": 57.0}}}