{"int_low": {"occ": {"5": 2011.0, "17": 2012.0, "50": 2018.0, "83": 2025.0, "95": 2028.0499999999993}, "chrnc": {"5": 2055.0, "17": 2063.0, "50": 2071.0, "83": 2079.0, "95": 2085.0}, "delta": {"5": 34.0, "17": 42.0, "50": 53.0, "83": 63.0, "95": 68.0}}, "int": {"occ": {"5": 2010.0, "17": 2011.0, "50": 2013.0, "83": 2021.0, "95": 2025.0}, "chrnc": {"5": 2037.0, "17": 2043.0, "50": 2047.0, "83": 2051.0, "95": 2053.0}, "delta": {"5": 19.0, "17": 25.0, "50": 33.0, "83": 38.0, "95": 41.0}}, "int_high": {"occ": {"5": 2010.0, "17": 2010.0, "50": 2011.0, "83": 2012.0, "95": 2019.0}, "chrnc": {"5": 2030.0, "17": 2032.0, "50": 2036.0, "83": 2040.0, "95": 2042.0}, "delta": {"5": 16.0, "17": 20.0, "50": 24.0, "83": 29.0, "95": 31.049999999999272}}, "kopp": {"occ": {"5": 2011.0, "17": 2013.0, "50": 2018.0, "83": 2026.0, "95": 2032.0}, "chrnc": {"5": 2046.0, "17": 2052.0, "50": 2061.0, "83": 2072.0, "95": 2084.0}, "delta": {"5": 25.0, "17": 32.0, "50": 42.0, "83": 54.0, "95": 64.0}}}