{"int_low": {"occ": {"5": 2020.0, "17": 2027.0, "50": 2033.0, "83": 2040.0, "95": 2044.0499999999993}, "chrnc": {"5": 2070.0, "17": 2073.83, "50": 2080.0, "83": 2087.0, "95": 2093.0}, "delta": {"5": 32.0, "17": 38.0, "50": 46.0, "83": 55.17000000000007, "95": 63.0}}, "int": {"occ": {"5": 2014.0, "17": 2015.0, "50": 2021.0, "83": 2027.0, "95": 2030.0}, "chrnc": {"5": 2046.0, "17": 2048.83, "50": 2052.0, "83": 2055.0, "95": 2058.0}, "delta": {"5": 20.0, "17": 24.0, "50": 31.0, "83": 37.0, "95": 40.0}}, "int_high": {"occ": {"5": 2014.0, "17": 2014.0, "50": 2018.0, "83": 2022.0, "95": 2024.0}, "chrnc": {"5": 2035.0, "17": 2037.0, "50": 2040.0, "83": 2043.0, "95": 2045.0}, "delta": {"5": 14.0, "17": 18.0, "50": 22.0, "83": 26.0, "95": 29.0}}, "kopp": {"occ": {"5": 2020.0, "17": 2026.0, "50": 2033.0, "83": 2041.0, "95": 2048.0}, "chrnc": {"5": 2051.0, "17": 2056.0, "50": 2066.0, "83": 2078.0, "95": 2089.0}, "delta": {"5": 20.0, "17": 25.0, "50": 33.0, "83": 43.0, "95": 51.0}}}