{"int_low": {"occ": {"5": 2072.0, "17": 2076.0, "50": 2084.0, "83": 2088.0, "95": 2096.0}, "chrnc": {"5": NaN, "17": NaN, "50": NaN, "83": NaN, "95": NaN}, "delta": {"5": NaN, "17": NaN, "50": NaN, "83": NaN, "95": NaN}}, "int": {"occ": {"5": 2046.95, "17": 2048.0, "50": 2050.0, "83": 2052.0, "95": 2053.0}, "chrnc": {"5": 2068.0, "17": 2068.0, "50": 2070.0, "83": 2072.0, "95": 2075.0}, "delta": {"5": 16.0, "17": 18.0, "50": 20.0, "83": 22.0, "95": 24.049999999999272}}, "int_high": {"occ": {"5": 2036.0, "17": 2037.0, "50": 2039.0, "83": 2041.0, "95": 2043.0}, "chrnc": {"5": 2052.0, "17": 2053.0, "50": 2055.0, "83": 2057.0, "95": 2058.0}, "delta": {"5": 11.0, "17": 13.0, "50": 16.0, "83": 18.170000000000073, "95": 21.0}}, "kopp": {"occ": {"5": 2057.0, "17": 2064.0, "50": 2073.0, "83": 2085.0, "95": 2094.0}, "chrnc": {"5": 2072.0, "17": 2082.0, "50": 2090.0, "83": 2098.0, "95": 2100.0}, "delta": {"5": 16.0, "17": 19.0, "50": 23.0, "83": 28.0, "95": 31.0}}}