{"int_low": {"occ": {"5": 2049.0, "17": 2056.0, "50": 2063.0, "83": 2071.17, "95": 2078.0499999999993}, "chrnc": {"5": 2071.0, "17": 2078.0, "50": 2086.0, "83": 2094.0, "95": 2098.0}, "delta": {"5": 3.9500000000000455, "17": 11.830000000000155, "50": 23.0, "83": 33.0, "95": 41.0}}, "int": {"occ": {"5": 2037.0, "17": 2041.0, "50": 2046.0, "83": 2051.0, "95": 2054.0}, "chrnc": {"5": 2051.0, "17": 2054.0, "50": 2058.0, "83": 2063.0, "95": 2065.0}, "delta": {"5": 2.0, "17": 6.0, "50": 12.0, "83": 19.0, "95": 23.049999999999272}}, "int_high": {"occ": {"5": 2031.0, "17": 2034.0, "50": 2038.0, "83": 2042.0, "95": 2044.0}, "chrnc": {"5": 2042.0, "17": 2045.0, "50": 2048.0, "83": 2051.0, "95": 2053.0}, "delta": {"5": 2.0, "17": 6.0, "50": 10.0, "83": 15.0, "95": 19.0}}, "kopp": {"occ": {"5": 2039.0, "17": 2045.0, "50": 2053.0, "83": 2063.0, "95": 2073.0}, "chrnc": {"5": 2052.0, "17": 2058.0, "50": 2068.0, "83": 2080.0, "95": 2091.0}, "delta": {"5": 3.0, "17": 7.0, "50": 14.0, "83": 23.0, "95": 30.0}}}