{"int_low": {"occ": {"5": 2075.0, "17": 2079.0, "50": 2087.0, "83": 2096.0, "95": 2098.5499999999993}, "chrnc": {"5": NaN, "17": NaN, "50": NaN, "83": NaN, "95": NaN}, "delta": {"5": NaN, "17": NaN, "50": NaN, "83": NaN, "95": NaN}}, "int": {"occ": {"5": 2046.0, "17": 2054.0, "50": 2058.0, "83": 2067.0, "95": 2070.0}, "chrnc": {"5": 2079.0, "17": 2082.0, "50": 2090.0, "83": 2093.0, "95": 2094.0}, "delta": {"5": 15.0, "17": 22.0, "50": 30.0, "83": 36.0, "95": 42.04999999999927}}, "int_high": {"occ": {"5": 2039.0, "17": 2041.0, "50": 2045.0, "83": 2050.0, "95": 2051.0499999999993}, "chrnc": {"5": 2061.0, "17": 2063.0, "50": 2068.0, "83": 2071.0, "95": 2073.0}, "delta": {"5": 13.0, "17": 17.0, "50": 22.0, "83": 27.0, "95": 30.0}}, "kopp": {"occ": {"5": 2053.0, "17": 2059.0, "50": 2070.0, "83": 2086.0, "95": 2095.0}, "chrnc": {"5": 2076.0, "17": 2082.0, "50": 2095.0, "83": 2099.0, "95": 2100.0}, "delta": {"5": 18.0, "17": 23.0, "50": 30.0, "83": 37.0, "95": 40.0}}}