{"int_low": {"occ": {"5": 2010.0, "17": 2010.0, "50": 2011.0, "83": 2023.0, "95": 2027.0}, "chrnc": {"5": 2012.0, "17": 2013.0, "50": 2020.0, "83": 2027.0, "95": 2032.0499999999993}, "delta": {"5": -11.0, "17": -5.0, "50": 4.0, "83": 14.0, "95": 19.049999999999272}}, "int": {"occ": {"5": 2010.0, "17": 2010.0, "50": 2010.0, "83": 2020.0, "95": 2025.0}, "chrnc": {"5": 2010.0, "17": 2012.0, "50": 2019.0, "83": 2024.0, "95": 2027.0}, "delta": {"5": -10.0, "17": -1.0, "50": 4.0, "83": 12.0, "95": 17.0}}, "int_high": {"occ": {"5": 2010.0, "17": 2010.0, "50": 2010.0, "83": 2018.0, "95": 2023.0}, "chrnc": {"5": 2010.0, "17": 2010.0, "50": 2013.0, "83": 2021.0, "95": 2024.0}, "delta": {"5": -9.0, "17": 0.0, "50": 0.0, "83": 10.0, "95": 13.0}}, "kopp": {"occ": {"5": 2010.0, "17": 2010.0, "50": 2010.0, "83": 2022.0, "95": 2027.0}, "chrnc": {"5": 2011.0, "17": 2013.0, "50": 2019.0, "83": 2026.0, "95": 2031.0}, "delta": {"5": -11.0, "17": -4.0, "50": 4.0, "83": 13.0, "95": 18.0}}}