{"int_low": {"occ": {"5": 2020.0, "17": 2025.0, "50": 2030.0, "83": 2035.0, "95": 2040.0}, "chrnc": {"5": 2061.95, "17": 2067.0, "50": 2073.5, "83": 2079.0, "95": 2085.0}, "delta": {"5": 29.0, "17": 35.0, "50": 44.0, "83": 51.0, "95": 58.04999999999927}}, "int": {"occ": {"5": 2018.0, "17": 2019.0, "50": 2023.0, "83": 2027.0, "95": 2029.0499999999993}, "chrnc": {"5": 2043.0, "17": 2045.0, "50": 2048.0, "83": 2051.0, "95": 2053.0}, "delta": {"5": 17.0, "17": 20.0, "50": 25.0, "83": 30.0, "95": 33.0}}, "int_high": {"occ": {"5": 2011.0, "17": 2016.0, "50": 2017.0, "83": 2021.0, "95": 2023.0}, "chrnc": {"5": 2034.0, "17": 2036.0, "50": 2038.0, "83": 2041.0, "95": 2042.0}, "delta": {"5": 14.0, "17": 17.0, "50": 21.0, "83": 24.0, "95": 27.0}}, "kopp": {"occ": {"5": 2022.0, "17": 2026.0, "50": 2033.0, "83": 2040.0, "95": 2045.0}, "chrnc": {"5": 2053.0, "17": 2057.0, "50": 2066.0, "83": 2076.0, "95": 2086.0}, "delta": {"5": 20.0, "17": 25.0, "50": 33.0, "83": 43.0, "95": 51.0}}}