{"int_low": {"occ": {"5": 2010.0, "17": 2010.0, "50": 2010.0, "83": 2015.0, "95": 2020.0}, "chrnc": {"5": 2012.0, "17": 2016.0, "50": 2022.0, "83": 2029.17, "95": 2035.0}, "delta": {"5": -1.0499999999999545, "17": 3.0, "50": 11.0, "83": 18.0, "95": 23.0}}, "int": {"occ": {"5": 2010.0, "17": 2010.0, "50": 2010.0, "83": 2014.0, "95": 2019.0499999999993}, "chrnc": {"5": 2012.0, "17": 2013.0, "50": 2018.0, "83": 2023.0, "95": 2026.0499999999993}, "delta": {"5": -5.0, "17": 2.0, "50": 6.0, "83": 12.0, "95": 16.0}}, "int_high": {"occ": {"5": 2010.0, "17": 2010.0, "50": 2010.0, "83": 2011.0, "95": 2015.0499999999993}, "chrnc": {"5": 2010.0, "17": 2011.0, "50": 2014.0, "83": 2017.0, "95": 2020.0}, "delta": {"5": -2.0, "17": 1.0, "50": 4.0, "83": 7.0, "95": 10.0}}, "kopp": {"occ": {"5": 2010.0, "17": 2010.0, "50": 2010.0, "83": 2015.0, "95": 2021.0}, "chrnc": {"5": 2012.0, "17": 2014.0, "50": 2021.0, "83": 2029.0, "95": 2035.0}, "delta": {"5": -1.0, "17": 3.0, "50": 9.0, "83": 17.0, "95": 24.0}}}