{"int_low": {"occ": {"5": 2011.0, "17": 2013.0, "50": 2013.0, "83": 2019.0, "95": 2028.0}, "chrnc": {"5": 2064.0, "17": 2071.0, "50": 2082.0, "83": 2091.0, "95": 2097.0}, "delta": {"5": 46.0, "17": 55.0, "50": 67.0, "83": 77.0, "95": 83.04999999999927}}, "int": {"occ": {"5": 2010.0, "17": 2013.0, "50": 2013.0, "83": 2013.0, "95": 2022.0}, "chrnc": {"5": 2041.0, "17": 2045.0, "50": 2050.0, "83": 2055.0, "95": 2058.0499999999993}, "delta": {"5": 25.0, "17": 30.0, "50": 37.0, "83": 42.0, "95": 45.0}}, "int_high": {"occ": {"5": 2010.0, "17": 2013.0, "50": 2013.0, "83": 2013.0, "95": 2015.0}, "chrnc": {"5": 2031.0, "17": 2035.0, "50": 2039.0, "83": 2042.0, "95": 2044.0499999999993}, "delta": {"5": 17.0, "17": 22.0, "50": 26.0, "83": 29.0, "95": 32.0}}, "kopp": {"occ": {"5": 2011.0, "17": 2013.0, "50": 2013.0, "83": 2015.0, "95": 2025.0}, "chrnc": {"5": 2043.0, "17": 2050.0, "50": 2061.0, "83": 2075.0, "95": 2089.1000000000004}, "delta": {"5": 28.0, "17": 35.0, "50": 47.0, "83": 61.0, "95": 74.0}}}