{"int_low": {"occ": {"5": 2011.95, "17": 2013.0, "50": 2013.0, "83": 2016.0, "95": 2027.0}, "chrnc": {"5": 2030.0, "17": 2044.0, "50": 2060.0, "83": 2073.0, "95": 2086.0}, "delta": {"5": 16.950000000000045, "17": 29.0, "50": 45.0, "83": 59.17000000000007, "95": 72.0}}, "int": {"occ": {"5": 2011.0, "17": 2013.0, "50": 2013.0, "83": 2014.0, "95": 2020.0}, "chrnc": {"5": 2025.0, "17": 2030.0, "50": 2038.0, "83": 2045.17, "95": 2050.0}, "delta": {"5": 10.0, "17": 15.0, "50": 25.0, "83": 32.0, "95": 37.0}}, "int_high": {"occ": {"5": 2010.0, "17": 2013.0, "50": 2013.0, "83": 2013.0, "95": 2019.0}, "chrnc": {"5": 2020.0, "17": 2024.0, "50": 2030.0, "83": 2035.0, "95": 2038.0}, "delta": {"5": 7.0, "17": 10.0, "50": 16.0, "83": 22.0, "95": 25.0}}, "kopp": {"occ": {"5": 2011.0, "17": 2013.0, "50": 2013.0, "83": 2015.0, "95": 2027.0}, "chrnc": {"5": 2025.0, "17": 2033.0, "50": 2046.0, "83": 2062.0, "95": 2080.0}, "delta": {"5": 11.0, "17": 19.0, "50": 32.0, "83": 47.0, "95": 63.0}}}