{"int_low": {"occ": {"5": 2018.0, "17": 2020.0, "50": 2023.0, "83": 2028.0, "95": 2032.0}, "chrnc": {"5": 2055.0, "17": 2060.0, "50": 2065.0, "83": 2071.0, "95": 2075.0}, "delta": {"5": 29.0, "17": 34.830000000000155, "50": 42.0, "83": 48.0, "95": 53.0}}, "int": {"occ": {"5": 2012.0, "17": 2016.0, "50": 2017.0, "83": 2020.0, "95": 2023.0}, "chrnc": {"5": 2039.0, "17": 2042.0, "50": 2044.0, "83": 2047.0, "95": 2049.0}, "delta": {"5": 19.0, "17": 23.0, "50": 27.0, "83": 30.0, "95": 33.0}}, "int_high": {"occ": {"5": 2010.0, "17": 2012.0, "50": 2014.0, "83": 2015.0, "95": 2018.0}, "chrnc": {"5": 2031.0, "17": 2033.0, "50": 2036.0, "83": 2038.0, "95": 2039.0499999999993}, "delta": {"5": 16.0, "17": 19.0, "50": 22.0, "83": 25.0, "95": 27.0}}, "kopp": {"occ": {"5": 2019.0, "17": 2021.0, "50": 2026.0, "83": 2032.0, "95": 2036.0}, "chrnc": {"5": 2048.0, "17": 2053.0, "50": 2060.0, "83": 2070.0, "95": 2079.0}, "delta": {"5": 22.0, "17": 27.0, "50": 34.0, "83": 43.0, "95": 50.0}}}