{"int_low": {"occ": {"5": 2060.0, "17": 2064.0, "50": 2074.0, "83": 2084.0, "95": 2089.0499999999993}, "chrnc": {"5": 2094.0, "17": 2095.93, "50": 2099.0, "83": 2100.0, "95": 2100.0}, "delta": {"5": 9.0, "17": 19.0, "50": 28.0, "83": 34.06999999999999, "95": 43.0}}, "int": {"occ": {"5": 2041.0, "17": 2044.0, "50": 2048.0, "83": 2052.0, "95": 2054.0}, "chrnc": {"5": 2061.0, "17": 2064.0, "50": 2068.0, "83": 2071.0, "95": 2073.0}, "delta": {"5": 11.950000000000045, "17": 15.0, "50": 20.0, "83": 25.0, "95": 28.0}}, "int_high": {"occ": {"5": 2033.0, "17": 2035.0, "50": 2038.0, "83": 2040.0, "95": 2042.0}, "chrnc": {"5": 2049.0, "17": 2051.0, "50": 2054.0, "83": 2056.0, "95": 2057.0}, "delta": {"5": 11.0, "17": 13.0, "50": 16.0, "83": 19.0, "95": 21.0}}, "kopp": {"occ": {"5": 2054.0, "17": 2058.0, "50": 2066.0, "83": 2077.0, "95": 2088.0}, "chrnc": {"5": 2072.0, "17": 2079.0, "50": 2090.0, "83": 2097.0, "95": 2100.0}, "delta": {"5": 13.0, "17": 18.0, "50": 24.0, "83": 30.0, "95": 35.0}}}