{"int_low": {"occ": {"5": 2016.0, "17": 2018.0, "50": 2022.0, "83": 2027.0, "95": 2031.0}, "chrnc": {"5": 2054.95, "17": 2058.0, "50": 2064.0, "83": 2069.0, "95": 2073.0}, "delta": {"5": 29.950000000000045, "17": 35.0, "50": 41.0, "83": 48.0, "95": 53.04999999999927}}, "int": {"occ": {"5": 2011.0, "17": 2014.0, "50": 2016.0, "83": 2019.0, "95": 2023.0}, "chrnc": {"5": 2038.0, "17": 2041.0, "50": 2044.0, "83": 2046.0, "95": 2048.0}, "delta": {"5": 19.0, "17": 23.0, "50": 27.0, "83": 31.0, "95": 34.0}}, "int_high": {"occ": {"5": 2010.0, "17": 2010.0, "50": 2012.0, "83": 2015.0, "95": 2016.0}, "chrnc": {"5": 2031.0, "17": 2033.0, "50": 2035.0, "83": 2037.0, "95": 2039.0}, "delta": {"5": 17.0, "17": 19.0, "50": 22.0, "83": 25.0, "95": 27.0}}, "kopp": {"occ": {"5": 2018.0, "17": 2020.0, "50": 2025.0, "83": 2030.0, "95": 2035.0}, "chrnc": {"5": 2047.0, "17": 2052.0, "50": 2059.0, "83": 2068.0, "95": 2077.0}, "delta": {"5": 22.0, "17": 27.0, "50": 34.0, "83": 43.0, "95": 50.0}}}