{"int_low": {"occ": {"5": 2010.0, "17": 2012.0, "50": 2016.0, "83": 2019.0, "95": 2023.0}, "chrnc": {"5": 2045.0, "17": 2049.0, "50": 2054.0, "83": 2059.0, "95": 2064.0499999999993}, "delta": {"5": 26.950000000000045, "17": 32.0, "50": 39.0, "83": 45.0, "95": 50.0}}, "int": {"occ": {"5": 2010.0, "17": 2012.0, "50": 2014.0, "83": 2015.0, "95": 2017.0}, "chrnc": {"5": 2033.0, "17": 2035.0, "50": 2039.0, "83": 2042.0, "95": 2044.0}, "delta": {"5": 18.0, "17": 21.0, "50": 25.0, "83": 28.0, "95": 31.0}}, "int_high": {"occ": {"5": 2010.0, "17": 2012.0, "50": 2013.0, "83": 2015.0, "95": 2016.0}, "chrnc": {"5": 2026.0, "17": 2028.0, "50": 2030.0, "83": 2033.0, "95": 2035.0}, "delta": {"5": 11.0, "17": 13.0, "50": 17.0, "83": 20.0, "95": 22.0}}, "kopp": {"occ": {"5": 2010.0, "17": 2011.0, "50": 2017.0, "83": 2023.0, "95": 2028.0}, "chrnc": {"5": 2042.0, "17": 2046.0, "50": 2053.0, "83": 2061.0, "95": 2069.0}, "delta": {"5": 23.0, "17": 28.0, "50": 36.0, "83": 45.0, "95": 53.0}}}