{"int_low": {"occ": {"5": 2036.0, "17": 2040.0, "50": 2045.0, "83": 2050.0, "95": 2055.0}, "chrnc": {"5": 2059.0, "17": 2063.0, "50": 2069.0, "83": 2075.0, "95": 2079.0}, "delta": {"5": 11.0, "17": 16.830000000000155, "50": 24.0, "83": 31.0, "95": 38.0}}, "int": {"occ": {"5": 2028.0, "17": 2032.0, "50": 2036.0, "83": 2039.0, "95": 2043.0}, "chrnc": {"5": 2046.0, "17": 2048.0, "50": 2052.0, "83": 2054.0, "95": 2056.0}, "delta": {"5": 7.0, "17": 11.0, "50": 16.0, "83": 21.0, "95": 25.0}}, "int_high": {"occ": {"5": 2023.0, "17": 2026.0, "50": 2031.0, "83": 2034.0, "95": 2036.0}, "chrnc": {"5": 2039.0, "17": 2041.0, "50": 2043.0, "83": 2046.0, "95": 2048.0}, "delta": {"5": 6.9500000000000455, "17": 9.0, "50": 13.0, "83": 17.0, "95": 21.0}}, "kopp": {"occ": {"5": 2033.0, "17": 2037.0, "50": 2043.0, "83": 2049.0, "95": 2054.0}, "chrnc": {"5": 2050.0, "17": 2054.0, "50": 2061.0, "83": 2069.0, "95": 2076.0}, "delta": {"5": 8.0, "17": 12.0, "50": 18.0, "83": 25.0, "95": 31.0}}}