{"int_low": {"occ": {"5": 2057.0, "17": 2064.0, "50": 2076.0, "83": 2088.17, "95": 2094.0499999999993}, "chrnc": {"5": NaN, "17": NaN, "50": NaN, "83": NaN, "95": NaN}, "delta": {"5": NaN, "17": NaN, "50": NaN, "83": NaN, "95": NaN}}, "int": {"occ": {"5": 2039.0, "17": 2043.0, "50": 2048.0, "83": 2053.0, "95": 2056.0499999999993}, "chrnc": {"5": 2076.0, "17": 2079.0, "50": 2083.0, "83": 2087.0, "95": 2090.0}, "delta": {"5": 24.0, "17": 29.0, "50": 35.0, "83": 41.0, "95": 46.04999999999927}}, "int_high": {"occ": {"5": 2029.0, "17": 2034.0, "50": 2038.0, "83": 2042.0, "95": 2044.0}, "chrnc": {"5": 2057.0, "17": 2060.0, "50": 2063.0, "83": 2066.0, "95": 2068.0}, "delta": {"5": 17.0, "17": 20.0, "50": 24.0, "83": 29.0, "95": 34.0}}, "kopp": {"occ": {"5": 2040.0, "17": 2047.0, "50": 2059.0, "83": 2074.0, "95": 2089.0}, "chrnc": {"5": 2069.0, "17": 2078.0, "50": 2090.0, "83": 2098.0, "95": 2100.0}, "delta": {"5": 23.0, "17": 28.0, "50": 37.0, "83": 45.0, "95": 51.0}}}