{"int_low": {"occ": {"5": 2041.95, "17": 2044.0, "50": 2049.0, "83": 2054.0, "95": 2057.0}, "chrnc": {"5": 2074.0, "17": 2078.0, "50": 2083.0, "83": 2088.0, "95": 2091.0499999999993}, "delta": {"5": 21.0, "17": 27.0, "50": 34.0, "83": 41.0, "95": 45.0}}, "int": {"occ": {"5": 2029.0, "17": 2033.0, "50": 2035.0, "83": 2038.0, "95": 2039.0}, "chrnc": {"5": 2047.0, "17": 2050.0, "50": 2052.0, "83": 2054.0, "95": 2056.0}, "delta": {"5": 11.0, "17": 13.0, "50": 17.0, "83": 21.0, "95": 23.049999999999272}}, "int_high": {"occ": {"5": 2024.0, "17": 2025.0, "50": 2028.0, "83": 2030.0, "95": 2032.0}, "chrnc": {"5": 2038.0, "17": 2040.0, "50": 2041.0, "83": 2043.0, "95": 2044.0}, "delta": {"5": 8.0, "17": 11.0, "50": 14.0, "83": 16.0, "95": 18.0}}, "kopp": {"occ": {"5": 2040.0, "17": 2043.0, "50": 2049.0, "83": 2057.0, "95": 2063.0}, "chrnc": {"5": 2058.0, "17": 2063.0, "50": 2072.0, "83": 2082.0, "95": 2091.0}, "delta": {"5": 13.0, "17": 16.0, "50": 22.0, "83": 28.0, "95": 34.0}}}