{"int_low": {"occ": {"5": 2010.0, "17": 2010.0, "50": 2013.0, "83": 2014.0, "95": 2023.0}, "chrnc": {"5": 2015.0, "17": 2017.0, "50": 2023.0, "83": 2034.0, "95": 2038.0}, "delta": {"5": -3.0, "17": 2.0, "50": 10.0, "83": 21.0, "95": 26.0}}, "int": {"occ": {"5": 2010.0, "17": 2010.0, "50": 2012.0, "83": 2013.0, "95": 2019.0}, "chrnc": {"5": 2014.0, "17": 2014.0, "50": 2019.0, "83": 2025.0, "95": 2033.0}, "delta": {"5": -2.0, "17": 1.0, "50": 6.0, "83": 13.0, "95": 21.0}}, "int_high": {"occ": {"5": 2010.0, "17": 2010.0, "50": 2011.0, "83": 2013.0, "95": 2016.0999999999985}, "chrnc": {"5": 2011.0, "17": 2014.0, "50": 2016.0, "83": 2019.0, "95": 2021.0}, "delta": {"5": -3.0, "17": 1.0, "50": 4.0, "83": 7.0, "95": 10.0}}, "kopp": {"occ": {"5": 2010.0, "17": 2011.0, "50": 2013.0, "83": 2018.0, "95": 2021.0}, "chrnc": {"5": 2014.0, "17": 2015.0, "50": 2021.0, "83": 2032.0, "95": 2037.0}, "delta": {"5": -3.0499999999999545, "17": 2.0, "50": 8.0, "83": 19.0, "95": 24.0}}}