{"int_low": {"occ": {"5": 2029.0, "17": 2037.0, "50": 2049.0, "83": 2060.0, "95": 2070.0}, "chrnc": {"5": 2054.0, "17": 2062.0, "50": 2073.0, "83": 2084.0, "95": 2091.0}, "delta": {"5": -3.0499999999999545, "17": 9.0, "50": 24.0, "83": 40.0, "95": 51.0}}, "int": {"occ": {"5": 2023.0, "17": 2028.0, "50": 2035.0, "83": 2042.0, "95": 2046.0}, "chrnc": {"5": 2039.0, "17": 2043.0, "50": 2049.0, "83": 2054.0, "95": 2057.0}, "delta": {"5": 0.900000000000091, "17": 6.0, "50": 14.0, "83": 22.0, "95": 28.0}}, "int_high": {"occ": {"5": 2019.0, "17": 2022.0, "50": 2028.0, "83": 2034.0, "95": 2036.0499999999993}, "chrnc": {"5": 2030.0, "17": 2034.0, "50": 2039.0, "83": 2043.0, "95": 2045.0}, "delta": {"5": -2.0, "17": 4.0, "50": 11.0, "83": 17.0, "95": 23.0}}, "kopp": {"occ": {"5": 2026.0, "17": 2032.0, "50": 2042.0, "83": 2054.0, "95": 2066.0}, "chrnc": {"5": 2042.0, "17": 2048.0, "50": 2059.0, "83": 2074.0, "95": 2087.0}, "delta": {"5": -2.0, "17": 7.0, "50": 17.0, "83": 29.0, "95": 40.0}}}