{"int_low": {"occ": {"5": 2030.0, "17": 2040.0, "50": 2047.0, "83": 2053.0, "95": 2055.0}, "chrnc": {"5": 2079.0, "17": 2083.0, "50": 2092.0, "83": 2096.0, "95": 2099.0}, "delta": {"5": 28.0, "17": 35.0, "50": 44.0, "83": 53.0, "95": 60.04999999999927}}, "int": {"occ": {"5": 2025.0, "17": 2027.0, "50": 2034.0, "83": 2037.0, "95": 2039.0}, "chrnc": {"5": 2057.0, "17": 2057.0, "50": 2059.0, "83": 2062.0, "95": 2064.0}, "delta": {"5": 19.950000000000045, "17": 22.0, "50": 27.0, "83": 33.0, "95": 36.0}}, "int_high": {"occ": {"5": 2022.0, "17": 2024.0, "50": 2028.0, "83": 2032.0, "95": 2035.0}, "chrnc": {"5": 2044.0, "17": 2045.0, "50": 2048.0, "83": 2051.0, "95": 2052.0}, "delta": {"5": 12.0, "17": 16.0, "50": 20.0, "83": 25.0, "95": 28.0}}, "kopp": {"occ": {"5": 2026.0, "17": 2031.0, "50": 2040.0, "83": 2049.0, "95": 2055.0}, "chrnc": {"5": 2056.0, "17": 2060.0, "50": 2071.0, "83": 2083.0, "95": 2093.0}, "delta": {"5": 19.0, "17": 23.0, "50": 31.0, "83": 41.0, "95": 48.0}}}