{"int_low": {"occ": {"5": 2035.0, "17": 2038.0, "50": 2041.0, "83": 2046.0, "95": 2050.0}, "chrnc": {"5": 2052.0, "17": 2056.0, "50": 2060.0, "83": 2067.0, "95": 2071.0}, "delta": {"5": 7.9500000000000455, "17": 12.0, "50": 19.0, "83": 26.0, "95": 31.049999999999272}}, "int": {"occ": {"5": 2025.0, "17": 2027.0, "50": 2031.0, "83": 2035.0, "95": 2037.0}, "chrnc": {"5": 2039.0, "17": 2040.0, "50": 2042.0, "83": 2045.0, "95": 2048.0}, "delta": {"5": 4.0, "17": 7.0, "50": 11.0, "83": 16.0, "95": 20.0}}, "int_high": {"occ": {"5": 2020.0, "17": 2022.0, "50": 2024.0, "83": 2028.0, "95": 2031.0}, "chrnc": {"5": 2032.0, "17": 2034.0, "50": 2036.0, "83": 2037.0, "95": 2038.0}, "delta": {"5": 4.0, "17": 7.0, "50": 11.0, "83": 14.0, "95": 16.0}}, "kopp": {"occ": {"5": 2026.0, "17": 2030.0, "50": 2037.0, "83": 2044.0, "95": 2051.0}, "chrnc": {"5": 2040.0, "17": 2044.0, "50": 2051.0, "83": 2059.0, "95": 2068.0}, "delta": {"5": 5.0, "17": 9.0, "50": 14.0, "83": 20.0, "95": 25.0}}}