{"int_low": {"occ": {"5": 2041.0, "17": 2044.0, "50": 2051.0, "83": 2056.0, "95": 2060.0}, "chrnc": {"5": 2083.0, "17": 2089.0, "50": 2094.0, "83": 2098.0, "95": 2100.0}, "delta": {"5": 29.0, "17": 35.0, "50": 43.0, "83": 50.0, "95": 55.0}}, "int": {"occ": {"5": 2029.0, "17": 2032.0, "50": 2036.0, "83": 2039.0, "95": 2040.0499999999993}, "chrnc": {"5": 2053.0, "17": 2055.0, "50": 2057.0, "83": 2059.0, "95": 2060.0}, "delta": {"5": 14.950000000000045, "17": 17.0, "50": 21.0, "83": 25.0, "95": 29.0}}, "int_high": {"occ": {"5": 2023.0, "17": 2025.0, "50": 2028.0, "83": 2031.0, "95": 2033.0}, "chrnc": {"5": 2041.0, "17": 2043.0, "50": 2045.0, "83": 2047.0, "95": 2049.0}, "delta": {"5": 11.0, "17": 13.0, "50": 17.0, "83": 21.0, "95": 24.0}}, "kopp": {"occ": {"5": 2035.0, "17": 2039.0, "50": 2046.0, "83": 2056.0, "95": 2067.0}, "chrnc": {"5": 2055.0, "17": 2061.0, "50": 2073.0, "83": 2087.0, "95": 2096.0}, "delta": {"5": 16.0, "17": 20.0, "50": 26.0, "83": 35.0, "95": 42.0}}}