{"int_low": {"occ": {"5": 2038.0, "17": 2042.0, "50": 2046.0, "83": 2051.0, "95": 2054.0499999999993}, "chrnc": {"5": 2070.0, "17": 2074.0, "50": 2079.0, "83": 2085.0, "95": 2089.0}, "delta": {"5": 21.0, "17": 26.0, "50": 33.0, "83": 41.0, "95": 47.0}}, "int": {"occ": {"5": 2026.0, "17": 2029.0, "50": 2032.0, "83": 2034.0, "95": 2036.0}, "chrnc": {"5": 2046.0, "17": 2047.0, "50": 2050.0, "83": 2052.0, "95": 2054.0}, "delta": {"5": 12.0, "17": 15.0, "50": 18.0, "83": 22.0, "95": 25.0}}, "int_high": {"occ": {"5": 2020.0, "17": 2022.0, "50": 2024.0, "83": 2027.0, "95": 2028.0}, "chrnc": {"5": 2035.0, "17": 2037.0, "50": 2039.0, "83": 2040.0, "95": 2042.0}, "delta": {"5": 9.0, "17": 11.0, "50": 14.0, "83": 17.0, "95": 20.0}}, "kopp": {"occ": {"5": 2037.0, "17": 2041.0, "50": 2048.0, "83": 2056.0, "95": 2063.0}, "chrnc": {"5": 2057.0, "17": 2063.0, "50": 2072.0, "83": 2084.0, "95": 2093.0}, "delta": {"5": 14.0, "17": 18.0, "50": 24.0, "83": 31.0, "95": 37.850000000000364}}}