{"int_low": {"occ": {"5": 2011.0, "17": 2012.0, "50": 2018.0, "83": 2027.0, "95": 2032.0}, "chrnc": {"5": 2042.0, "17": 2046.0, "50": 2053.0, "83": 2058.0, "95": 2065.0}, "delta": {"5": 17.0, "17": 23.0, "50": 34.0, "83": 43.0, "95": 48.04999999999927}}, "int": {"occ": {"5": 2010.0, "17": 2011.0, "50": 2013.0, "83": 2017.0, "95": 2021.0}, "chrnc": {"5": 2029.0, "17": 2033.0, "50": 2037.0, "83": 2040.0, "95": 2043.0}, "delta": {"5": 13.950000000000045, "17": 18.0, "50": 24.0, "83": 28.0, "95": 31.0}}, "int_high": {"occ": {"5": 2010.0, "17": 2010.0, "50": 2011.0, "83": 2012.0, "95": 2013.0}, "chrnc": {"5": 2023.0, "17": 2025.0, "50": 2029.0, "83": 2032.0, "95": 2034.0}, "delta": {"5": 11.0, "17": 14.0, "50": 18.0, "83": 21.0, "95": 24.0}}, "kopp": {"occ": {"5": 2011.0, "17": 2012.0, "50": 2018.0, "83": 2026.0, "95": 2033.0}, "chrnc": {"5": 2038.0, "17": 2041.0, "50": 2048.0, "83": 2057.0, "95": 2065.0}, "delta": {"5": 15.0, "17": 21.0, "50": 29.0, "83": 38.0, "95": 46.0}}}