{"int_low": {"occ": {"5": 2012.0, "17": 2013.0, "50": 2013.0, "83": 2013.0, "95": 2031.0}, "chrnc": {"5": 2026.0, "17": 2040.8300000000002, "50": 2050.0, "83": 2067.0, "95": 2071.0}, "delta": {"5": 12.0, "17": 26.0, "50": 36.0, "83": 52.0, "95": 58.0}}, "int": {"occ": {"5": 2011.0, "17": 2013.0, "50": 2013.0, "83": 2013.0, "95": 2016.0}, "chrnc": {"5": 2022.0, "17": 2026.0, "50": 2037.0, "83": 2042.0, "95": 2050.0}, "delta": {"5": 9.0, "17": 13.0, "50": 23.0, "83": 29.0, "95": 37.0}}, "int_high": {"occ": {"5": 2011.0, "17": 2013.0, "50": 2013.0, "83": 2013.0, "95": 2014.0}, "chrnc": {"5": 2021.0, "17": 2023.0, "50": 2029.0, "83": 2034.0, "95": 2036.0}, "delta": {"5": 8.0, "17": 10.0, "50": 16.0, "83": 21.0, "95": 23.0}}, "kopp": {"occ": {"5": 2011.0, "17": 2013.0, "50": 2013.0, "83": 2013.0, "95": 2020.0}, "chrnc": {"5": 2023.0, "17": 2030.0, "50": 2043.0, "83": 2054.0, "95": 2068.1000000000004}, "delta": {"5": 10.0, "17": 16.0, "50": 30.0, "83": 40.0, "95": 54.0}}}