{"int_low": {"occ": {"5": 2010.0, "17": 2013.0, "50": 2016.0, "83": 2025.0, "95": 2030.0499999999993}, "chrnc": {"5": 2026.0, "17": 2031.0, "50": 2040.0, "83": 2049.0, "95": 2059.0}, "delta": {"5": 7.0, "17": 12.0, "50": 22.0, "83": 32.0, "95": 41.04999999999927}}, "int": {"occ": {"5": 2010.0, "17": 2010.0, "50": 2013.0, "83": 2020.0, "95": 2025.0}, "chrnc": {"5": 2020.0, "17": 2022.0, "50": 2028.0, "83": 2034.0, "95": 2040.0}, "delta": {"5": 5.0, "17": 7.0, "50": 13.0, "83": 19.0, "95": 25.049999999999272}}, "int_high": {"occ": {"5": 2010.0, "17": 2010.0, "50": 2012.0, "83": 2015.0, "95": 2023.0}, "chrnc": {"5": 2018.0, "17": 2019.0, "50": 2021.0, "83": 2026.0, "95": 2029.0}, "delta": {"5": 3.0, "17": 5.0, "50": 9.0, "83": 13.0, "95": 17.0}}, "kopp": {"occ": {"5": 2010.0, "17": 2013.0, "50": 2017.0, "83": 2025.0, "95": 2031.0}, "chrnc": {"5": 2027.0, "17": 2032.0, "50": 2041.0, "83": 2051.0, "95": 2060.0}, "delta": {"5": 8.0, "17": 13.0, "50": 22.0, "83": 33.0, "95": 42.0}}}