{"int_low": {"occ": {"5": 2010.0, "17": 2017.0, "50": 2027.0, "83": 2035.0, "95": 2042.0}, "chrnc": {"5": 2072.0, "17": 2079.0, "50": 2088.0, "83": 2096.0, "95": 2099.0}, "delta": {"5": 41.0, "17": 49.0, "50": 61.0, "83": 74.0, "95": 84.0}}, "int": {"occ": {"5": 2010.0, "17": 2011.0, "50": 2017.0, "83": 2023.0, "95": 2025.0}, "chrnc": {"5": 2046.0, "17": 2047.0, "50": 2049.0, "83": 2052.0, "95": 2054.0}, "delta": {"5": 23.0, "17": 27.0, "50": 33.0, "83": 38.0, "95": 41.0}}, "int_high": {"occ": {"5": 2010.0, "17": 2012.0, "50": 2014.0, "83": 2016.0, "95": 2017.0499999999993}, "chrnc": {"5": 2033.0, "17": 2034.0, "50": 2037.0, "83": 2040.0, "95": 2042.0}, "delta": {"5": 17.950000000000045, "17": 20.0, "50": 24.0, "83": 27.0, "95": 30.0}}, "kopp": {"occ": {"5": 2017.0, "17": 2026.0, "50": 2033.0, "83": 2041.0, "95": 2046.0}, "chrnc": {"5": 2059.0, "17": 2066.0, "50": 2075.0, "83": 2088.0, "95": 2096.0}, "delta": {"5": 27.0, "17": 33.0, "50": 43.0, "83": 55.0, "95": 64.0}}}