{"int_low": {"occ": {"5": 2026.0, "17": 2037.0, "50": 2042.0, "83": 2050.0, "95": 2053.0}, "chrnc": {"5": 2057.0, "17": 2060.0, "50": 2066.0, "83": 2072.0, "95": 2075.0}, "delta": {"5": 8.0, "17": 15.0, "50": 23.0, "83": 34.0, "95": 41.04999999999927}}, "int": {"occ": {"5": 2017.0, "17": 2024.0, "50": 2030.0, "83": 2035.0, "95": 2037.0}, "chrnc": {"5": 2040.0, "17": 2042.0, "50": 2045.0, "83": 2049.0, "95": 2051.0499999999993}, "delta": {"5": 6.0, "17": 9.0, "50": 16.0, "83": 23.0, "95": 28.0}}, "int_high": {"occ": {"5": 2017.0, "17": 2018.0, "50": 2023.0, "83": 2027.0, "95": 2031.0}, "chrnc": {"5": 2032.0, "17": 2035.0, "50": 2037.0, "83": 2039.0, "95": 2041.0}, "delta": {"5": 5.0, "17": 9.0, "50": 15.0, "83": 20.0, "95": 22.0}}, "kopp": {"occ": {"5": 2025.0, "17": 2028.0, "50": 2037.0, "83": 2045.0, "95": 2052.0}, "chrnc": {"5": 2042.0, "17": 2046.0, "50": 2055.0, "83": 2064.0, "95": 2072.0}, "delta": {"5": 6.0, "17": 10.0, "50": 17.0, "83": 26.0, "95": 32.0}}}