{"int_low": {"occ": {"5": 2010.0, "17": 2012.0, "50": 2015.0, "83": 2020.0, "95": 2032.0}, "chrnc": {"5": 2038.95, "17": 2042.0, "50": 2048.0, "83": 2055.0, "95": 2062.0}, "delta": {"5": 15.0, "17": 25.0, "50": 33.0, "83": 40.17000000000007, "95": 46.04999999999927}}, "int": {"occ": {"5": 2010.0, "17": 2010.0, "50": 2011.0, "83": 2014.0, "95": 2019.0}, "chrnc": {"5": 2023.0, "17": 2026.0, "50": 2033.0, "83": 2037.0, "95": 2039.0}, "delta": {"5": 10.0, "17": 14.0, "50": 20.0, "83": 26.0, "95": 28.0}}, "int_high": {"occ": {"5": 2010.0, "17": 2010.0, "50": 2011.0, "83": 2013.0, "95": 2015.0}, "chrnc": {"5": 2021.0, "17": 2023.0, "50": 2027.0, "83": 2032.0, "95": 2034.0}, "delta": {"5": 9.0, "17": 11.0, "50": 16.0, "83": 21.0, "95": 23.0}}, "kopp": {"occ": {"5": 2010.0, "17": 2012.0, "50": 2015.0, "83": 2020.0, "95": 2032.0}, "chrnc": {"5": 2028.0, "17": 2038.0, "50": 2045.0, "83": 2054.0, "95": 2064.0}, "delta": {"5": 12.0, "17": 20.0, "50": 28.0, "83": 38.0, "95": 45.0}}}