{"int_low": {"occ": {"5": 2010.0, "17": 2010.0, "50": 2013.0, "83": 2014.0, "95": 2023.0}, "chrnc": {"5": 2044.0, "17": 2053.83, "50": 2062.0, "83": 2071.0, "95": 2074.0}, "delta": {"5": 30.0, "17": 38.0, "50": 49.0, "83": 59.0, "95": 62.0}}, "int": {"occ": {"5": 2010.0, "17": 2010.0, "50": 2012.0, "83": 2013.0, "95": 2019.0}, "chrnc": {"5": 2027.0, "17": 2038.0, "50": 2042.0, "83": 2046.0, "95": 2051.0}, "delta": {"5": 16.0, "17": 25.0, "50": 30.0, "83": 34.0, "95": 39.0}}, "int_high": {"occ": {"5": 2010.0, "17": 2010.0, "50": 2011.0, "83": 2013.0, "95": 2016.0999999999985}, "chrnc": {"5": 2025.0, "17": 2027.0, "50": 2034.0, "83": 2037.0, "95": 2039.0}, "delta": {"5": 12.950000000000045, "17": 16.0, "50": 22.0, "83": 26.0, "95": 28.0}}, "kopp": {"occ": {"5": 2010.0, "17": 2011.0, "50": 2013.0, "83": 2017.0, "95": 2021.0}, "chrnc": {"5": 2036.0, "17": 2041.0, "50": 2049.0, "83": 2060.0, "95": 2073.0}, "delta": {"5": 20.0, "17": 28.0, "50": 36.0, "83": 47.0, "95": 59.0}}}