{"int_low": {"occ": {"5": 2026.0, "17": 2040.0, "50": 2049.0, "83": 2058.0, "95": 2069.0}, "chrnc": {"5": 2084.0, "17": 2095.0, "50": 2098.0, "83": 2100.0, "95": 2100.0}, "delta": {"5": 29.0, "17": 39.0, "50": 49.0, "83": 59.0, "95": 71.0}}, "int": {"occ": {"5": 2022.0, "17": 2025.0, "50": 2031.0, "83": 2038.0, "95": 2040.0499999999993}, "chrnc": {"5": 2057.0, "17": 2059.0, "50": 2063.0, "83": 2068.0, "95": 2071.0}, "delta": {"5": 20.0, "17": 24.0, "50": 32.0, "83": 40.0, "95": 44.04999999999927}}, "int_high": {"occ": {"5": 2018.95, "17": 2022.0, "50": 2027.0, "83": 2033.0, "95": 2036.0}, "chrnc": {"5": 2044.0, "17": 2046.0, "50": 2049.0, "83": 2052.0, "95": 2054.0}, "delta": {"5": 12.950000000000045, "17": 16.0, "50": 22.0, "83": 28.0, "95": 32.0}}, "kopp": {"occ": {"5": 2024.0, "17": 2029.0, "50": 2040.0, "83": 2052.0, "95": 2063.0}, "chrnc": {"5": 2057.0, "17": 2063.0, "50": 2077.0, "83": 2091.0, "95": 2098.0}, "delta": {"5": 20.0, "17": 27.0, "50": 37.0, "83": 49.0, "95": 58.0}}}