{"int_low": {"occ": {"5": 2016.0, "17": 2019.0, "50": 2026.5, "83": 2033.0, "95": 2036.0}, "chrnc": {"5": 2045.0, "17": 2051.0, "50": 2057.0, "83": 2062.0, "95": 2068.0}, "delta": {"5": 16.0, "17": 22.0, "50": 31.0, "83": 39.0, "95": 44.0}}, "int": {"occ": {"5": 2016.0, "17": 2017.0, "50": 2020.0, "83": 2025.0, "95": 2029.0}, "chrnc": {"5": 2037.0, "17": 2040.0, "50": 2043.0, "83": 2047.0, "95": 2050.0}, "delta": {"5": 12.0, "17": 17.0, "50": 23.0, "83": 28.0, "95": 31.0}}, "int_high": {"occ": {"5": 2015.0, "17": 2015.0, "50": 2018.0, "83": 2021.0, "95": 2024.0}, "chrnc": {"5": 2032.0, "17": 2034.0, "50": 2037.0, "83": 2040.0, "95": 2042.0}, "delta": {"5": 10.950000000000045, "17": 14.0, "50": 18.0, "83": 22.0, "95": 25.0}}, "kopp": {"occ": {"5": 2016.0, "17": 2018.0, "50": 2026.0, "83": 2032.0, "95": 2037.0}, "chrnc": {"5": 2041.0, "17": 2045.0, "50": 2053.0, "83": 2060.0, "95": 2067.0}, "delta": {"5": 13.950000000000045, "17": 19.0, "50": 26.0, "83": 36.0, "95": 42.04999999999927}}}