{"int_low": {"occ": {"5": 2012.0, "17": 2013.0, "50": 2015.0, "83": 2016.0, "95": 2018.0}, "chrnc": {"5": 2024.95, "17": 2028.0, "50": 2036.0, "83": 2041.0, "95": 2047.0}, "delta": {"5": 9.950000000000045, "17": 13.830000000000155, "50": 21.0, "83": 27.0, "95": 32.04999999999927}}, "int": {"occ": {"5": 2012.0, "17": 2013.0, "50": 2013.0, "83": 2015.0, "95": 2017.0}, "chrnc": {"5": 2020.0, "17": 2022.0, "50": 2026.0, "83": 2030.0, "95": 2034.0}, "delta": {"5": 6.0, "17": 8.0, "50": 12.0, "83": 16.0, "95": 20.0}}, "int_high": {"occ": {"5": 2010.0, "17": 2013.0, "50": 2013.0, "83": 2015.0, "95": 2016.0}, "chrnc": {"5": 2018.0, "17": 2019.0, "50": 2021.0, "83": 2023.0, "95": 2026.0}, "delta": {"5": 3.9500000000000455, "17": 5.0, "50": 7.0, "83": 10.0, "95": 12.0}}, "kopp": {"occ": {"5": 2012.0, "17": 2013.0, "50": 2015.0, "83": 2017.0, "95": 2020.0}, "chrnc": {"5": 2027.0, "17": 2032.0, "50": 2038.0, "83": 2045.0, "95": 2051.0}, "delta": {"5": 11.0, "17": 16.0, "50": 23.0, "83": 30.0, "95": 36.0}}}