{"int_low": {"occ": {"5": 2042.0, "17": 2045.0, "50": 2053.0, "83": 2060.0, "95": 2069.0499999999993}, "chrnc": {"5": 2077.0, "17": 2081.0, "50": 2088.0, "83": 2094.0, "95": 2098.0}, "delta": {"5": 16.0, "17": 24.0, "50": 35.0, "83": 44.0, "95": 50.0}}, "int": {"occ": {"5": 2026.0, "17": 2033.8300000000002, "50": 2038.0, "83": 2041.0, "95": 2045.0}, "chrnc": {"5": 2049.0, "17": 2053.0, "50": 2056.0, "83": 2058.0, "95": 2060.0}, "delta": {"5": 8.0, "17": 14.0, "50": 18.0, "83": 23.0, "95": 30.0}}, "int_high": {"occ": {"5": 2022.0, "17": 2025.0, "50": 2029.0, "83": 2034.0, "95": 2036.0}, "chrnc": {"5": 2040.0, "17": 2041.0, "50": 2044.0, "83": 2046.0, "95": 2049.0}, "delta": {"5": 7.0, "17": 10.0, "50": 14.0, "83": 20.0, "95": 23.049999999999272}}, "kopp": {"occ": {"5": 2038.0, "17": 2041.0, "50": 2048.0, "83": 2057.0, "95": 2069.0}, "chrnc": {"5": 2055.0, "17": 2059.0, "50": 2070.0, "83": 2082.0, "95": 2093.0}, "delta": {"5": 9.0, "17": 14.0, "50": 21.0, "83": 30.0, "95": 36.0}}}