{"int_low": {"occ": {"5": 2030.0, "17": 2034.0, "50": 2038.0, "83": 2042.0, "95": 2046.0}, "chrnc": {"5": 2052.0, "17": 2055.0, "50": 2059.0, "83": 2063.0, "95": 2067.0}, "delta": {"5": 11.0, "17": 16.0, "50": 21.0, "83": 26.170000000000073, "95": 31.0}}, "int": {"occ": {"5": 2024.0, "17": 2027.0, "50": 2031.0, "83": 2034.0, "95": 2036.0}, "chrnc": {"5": 2041.0, "17": 2043.0, "50": 2046.0, "83": 2049.0, "95": 2051.0}, "delta": {"5": 8.0, "17": 11.0, "50": 16.0, "83": 20.0, "95": 23.0}}, "int_high": {"occ": {"5": 2022.0, "17": 2023.8300000000002, "50": 2026.0, "83": 2029.0, "95": 2032.0}, "chrnc": {"5": 2035.0, "17": 2037.0, "50": 2039.0, "83": 2041.0, "95": 2043.0}, "delta": {"5": 7.0, "17": 9.830000000000155, "50": 13.0, "83": 16.0, "95": 19.0}}, "kopp": {"occ": {"5": 2029.0, "17": 2033.0, "50": 2037.0, "83": 2041.0, "95": 2046.0}, "chrnc": {"5": 2045.0, "17": 2049.0, "50": 2054.0, "83": 2059.0, "95": 2064.0}, "delta": {"5": 8.0, "17": 12.0, "50": 17.0, "83": 22.0, "95": 26.0}}}