{"int_low": {"occ": {"5": 2011.0, "17": 2016.0, "50": 2025.0, "83": 2037.0, "95": 2049.0}, "chrnc": {"5": 2061.0, "17": 2070.0, "50": 2083.0, "83": 2092.0, "95": 2097.0499999999993}, "delta": {"5": 29.0, "17": 40.0, "50": 56.0, "83": 70.17000000000007, "95": 78.0}}, "int": {"occ": {"5": 2010.0, "17": 2011.0, "50": 2016.0, "83": 2027.0, "95": 2033.0}, "chrnc": {"5": 2041.0, "17": 2045.0, "50": 2052.0, "83": 2057.0, "95": 2061.0}, "delta": {"5": 14.950000000000045, "17": 23.0, "50": 34.0, "83": 43.0, "95": 48.0}}, "int_high": {"occ": {"5": 2010.0, "17": 2010.0, "50": 2012.0, "83": 2019.0, "95": 2024.0}, "chrnc": {"5": 2032.0, "17": 2037.0, "50": 2041.0, "83": 2045.17, "95": 2049.0}, "delta": {"5": 14.0, "17": 20.0, "50": 28.0, "83": 33.0, "95": 37.0}}, "kopp": {"occ": {"5": 2010.0, "17": 2012.0, "50": 2021.0, "83": 2033.0, "95": 2042.0}, "chrnc": {"5": 2044.0, "17": 2050.0, "50": 2063.0, "83": 2079.0, "95": 2093.0}, "delta": {"5": 19.0, "17": 28.0, "50": 41.0, "83": 57.0, "95": 69.0}}}