{"int_low": {"occ": {"5": 2010.0, "17": 2010.0, "50": 2011.0, "83": 2012.0, "95": 2020.0499999999993}, "chrnc": {"5": 2024.0, "17": 2028.0, "50": 2034.0, "83": 2040.0, "95": 2044.0}, "delta": {"5": 10.0, "17": 16.0, "50": 23.0, "83": 30.0, "95": 33.0}}, "int": {"occ": {"5": 2010.0, "17": 2010.0, "50": 2010.0, "83": 2012.0, "95": 2013.0}, "chrnc": {"5": 2015.0, "17": 2016.0, "50": 2024.0, "83": 2029.0, "95": 2031.0}, "delta": {"5": 4.0, "17": 6.0, "50": 13.0, "83": 18.0, "95": 20.0}}, "int_high": {"occ": {"5": 2010.0, "17": 2010.0, "50": 2010.0, "83": 2012.0, "95": 2012.0}, "chrnc": {"5": 2014.0, "17": 2015.0, "50": 2018.0, "83": 2022.0, "95": 2024.0}, "delta": {"5": 3.0, "17": 4.0, "50": 7.0, "83": 12.0, "95": 13.049999999999272}}, "kopp": {"occ": {"5": 2010.0, "17": 2010.0, "50": 2011.0, "83": 2013.0, "95": 2023.0}, "chrnc": {"5": 2023.0, "17": 2028.0, "50": 2034.0, "83": 2041.0, "95": 2047.0}, "delta": {"5": 8.0, "17": 15.0, "50": 22.0, "83": 29.0, "95": 35.0}}}