{"int_low": {"occ": {"5": 2010.0, "17": 2012.0, "50": 2019.0, "83": 2031.0, "95": 2036.0499999999993}, "chrnc": {"5": 2017.0, "17": 2026.0, "50": 2047.0, "83": 2063.0, "95": 2074.0}, "delta": {"5": -6.0, "17": 7.0, "50": 27.0, "83": 44.0, "95": 57.0}}, "int": {"occ": {"5": 2010.0, "17": 2012.0, "50": 2013.0, "83": 2022.0, "95": 2029.0}, "chrnc": {"5": 2017.0, "17": 2021.0, "50": 2032.0, "83": 2040.0, "95": 2047.0}, "delta": {"5": -3.0, "17": 5.0, "50": 16.0, "83": 26.0, "95": 32.0}}, "int_high": {"occ": {"5": 2010.0, "17": 2011.0, "50": 2013.0, "83": 2020.0, "95": 2024.0}, "chrnc": {"5": 2017.0, "17": 2019.8300000000002, "50": 2027.0, "83": 2033.0, "95": 2036.0}, "delta": {"5": -2.0, "17": 5.0, "50": 12.0, "83": 20.0, "95": 24.0}}, "kopp": {"occ": {"5": 2010.0, "17": 2012.0, "50": 2018.0, "83": 2029.0, "95": 2036.0}, "chrnc": {"5": 2017.0, "17": 2024.0, "50": 2039.0, "83": 2054.0, "95": 2069.0}, "delta": {"5": -6.0, "17": 5.130000000000109, "50": 20.0, "83": 35.0, "95": 48.0}}}