{"int_low": {"occ": {"5": 2015.0, "17": 2017.0, "50": 2028.0, "83": 2037.0, "95": 2047.0}, "chrnc": {"5": 2076.0, "17": 2081.0, "50": 2089.0, "83": 2097.0, "95": 2099.0}, "delta": {"5": 38.450000000000045, "17": 48.0, "50": 61.0, "83": 72.0, "95": 79.0}}, "int": {"occ": {"5": 2014.0, "17": 2014.0, "50": 2019.0, "83": 2029.17, "95": 2035.0}, "chrnc": {"5": 2045.95, "17": 2051.0, "50": 2056.0, "83": 2059.0, "95": 2062.0}, "delta": {"5": 20.0, "17": 25.0, "50": 36.0, "83": 42.0, "95": 45.0}}, "int_high": {"occ": {"5": 2012.0, "17": 2014.0, "50": 2016.0, "83": 2020.0, "95": 2025.0}, "chrnc": {"5": 2040.0, "17": 2041.0, "50": 2043.0, "83": 2047.0, "95": 2050.0}, "delta": {"5": 18.0, "17": 23.0, "50": 27.0, "83": 32.0, "95": 35.0}}, "kopp": {"occ": {"5": 2014.0, "17": 2017.0, "50": 2024.0, "83": 2035.0, "95": 2042.0499999999993}, "chrnc": {"5": 2048.0, "17": 2057.0, "50": 2067.0, "83": 2083.0, "95": 2094.0}, "delta": {"5": 24.0, "17": 31.0, "50": 43.0, "83": 57.0, "95": 69.0}}}