{"int_low": {"occ": {"5": 2010.0, "17": 2010.0, "50": 2011.0, "83": 2012.0, "95": 2021.0}, "chrnc": {"5": 2038.0, "17": 2045.0, "50": 2050.0, "83": 2058.0, "95": 2064.0}, "delta": {"5": 25.950000000000045, "17": 33.0, "50": 39.0, "83": 47.0, "95": 52.04999999999927}}, "int": {"occ": {"5": 2010.0, "17": 2010.0, "50": 2010.0, "83": 2012.0, "95": 2013.0}, "chrnc": {"5": 2030.0, "17": 2033.0, "50": 2036.0, "83": 2040.0, "95": 2042.0}, "delta": {"5": 18.950000000000045, "17": 22.0, "50": 26.0, "83": 30.0, "95": 32.0}}, "int_high": {"occ": {"5": 2010.0, "17": 2010.0, "50": 2010.0, "83": 2012.0, "95": 2012.0}, "chrnc": {"5": 2025.0, "17": 2026.0, "50": 2029.0, "83": 2031.0, "95": 2033.0}, "delta": {"5": 13.950000000000045, "17": 15.0, "50": 18.0, "83": 21.0, "95": 22.0}}, "kopp": {"occ": {"5": 2010.0, "17": 2010.0, "50": 2011.0, "83": 2013.0, "95": 2023.0}, "chrnc": {"5": 2035.0, "17": 2039.0, "50": 2047.0, "83": 2055.0, "95": 2063.0}, "delta": {"5": 23.0, "17": 27.0, "50": 35.0, "83": 43.0, "95": 50.0}}}