{"int_low": {"occ": {"5": 2010.0, "17": 2011.0, "50": 2011.0, "83": 2012.0, "95": 2014.0}, "chrnc": {"5": 2010.0, "17": 2013.0, "50": 2019.0, "83": 2025.0, "95": 2029.0499999999993}, "delta": {"5": -2.0, "17": 2.0, "50": 7.0, "83": 14.0, "95": 18.0}}, "int": {"occ": {"5": 2010.0, "17": 2010.0, "50": 2011.0, "83": 2012.0, "95": 2013.0}, "chrnc": {"5": 2010.0, "17": 2012.0, "50": 2013.0, "83": 2019.17, "95": 2024.0}, "delta": {"5": -1.0, "17": 0.0, "50": 2.0, "83": 8.0, "95": 13.0}}, "int_high": {"occ": {"5": 2010.0, "17": 2010.0, "50": 2011.0, "83": 2012.0, "95": 2013.0}, "chrnc": {"5": 2010.0, "17": 2010.0, "50": 2012.0, "83": 2014.0, "95": 2015.0}, "delta": {"5": -1.0499999999999545, "17": -1.0, "50": 1.0, "83": 3.0, "95": 4.0}}, "kopp": {"occ": {"5": 2010.0, "17": 2011.0, "50": 2011.0, "83": 2012.0, "95": 2014.0}, "chrnc": {"5": 2011.0, "17": 2013.0, "50": 2019.0, "83": 2025.0, "95": 2030.0}, "delta": {"5": -1.0, "17": 2.0, "50": 7.0, "83": 14.0, "95": 19.0}}}