{"int_low": {"occ": {"5": 2069.95, "17": 2075.0, "50": 2080.0, "83": 2089.0, "95": 2091.0}, "chrnc": {"5": 2096.0, "17": 2098.0, "50": 2099.0, "83": 2100.0, "95": 2100.0}, "delta": {"5": 9.0, "17": 18.0, "50": 25.0, "83": 34.0, "95": 38.0}}, "int": {"occ": {"5": 2047.0, "17": 2049.0, "50": 2053.0, "83": 2055.0, "95": 2056.0}, "chrnc": {"5": 2061.0, "17": 2062.0, "50": 2065.0, "83": 2069.0, "95": 2071.0}, "delta": {"5": 8.0, "17": 10.0, "50": 13.0, "83": 16.0, "95": 18.0}}, "int_high": {"occ": {"5": 2039.0, "17": 2040.0, "50": 2042.0, "83": 2044.0, "95": 2045.0499999999993}, "chrnc": {"5": 2049.0, "17": 2052.0, "50": 2054.0, "83": 2055.0, "95": 2056.0}, "delta": {"5": 8.0, "17": 9.0, "50": 12.0, "83": 13.170000000000073, "95": 15.0}}, "kopp": {"occ": {"5": 2053.0, "17": 2057.0, "50": 2065.0, "83": 2076.0, "95": 2087.0}, "chrnc": {"5": 2064.0, "17": 2072.0, "50": 2081.0, "83": 2093.0, "95": 2098.0}, "delta": {"5": 10.0, "17": 13.0, "50": 17.0, "83": 21.0, "95": 25.0}}}