{"int_low": {"occ": {"5": 2029.0, "17": 2033.0, "50": 2038.0, "83": 2041.0, "95": 2048.0}, "chrnc": {"5": 2061.0, "17": 2064.0, "50": 2070.0, "83": 2076.0, "95": 2081.0499999999993}, "delta": {"5": 21.0, "17": 25.0, "50": 33.0, "83": 40.0, "95": 46.0}}, "int": {"occ": {"5": 2022.0, "17": 2025.0, "50": 2028.0, "83": 2031.0, "95": 2034.0}, "chrnc": {"5": 2041.0, "17": 2043.0, "50": 2047.0, "83": 2050.0, "95": 2052.0}, "delta": {"5": 11.0, "17": 14.0, "50": 19.0, "83": 23.0, "95": 26.0}}, "int_high": {"occ": {"5": 2019.0, "17": 2020.0, "50": 2022.0, "83": 2025.0, "95": 2026.0}, "chrnc": {"5": 2034.0, "17": 2036.0, "50": 2038.0, "83": 2040.0, "95": 2041.0}, "delta": {"5": 10.0, "17": 12.830000000000155, "50": 15.0, "83": 18.0, "95": 20.0}}, "kopp": {"occ": {"5": 2031.0, "17": 2035.0, "50": 2040.0, "83": 2046.0, "95": 2052.0}, "chrnc": {"5": 2053.0, "17": 2057.0, "50": 2064.0, "83": 2073.0, "95": 2081.0}, "delta": {"5": 15.0, "17": 19.0, "50": 24.0, "83": 31.0, "95": 37.0}}}