{"int_low": {"occ": {"5": 2010.0, "17": 2013.0, "50": 2015.0, "83": 2016.0, "95": 2021.0}, "chrnc": {"5": 2038.0, "17": 2043.0, "50": 2048.0, "83": 2052.0, "95": 2055.0}, "delta": {"5": 22.0, "17": 26.0, "50": 32.0, "83": 38.0, "95": 41.0}}, "int": {"occ": {"5": 2010.0, "17": 2011.8300000000002, "50": 2015.0, "83": 2015.0, "95": 2016.0}, "chrnc": {"5": 2028.0, "17": 2030.0, "50": 2033.0, "83": 2036.0, "95": 2037.0}, "delta": {"5": 13.0, "17": 15.830000000000155, "50": 19.0, "83": 22.0, "95": 25.0}}, "int_high": {"occ": {"5": 2010.0, "17": 2010.0, "50": 2014.0, "83": 2015.0, "95": 2015.0}, "chrnc": {"5": 2021.0, "17": 2023.0, "50": 2025.0, "83": 2027.0, "95": 2029.0}, "delta": {"5": 7.0, "17": 9.0, "50": 12.0, "83": 15.0, "95": 17.0}}, "kopp": {"occ": {"5": 2011.0, "17": 2013.0, "50": 2015.0, "83": 2019.0, "95": 2024.0}, "chrnc": {"5": 2038.0, "17": 2042.0, "50": 2049.0, "83": 2057.0, "95": 2064.0}, "delta": {"5": 21.0, "17": 26.0, "50": 33.0, "83": 41.0, "95": 48.0}}}