{"int_low": {"occ": {"5": 2053.0, "17": 2058.0, "50": 2066.0, "83": 2073.0, "95": 2078.0499999999993}, "chrnc": {"5": 2092.0, "17": 2094.0, "50": 2099.0, "83": 2100.0, "95": 2100.0}, "delta": {"5": 22.0, "17": 31.0, "50": 38.0, "83": 49.0, "95": 53.0}}, "int": {"occ": {"5": 2036.0, "17": 2039.0, "50": 2043.0, "83": 2048.0, "95": 2050.0}, "chrnc": {"5": 2064.0, "17": 2066.0, "50": 2070.0, "83": 2073.0, "95": 2076.0}, "delta": {"5": 18.0, "17": 22.0, "50": 27.0, "83": 31.0, "95": 34.0}}, "int_high": {"occ": {"5": 2028.0, "17": 2030.0, "50": 2034.0, "83": 2037.0, "95": 2040.0}, "chrnc": {"5": 2050.0, "17": 2052.0, "50": 2054.0, "83": 2057.0, "95": 2058.0}, "delta": {"5": 14.950000000000045, "17": 17.0, "50": 21.0, "83": 24.0, "95": 27.0}}, "kopp": {"occ": {"5": 2043.0, "17": 2049.0, "50": 2057.0, "83": 2068.0, "95": 2078.0}, "chrnc": {"5": 2066.0, "17": 2074.0, "50": 2085.0, "83": 2095.0, "95": 2099.0}, "delta": {"5": 19.0, "17": 23.0, "50": 30.0, "83": 37.0, "95": 42.0}}}