{"int_low": {"occ": {"5": 2012.0, "17": 2014.0, "50": 2015.0, "83": 2015.0, "95": 2019.0}, "chrnc": {"5": 2017.0, "17": 2021.0, "50": 2025.0, "83": 2030.0, "95": 2033.0}, "delta": {"5": 2.0, "17": 6.0, "50": 10.0, "83": 15.0, "95": 18.0}}, "int": {"occ": {"5": 2010.0, "17": 2014.0, "50": 2015.0, "83": 2015.0, "95": 2015.0}, "chrnc": {"5": 2012.0, "17": 2017.0, "50": 2019.0, "83": 2021.0, "95": 2023.0}, "delta": {"5": -2.0499999999999545, "17": 2.0, "50": 4.0, "83": 7.0, "95": 9.0}}, "int_high": {"occ": {"5": 2010.0, "17": 2011.0, "50": 2015.0, "83": 2015.0, "95": 2015.0}, "chrnc": {"5": 2010.0, "17": 2011.0, "50": 2013.0, "83": 2014.0, "95": 2016.0}, "delta": {"5": -5.0, "17": -4.0, "50": -1.0, "83": 2.0, "95": 4.049999999999272}}, "kopp": {"occ": {"5": 2013.0, "17": 2015.0, "50": 2015.0, "83": 2015.0, "95": 2019.0}, "chrnc": {"5": 2021.0, "17": 2024.0, "50": 2029.0, "83": 2034.0, "95": 2038.0}, "delta": {"5": 6.0, "17": 8.0, "50": 14.0, "83": 19.0, "95": 23.0}}}