{"int_low": {"occ": {"5": 2010.0, "17": 2010.0, "50": 2010.0, "83": 2015.0, "95": 2020.0}, "chrnc": {"5": 2024.0, "17": 2030.0, "50": 2037.0, "83": 2044.0, "95": 2048.0}, "delta": {"5": 11.0, "17": 17.0, "50": 25.0, "83": 32.0, "95": 37.0}}, "int": {"occ": {"5": 2010.0, "17": 2010.0, "50": 2010.0, "83": 2014.0, "95": 2019.0}, "chrnc": {"5": 2019.0, "17": 2023.0, "50": 2027.0, "83": 2031.0, "95": 2034.0}, "delta": {"5": 5.9500000000000455, "17": 10.0, "50": 16.0, "83": 21.0, "95": 23.0}}, "int_high": {"occ": {"5": 2010.0, "17": 2010.0, "50": 2010.0, "83": 2011.0, "95": 2015.0499999999993}, "chrnc": {"5": 2013.0, "17": 2016.0, "50": 2020.0, "83": 2024.0, "95": 2027.0}, "delta": {"5": 2.0, "17": 5.0, "50": 9.0, "83": 13.0, "95": 16.0}}, "kopp": {"occ": {"5": 2010.0, "17": 2010.0, "50": 2010.0, "83": 2015.0, "95": 2021.0}, "chrnc": {"5": 2022.0, "17": 2026.0, "50": 2033.0, "83": 2042.0, "95": 2050.0}, "delta": {"5": 10.0, "17": 14.0, "50": 21.0, "83": 30.0, "95": 38.0}}}