{"int_low": {"occ": {"5": 2010.0, "17": 2010.0, "50": 2010.0, "83": 2015.0, "95": 2020.0}, "chrnc": {"5": 2012.0, "17": 2013.0, "50": 2020.0, "83": 2027.0, "95": 2032.0}, "delta": {"5": -3.0, "17": 2.0, "50": 8.0, "83": 16.0, "95": 21.0}}, "int": {"occ": {"5": 2010.0, "17": 2010.0, "50": 2010.0, "83": 2014.0, "95": 2019.0499999999993}, "chrnc": {"5": 2012.0, "17": 2013.0, "50": 2017.0, "83": 2021.0, "95": 2025.0}, "delta": {"5": -4.0, "17": 2.0, "50": 5.0, "83": 10.0, "95": 14.0}}, "int_high": {"occ": {"5": 2010.0, "17": 2010.0, "50": 2010.0, "83": 2011.0, "95": 2015.0499999999993}, "chrnc": {"5": 2010.0, "17": 2011.0, "50": 2011.0, "83": 2017.0, "95": 2019.0}, "delta": {"5": -2.0, "17": 0.0, "50": 1.0, "83": 5.0, "95": 9.0}}, "kopp": {"occ": {"5": 2010.0, "17": 2010.0, "50": 2010.0, "83": 2015.0, "95": 2021.0}, "chrnc": {"5": 2012.0, "17": 2013.0, "50": 2019.0, "83": 2027.0, "95": 2034.0}, "delta": {"5": -3.0, "17": 2.0, "50": 7.0, "83": 15.0, "95": 22.0}}}