{"int_low": {"occ": {"5": 2026.0, "17": 2030.0, "50": 2035.5, "83": 2041.0, "95": 2044.0}, "chrnc": {"5": 2064.0, "17": 2069.0, "50": 2075.0, "83": 2080.0, "95": 2085.0499999999993}, "delta": {"5": 25.0, "17": 31.0, "50": 39.0, "83": 47.0, "95": 54.04999999999927}}, "int": {"occ": {"5": 2020.0, "17": 2022.0, "50": 2026.0, "83": 2029.0, "95": 2032.0}, "chrnc": {"5": 2045.0, "17": 2047.0, "50": 2050.0, "83": 2052.0, "95": 2054.0}, "delta": {"5": 15.0, "17": 19.0, "50": 23.0, "83": 28.0, "95": 31.0}}, "int_high": {"occ": {"5": 2018.0, "17": 2019.0, "50": 2021.0, "83": 2024.0, "95": 2025.0}, "chrnc": {"5": 2036.0, "17": 2037.0, "50": 2040.0, "83": 2042.0, "95": 2044.0}, "delta": {"5": 12.0, "17": 15.0, "50": 19.0, "83": 22.0, "95": 24.0}}, "kopp": {"occ": {"5": 2028.0, "17": 2032.0, "50": 2038.0, "83": 2044.0, "95": 2051.0}, "chrnc": {"5": 2054.0, "17": 2059.0, "50": 2068.0, "83": 2078.0, "95": 2088.0}, "delta": {"5": 18.0, "17": 23.0, "50": 30.0, "83": 39.0, "95": 46.0}}}