{"int_low": {"occ": {"5": 2013.0, "17": 2013.0, "50": 2015.0, "83": 2017.0, "95": 2023.0}, "chrnc": {"5": 2010.0, "17": 2011.0, "50": 2017.0, "83": 2022.0, "95": 2025.0}, "delta": {"5": -8.0, "17": -4.169999999999845, "50": 1.0, "83": 7.0, "95": 12.0}}, "int": {"occ": {"5": 2010.0, "17": 2013.0, "50": 2014.0, "83": 2015.0, "95": 2018.0}, "chrnc": {"5": 2010.0, "17": 2011.0, "50": 2014.0, "83": 2016.0, "95": 2020.0}, "delta": {"5": -5.0, "17": -3.0, "50": 1.0, "83": 3.0, "95": 6.0}}, "int_high": {"occ": {"5": 2010.0, "17": 2013.0, "50": 2013.0, "83": 2015.0, "95": 2016.0}, "chrnc": {"5": 2010.0, "17": 2013.0, "50": 2013.0, "83": 2015.0, "95": 2016.0}, "delta": {"5": -0.049999999999954525, "17": 0.0, "50": 0.0, "83": 0.0, "95": 1.0}}, "kopp": {"occ": {"5": 2013.0, "17": 2013.0, "50": 2015.0, "83": 2018.0, "95": 2023.0}, "chrnc": {"5": 2010.0, "17": 2012.0, "50": 2021.0, "83": 2027.0, "95": 2031.0}, "delta": {"5": -6.0, "17": -3.0, "50": 6.0, "83": 11.0, "95": 16.0}}}