{"int_low": {"occ": {"5": 2021.0, "17": 2025.0, "50": 2031.0, "83": 2037.0, "95": 2042.0}, "chrnc": {"5": 2046.0, "17": 2054.0, "50": 2061.0, "83": 2069.0, "95": 2073.0}, "delta": {"5": 13.0, "17": 20.830000000000155, "50": 30.0, "83": 39.0, "95": 45.0}}, "int": {"occ": {"5": 2017.0, "17": 2021.0, "50": 2026.0, "83": 2031.0, "95": 2034.0}, "chrnc": {"5": 2038.0, "17": 2040.0, "50": 2045.0, "83": 2050.0, "95": 2053.0}, "delta": {"5": 8.0, "17": 13.0, "50": 19.0, "83": 26.0, "95": 30.049999999999272}}, "int_high": {"occ": {"5": 2016.0, "17": 2018.0, "50": 2021.0, "83": 2026.0, "95": 2029.0}, "chrnc": {"5": 2031.0, "17": 2035.0, "50": 2038.0, "83": 2041.0, "95": 2043.0}, "delta": {"5": 7.0, "17": 11.0, "50": 16.0, "83": 20.0, "95": 23.0}}, "kopp": {"occ": {"5": 2021.0, "17": 2024.0, "50": 2030.0, "83": 2037.0, "95": 2042.0}, "chrnc": {"5": 2042.0, "17": 2046.0, "50": 2054.0, "83": 2063.0, "95": 2071.0}, "delta": {"5": 10.0, "17": 15.0, "50": 23.0, "83": 32.0, "95": 40.0}}}