{"int_low": {"occ": {"5": 2026.95, "17": 2031.0, "50": 2039.0, "83": 2044.0, "95": 2050.0}, "chrnc": {"5": 2056.0, "17": 2061.0, "50": 2068.0, "83": 2074.0, "95": 2078.0}, "delta": {"5": 14.950000000000045, "17": 21.0, "50": 29.0, "83": 37.0, "95": 44.0}}, "int": {"occ": {"5": 2021.0, "17": 2023.0, "50": 2027.0, "83": 2032.0, "95": 2035.0}, "chrnc": {"5": 2039.95, "17": 2041.0, "50": 2044.0, "83": 2048.0, "95": 2050.0}, "delta": {"5": 8.0, "17": 12.0, "50": 17.0, "83": 22.0, "95": 25.0}}, "int_high": {"occ": {"5": 2019.0, "17": 2020.0, "50": 2021.0, "83": 2024.0, "95": 2026.0}, "chrnc": {"5": 2030.0, "17": 2033.0, "50": 2036.0, "83": 2038.0, "95": 2040.0}, "delta": {"5": 7.0, "17": 10.0, "50": 14.0, "83": 17.0, "95": 19.0}}, "kopp": {"occ": {"5": 2029.0, "17": 2035.0, "50": 2040.0, "83": 2048.0, "95": 2053.0}, "chrnc": {"5": 2050.0, "17": 2055.0, "50": 2062.0, "83": 2071.0, "95": 2079.0}, "delta": {"5": 11.0, "17": 15.0, "50": 22.0, "83": 29.0, "95": 35.649999999999636}}}