{"int_low": {"occ": {"5": 2039.0, "17": 2042.0, "50": 2049.0, "83": 2055.0, "95": 2061.0499999999993}, "chrnc": {"5": 2075.0, "17": 2079.0, "50": 2085.0, "83": 2091.0, "95": 2095.0}, "delta": {"5": 19.0, "17": 26.830000000000155, "50": 36.0, "83": 45.0, "95": 51.0}}, "int": {"occ": {"5": 2024.0, "17": 2027.0, "50": 2036.0, "83": 2038.0, "95": 2041.0}, "chrnc": {"5": 2046.0, "17": 2050.0, "50": 2055.0, "83": 2057.0, "95": 2059.0}, "delta": {"5": 9.0, "17": 14.0, "50": 19.0, "83": 26.0, "95": 31.0}}, "int_high": {"occ": {"5": 2021.0, "17": 2023.0, "50": 2028.0, "83": 2032.0, "95": 2034.0}, "chrnc": {"5": 2039.0, "17": 2040.0, "50": 2042.0, "83": 2045.0, "95": 2047.0}, "delta": {"5": 7.0, "17": 9.830000000000155, "50": 15.0, "83": 20.0, "95": 23.0}}, "kopp": {"occ": {"5": 2035.0, "17": 2039.0, "50": 2046.0, "83": 2054.0, "95": 2064.0}, "chrnc": {"5": 2053.6499999999996, "17": 2058.0, "50": 2067.0, "83": 2079.0, "95": 2091.0}, "delta": {"5": 9.0, "17": 14.0, "50": 21.0, "83": 30.0, "95": 38.0}}}