{"int_low": {"occ": {"5": 2039.0, "17": 2044.0, "50": 2049.0, "83": 2053.0, "95": 2057.0}, "chrnc": {"5": 2081.0, "17": 2086.0, "50": 2092.0, "83": 2097.0, "95": 2099.0}, "delta": {"5": 30.0, "17": 36.0, "50": 43.0, "83": 50.0, "95": 55.0}}, "int": {"occ": {"5": 2028.0, "17": 2030.0, "50": 2033.0, "83": 2036.0, "95": 2038.0}, "chrnc": {"5": 2050.0, "17": 2052.0, "50": 2053.0, "83": 2056.0, "95": 2058.0}, "delta": {"5": 15.0, "17": 17.0, "50": 21.0, "83": 24.0, "95": 27.049999999999272}}, "int_high": {"occ": {"5": 2021.0, "17": 2023.0, "50": 2025.0, "83": 2027.0, "95": 2029.0}, "chrnc": {"5": 2038.0, "17": 2040.0, "50": 2042.0, "83": 2044.0, "95": 2045.0}, "delta": {"5": 11.0, "17": 14.0, "50": 17.0, "83": 19.170000000000073, "95": 22.0}}, "kopp": {"occ": {"5": 2039.0, "17": 2044.0, "50": 2050.0, "83": 2059.0, "95": 2067.0}, "chrnc": {"5": 2061.0, "17": 2067.0, "50": 2077.0, "83": 2089.0, "95": 2097.0}, "delta": {"5": 16.0, "17": 21.0, "50": 27.0, "83": 34.0, "95": 40.0}}}