{"int_low": {"occ": {"5": 2033.0, "17": 2040.0, "50": 2050.0, "83": 2058.0, "95": 2063.0}, "chrnc": {"5": 2057.95, "17": 2064.0, "50": 2072.0, "83": 2080.0, "95": 2087.0}, "delta": {"5": 4.0, "17": 11.0, "50": 22.0, "83": 35.0, "95": 45.0}}, "int": {"occ": {"5": 2026.0, "17": 2031.0, "50": 2037.0, "83": 2042.0, "95": 2045.0}, "chrnc": {"5": 2043.0, "17": 2047.0, "50": 2051.0, "83": 2055.0, "95": 2059.0}, "delta": {"5": 3.0, "17": 8.0, "50": 15.0, "83": 21.170000000000073, "95": 27.0}}, "int_high": {"occ": {"5": 2020.0, "17": 2025.0, "50": 2030.0, "83": 2034.0, "95": 2037.0}, "chrnc": {"5": 2035.0, "17": 2038.0, "50": 2042.0, "83": 2046.0, "95": 2048.0}, "delta": {"5": 3.0, "17": 6.0, "50": 11.0, "83": 18.0, "95": 22.049999999999272}}, "kopp": {"occ": {"5": 2030.0, "17": 2035.0, "50": 2042.0, "83": 2052.0, "95": 2060.0}, "chrnc": {"5": 2045.0, "17": 2050.0, "50": 2059.0, "83": 2070.0, "95": 2080.0}, "delta": {"5": 3.0, "17": 8.0, "50": 16.0, "83": 25.0, "95": 34.0}}}