{"int_low": {"occ": {"5": 2039.0, "17": 2043.8300000000002, "50": 2049.0, "83": 2054.0, "95": 2058.0}, "chrnc": {"5": 2079.0, "17": 2082.0, "50": 2089.0, "83": 2095.0, "95": 2098.0}, "delta": {"5": 27.0, "17": 33.0, "50": 40.0, "83": 48.0, "95": 53.0}}, "int": {"occ": {"5": 2028.0, "17": 2030.8300000000002, "50": 2035.0, "83": 2038.0, "95": 2041.0}, "chrnc": {"5": 2051.0, "17": 2053.0, "50": 2056.0, "83": 2059.0, "95": 2061.0}, "delta": {"5": 14.0, "17": 17.0, "50": 22.0, "83": 26.0, "95": 29.0}}, "int_high": {"occ": {"5": 2022.0, "17": 2025.0, "50": 2027.0, "83": 2031.0, "95": 2032.0}, "chrnc": {"5": 2041.0, "17": 2043.0, "50": 2045.0, "83": 2047.0, "95": 2049.0}, "delta": {"5": 11.0, "17": 14.0, "50": 17.0, "83": 21.0, "95": 23.0}}, "kopp": {"occ": {"5": 2038.0, "17": 2042.0, "50": 2049.0, "83": 2056.0, "95": 2064.0}, "chrnc": {"5": 2061.0, "17": 2067.0, "50": 2076.0, "83": 2087.0, "95": 2096.0}, "delta": {"5": 16.0, "17": 21.0, "50": 27.0, "83": 35.0, "95": 41.0}}}