{"int_low": {"occ": {"5": 2046.0, "17": 2060.0, "50": 2072.0, "83": 2085.0, "95": 2093.0}, "chrnc": {"5": 2083.95, "17": 2090.0, "50": 2097.0, "83": 2100.0, "95": 2100.0}, "delta": {"5": 3.0, "17": 12.0, "50": 28.0, "83": 42.0, "95": 57.049999999999955}}, "int": {"occ": {"5": 2030.0, "17": 2039.0, "50": 2046.0, "83": 2052.0, "95": 2056.0}, "chrnc": {"5": 2062.0, "17": 2067.0, "50": 2072.0, "83": 2076.0, "95": 2080.0}, "delta": {"5": 12.0, "17": 18.0, "50": 26.0, "83": 35.0, "95": 43.0}}, "int_high": {"occ": {"5": 2024.0, "17": 2029.0, "50": 2036.0, "83": 2041.0, "95": 2044.0}, "chrnc": {"5": 2049.0, "17": 2053.0, "50": 2056.0, "83": 2059.0, "95": 2061.0}, "delta": {"5": 10.0, "17": 14.0, "50": 20.0, "83": 28.0, "95": 34.0}}, "kopp": {"occ": {"5": 2037.0, "17": 2044.0, "50": 2056.0, "83": 2071.0, "95": 2086.8999999999996}, "chrnc": {"5": 2061.0, "17": 2070.0, "50": 2083.0, "83": 2096.0, "95": 2099.0}, "delta": {"5": 13.0, "17": 20.0, "50": 29.0, "83": 40.0, "95": 50.0}}}