{"int_low": {"occ": {"5": 2011.0, "17": 2012.0, "50": 2030.0, "83": 2042.17, "95": 2053.0}, "chrnc": {"5": 2081.0, "17": 2082.39, "50": 2099.0, "83": 2100.0, "95": 2100.0}, "delta": {"5": 42.0, "17": 63.0, "50": 68.0, "83": 84.86999999999998, "95": 87.0}}, "int": {"occ": {"5": 2011.0, "17": 2011.0, "50": 2014.0, "83": 2032.0, "95": 2034.0}, "chrnc": {"5": 2060.0, "17": 2062.0, "50": 2067.0, "83": 2074.0, "95": 2076.0499999999993}, "delta": {"5": 29.0, "17": 37.0, "50": 51.0, "83": 60.0, "95": 63.0}}, "int_high": {"occ": {"5": 2011.0, "17": 2011.0, "50": 2012.0, "83": 2018.0, "95": 2030.0}, "chrnc": {"5": 2042.0, "17": 2045.0, "50": 2051.0, "83": 2055.0, "95": 2056.0}, "delta": {"5": 22.0, "17": 30.0, "50": 36.0, "83": 43.0, "95": 44.04999999999927}}, "kopp": {"occ": {"5": 2011.0, "17": 2011.0, "50": 2017.0, "83": 2034.0, "95": 2052.0}, "chrnc": {"5": 2060.0, "17": 2067.0, "50": 2083.0, "83": 2096.0, "95": 2099.0}, "delta": {"5": 37.0, "17": 47.0, "50": 62.0, "83": 78.0, "95": 86.0}}}