{"int_low": {"occ": {"5": 2017.0, "17": 2021.0, "50": 2027.0, "83": 2033.0, "95": 2037.0}, "chrnc": {"5": 2049.0, "17": 2054.0, "50": 2060.0, "83": 2065.0, "95": 2072.0}, "delta": {"5": 18.950000000000045, "17": 25.0, "50": 33.0, "83": 41.0, "95": 46.0}}, "int": {"occ": {"5": 2012.0, "17": 2016.0, "50": 2019.0, "83": 2022.0, "95": 2025.0}, "chrnc": {"5": 2036.0, "17": 2039.0, "50": 2042.0, "83": 2045.0, "95": 2047.0}, "delta": {"5": 15.0, "17": 18.0, "50": 23.0, "83": 28.0, "95": 31.049999999999272}}, "int_high": {"occ": {"5": 2010.0, "17": 2012.0, "50": 2014.0, "83": 2018.0, "95": 2020.0}, "chrnc": {"5": 2028.0, "17": 2030.0, "50": 2033.0, "83": 2036.0, "95": 2038.0}, "delta": {"5": 11.0, "17": 14.0, "50": 19.0, "83": 22.0, "95": 25.0}}}