{"int_low": {"occ": {"5": 2031.0, "17": 2036.0, "50": 2042.0, "83": 2049.0, "95": 2052.0}, "chrnc": {"5": 2075.0, "17": 2079.83, "50": 2086.0, "83": 2092.0, "95": 2097.0}, "delta": {"5": 28.950000000000045, "17": 35.0, "50": 44.0, "83": 52.0, "95": 59.0}}, "int": {"occ": {"5": 2024.0, "17": 2026.0, "50": 2031.0, "83": 2034.0, "95": 2036.0}, "chrnc": {"5": 2048.0, "17": 2051.0, "50": 2054.0, "83": 2057.0, "95": 2059.0}, "delta": {"5": 15.0, "17": 19.0, "50": 24.0, "83": 28.170000000000073, "95": 32.0}}, "int_high": {"occ": {"5": 2019.0, "17": 2021.0, "50": 2024.0, "83": 2027.0, "95": 2030.0}, "chrnc": {"5": 2039.0, "17": 2041.0, "50": 2043.0, "83": 2045.0, "95": 2046.0499999999993}, "delta": {"5": 12.0, "17": 15.0, "50": 19.0, "83": 23.0, "95": 25.0}}, "kopp": {"occ": {"5": 2032.0, "17": 2037.0, "50": 2043.0, "83": 2051.0, "95": 2058.0}, "chrnc": {"5": 2058.0, "17": 2064.0, "50": 2074.0, "83": 2085.0, "95": 2094.0}, "delta": {"5": 18.0, "17": 23.0, "50": 31.0, "83": 39.0, "95": 46.0}}}