{"int_low": {"occ": {"5": 2013.0, "17": 2013.0, "50": 2020.0, "83": 2036.0, "95": 2051.0499999999993}, "chrnc": {"5": 2078.0, "17": 2081.4300000000003, "50": 2097.0, "83": 2100.0, "95": 2100.0}, "delta": {"5": 42.0, "17": 49.0, "50": 67.0, "83": 84.0, "95": 86.0}}, "int": {"occ": {"5": 2013.0, "17": 2013.0, "50": 2013.0, "83": 2020.0, "95": 2034.0}, "chrnc": {"5": 2046.95, "17": 2057.0, "50": 2064.0, "83": 2071.0, "95": 2073.0}, "delta": {"5": 26.0, "17": 35.830000000000155, "50": 48.0, "83": 56.0, "95": 59.0}}, "int_high": {"occ": {"5": 2013.0, "17": 2013.0, "50": 2013.0, "83": 2015.17, "95": 2019.0}, "chrnc": {"5": 2040.0, "17": 2042.0, "50": 2047.0, "83": 2052.0, "95": 2055.0}, "delta": {"5": 23.0, "17": 28.0, "50": 33.0, "83": 39.0, "95": 41.0}}, "kopp": {"occ": {"5": 2013.0, "17": 2013.0, "50": 2016.0, "83": 2034.0, "95": 2047.0499999999993}, "chrnc": {"5": 2052.0, "17": 2061.0, "50": 2076.0, "83": 2092.0, "95": 2098.0}, "delta": {"5": 28.100000000000023, "17": 41.0, "50": 54.0, "83": 70.0, "95": 80.0}}}