{"int_low": {"occ": {"5": 2010.95, "17": 2012.0, "50": 2016.0, "83": 2021.0, "95": 2025.0499999999993}, "chrnc": {"5": 2038.0, "17": 2041.0, "50": 2046.0, "83": 2052.0, "95": 2055.0}, "delta": {"5": 18.0, "17": 23.0, "50": 30.0, "83": 36.0, "95": 41.0}}, "int": {"occ": {"5": 2010.0, "17": 2010.0, "50": 2012.0, "83": 2013.0, "95": 2019.0}, "chrnc": {"5": 2027.0, "17": 2030.0, "50": 2035.0, "83": 2038.0, "95": 2041.0}, "delta": {"5": 13.0, "17": 17.0, "50": 23.0, "83": 27.0, "95": 30.0}}, "int_high": {"occ": {"5": 2010.0, "17": 2010.0, "50": 2011.0, "83": 2012.0, "95": 2013.0}, "chrnc": {"5": 2022.0, "17": 2025.0, "50": 2028.0, "83": 2031.0, "95": 2033.0}, "delta": {"5": 10.0, "17": 13.0, "50": 17.0, "83": 20.0, "95": 22.049999999999272}}, "kopp": {"occ": {"5": 2011.0, "17": 2012.0, "50": 2017.0, "83": 2023.0, "95": 2028.0}, "chrnc": {"5": 2035.0, "17": 2038.0, "50": 2044.0, "83": 2052.0, "95": 2058.0}, "delta": {"5": 15.0, "17": 20.0, "50": 27.0, "83": 35.0, "95": 41.0}}}