{"int_low": {"occ": {"5": 2012.0, "17": 2013.0, "50": 2015.0, "83": 2018.0, "95": 2022.0}, "chrnc": {"5": 2031.0, "17": 2036.0, "50": 2040.0, "83": 2044.0, "95": 2047.0}, "delta": {"5": 14.950000000000045, "17": 19.0, "50": 25.0, "83": 29.0, "95": 32.0}}, "int": {"occ": {"5": 2011.0, "17": 2013.0, "50": 2015.0, "83": 2015.0, "95": 2017.0}, "chrnc": {"5": 2021.0, "17": 2024.0, "50": 2028.0, "83": 2031.0, "95": 2033.0}, "delta": {"5": 6.9500000000000455, "17": 9.0, "50": 14.0, "83": 17.0, "95": 20.0}}, "int_high": {"occ": {"5": 2010.0, "17": 2013.0, "50": 2014.0, "83": 2015.0, "95": 2015.0}, "chrnc": {"5": 2018.0, "17": 2019.0, "50": 2021.0, "83": 2024.0, "95": 2025.0}, "delta": {"5": 3.0, "17": 5.0, "50": 7.0, "83": 10.0, "95": 13.0}}, "kopp": {"occ": {"5": 2013.0, "17": 2014.0, "50": 2015.0, "83": 2019.0, "95": 2024.0}, "chrnc": {"5": 2032.0, "17": 2037.0, "50": 2043.0, "83": 2050.0, "95": 2057.0}, "delta": {"5": 15.0, "17": 20.0, "50": 27.0, "83": 35.0, "95": 41.0}}}