{"int_low": {"occ": {"5": 2023.0, "17": 2027.0, "50": 2034.0, "83": 2038.17, "95": 2042.0}, "chrnc": {"5": 2055.0, "17": 2059.0, "50": 2064.0, "83": 2070.0, "95": 2073.0}, "delta": {"5": 17.0, "17": 24.0, "50": 31.0, "83": 38.0, "95": 45.0}}, "int": {"occ": {"5": 2016.0, "17": 2021.0, "50": 2026.0, "83": 2031.0, "95": 2034.0}, "chrnc": {"5": 2042.0, "17": 2044.0, "50": 2048.0, "83": 2052.0, "95": 2054.0}, "delta": {"5": 12.0, "17": 15.0, "50": 22.0, "83": 28.0, "95": 33.04999999999927}}, "int_high": {"occ": {"5": 2016.0, "17": 2016.0, "50": 2021.0, "83": 2025.0, "95": 2028.0499999999993}, "chrnc": {"5": 2035.0, "17": 2038.0, "50": 2040.0, "83": 2043.0, "95": 2045.0}, "delta": {"5": 11.0, "17": 14.0, "50": 19.0, "83": 24.0, "95": 27.0}}, "kopp": {"occ": {"5": 2023.0, "17": 2027.0, "50": 2034.0, "83": 2039.0, "95": 2045.0}, "chrnc": {"5": 2045.0, "17": 2051.0, "50": 2058.0, "83": 2066.0, "95": 2073.0}, "delta": {"5": 13.0, "17": 17.0, "50": 24.0, "83": 32.0, "95": 39.0}}}