{"int_low": {"occ": {"5": 2010.0, "17": 2013.0, "50": 2015.0, "83": 2016.0, "95": 2021.0}, "chrnc": {"5": 2034.0, "17": 2038.0, "50": 2043.0, "83": 2047.0, "95": 2051.0}, "delta": {"5": 18.0, "17": 22.830000000000155, "50": 28.0, "83": 33.0, "95": 36.04999999999927}}, "int": {"occ": {"5": 2010.0, "17": 2011.8300000000002, "50": 2015.0, "83": 2015.0, "95": 2016.0}, "chrnc": {"5": 2024.0, "17": 2026.0, "50": 2029.0, "83": 2032.0, "95": 2035.0}, "delta": {"5": 9.0, "17": 12.0, "50": 15.0, "83": 19.0, "95": 22.0}}, "int_high": {"occ": {"5": 2010.0, "17": 2010.0, "50": 2014.0, "83": 2015.0, "95": 2015.0}, "chrnc": {"5": 2019.0, "17": 2021.0, "50": 2023.0, "83": 2025.0, "95": 2027.0}, "delta": {"5": 5.0, "17": 6.0, "50": 9.0, "83": 13.0, "95": 15.0}}, "kopp": {"occ": {"5": 2012.0, "17": 2014.0, "50": 2015.0, "83": 2018.0, "95": 2023.0}, "chrnc": {"5": 2035.0, "17": 2038.0, "50": 2045.0, "83": 2052.0, "95": 2059.0}, "delta": {"5": 18.0, "17": 23.0, "50": 29.0, "83": 37.0, "95": 43.0}}}