{"int_low": {"occ": {"5": 2068.0, "17": 2073.0, "50": 2079.0, "83": 2087.0, "95": 2091.0}, "chrnc": {"5": 2099.0, "17": 2099.0, "50": 2099.0, "83": 2100.0, "95": 2100.0}, "delta": {"5": 9.0, "17": 9.0, "50": 27.0, "83": 33.0, "95": 33.0}}, "int": {"occ": {"5": 2044.0, "17": 2047.0, "50": 2050.0, "83": 2053.0, "95": 2054.0}, "chrnc": {"5": 2063.0, "17": 2065.0, "50": 2067.0, "83": 2070.0, "95": 2072.0}, "delta": {"5": 11.0, "17": 14.0, "50": 18.0, "83": 22.0, "95": 24.0}}, "int_high": {"occ": {"5": 2036.0, "17": 2037.0, "50": 2039.0, "83": 2041.0, "95": 2043.0499999999993}, "chrnc": {"5": 2051.0, "17": 2052.0, "50": 2054.0, "83": 2055.0, "95": 2056.0}, "delta": {"5": 9.950000000000045, "17": 12.0, "50": 15.0, "83": 17.0, "95": 19.0}}, "kopp": {"occ": {"5": 2048.0, "17": 2055.0, "50": 2064.0, "83": 2078.0, "95": 2091.0}, "chrnc": {"5": 2064.0, "17": 2072.0, "50": 2083.0, "83": 2095.0, "95": 2099.0}, "delta": {"5": 13.0, "17": 16.0, "50": 21.0, "83": 27.0, "95": 31.349999999999454}}}