{"int_low": {"occ": {"5": 2012.0, "17": 2013.0, "50": 2021.0, "83": 2025.0, "95": 2025.0}, "chrnc": {"5": 2018.0, "17": 2027.0, "50": 2032.0, "83": 2040.0, "95": 2043.0}, "delta": {"5": -4.0, "17": 5.0, "50": 12.0, "83": 21.0, "95": 27.0}}, "int": {"occ": {"5": 2010.0, "17": 2012.0, "50": 2013.0, "83": 2020.0, "95": 2023.0}, "chrnc": {"5": 2010.0, "17": 2015.0, "50": 2020.0, "83": 2025.0, "95": 2027.0}, "delta": {"5": -7.0, "17": -2.0, "50": 6.0, "83": 11.0, "95": 14.0}}, "int_high": {"occ": {"5": 2010.0, "17": 2011.0, "50": 2013.0, "83": 2013.0, "95": 2017.0}, "chrnc": {"5": 2010.0, "17": 2011.0, "50": 2014.0, "83": 2017.0, "95": 2021.0}, "delta": {"5": -4.0499999999999545, "17": -2.0, "50": 1.0, "83": 4.0, "95": 9.0}}, "kopp": {"occ": {"5": 2012.0, "17": 2013.0, "50": 2021.0, "83": 2025.0, "95": 2025.0499999999993}, "chrnc": {"5": 2028.0, "17": 2030.0, "50": 2035.0, "83": 2043.0, "95": 2047.0499999999993}, "delta": {"5": 5.0, "17": 8.0, "50": 16.0, "83": 23.0, "95": 30.0}}}