{"int_low": {"occ": {"5": 2010.0, "17": 2013.0, "50": 2019.0, "83": 2033.0, "95": 2043.0}, "chrnc": {"5": 2022.0, "17": 2037.0, "50": 2056.0, "83": 2074.0, "95": 2085.0499999999993}, "delta": {"5": -4.0, "17": 12.0, "50": 35.0, "83": 54.0, "95": 67.04999999999927}}, "int": {"occ": {"5": 2010.0, "17": 2012.0, "50": 2013.0, "83": 2024.0, "95": 2032.0}, "chrnc": {"5": 2018.95, "17": 2025.0, "50": 2037.0, "83": 2046.0, "95": 2051.0}, "delta": {"5": -2.0, "17": 7.0, "50": 19.0, "83": 30.0, "95": 36.0}}, "int_high": {"occ": {"5": 2010.0, "17": 2012.0, "50": 2013.0, "83": 2020.0, "95": 2024.0}, "chrnc": {"5": 2018.0, "17": 2022.0, "50": 2029.5, "83": 2036.0, "95": 2040.0}, "delta": {"5": 1.0, "17": 6.0, "50": 14.0, "83": 21.0, "95": 27.0}}, "kopp": {"occ": {"5": 2010.95, "17": 2013.0, "50": 2015.0, "83": 2029.0, "95": 2037.0}, "chrnc": {"5": 2018.0, "17": 2028.0, "50": 2044.0, "83": 2059.0, "95": 2072.0}, "delta": {"5": -4.0, "17": 9.0, "50": 25.0, "83": 40.0, "95": 53.0}}}