{"int_low": {"occ": {"5": 2022.0, "17": 2026.0, "50": 2031.0, "83": 2036.0, "95": 2040.0}, "chrnc": {"5": 2053.0, "17": 2057.0, "50": 2062.0, "83": 2068.0, "95": 2071.0}, "delta": {"5": 19.0, "17": 24.0, "50": 31.0, "83": 38.0, "95": 44.0}}, "int": {"occ": {"5": 2016.0, "17": 2017.0, "50": 2021.0, "83": 2025.0, "95": 2027.0}, "chrnc": {"5": 2037.0, "17": 2038.0, "50": 2042.0, "83": 2044.0, "95": 2046.0}, "delta": {"5": 13.0, "17": 16.0, "50": 21.0, "83": 25.0, "95": 28.0}}, "int_high": {"occ": {"5": 2010.0, "17": 2010.0, "50": 2013.0, "83": 2017.0, "95": 2019.0499999999993}, "chrnc": {"5": 2028.0, "17": 2030.0, "50": 2032.0, "83": 2034.0, "95": 2035.0499999999993}, "delta": {"5": 12.0, "17": 14.0, "50": 18.0, "83": 22.0, "95": 24.0}}, "kopp": {"occ": {"5": 2025.0, "17": 2029.0, "50": 2034.0, "83": 2041.0, "95": 2047.0}, "chrnc": {"5": 2048.0, "17": 2054.0, "50": 2062.0, "83": 2071.0, "95": 2081.0}, "delta": {"5": 16.0, "17": 20.0, "50": 27.0, "83": 35.0, "95": 43.0}}}