{"int_low": {"occ": {"5": 2053.0, "17": 2058.0, "50": 2066.0, "83": 2073.0, "95": 2079.0499999999993}, "chrnc": {"5": 2095.0, "17": 2096.0, "50": 2099.0, "83": 2100.0, "95": 2100.0}, "delta": {"5": 24.0, "17": 28.0, "50": 36.0, "83": 43.0, "95": 51.0}}, "int": {"occ": {"5": 2039.0, "17": 2042.0, "50": 2046.0, "83": 2050.0, "95": 2053.0}, "chrnc": {"5": 2062.0, "17": 2065.0, "50": 2070.0, "83": 2074.0, "95": 2076.0}, "delta": {"5": 15.0, "17": 18.0, "50": 24.0, "83": 29.0, "95": 32.0}}, "int_high": {"occ": {"5": 2030.0, "17": 2035.0, "50": 2038.0, "83": 2041.0, "95": 2042.0}, "chrnc": {"5": 2052.0, "17": 2054.0, "50": 2056.0, "83": 2058.0, "95": 2059.0499999999993}, "delta": {"5": 12.0, "17": 15.0, "50": 18.0, "83": 21.0, "95": 25.0}}, "kopp": {"occ": {"5": 2041.0, "17": 2045.0, "50": 2055.0, "83": 2067.0, "95": 2078.0}, "chrnc": {"5": 2062.0, "17": 2070.0, "50": 2082.0, "83": 2095.0, "95": 2099.0}, "delta": {"5": 16.0, "17": 21.0, "50": 28.0, "83": 37.0, "95": 42.0}}}