{"int_low": {"occ": {"5": 2012.0, "17": 2013.0, "50": 2015.0, "83": 2018.0, "95": 2022.0}, "chrnc": {"5": 2010.0, "17": 2018.0, "50": 2024.0, "83": 2029.0, "95": 2033.0499999999993}, "delta": {"5": -5.0, "17": 3.0, "50": 8.0, "83": 14.0, "95": 18.0}}, "int": {"occ": {"5": 2011.0, "17": 2013.0, "50": 2015.0, "83": 2015.0, "95": 2017.0}, "chrnc": {"5": 2010.0, "17": 2011.0, "50": 2013.0, "83": 2018.0, "95": 2022.0499999999993}, "delta": {"5": -5.0, "17": -4.0, "50": -1.0, "83": 4.0, "95": 8.0}}, "int_high": {"occ": {"5": 2010.0, "17": 2013.0, "50": 2014.0, "83": 2015.0, "95": 2015.0}, "chrnc": {"5": 2010.0, "17": 2012.0, "50": 2014.0, "83": 2015.0, "95": 2015.0}, "delta": {"5": -2.0, "17": -1.0, "50": 0.0, "83": 0.0, "95": 2.0}}, "kopp": {"occ": {"5": 2013.0, "17": 2014.0, "50": 2015.0, "83": 2019.0, "95": 2023.0}, "chrnc": {"5": 2018.95, "17": 2022.0, "50": 2028.0, "83": 2034.0, "95": 2040.0}, "delta": {"5": 3.0, "17": 6.0, "50": 12.0, "83": 19.0, "95": 24.0}}}