{"int_low": {"occ": {"5": 2010.0, "17": 2012.0, "50": 2018.0, "83": 2022.0, "95": 2029.0}, "chrnc": {"5": 2026.0, "17": 2030.0, "50": 2037.0, "83": 2041.0, "95": 2049.0}, "delta": {"5": 5.0, "17": 10.0, "50": 19.0, "83": 26.170000000000073, "95": 31.049999999999272}}, "int": {"occ": {"5": 2010.0, "17": 2012.0, "50": 2014.0, "83": 2018.0, "95": 2020.0}, "chrnc": {"5": 2022.0, "17": 2024.0, "50": 2028.0, "83": 2033.0, "95": 2035.0}, "delta": {"5": 6.0, "17": 8.0, "50": 14.0, "83": 19.0, "95": 22.0}}, "int_high": {"occ": {"5": 2010.0, "17": 2011.0, "50": 2013.0, "83": 2017.0, "95": 2018.0}, "chrnc": {"5": 2019.0, "17": 2021.0, "50": 2022.0, "83": 2024.0, "95": 2027.0}, "delta": {"5": 4.0, "17": 6.0, "50": 9.0, "83": 12.0, "95": 14.0}}, "kopp": {"occ": {"5": 2010.0, "17": 2012.0, "50": 2018.0, "83": 2024.0, "95": 2032.0}, "chrnc": {"5": 2023.0, "17": 2027.0, "50": 2034.0, "83": 2041.0, "95": 2050.0}, "delta": {"5": 5.0, "17": 9.0, "50": 16.0, "83": 23.0, "95": 28.0}}}