{"int_low": {"occ": {"5": 2010.0, "17": 2010.0, "50": 2011.0, "83": 2013.0, "95": 2021.0}, "chrnc": {"5": 2043.0, "17": 2047.0, "50": 2058.0, "83": 2069.0, "95": 2072.0}, "delta": {"5": 28.950000000000045, "17": 35.0, "50": 46.5, "83": 57.0, "95": 61.0}}, "int": {"occ": {"5": 2010.0, "17": 2010.0, "50": 2011.0, "83": 2012.0, "95": 2018.0}, "chrnc": {"5": 2026.0, "17": 2035.0, "50": 2040.0, "83": 2043.0, "95": 2049.0}, "delta": {"5": 15.0, "17": 21.830000000000155, "50": 29.0, "83": 32.0, "95": 37.0}}, "int_high": {"occ": {"5": 2010.0, "17": 2010.0, "50": 2011.0, "83": 2011.0, "95": 2017.0}, "chrnc": {"5": 2025.0, "17": 2027.0, "50": 2033.0, "83": 2036.0, "95": 2038.0}, "delta": {"5": 12.0, "17": 16.0, "50": 22.0, "83": 26.0, "95": 27.0}}, "kopp": {"occ": {"5": 2010.0, "17": 2010.0, "50": 2011.0, "83": 2014.0, "95": 2020.0}, "chrnc": {"5": 2034.0, "17": 2040.0, "50": 2047.0, "83": 2057.0, "95": 2069.0}, "delta": {"5": 19.0, "17": 28.0, "50": 35.0, "83": 45.0, "95": 56.0}}}