{"int_low": {"occ": {"5": 2064.0, "17": 2071.0, "50": 2082.0, "83": 2091.0, "95": 2097.0}, "chrnc": {"5": NaN, "17": NaN, "50": NaN, "83": NaN, "95": NaN}, "delta": {"5": NaN, "17": NaN, "50": NaN, "83": NaN, "95": NaN}}, "int": {"occ": {"5": 2041.0, "17": 2045.0, "50": 2050.0, "83": 2055.0, "95": 2058.0499999999993}, "chrnc": {"5": 2077.0, "17": 2080.0, "50": 2083.0, "83": 2087.0, "95": 2089.0}, "delta": {"5": 24.0, "17": 27.0, "50": 33.0, "83": 40.0, "95": 44.0}}, "int_high": {"occ": {"5": 2031.0, "17": 2035.0, "50": 2039.0, "83": 2042.0, "95": 2044.0499999999993}, "chrnc": {"5": 2059.0, "17": 2061.0, "50": 2063.0, "83": 2065.0, "95": 2067.0}, "delta": {"5": 17.0, "17": 20.0, "50": 24.0, "83": 28.0, "95": 32.0}}, "kopp": {"occ": {"5": 2043.0, "17": 2050.0, "50": 2061.0, "83": 2075.0, "95": 2089.1000000000004}, "chrnc": {"5": 2070.0, "17": 2079.0, "50": 2091.0, "83": 2098.0, "95": 2100.0}, "delta": {"5": 22.150000000000006, "17": 28.0, "50": 35.0, "83": 42.0, "95": 48.0}}}