{"int_low": {"occ": {"5": 2015.95, "17": 2016.0, "50": 2021.0, "83": 2031.0, "95": 2034.0}, "chrnc": {"5": 2038.0, "17": 2041.0, "50": 2047.0, "83": 2054.0, "95": 2056.0}, "delta": {"5": 9.0, "17": 16.0, "50": 25.0, "83": 33.0, "95": 38.0}}, "int": {"occ": {"5": 2013.0, "17": 2014.0, "50": 2016.0, "83": 2020.0, "95": 2023.0}, "chrnc": {"5": 2025.0, "17": 2028.0, "50": 2034.0, "83": 2037.0, "95": 2039.0}, "delta": {"5": 7.0, "17": 10.830000000000155, "50": 17.0, "83": 22.0, "95": 24.0}}, "int_high": {"occ": {"5": 2011.0, "17": 2011.0, "50": 2013.0, "83": 2015.0, "95": 2018.0499999999993}, "chrnc": {"5": 2021.0, "17": 2023.0, "50": 2026.0, "83": 2030.0, "95": 2032.0}, "delta": {"5": 6.0, "17": 9.0, "50": 13.0, "83": 17.0, "95": 20.0}}, "kopp": {"occ": {"5": 2014.0, "17": 2016.0, "50": 2019.0, "83": 2027.0, "95": 2033.0}, "chrnc": {"5": 2027.0, "17": 2035.0, "50": 2041.0, "83": 2050.0, "95": 2056.0}, "delta": {"5": 7.0, "17": 13.0, "50": 21.0, "83": 29.0, "95": 36.0}}}