{"int_low": {"occ": {"5": 2010.0, "17": 2010.0, "50": 2012.0, "83": 2024.0, "95": 2034.0499999999993}, "chrnc": {"5": 2026.0, "17": 2043.0, "50": 2053.0, "83": 2066.0, "95": 2072.0}, "delta": {"5": 11.0, "17": 21.0, "50": 37.0, "83": 49.17000000000007, "95": 59.0}}, "int": {"occ": {"5": 2010.0, "17": 2010.0, "50": 2011.0, "83": 2018.0, "95": 2021.0}, "chrnc": {"5": 2023.0, "17": 2026.0, "50": 2035.0, "83": 2040.0, "95": 2046.0}, "delta": {"5": 8.0, "17": 14.0, "50": 21.0, "83": 29.0, "95": 34.0}}, "int_high": {"occ": {"5": 2010.0, "17": 2010.0, "50": 2010.0, "83": 2013.0, "95": 2019.0}, "chrnc": {"5": 2021.0, "17": 2024.0, "50": 2029.0, "83": 2034.0, "95": 2036.0}, "delta": {"5": 8.0, "17": 12.0, "50": 17.0, "83": 23.0, "95": 26.0}}, "kopp": {"occ": {"5": 2010.0, "17": 2010.0, "50": 2012.0, "83": 2020.0, "95": 2033.0}, "chrnc": {"5": 2026.0, "17": 2034.0, "50": 2044.0, "83": 2055.0, "95": 2069.0}, "delta": {"5": 10.0, "17": 17.0, "50": 29.0, "83": 41.0, "95": 51.0}}}