{"int_low": {"occ": {"5": 2016.0, "17": 2018.8300000000002, "50": 2025.0, "83": 2032.0, "95": 2035.0}, "chrnc": {"5": 2045.0, "17": 2050.0, "50": 2056.0, "83": 2062.0, "95": 2067.0}, "delta": {"5": 17.0, "17": 22.0, "50": 31.0, "83": 39.0, "95": 44.0}}, "int": {"occ": {"5": 2016.0, "17": 2017.0, "50": 2020.0, "83": 2025.0, "95": 2029.0}, "chrnc": {"5": 2037.0, "17": 2040.0, "50": 2043.0, "83": 2047.0, "95": 2050.0}, "delta": {"5": 12.0, "17": 17.0, "50": 22.0, "83": 27.0, "95": 30.049999999999272}}, "int_high": {"occ": {"5": 2015.0, "17": 2015.0, "50": 2017.0, "83": 2021.0, "95": 2023.0}, "chrnc": {"5": 2030.0, "17": 2034.0, "50": 2037.0, "83": 2039.0, "95": 2041.0}, "delta": {"5": 10.0, "17": 15.0, "50": 19.0, "83": 23.0, "95": 25.0}}, "kopp": {"occ": {"5": 2016.0, "17": 2017.0, "50": 2025.0, "83": 2031.0, "95": 2036.0}, "chrnc": {"5": 2041.0, "17": 2044.0, "50": 2051.0, "83": 2059.0, "95": 2066.0}, "delta": {"5": 14.0, "17": 19.0, "50": 26.0, "83": 35.0, "95": 42.0}}}