{"int_low": {"occ": {"5": 2010.0, "17": 2010.0, "50": 2011.0, "83": 2013.0, "95": 2022.0}, "chrnc": {"5": 2030.0, "17": 2038.0, "50": 2044.0, "83": 2050.0, "95": 2054.0}, "delta": {"5": 15.0, "17": 24.0, "50": 32.0, "83": 38.17000000000007, "95": 42.0}}, "int": {"occ": {"5": 2010.0, "17": 2010.0, "50": 2010.0, "83": 2011.0, "95": 2017.0499999999993}, "chrnc": {"5": 2022.0, "17": 2024.0, "50": 2030.0, "83": 2035.0, "95": 2037.0}, "delta": {"5": 9.0, "17": 13.0, "50": 19.0, "83": 24.0, "95": 27.0}}, "int_high": {"occ": {"5": 2010.0, "17": 2010.0, "50": 2010.0, "83": 2011.0, "95": 2012.0}, "chrnc": {"5": 2016.0, "17": 2017.0, "50": 2022.0, "83": 2026.0, "95": 2028.0}, "delta": {"5": 5.0, "17": 7.0, "50": 11.0, "83": 15.0, "95": 18.0}}, "kopp": {"occ": {"5": 2010.0, "17": 2010.0, "50": 2011.0, "83": 2018.0, "95": 2025.0}, "chrnc": {"5": 2028.0, "17": 2034.0, "50": 2041.0, "83": 2049.0, "95": 2055.0}, "delta": {"5": 14.0, "17": 20.0, "50": 28.0, "83": 36.0, "95": 43.0}}}