{"int_low": {"occ": {"5": 2011.0, "17": 2014.0, "50": 2017.0, "83": 2024.0, "95": 2029.0}, "chrnc": {"5": 2040.0, "17": 2045.0, "50": 2051.0, "83": 2057.0, "95": 2062.0}, "delta": {"5": 19.0, "17": 24.830000000000155, "50": 33.0, "83": 40.0, "95": 46.0}}, "int": {"occ": {"5": 2010.0, "17": 2011.0, "50": 2014.0, "83": 2019.0, "95": 2023.0}, "chrnc": {"5": 2030.0, "17": 2033.0, "50": 2036.0, "83": 2040.0, "95": 2043.0}, "delta": {"5": 12.0, "17": 16.830000000000155, "50": 22.0, "83": 27.0, "95": 30.0}}, "int_high": {"occ": {"5": 2010.0, "17": 2010.0, "50": 2010.0, "83": 2012.0, "95": 2017.0}, "chrnc": {"5": 2022.0, "17": 2025.0, "50": 2029.0, "83": 2032.0, "95": 2034.0}, "delta": {"5": 9.0, "17": 13.0, "50": 18.0, "83": 21.0, "95": 23.0}}, "kopp": {"occ": {"5": 2011.0, "17": 2013.0, "50": 2017.0, "83": 2023.0, "95": 2029.0}, "chrnc": {"5": 2033.0, "17": 2037.0, "50": 2045.0, "83": 2055.0, "95": 2065.0}, "delta": {"5": 15.0, "17": 20.0, "50": 28.0, "83": 37.0, "95": 46.0}}}