{"int_low": {"occ": {"5": 2046.0, "17": 2054.83, "50": 2063.0, "83": 2071.0, "95": 2074.0}, "chrnc": {"5": 2092.0, "17": 2096.0, "50": 2099.0, "83": 2100.0, "95": 2100.0}, "delta": {"5": 24.0, "17": 28.0, "50": 38.0, "83": 46.0, "95": 52.0}}, "int": {"occ": {"5": 2037.0, "17": 2040.0, "50": 2044.0, "83": 2048.0, "95": 2052.0}, "chrnc": {"5": 2062.0, "17": 2065.0, "50": 2069.0, "83": 2073.0, "95": 2074.0499999999993}, "delta": {"5": 15.0, "17": 19.0, "50": 26.0, "83": 31.0, "95": 35.0}}, "int_high": {"occ": {"5": 2026.0, "17": 2030.0, "50": 2036.0, "83": 2039.0, "95": 2040.0}, "chrnc": {"5": 2051.0, "17": 2053.0, "50": 2055.0, "83": 2058.0, "95": 2059.0}, "delta": {"5": 13.0, "17": 16.0, "50": 20.0, "83": 25.0, "95": 28.049999999999272}}, "kopp": {"occ": {"5": 2039.0, "17": 2043.0, "50": 2051.0, "83": 2063.0, "95": 2073.0}, "chrnc": {"5": 2061.0, "17": 2069.0, "50": 2081.0, "83": 2094.0, "95": 2099.0}, "delta": {"5": 17.0, "17": 23.0, "50": 31.0, "83": 39.0, "95": 46.099999999999454}}}