{"int_low": {"occ": {"5": 2035.0, "17": 2042.0, "50": 2049.0, "83": 2056.0, "95": 2061.0}, "chrnc": {"5": 2083.0, "17": 2090.0, "50": 2096.0, "83": 2099.0, "95": 2100.0}, "delta": {"5": 31.0, "17": 39.0, "50": 46.0, "83": 55.0, "95": 62.0}}, "int": {"occ": {"5": 2026.0, "17": 2029.0, "50": 2036.0, "83": 2040.0, "95": 2042.0}, "chrnc": {"5": 2057.0, "17": 2059.0, "50": 2063.0, "83": 2067.0, "95": 2070.0499999999993}, "delta": {"5": 18.0, "17": 21.830000000000155, "50": 28.0, "83": 34.0, "95": 40.0}}, "int_high": {"occ": {"5": 2022.0, "17": 2025.0, "50": 2030.0, "83": 2034.0, "95": 2036.0}, "chrnc": {"5": 2045.0, "17": 2048.0, "50": 2050.0, "83": 2053.0, "95": 2055.0}, "delta": {"5": 12.0, "17": 16.0, "50": 21.0, "83": 26.0, "95": 29.0}}, "kopp": {"occ": {"5": 2027.0, "17": 2034.0, "50": 2042.0, "83": 2052.0, "95": 2062.0}, "chrnc": {"5": 2057.0, "17": 2063.0, "50": 2075.0, "83": 2089.0, "95": 2097.0}, "delta": {"5": 19.0, "17": 24.0, "50": 33.0, "83": 43.0, "95": 51.0}}}