{"int_low": {"occ": {"5": 2046.0, "17": 2052.0, "50": 2060.0, "83": 2067.0, "95": 2073.0}, "chrnc": {"5": 2092.0, "17": 2094.63, "50": 2097.0, "83": 2100.0, "95": 2100.0}, "delta": {"5": 26.0, "17": 35.0, "50": 41.0, "83": 48.370000000000005, "95": 55.0}}, "int": {"occ": {"5": 2034.0, "17": 2036.8300000000002, "50": 2040.0, "83": 2044.0, "95": 2048.0}, "chrnc": {"5": 2061.0, "17": 2064.0, "50": 2068.0, "83": 2071.0, "95": 2074.0}, "delta": {"5": 19.0, "17": 23.0, "50": 27.0, "83": 32.0, "95": 35.0}}, "int_high": {"occ": {"5": 2025.0, "17": 2027.0, "50": 2031.0, "83": 2034.0, "95": 2036.0}, "chrnc": {"5": 2048.0, "17": 2050.0, "50": 2053.0, "83": 2055.0, "95": 2057.0}, "delta": {"5": 16.0, "17": 18.0, "50": 22.0, "83": 26.0, "95": 28.0}}, "kopp": {"occ": {"5": 2040.0, "17": 2045.0, "50": 2053.0, "83": 2063.0, "95": 2074.0}, "chrnc": {"5": 2064.0, "17": 2072.0, "50": 2083.0, "83": 2094.0, "95": 2099.0}, "delta": {"5": 19.0, "17": 24.0, "50": 31.0, "83": 39.0, "95": 44.0}}}