{"int_low": {"occ": {"5": 2057.0, "17": 2062.0, "50": 2074.0, "83": 2087.17, "95": 2091.0}, "chrnc": {"5": 2100.0, "17": 2100.0, "50": 2100.0, "83": 2100.0, "95": 2100.0}, "delta": {"5": 29.0, "17": 29.0, "50": 29.0, "83": 29.0, "95": 29.0}}, "int": {"occ": {"5": 2040.0, "17": 2042.8300000000002, "50": 2048.0, "83": 2053.0, "95": 2055.0}, "chrnc": {"5": 2076.0, "17": 2078.0, "50": 2083.0, "83": 2088.0, "95": 2090.0}, "delta": {"5": 24.0, "17": 28.0, "50": 35.0, "83": 42.0, "95": 46.0}}, "int_high": {"occ": {"5": 2029.0, "17": 2036.8300000000002, "50": 2039.0, "83": 2042.0, "95": 2048.0}, "chrnc": {"5": 2057.0, "17": 2059.0, "50": 2062.0, "83": 2067.0, "95": 2069.0}, "delta": {"5": 15.0, "17": 19.0, "50": 23.0, "83": 29.0, "95": 33.04999999999927}}, "kopp": {"occ": {"5": 2041.0, "17": 2046.0, "50": 2058.0, "83": 2072.0, "95": 2087.0}, "chrnc": {"5": 2073.0, "17": 2080.0, "50": 2093.0, "83": 2098.0, "95": 2100.0}, "delta": {"5": 22.0, "17": 27.0, "50": 36.0, "83": 44.0, "95": 53.0}}}