{"int_low": {"occ": {"5": 2012.0, "17": 2013.8300000000002, "50": 2018.0, "83": 2021.0, "95": 2032.0}, "chrnc": {"5": 2052.0, "17": 2057.0, "50": 2063.0, "83": 2070.0, "95": 2073.0}, "delta": {"5": 29.0, "17": 37.0, "50": 46.0, "83": 52.17000000000007, "95": 57.0}}, "int": {"occ": {"5": 2011.0, "17": 2012.0, "50": 2014.0, "83": 2017.0, "95": 2020.0}, "chrnc": {"5": 2039.0, "17": 2041.0, "50": 2044.0, "83": 2049.0, "95": 2052.0}, "delta": {"5": 22.0, "17": 25.0, "50": 30.0, "83": 35.0, "95": 39.0}}, "int_high": {"occ": {"5": 2010.0, "17": 2010.0, "50": 2011.0, "83": 2016.0, "95": 2018.0499999999993}, "chrnc": {"5": 2030.0, "17": 2034.0, "50": 2037.0, "83": 2039.0, "95": 2040.0}, "delta": {"5": 16.0, "17": 20.0, "50": 25.0, "83": 28.0, "95": 29.0}}, "kopp": {"occ": {"5": 2011.0, "17": 2012.0, "50": 2016.0, "83": 2020.0, "95": 2029.0}, "chrnc": {"5": 2041.0, "17": 2044.0, "50": 2053.0, "83": 2062.0, "95": 2071.0}, "delta": {"5": 23.0, "17": 28.0, "50": 36.0, "83": 45.0, "95": 54.0}}}