{"int_low": {"occ": {"5": 2057.0, "17": 2060.0, "50": 2065.0, "83": 2070.0, "95": 2072.0499999999993}, "chrnc": {"5": 2091.0, "17": 2093.0, "50": 2097.0, "83": 2099.0, "95": 2100.0}, "delta": {"5": 22.0, "17": 26.0, "50": 31.0, "83": 37.0, "95": 40.0}}, "int": {"occ": {"5": 2039.0, "17": 2042.0, "50": 2045.0, "83": 2048.0, "95": 2050.0}, "chrnc": {"5": 2057.0, "17": 2058.0, "50": 2061.0, "83": 2063.0, "95": 2066.0}, "delta": {"5": 10.0, "17": 12.830000000000155, "50": 16.0, "83": 19.0, "95": 22.0}}, "int_high": {"occ": {"5": 2032.0, "17": 2034.0, "50": 2035.0, "83": 2037.0, "95": 2038.0}, "chrnc": {"5": 2046.0, "17": 2047.0, "50": 2049.0, "83": 2051.0, "95": 2052.0}, "delta": {"5": 10.0, "17": 12.0, "50": 14.0, "83": 16.0, "95": 18.0}}}