{"int_low": {"occ": {"5": 2011.0, "17": 2011.0, "50": 2021.0, "83": 2026.0, "95": 2030.0499999999993}, "chrnc": {"5": 2043.0, "17": 2047.0, "50": 2053.0, "83": 2057.0, "95": 2059.0499999999993}, "delta": {"5": 19.0, "17": 24.0, "50": 32.0, "83": 39.0, "95": 45.0}}, "int": {"occ": {"5": 2011.0, "17": 2012.0, "50": 2016.0, "83": 2019.0, "95": 2020.0}, "chrnc": {"5": 2032.95, "17": 2035.0, "50": 2037.0, "83": 2039.0, "95": 2041.0}, "delta": {"5": 14.950000000000045, "17": 18.0, "50": 21.0, "83": 26.0, "95": 28.0}}, "int_high": {"occ": {"5": 2010.0, "17": 2010.0, "50": 2013.0, "83": 2015.0, "95": 2016.0}, "chrnc": {"5": 2025.0, "17": 2027.0, "50": 2029.0, "83": 2032.0, "95": 2033.0}, "delta": {"5": 10.950000000000045, "17": 13.0, "50": 16.0, "83": 19.0, "95": 22.0}}, "kopp": {"occ": {"5": 2011.0, "17": 2020.0, "50": 2024.0, "83": 2031.0, "95": 2035.0}, "chrnc": {"5": 2042.0, "17": 2045.0, "50": 2052.0, "83": 2059.0, "95": 2067.0}, "delta": {"5": 16.0, "17": 21.0, "50": 27.0, "83": 35.0, "95": 41.0}}}