{"int_low": {"occ": {"5": 2013.0, "17": 2013.0, "50": 2015.0, "83": 2015.0, "95": 2018.0}, "chrnc": {"5": 2028.0, "17": 2031.0, "50": 2036.0, "83": 2039.0, "95": 2042.0499999999993}, "delta": {"5": 13.0, "17": 16.830000000000155, "50": 21.0, "83": 25.0, "95": 28.0}}, "int": {"occ": {"5": 2012.0, "17": 2013.0, "50": 2015.0, "83": 2015.0, "95": 2016.0}, "chrnc": {"5": 2022.0, "17": 2024.0, "50": 2027.0, "83": 2029.0, "95": 2031.0}, "delta": {"5": 7.0, "17": 9.0, "50": 12.0, "83": 15.0, "95": 18.0}}, "int_high": {"occ": {"5": 2010.0, "17": 2013.0, "50": 2014.0, "83": 2015.0, "95": 2015.0}, "chrnc": {"5": 2019.0, "17": 2020.0, "50": 2022.0, "83": 2024.0, "95": 2025.0}, "delta": {"5": 4.0, "17": 6.0, "50": 8.0, "83": 10.0, "95": 12.0}}, "kopp": {"occ": {"5": 2013.0, "17": 2014.0, "50": 2015.0, "83": 2015.0, "95": 2019.0}, "chrnc": {"5": 2029.0, "17": 2033.0, "50": 2038.0, "83": 2044.0, "95": 2049.0}, "delta": {"5": 14.0, "17": 18.0, "50": 23.0, "83": 29.0, "95": 34.0}}}