{"int_low": {"occ": {"5": 2027.95, "17": 2034.0, "50": 2043.0, "83": 2052.0, "95": 2056.0499999999993}, "chrnc": {"5": 2089.0, "17": 2096.0, "50": 2099.0, "83": 2100.0, "95": 2100.0}, "delta": {"5": 37.0, "17": 46.0, "50": 55.0, "83": 63.0, "95": 72.0}}, "int": {"occ": {"5": 2019.0, "17": 2026.0, "50": 2033.0, "83": 2039.0, "95": 2042.0}, "chrnc": {"5": 2063.0, "17": 2065.0, "50": 2069.0, "83": 2072.0, "95": 2075.0}, "delta": {"5": 25.0, "17": 29.0, "50": 36.0, "83": 43.0, "95": 50.0}}, "int_high": {"occ": {"5": 2017.0, "17": 2017.0, "50": 2025.0, "83": 2031.0, "95": 2035.0}, "chrnc": {"5": 2050.0, "17": 2052.0, "50": 2055.0, "83": 2057.0, "95": 2058.0499999999993}, "delta": {"5": 20.0, "17": 24.0, "50": 29.0, "83": 37.0, "95": 40.0}}, "kopp": {"occ": {"5": 2023.0, "17": 2030.0, "50": 2038.0, "83": 2047.0, "95": 2055.0499999999993}, "chrnc": {"5": 2062.0, "17": 2069.0, "50": 2081.0, "83": 2093.0, "95": 2099.0}, "delta": {"5": 27.0, "17": 34.0, "50": 43.0, "83": 54.0, "95": 62.0}}}