{"int_low": {"occ": {"5": 2010.0, "17": 2011.0, "50": 2011.0, "83": 2015.0, "95": 2020.0}, "chrnc": {"5": 2019.0, "17": 2024.0, "50": 2030.0, "83": 2036.0, "95": 2039.0}, "delta": {"5": 6.9500000000000455, "17": 10.0, "50": 17.0, "83": 24.0, "95": 28.0}}, "int": {"occ": {"5": 2010.0, "17": 2011.0, "50": 2011.0, "83": 2013.0, "95": 2017.0}, "chrnc": {"5": 2012.0, "17": 2013.0, "50": 2020.0, "83": 2025.0, "95": 2029.0}, "delta": {"5": -1.0, "17": 1.0, "50": 8.0, "83": 14.0, "95": 17.0}}, "int_high": {"occ": {"5": 2010.0, "17": 2011.0, "50": 2011.0, "83": 2013.0, "95": 2016.0}, "chrnc": {"5": 2010.0, "17": 2013.0, "50": 2015.0, "83": 2019.0, "95": 2021.0}, "delta": {"5": -2.0499999999999545, "17": 1.0, "50": 4.0, "83": 7.0, "95": 10.0}}, "kopp": {"occ": {"5": 2010.0, "17": 2011.0, "50": 2011.0, "83": 2015.0, "95": 2019.0}, "chrnc": {"5": 2017.0, "17": 2022.0, "50": 2029.0, "83": 2036.0, "95": 2045.0}, "delta": {"5": 4.0, "17": 9.0, "50": 16.0, "83": 24.0, "95": 32.0}}}