{"int_low": {"occ": {"5": 2010.0, "17": 2010.0, "50": 2014.0, "83": 2019.0, "95": 2023.0}, "chrnc": {"5": 2020.0, "17": 2024.0, "50": 2031.0, "83": 2037.0, "95": 2041.0}, "delta": {"5": 4.0, "17": 9.0, "50": 16.0, "83": 23.0, "95": 27.049999999999272}}, "int": {"occ": {"5": 2010.0, "17": 2010.0, "50": 2013.0, "83": 2017.0, "95": 2020.0}, "chrnc": {"5": 2015.0, "17": 2019.0, "50": 2023.0, "83": 2027.0, "95": 2030.0499999999993}, "delta": {"5": 0.900000000000091, "17": 4.0, "50": 9.0, "83": 14.0, "95": 17.049999999999272}}, "int_high": {"occ": {"5": 2010.0, "17": 2010.0, "50": 2012.0, "83": 2015.0, "95": 2018.0}, "chrnc": {"5": 2011.0, "17": 2011.0, "50": 2017.0, "83": 2021.0, "95": 2023.0}, "delta": {"5": -4.0, "17": 1.0, "50": 5.0, "83": 9.0, "95": 12.0}}, "kopp": {"occ": {"5": 2010.0, "17": 2013.0, "50": 2015.0, "83": 2021.0, "95": 2024.0}, "chrnc": {"5": 2022.0, "17": 2027.0, "50": 2033.0, "83": 2041.0, "95": 2048.0}, "delta": {"5": 4.0, "17": 9.0, "50": 17.0, "83": 25.0, "95": 31.0}}}