{"int_low": {"occ": {"5": 2010.0, "17": 2011.0, "50": 2018.0, "83": 2022.0, "95": 2026.0}, "chrnc": {"5": 2042.0, "17": 2045.8300000000002, "50": 2051.0, "83": 2056.0, "95": 2059.0}, "delta": {"5": 21.950000000000045, "17": 26.0, "50": 33.0, "83": 40.0, "95": 44.0}}, "int": {"occ": {"5": 2010.0, "17": 2010.0, "50": 2013.0, "83": 2016.0, "95": 2019.0}, "chrnc": {"5": 2030.0, "17": 2033.0, "50": 2036.0, "83": 2039.0, "95": 2040.0}, "delta": {"5": 15.0, "17": 19.0, "50": 23.0, "83": 26.0, "95": 29.0}}, "int_high": {"occ": {"5": 2010.0, "17": 2012.0, "50": 2013.0, "83": 2015.0, "95": 2015.0}, "chrnc": {"5": 2025.0, "17": 2027.0, "50": 2029.0, "83": 2031.17, "95": 2033.0}, "delta": {"5": 10.0, "17": 13.0, "50": 15.0, "83": 18.0, "95": 21.0}}, "kopp": {"occ": {"5": 2011.0, "17": 2011.0, "50": 2021.0, "83": 2027.0, "95": 2032.0}, "chrnc": {"5": 2040.0, "17": 2044.0, "50": 2051.0, "83": 2058.0, "95": 2065.0}, "delta": {"5": 18.0, "17": 23.0, "50": 30.0, "83": 38.0, "95": 44.0}}}