{"int_low": {"occ": {"5": 2010.0, "17": 2010.0, "50": 2012.0, "83": 2024.0, "95": 2034.0499999999993}, "chrnc": {"5": 2022.0, "17": 2026.0, "50": 2039.0, "83": 2051.0, "95": 2055.0}, "delta": {"5": -3.0, "17": 9.0, "50": 22.0, "83": 36.0, "95": 43.0}}, "int": {"occ": {"5": 2010.0, "17": 2010.0, "50": 2011.0, "83": 2018.0, "95": 2021.0}, "chrnc": {"5": 2015.0, "17": 2019.0, "50": 2027.0, "83": 2034.0, "95": 2036.0}, "delta": {"5": 1.0, "17": 5.0, "50": 14.0, "83": 22.0, "95": 26.0}}, "int_high": {"occ": {"5": 2010.0, "17": 2010.0, "50": 2010.0, "83": 2013.0, "95": 2019.0}, "chrnc": {"5": 2015.0, "17": 2015.0, "50": 2019.0, "83": 2027.0, "95": 2033.0}, "delta": {"5": -2.0, "17": 4.0, "50": 8.0, "83": 14.170000000000073, "95": 22.0}}, "kopp": {"occ": {"5": 2010.0, "17": 2010.0, "50": 2012.0, "83": 2020.0, "95": 2033.0}, "chrnc": {"5": 2019.0, "17": 2023.0, "50": 2032.0, "83": 2043.0, "95": 2054.0}, "delta": {"5": 1.0, "17": 8.0, "50": 17.0, "83": 27.0, "95": 39.0}}}