{"int_low": {"occ": {"5": 2010.0, "17": 2011.0, "50": 2011.0, "83": 2014.0, "95": 2019.0}, "chrnc": {"5": 2019.0, "17": 2022.0, "50": 2029.0, "83": 2036.0, "95": 2044.0}, "delta": {"5": 5.0, "17": 10.0, "50": 17.0, "83": 25.0, "95": 31.0}}, "int": {"occ": {"5": 2010.0, "17": 2010.0, "50": 2011.0, "83": 2012.0, "95": 2015.0}, "chrnc": {"5": 2016.0, "17": 2017.0, "50": 2020.0, "83": 2029.0, "95": 2033.0}, "delta": {"5": 4.0, "17": 5.0, "50": 9.0, "83": 17.170000000000073, "95": 22.0}}, "int_high": {"occ": {"5": 2010.0, "17": 2010.0, "50": 2011.0, "83": 2012.0, "95": 2015.0}, "chrnc": {"5": 2013.0, "17": 2016.0, "50": 2018.0, "83": 2020.0, "95": 2021.0}, "delta": {"5": 1.9500000000000455, "17": 4.0, "50": 6.0, "83": 9.0, "95": 10.0}}, "kopp": {"occ": {"5": 2010.0, "17": 2011.0, "50": 2011.0, "83": 2014.0, "95": 2020.0}, "chrnc": {"5": 2019.0, "17": 2023.0, "50": 2029.0, "83": 2037.0, "95": 2050.0}, "delta": {"5": 6.0, "17": 10.0, "50": 17.0, "83": 25.0, "95": 36.0}}}