{"int_low": {"occ": {"5": 2014.0, "17": 2015.0, "50": 2022.0, "83": 2033.0, "95": 2036.0499999999993}, "chrnc": {"5": 2061.0, "17": 2065.0, "50": 2078.0, "83": 2089.0, "95": 2092.0}, "delta": {"5": 32.0, "17": 41.0, "50": 54.0, "83": 66.17000000000007, "95": 73.0}}, "int": {"occ": {"5": 2012.0, "17": 2014.0, "50": 2016.0, "83": 2021.0, "95": 2031.0}, "chrnc": {"5": 2043.95, "17": 2046.0, "50": 2050.0, "83": 2054.0, "95": 2056.0}, "delta": {"5": 19.0, "17": 27.0, "50": 33.0, "83": 39.0, "95": 42.0}}, "int_high": {"occ": {"5": 2010.0, "17": 2011.0, "50": 2012.0, "83": 2016.0, "95": 2019.0}, "chrnc": {"5": 2037.0, "17": 2039.0, "50": 2040.0, "83": 2042.0, "95": 2044.0}, "delta": {"5": 20.0, "17": 24.0, "50": 28.0, "83": 30.0, "95": 32.0}}, "kopp": {"occ": {"5": 2013.0, "17": 2014.0, "50": 2019.0, "83": 2030.0, "95": 2036.0}, "chrnc": {"5": 2044.0, "17": 2050.0, "50": 2060.0, "83": 2074.0, "95": 2087.0}, "delta": {"5": 24.0, "17": 30.0, "50": 41.0, "83": 53.0, "95": 64.0}}}