{"int_low": {"occ": {"5": 2010.0, "17": 2013.0, "50": 2013.0, "83": 2013.0, "95": 2024.0}, "chrnc": {"5": 2017.0, "17": 2023.0, "50": 2035.0, "83": 2044.0, "95": 2052.0}, "delta": {"5": 4.0, "17": 8.830000000000155, "50": 22.0, "83": 31.0, "95": 38.0}}, "int": {"occ": {"5": 2010.0, "17": 2012.0, "50": 2013.0, "83": 2013.0, "95": 2019.0}, "chrnc": {"5": 2017.0, "17": 2018.0, "50": 2028.0, "83": 2035.0, "95": 2039.0}, "delta": {"5": 4.0, "17": 5.830000000000155, "50": 15.0, "83": 22.0, "95": 26.0}}, "int_high": {"occ": {"5": 2010.0, "17": 2012.0, "50": 2013.0, "83": 2013.0, "95": 2014.0}, "chrnc": {"5": 2015.0, "17": 2017.0, "50": 2022.0, "83": 2027.0, "95": 2031.0}, "delta": {"5": 2.0, "17": 4.0, "50": 9.0, "83": 15.0, "95": 18.0}}, "kopp": {"occ": {"5": 2010.0, "17": 2013.0, "50": 2013.0, "83": 2013.0, "95": 2023.0}, "chrnc": {"5": 2017.0, "17": 2021.0, "50": 2032.0, "83": 2041.0, "95": 2050.0}, "delta": {"5": 4.0, "17": 7.0, "50": 18.0, "83": 28.0, "95": 36.0}}}