{"int_low": {"occ": {"5": 2010.0, "17": 2010.0, "50": 2010.0, "83": 2012.0, "95": 2019.0}, "chrnc": {"5": 2037.0, "17": 2044.0, "50": 2051.0, "83": 2059.0, "95": 2063.0499999999993}, "delta": {"5": 24.0, "17": 31.0, "50": 40.0, "83": 48.0, "95": 53.0}}, "int": {"occ": {"5": 2010.0, "17": 2010.0, "50": 2010.0, "83": 2011.0, "95": 2012.0}, "chrnc": {"5": 2027.0, "17": 2030.0, "50": 2035.0, "83": 2040.0, "95": 2042.0}, "delta": {"5": 16.0, "17": 20.0, "50": 24.0, "83": 29.0, "95": 32.0}}, "int_high": {"occ": {"5": 2010.0, "17": 2010.0, "50": 2010.0, "83": 2011.0, "95": 2012.0}, "chrnc": {"5": 2021.0, "17": 2024.0, "50": 2027.0, "83": 2030.0, "95": 2032.0499999999993}, "delta": {"5": 11.0, "17": 13.0, "50": 16.0, "83": 19.0, "95": 22.0}}, "kopp": {"occ": {"5": 2010.0, "17": 2010.0, "50": 2010.0, "83": 2012.0, "95": 2023.0}, "chrnc": {"5": 2034.0, "17": 2039.0, "50": 2047.0, "83": 2056.0, "95": 2066.0}, "delta": {"5": 21.0, "17": 27.0, "50": 35.0, "83": 45.0, "95": 53.0}}}