{"int_low": {"occ": {"5": 2010.0, "17": 2012.0, "50": 2013.0, "83": 2015.0, "95": 2020.0}, "chrnc": {"5": 2042.0, "17": 2046.0, "50": 2050.0, "83": 2055.0, "95": 2059.0499999999993}, "delta": {"5": 26.0, "17": 31.0, "50": 37.0, "83": 42.0, "95": 47.0}}, "int": {"occ": {"5": 2010.0, "17": 2011.0, "50": 2013.0, "83": 2014.0, "95": 2018.0}, "chrnc": {"5": 2030.0, "17": 2032.0, "50": 2036.0, "83": 2039.0, "95": 2041.0}, "delta": {"5": 16.0, "17": 19.0, "50": 23.0, "83": 26.0, "95": 29.0}}, "int_high": {"occ": {"5": 2010.0, "17": 2010.0, "50": 2013.0, "83": 2013.0, "95": 2014.0}, "chrnc": {"5": 2024.0, "17": 2026.0, "50": 2029.0, "83": 2031.0, "95": 2033.0}, "delta": {"5": 11.0, "17": 13.0, "50": 17.0, "83": 19.170000000000073, "95": 21.0}}, "kopp": {"occ": {"5": 2010.0, "17": 2012.0, "50": 2013.0, "83": 2017.0, "95": 2021.0}, "chrnc": {"5": 2039.0, "17": 2043.0, "50": 2049.0, "83": 2057.0, "95": 2064.0}, "delta": {"5": 24.0, "17": 29.0, "50": 35.0, "83": 43.0, "95": 50.0}}}