{"int_low": {"occ": {"5": 2010.0, "17": 2013.0, "50": 2015.0, "83": 2016.0, "95": 2021.0}, "chrnc": {"5": 2038.0, "17": 2040.8300000000002, "50": 2046.0, "83": 2050.17, "95": 2054.0}, "delta": {"5": 21.0, "17": 25.0, "50": 31.0, "83": 36.0, "95": 39.0}}, "int": {"occ": {"5": 2010.0, "17": 2011.8300000000002, "50": 2015.0, "83": 2015.0, "95": 2016.0}, "chrnc": {"5": 2026.0, "17": 2029.0, "50": 2032.0, "83": 2035.0, "95": 2036.0}, "delta": {"5": 11.0, "17": 14.0, "50": 18.0, "83": 21.0, "95": 23.049999999999272}}, "int_high": {"occ": {"5": 2010.0, "17": 2010.0, "50": 2014.0, "83": 2015.0, "95": 2015.0}, "chrnc": {"5": 2021.0, "17": 2022.0, "50": 2025.0, "83": 2027.0, "95": 2028.0}, "delta": {"5": 6.0, "17": 8.0, "50": 11.0, "83": 14.0, "95": 16.0}}, "kopp": {"occ": {"5": 2012.0, "17": 2014.0, "50": 2015.0, "83": 2019.0, "95": 2023.0}, "chrnc": {"5": 2037.0, "17": 2041.0, "50": 2048.0, "83": 2055.0, "95": 2062.0}, "delta": {"5": 21.0, "17": 25.0, "50": 32.0, "83": 39.0, "95": 47.0}}}