{"int_low": {"occ": {"5": 2011.0, "17": 2011.0, "50": 2018.0, "83": 2032.0, "95": 2035.0499999999993}, "chrnc": {"5": 2076.0, "17": 2080.0, "50": 2092.0, "83": 2097.0, "95": 2099.0}, "delta": {"5": 45.0, "17": 57.0, "50": 68.0, "83": 81.0, "95": 85.0}}, "int": {"occ": {"5": 2011.0, "17": 2011.0, "50": 2014.0, "83": 2020.0, "95": 2031.0}, "chrnc": {"5": 2046.0, "17": 2056.0, "50": 2059.0, "83": 2067.0, "95": 2070.0}, "delta": {"5": 27.0, "17": 36.0, "50": 46.0, "83": 54.0, "95": 57.0}}, "int_high": {"occ": {"5": 2011.0, "17": 2011.0, "50": 2011.0, "83": 2018.0, "95": 2021.0}, "chrnc": {"5": 2040.0, "17": 2042.0, "50": 2046.0, "83": 2050.0, "95": 2052.0}, "delta": {"5": 22.950000000000045, "17": 28.0, "50": 33.0, "83": 38.0, "95": 41.0}}, "kopp": {"occ": {"5": 2011.0, "17": 2011.0, "50": 2015.0, "83": 2030.0, "95": 2034.0}, "chrnc": {"5": 2054.0, "17": 2060.0, "50": 2071.0, "83": 2086.0, "95": 2095.0}, "delta": {"5": 31.0, "17": 41.0, "50": 53.0, "83": 67.0, "95": 77.0}}}