{"int_low": {"occ": {"5": 2012.0, "17": 2013.0, "50": 2020.0, "83": 2029.0, "95": 2033.0}, "chrnc": {"5": 2043.0, "17": 2048.0, "50": 2054.0, "83": 2060.17, "95": 2067.0499999999993}, "delta": {"5": 17.950000000000045, "17": 24.0, "50": 34.0, "83": 43.0, "95": 49.0}}, "int": {"occ": {"5": 2010.0, "17": 2012.0, "50": 2013.0, "83": 2019.0, "95": 2021.0}, "chrnc": {"5": 2030.95, "17": 2034.0, "50": 2038.0, "83": 2042.0, "95": 2044.0}, "delta": {"5": 14.0, "17": 19.0, "50": 25.0, "83": 28.0, "95": 31.0}}, "int_high": {"occ": {"5": 2010.0, "17": 2010.0, "50": 2011.0, "83": 2012.0, "95": 2014.0}, "chrnc": {"5": 2023.0, "17": 2026.0, "50": 2030.0, "83": 2033.0, "95": 2035.0}, "delta": {"5": 11.0, "17": 14.0, "50": 18.0, "83": 22.0, "95": 24.0}}, "kopp": {"occ": {"5": 2012.0, "17": 2013.0, "50": 2019.0, "83": 2027.0, "95": 2033.0}, "chrnc": {"5": 2039.0, "17": 2042.0, "50": 2049.0, "83": 2058.0, "95": 2067.0}, "delta": {"5": 16.0, "17": 21.0, "50": 30.0, "83": 39.0, "95": 47.0}}}