{"int_low": {"occ": {"5": 2012.0, "17": 2013.0, "50": 2015.0, "83": 2020.0, "95": 2024.0}, "chrnc": {"5": 2040.0, "17": 2043.8300000000002, "50": 2047.0, "83": 2052.0, "95": 2055.0}, "delta": {"5": 21.0, "17": 25.0, "50": 32.0, "83": 37.0, "95": 41.0}}, "int": {"occ": {"5": 2011.0, "17": 2012.0, "50": 2012.0, "83": 2015.0, "95": 2019.0499999999993}, "chrnc": {"5": 2027.0, "17": 2030.0, "50": 2035.0, "83": 2037.0, "95": 2039.0}, "delta": {"5": 12.950000000000045, "17": 17.0, "50": 21.0, "83": 25.0, "95": 27.0}}, "int_high": {"occ": {"5": 2010.0, "17": 2010.0, "50": 2012.0, "83": 2012.0, "95": 2015.0}, "chrnc": {"5": 2022.0, "17": 2025.0, "50": 2027.0, "83": 2029.0, "95": 2031.0499999999993}, "delta": {"5": 10.0, "17": 13.0, "50": 15.0, "83": 18.0, "95": 20.0}}, "kopp": {"occ": {"5": 2012.0, "17": 2013.0, "50": 2016.0, "83": 2021.0, "95": 2027.0}, "chrnc": {"5": 2036.0, "17": 2039.0, "50": 2044.0, "83": 2052.0, "95": 2058.0}, "delta": {"5": 17.0, "17": 21.0, "50": 27.0, "83": 34.0, "95": 40.0}}}