{"int_low": {"occ": {"5": 2010.0, "17": 2011.0, "50": 2016.0, "83": 2017.0, "95": 2020.0499999999993}, "chrnc": {"5": 2041.0, "17": 2044.0, "50": 2048.0, "83": 2053.0, "95": 2056.0}, "delta": {"5": 25.0, "17": 28.0, "50": 34.0, "83": 39.0, "95": 43.0}}, "int": {"occ": {"5": 2012.0, "17": 2013.0, "50": 2015.0, "83": 2015.0, "95": 2017.0}, "chrnc": {"5": 2030.0, "17": 2032.0, "50": 2035.0, "83": 2037.0, "95": 2039.0}, "delta": {"5": 15.0, "17": 17.830000000000155, "50": 21.0, "83": 23.0, "95": 25.0}}, "int_high": {"occ": {"5": 2010.0, "17": 2013.0, "50": 2014.0, "83": 2015.0, "95": 2015.0}, "chrnc": {"5": 2024.0, "17": 2026.0, "50": 2028.0, "83": 2030.0, "95": 2032.0}, "delta": {"5": 10.0, "17": 12.0, "50": 14.0, "83": 17.0, "95": 19.0}}, "kopp": {"occ": {"5": 2010.0, "17": 2011.0, "50": 2016.0, "83": 2020.0, "95": 2025.0}, "chrnc": {"5": 2039.0, "17": 2042.0, "50": 2048.0, "83": 2055.0, "95": 2062.0}, "delta": {"5": 22.0, "17": 26.0, "50": 33.0, "83": 41.0, "95": 47.0}}}