{"int_low": {"occ": {"5": 2017.0, "17": 2021.0, "50": 2027.0, "83": 2034.0, "95": 2037.0}, "chrnc": {"5": 2041.0, "17": 2043.0, "50": 2049.0, "83": 2056.0, "95": 2061.0}, "delta": {"5": 8.0, "17": 13.0, "50": 22.0, "83": 31.0, "95": 37.0}}, "int": {"occ": {"5": 2016.0, "17": 2016.0, "50": 2020.0, "83": 2025.0, "95": 2032.0}, "chrnc": {"5": 2026.0, "17": 2031.8300000000002, "50": 2037.0, "83": 2040.0, "95": 2043.0}, "delta": {"5": 4.0, "17": 9.0, "50": 17.0, "83": 22.0, "95": 25.0}}, "int_high": {"occ": {"5": 2014.95, "17": 2016.0, "50": 2018.0, "83": 2020.0, "95": 2023.0}, "chrnc": {"5": 2022.0, "17": 2025.0, "50": 2029.0, "83": 2033.0, "95": 2035.0}, "delta": {"5": 2.9500000000000455, "17": 6.0, "50": 11.0, "83": 15.0, "95": 18.0}}, "kopp": {"occ": {"5": 2016.0, "17": 2019.0, "50": 2025.0, "83": 2033.0, "95": 2037.0}, "chrnc": {"5": 2032.95, "17": 2038.0, "50": 2044.0, "83": 2053.0, "95": 2060.0}, "delta": {"5": 6.0, "17": 11.0, "50": 19.0, "83": 28.0, "95": 35.0}}}