{"int_low": {"occ": {"5": NaN, "17": NaN, "50": NaN, "83": NaN, "95": NaN}, "chrnc": {"5": NaN, "17": NaN, "50": NaN, "83": NaN, "95": NaN}, "delta": {"5": NaN, "17": NaN, "50": NaN, "83": NaN, "95": NaN}}, "int": {"occ": {"5": 2070.0, "17": 2071.0, "50": 2073.0, "83": 2074.0, "95": 2075.0}, "chrnc": {"5": 2080.0, "17": 2081.0, "50": 2083.0, "83": 2085.0, "95": 2086.0499999999993}, "delta": {"5": 6.0, "17": 8.0, "50": 10.0, "83": 13.0, "95": 14.0}}, "int_high": {"occ": {"5": 2055.0, "17": 2056.0, "50": 2057.0, "83": 2058.0, "95": 2059.0}, "chrnc": {"5": 2062.0, "17": 2063.0, "50": 2065.0, "83": 2066.0, "95": 2067.0}, "delta": {"5": 5.0, "17": 6.0, "50": 8.0, "83": 9.0, "95": 11.0}}, "kopp": {"occ": {"5": 2069.0, "17": 2076.0, "50": 2086.0, "83": 2095.0, "95": 2099.0}, "chrnc": {"5": 2075.0, "17": 2082.0, "50": 2092.0, "83": 2098.0, "95": 2100.0}, "delta": {"5": 6.150000000000006, "17": 8.0, "50": 12.0, "83": 15.0, "95": 17.0}}}