{"int_low": {"occ": {"5": NaN, "17": NaN, "50": NaN, "83": NaN, "95": NaN}, "chrnc": {"5": NaN, "17": NaN, "50": NaN, "83": NaN, "95": NaN}, "delta": {"5": NaN, "17": NaN, "50": NaN, "83": NaN, "95": NaN}}, "int": {"occ": {"5": 2076.0, "17": 2078.0, "50": 2082.0, "83": 2087.0, "95": 2090.0}, "chrnc": {"5": 2094.0, "17": 2096.0, "50": 2098.0, "83": 2100.0, "95": 2100.0}, "delta": {"5": 7.0, "17": 11.0, "50": 16.0, "83": 20.0, "95": 23.0}}, "int_high": {"occ": {"5": 2057.0, "17": 2060.0, "50": 2063.0, "83": 2066.0, "95": 2068.0}, "chrnc": {"5": 2072.0, "17": 2074.0, "50": 2076.0, "83": 2078.0, "95": 2080.0499999999993}, "delta": {"5": 7.0, "17": 9.0, "50": 13.0, "83": 17.0, "95": 19.049999999999272}}, "kopp": {"occ": {"5": 2068.0, "17": 2078.0, "50": 2090.0, "83": 2098.0, "95": 2100.0}, "chrnc": {"5": 2074.65, "17": 2084.0, "50": 2095.0, "83": 2099.0, "95": 2100.0}, "delta": {"5": 6.0, "17": 10.0, "50": 15.0, "83": 20.0, "95": 23.0}}}