{"int_low": {"occ": {"5": 2050.0, "17": 2055.0, "50": 2062.0, "83": 2069.0, "95": 2075.0499999999993}, "chrnc": {"5": 2090.0, "17": 2092.0, "50": 2097.0, "83": 2100.0, "95": 2100.0}, "delta": {"5": 19.0, "17": 28.0, "50": 35.0, "83": 43.0, "95": 50.0}}, "int": {"occ": {"5": 2034.0, "17": 2037.0, "50": 2041.0, "83": 2045.0, "95": 2048.0}, "chrnc": {"5": 2060.0, "17": 2062.0, "50": 2066.0, "83": 2068.0, "95": 2070.0}, "delta": {"5": 16.0, "17": 19.0, "50": 24.0, "83": 29.0, "95": 32.0}}, "int_high": {"occ": {"5": 2026.0, "17": 2029.0, "50": 2032.0, "83": 2035.0, "95": 2037.0}, "chrnc": {"5": 2047.0, "17": 2048.0, "50": 2051.0, "83": 2053.0, "95": 2054.0499999999993}, "delta": {"5": 12.0, "17": 15.0, "50": 19.0, "83": 22.0, "95": 25.0}}, "kopp": {"occ": {"5": 2041.0, "17": 2046.0, "50": 2054.0, "83": 2065.0, "95": 2077.0}, "chrnc": {"5": 2063.0, "17": 2070.0, "50": 2081.0, "83": 2093.0, "95": 2099.0}, "delta": {"5": 16.0, "17": 21.0, "50": 28.0, "83": 35.0, "95": 41.0}}}