{"int_low": {"occ": {"5": 2010.0, "17": 2010.0, "50": 2012.0, "83": 2014.0, "95": 2015.0}, "chrnc": {"5": 2017.0, "17": 2018.8300000000002, "50": 2028.0, "83": 2036.0, "95": 2041.0}, "delta": {"5": 4.0, "17": 7.0, "50": 16.0, "83": 24.0, "95": 29.0}}, "int": {"occ": {"5": 2010.0, "17": 2010.8300000000002, "50": 2012.0, "83": 2013.0, "95": 2014.0}, "chrnc": {"5": 2017.0, "17": 2019.0, "50": 2025.0, "83": 2031.0, "95": 2034.0}, "delta": {"5": 5.0, "17": 7.0, "50": 13.0, "83": 19.0, "95": 22.049999999999272}}, "int_high": {"occ": {"5": 2010.0, "17": 2010.0, "50": 2012.0, "83": 2012.0, "95": 2013.0}, "chrnc": {"5": 2016.0, "17": 2016.0, "50": 2018.0, "83": 2021.0, "95": 2024.0}, "delta": {"5": 3.0, "17": 4.0, "50": 6.0, "83": 10.0, "95": 13.0}}, "kopp": {"occ": {"5": 2010.0, "17": 2010.0, "50": 2012.0, "83": 2014.0, "95": 2018.0}, "chrnc": {"5": 2017.0, "17": 2020.0, "50": 2028.0, "83": 2036.0, "95": 2041.0}, "delta": {"5": 4.0, "17": 7.0, "50": 15.0, "83": 23.0, "95": 29.0}}}