{"int_low": {"occ": {"5": 2014.0, "17": 2017.0, "50": 2021.0, "83": 2028.0, "95": 2031.0499999999993}, "chrnc": {"5": 2061.0, "17": 2067.0, "50": 2076.0, "83": 2084.17, "95": 2089.0}, "delta": {"5": 38.0, "17": 44.0, "50": 54.0, "83": 64.0, "95": 70.0}}, "int": {"occ": {"5": 2011.0, "17": 2012.0, "50": 2013.0, "83": 2019.0, "95": 2022.0}, "chrnc": {"5": 2041.0, "17": 2044.0, "50": 2048.0, "83": 2052.0, "95": 2056.0}, "delta": {"5": 24.950000000000045, "17": 28.0, "50": 34.0, "83": 38.0, "95": 42.0}}, "int_high": {"occ": {"5": 2010.0, "17": 2011.0, "50": 2012.0, "83": 2013.0, "95": 2014.0}, "chrnc": {"5": 2032.0, "17": 2034.0, "50": 2038.0, "83": 2040.0, "95": 2043.0}, "delta": {"5": 20.0, "17": 22.0, "50": 26.0, "83": 29.0, "95": 31.0}}, "kopp": {"occ": {"5": 2014.0, "17": 2016.0, "50": 2021.0, "83": 2028.0, "95": 2033.0}, "chrnc": {"5": 2048.0, "17": 2054.0, "50": 2062.0, "83": 2074.0, "95": 2087.0}, "delta": {"5": 26.0, "17": 32.0, "50": 41.0, "83": 53.0, "95": 64.0}}}