{"int_low": {"occ": {"5": 2076.0, "17": 2082.0, "50": 2089.0, "83": 2095.0, "95": 2099.0}, "chrnc": {"5": 2095.0, "17": 2096.0, "50": 2099.0, "83": 2100.0, "95": 2100.0}, "delta": {"5": -4.0, "17": 4.0, "50": 12.0, "83": 18.0, "95": 24.0}}, "int": {"occ": {"5": 2052.0, "17": 2055.0, "50": 2058.0, "83": 2061.0, "95": 2063.0}, "chrnc": {"5": 2065.0, "17": 2068.0, "50": 2070.0, "83": 2073.0, "95": 2075.0499999999993}, "delta": {"5": 5.0, "17": 8.0, "50": 13.0, "83": 17.0, "95": 20.0}}, "int_high": {"occ": {"5": 2042.0, "17": 2044.0, "50": 2047.0, "83": 2049.0, "95": 2051.0}, "chrnc": {"5": 2052.0, "17": 2054.0, "50": 2056.0, "83": 2058.0, "95": 2060.0}, "delta": {"5": 4.0, "17": 6.830000000000155, "50": 9.0, "83": 12.0, "95": 15.0}}, "kopp": {"occ": {"5": 2053.0, "17": 2059.0, "50": 2069.0, "83": 2083.0, "95": 2094.0}, "chrnc": {"5": 2064.0, "17": 2071.0, "50": 2083.0, "83": 2094.0, "95": 2099.0}, "delta": {"5": 6.0, "17": 9.0, "50": 15.0, "83": 20.0, "95": 25.0}}}