{"int_low": {"occ": {"5": 2013.0, "17": 2013.0, "50": 2013.0, "83": 2013.0, "95": 2031.0}, "chrnc": {"5": 2010.0, "17": 2017.0, "50": 2030.0, "83": 2037.0, "95": 2052.0}, "delta": {"5": -3.0, "17": 3.0, "50": 16.0, "83": 24.0, "95": 39.0}}, "int": {"occ": {"5": 2013.0, "17": 2013.0, "50": 2013.0, "83": 2013.0, "95": 2014.0}, "chrnc": {"5": 2011.0, "17": 2014.0, "50": 2016.0, "83": 2031.0, "95": 2034.0}, "delta": {"5": -2.0, "17": 1.0, "50": 3.0, "83": 17.0, "95": 21.0}}, "int_high": {"occ": {"5": 2012.0, "17": 2013.0, "50": 2013.0, "83": 2013.0, "95": 2013.0499999999993}, "chrnc": {"5": 2011.0, "17": 2011.0, "50": 2012.0, "83": 2016.0, "95": 2019.0499999999993}, "delta": {"5": -2.0, "17": -2.0, "50": -1.0, "83": 3.0, "95": 7.0}}, "kopp": {"occ": {"5": 2013.0, "17": 2013.0, "50": 2013.0, "83": 2013.0, "95": 2016.0}, "chrnc": {"5": 2011.0, "17": 2015.0, "50": 2021.0, "83": 2034.0, "95": 2050.0}, "delta": {"5": -3.0, "17": 2.0, "50": 7.0, "83": 21.0, "95": 35.0}}}