{"int_low": {"occ": {"5": 2011.0, "17": 2013.0, "50": 2013.0, "83": 2017.0, "95": 2023.0}, "chrnc": {"5": 2011.0, "17": 2012.0, "50": 2015.0, "83": 2020.0, "95": 2024.0}, "delta": {"5": -7.0499999999999545, "17": -3.0, "50": 1.0, "83": 6.0, "95": 10.0}}, "int": {"occ": {"5": 2010.0, "17": 2013.0, "50": 2013.0, "83": 2014.0, "95": 2015.0}, "chrnc": {"5": 2010.0, "17": 2012.0, "50": 2013.0, "83": 2015.0, "95": 2015.0499999999993}, "delta": {"5": -1.0, "17": 0.0, "50": 0.0, "83": 0.0, "95": 1.0}}, "int_high": {"occ": {"5": 2010.0, "17": 2012.0, "50": 2013.0, "83": 2013.0, "95": 2015.0}, "chrnc": {"5": 2010.0, "17": 2012.0, "50": 2013.0, "83": 2013.0, "95": 2015.0}, "delta": {"5": 0.0, "17": 0.0, "50": 0.0, "83": 0.0, "95": 0.0}}, "kopp": {"occ": {"5": 2012.0, "17": 2013.0, "50": 2015.0, "83": 2021.0, "95": 2024.0}, "chrnc": {"5": 2010.0, "17": 2012.0, "50": 2018.0, "83": 2024.0, "95": 2028.0}, "delta": {"5": -9.0, "17": -4.0, "50": 3.0, "83": 9.0, "95": 13.0}}}