{"int_low": {"occ": {"5": 2067.0, "17": 2071.0, "50": 2077.0, "83": 2082.0, "95": 2086.0}, "chrnc": {"5": 2100.0, "17": 2100.0, "50": 2100.0, "83": 2100.0, "95": 2100.0}, "delta": {"5": 16.0, "17": 16.0, "50": 16.0, "83": 16.0, "95": 16.0}}, "int": {"occ": {"5": 2045.0, "17": 2047.0, "50": 2050.0, "83": 2052.0, "95": 2054.0}, "chrnc": {"5": 2065.0, "17": 2067.0, "50": 2070.0, "83": 2072.0, "95": 2074.0}, "delta": {"5": 14.0, "17": 17.0, "50": 20.0, "83": 23.0, "95": 25.049999999999272}}, "int_high": {"occ": {"5": 2037.0, "17": 2038.0, "50": 2040.0, "83": 2042.0, "95": 2044.0}, "chrnc": {"5": 2051.0, "17": 2053.0, "50": 2055.0, "83": 2056.0, "95": 2058.0}, "delta": {"5": 10.950000000000045, "17": 12.0, "50": 15.0, "83": 17.170000000000073, "95": 19.0}}, "kopp": {"occ": {"5": 2054.0, "17": 2059.0, "50": 2068.0, "83": 2078.0, "95": 2088.0}, "chrnc": {"5": 2072.0, "17": 2079.0, "50": 2089.0, "83": 2097.0, "95": 2100.0}, "delta": {"5": 15.0, "17": 19.0, "50": 24.0, "83": 29.0, "95": 32.0}}}