{"int_low": {"occ": {"5": 2011.0, "17": 2012.0, "50": 2013.0, "83": 2019.0, "95": 2023.0}, "chrnc": {"5": 2054.0, "17": 2059.83, "50": 2067.0, "83": 2075.0, "95": 2083.0}, "delta": {"5": 37.0, "17": 44.0, "50": 53.0, "83": 61.0, "95": 68.04999999999927}}, "int": {"occ": {"5": 2010.0, "17": 2010.0, "50": 2011.0, "83": 2012.0, "95": 2015.0499999999993}, "chrnc": {"5": 2037.0, "17": 2040.0, "50": 2045.0, "83": 2048.0, "95": 2051.0}, "delta": {"5": 25.0, "17": 29.0, "50": 33.0, "83": 37.0, "95": 40.0}}, "int_high": {"occ": {"5": 2010.0, "17": 2010.0, "50": 2010.0, "83": 2011.0, "95": 2012.0}, "chrnc": {"5": 2028.0, "17": 2031.0, "50": 2034.0, "83": 2037.0, "95": 2040.0}, "delta": {"5": 17.0, "17": 20.0, "50": 24.0, "83": 27.0, "95": 30.0}}, "kopp": {"occ": {"5": 2011.0, "17": 2012.0, "50": 2013.0, "83": 2021.0, "95": 2028.0}, "chrnc": {"5": 2044.0, "17": 2050.0, "50": 2058.0, "83": 2069.0, "95": 2081.0}, "delta": {"5": 28.0, "17": 34.0, "50": 42.0, "83": 53.0, "95": 63.0}}}