{"int_low": {"occ": {"5": 2046.0, "17": 2057.0, "50": 2064.0, "83": 2072.0, "95": 2075.0}, "chrnc": {"5": 2093.0, "17": 2096.0, "50": 2100.0, "83": 2100.0, "95": 2100.0}, "delta": {"5": 24.0, "17": 27.130000000000024, "50": 34.0, "83": 43.0, "95": 52.0}}, "int": {"occ": {"5": 2035.95, "17": 2040.0, "50": 2043.0, "83": 2049.0, "95": 2052.0}, "chrnc": {"5": 2061.0, "17": 2063.0, "50": 2068.0, "83": 2071.0, "95": 2073.0}, "delta": {"5": 13.0, "17": 18.0, "50": 24.0, "83": 29.0, "95": 34.0}}, "int_high": {"occ": {"5": 2026.0, "17": 2029.0, "50": 2035.0, "83": 2038.0, "95": 2040.0}, "chrnc": {"5": 2048.0, "17": 2051.0, "50": 2054.0, "83": 2056.0, "95": 2057.0}, "delta": {"5": 11.950000000000045, "17": 15.0, "50": 19.0, "83": 25.0, "95": 29.0}}, "kopp": {"occ": {"5": 2038.0, "17": 2043.0, "50": 2051.0, "83": 2063.0, "95": 2074.0}, "chrnc": {"5": 2061.0, "17": 2068.0, "50": 2080.0, "83": 2094.0, "95": 2099.0}, "delta": {"5": 16.200000000000045, "17": 22.0, "50": 30.0, "83": 39.0, "95": 46.0}}}