{"int_low": {"occ": {"5": 2013.0, "17": 2015.0, "50": 2018.0, "83": 2023.0, "95": 2026.0}, "chrnc": {"5": 2010.0, "17": 2017.0, "50": 2027.0, "83": 2035.0, "95": 2042.0}, "delta": {"5": -12.0, "17": -5.0, "50": 8.0, "83": 17.0, "95": 24.0}}, "int": {"occ": {"5": 2012.0, "17": 2013.0, "50": 2015.0, "83": 2019.0, "95": 2023.0}, "chrnc": {"5": 2010.0, "17": 2011.0, "50": 2017.0, "83": 2023.0, "95": 2025.0}, "delta": {"5": -9.0, "17": -4.0, "50": 2.0, "83": 8.0, "95": 11.0}}, "int_high": {"occ": {"5": 2010.0, "17": 2012.0, "50": 2014.0, "83": 2016.0, "95": 2018.0}, "chrnc": {"5": 2010.0, "17": 2012.0, "50": 2014.0, "83": 2016.0, "95": 2017.0499999999993}, "delta": {"5": -4.0499999999999545, "17": -2.0, "50": 0.0, "83": 1.0, "95": 4.0}}, "kopp": {"occ": {"5": 2013.0, "17": 2015.0, "50": 2021.0, "83": 2024.0, "95": 2027.0}, "chrnc": {"5": 2017.0, "17": 2026.0, "50": 2033.0, "83": 2041.0, "95": 2046.0}, "delta": {"5": -5.0, "17": 5.0, "50": 13.0, "83": 22.0, "95": 29.0}}}