{"int_low": {"occ": {"5": 2044.0, "17": 2049.0, "50": 2055.0, "83": 2060.0, "95": 2065.0499999999993}, "chrnc": {"5": 2076.0, "17": 2080.0, "50": 2086.0, "83": 2092.0, "95": 2095.0}, "delta": {"5": 18.0, "17": 23.0, "50": 31.0, "83": 39.0, "95": 45.0}}, "int": {"occ": {"5": 2036.0, "17": 2039.0, "50": 2042.0, "83": 2046.0, "95": 2049.0}, "chrnc": {"5": 2056.0, "17": 2057.0, "50": 2060.0, "83": 2063.0, "95": 2066.0}, "delta": {"5": 10.0, "17": 14.0, "50": 18.0, "83": 23.0, "95": 26.0}}, "int_high": {"occ": {"5": 2030.0, "17": 2033.0, "50": 2036.0, "83": 2038.0, "95": 2041.0}, "chrnc": {"5": 2045.0, "17": 2047.8300000000002, "50": 2050.0, "83": 2053.0, "95": 2054.0}, "delta": {"5": 7.9500000000000455, "17": 11.0, "50": 15.0, "83": 18.170000000000073, "95": 21.0}}, "kopp": {"occ": {"5": 2040.0, "17": 2044.0, "50": 2051.0, "83": 2058.0, "95": 2065.0}, "chrnc": {"5": 2058.0, "17": 2062.0, "50": 2072.0, "83": 2082.0, "95": 2091.0}, "delta": {"5": 11.0, "17": 15.0, "50": 21.0, "83": 28.0, "95": 34.0}}}