{"int_low": {"occ": {"5": 2010.0, "17": 2010.0, "50": 2012.0, "83": 2024.0, "95": 2034.0}, "chrnc": {"5": 2043.0, "17": 2048.0, "50": 2062.0, "83": 2072.0, "95": 2076.0}, "delta": {"5": 16.0, "17": 32.0, "50": 47.0, "83": 59.0, "95": 63.04999999999927}}, "int": {"occ": {"5": 2010.0, "17": 2010.0, "50": 2011.0, "83": 2018.0, "95": 2021.0}, "chrnc": {"5": 2026.0, "17": 2034.0, "50": 2041.0, "83": 2046.0, "95": 2051.0}, "delta": {"5": 13.0, "17": 19.0, "50": 29.0, "83": 35.0, "95": 40.0}}, "int_high": {"occ": {"5": 2010.0, "17": 2010.0, "50": 2010.0, "83": 2013.0, "95": 2019.0499999999993}, "chrnc": {"5": 2024.0, "17": 2026.0, "50": 2032.0, "83": 2036.0, "95": 2038.0}, "delta": {"5": 9.950000000000045, "17": 15.0, "50": 20.0, "83": 25.0, "95": 27.0}}, "kopp": {"occ": {"5": 2010.0, "17": 2010.0, "50": 2012.0, "83": 2020.0, "95": 2033.0}, "chrnc": {"5": 2030.0, "17": 2040.0, "50": 2049.0, "83": 2061.0, "95": 2074.0}, "delta": {"5": 15.0, "17": 24.0, "50": 34.0, "83": 46.0, "95": 58.0}}}