{"int_low": {"occ": {"5": 2020.0, "17": 2022.0, "50": 2027.0, "83": 2032.0, "95": 2034.0}, "chrnc": {"5": 2051.0, "17": 2053.0, "50": 2058.0, "83": 2060.0, "95": 2064.0}, "delta": {"5": 20.950000000000045, "17": 25.0, "50": 30.0, "83": 36.0, "95": 40.0}}, "int": {"occ": {"5": 2017.0, "17": 2017.0, "50": 2019.0, "83": 2022.0, "95": 2024.0}, "chrnc": {"5": 2035.0, "17": 2037.0, "50": 2039.0, "83": 2041.0, "95": 2042.0499999999993}, "delta": {"5": 14.0, "17": 17.0, "50": 20.0, "83": 23.0, "95": 25.0}}, "int_high": {"occ": {"5": 2010.0, "17": 2010.0, "50": 2013.0, "83": 2014.0, "95": 2018.0}, "chrnc": {"5": 2026.0, "17": 2029.0, "50": 2030.0, "83": 2032.0, "95": 2033.0}, "delta": {"5": 12.0, "17": 15.0, "50": 18.0, "83": 20.0, "95": 22.0}}, "kopp": {"occ": {"5": 2022.0, "17": 2026.0, "50": 2031.0, "83": 2036.0, "95": 2041.0}, "chrnc": {"5": 2045.0, "17": 2050.0, "50": 2057.0, "83": 2064.0, "95": 2073.0}, "delta": {"5": 16.0, "17": 20.0, "50": 26.0, "83": 33.0, "95": 39.0}}}