{"int_low": {"occ": {"5": 2012.0, "17": 2014.0, "50": 2015.0, "83": 2015.0, "95": 2019.0}, "chrnc": {"5": 2010.0, "17": 2012.0, "50": 2020.0, "83": 2024.0, "95": 2028.0}, "delta": {"5": -5.0, "17": -3.0, "50": 5.0, "83": 9.0, "95": 13.0}}, "int": {"occ": {"5": 2010.0, "17": 2014.0, "50": 2015.0, "83": 2015.0, "95": 2015.0}, "chrnc": {"5": 2010.0, "17": 2011.8300000000002, "50": 2013.0, "83": 2016.0, "95": 2019.0}, "delta": {"5": -5.0, "17": -3.0, "50": -2.0, "83": 3.0, "95": 6.0}}, "int_high": {"occ": {"5": 2010.0, "17": 2011.0, "50": 2015.0, "83": 2015.0, "95": 2015.0}, "chrnc": {"5": 2010.0, "17": 2011.0, "50": 2015.0, "83": 2015.0, "95": 2015.0}, "delta": {"5": -3.0499999999999545, "17": 0.0, "50": 0.0, "83": 0.0, "95": 3.0}}, "kopp": {"occ": {"5": 2013.0, "17": 2015.0, "50": 2015.0, "83": 2015.0, "95": 2019.0}, "chrnc": {"5": 2011.0, "17": 2017.0, "50": 2024.0, "83": 2030.0, "95": 2034.0}, "delta": {"5": -4.0, "17": 2.0, "50": 8.0, "83": 14.0, "95": 19.0}}}