{"int_low": {"occ": {"5": 2010.0, "17": 2010.0, "50": 2014.0, "83": 2015.0, "95": 2021.0499999999993}, "chrnc": {"5": 2023.0, "17": 2026.0, "50": 2036.0, "83": 2041.0, "95": 2048.0}, "delta": {"5": 8.0, "17": 12.0, "50": 22.0, "83": 28.0, "95": 34.04999999999927}}, "int": {"occ": {"5": 2010.0, "17": 2010.0, "50": 2012.0, "83": 2013.0, "95": 2014.0}, "chrnc": {"5": 2021.0, "17": 2023.0, "50": 2028.0, "83": 2033.0, "95": 2035.0499999999993}, "delta": {"5": 8.0, "17": 11.0, "50": 16.0, "83": 21.0, "95": 24.0}}, "int_high": {"occ": {"5": 2010.0, "17": 2011.0, "50": 2012.0, "83": 2013.0, "95": 2013.0}, "chrnc": {"5": 2017.0, "17": 2019.0, "50": 2023.0, "83": 2026.0, "95": 2030.0}, "delta": {"5": 5.0, "17": 7.0, "50": 11.0, "83": 15.0, "95": 18.0}}, "kopp": {"occ": {"5": 2010.0, "17": 2010.0, "50": 2014.0, "83": 2016.0, "95": 2021.0}, "chrnc": {"5": 2022.0, "17": 2026.0, "50": 2033.0, "83": 2039.0, "95": 2048.0}, "delta": {"5": 8.0, "17": 12.0, "50": 19.0, "83": 26.0, "95": 32.0}}}