{"int_low": {"occ": {"5": 2096.0, "17": 2098.0, "50": 2099.0, "83": 2100.0, "95": 2100.0}, "chrnc": {"5": NaN, "17": NaN, "50": NaN, "83": NaN, "95": NaN}, "delta": {"5": NaN, "17": NaN, "50": NaN, "83": NaN, "95": NaN}}, "int": {"occ": {"5": 2060.0, "17": 2061.0, "50": 2064.0, "83": 2067.0, "95": 2069.0499999999993}, "chrnc": {"5": 2074.0, "17": 2075.0, "50": 2077.0, "83": 2079.0, "95": 2081.0}, "delta": {"5": 8.950000000000045, "17": 10.0, "50": 13.0, "83": 15.0, "95": 17.0}}, "int_high": {"occ": {"5": 2049.0, "17": 2050.0, "50": 2053.0, "83": 2054.0, "95": 2055.0}, "chrnc": {"5": 2057.0, "17": 2058.0, "50": 2060.0, "83": 2062.0, "95": 2063.0}, "delta": {"5": 5.0, "17": 6.0, "50": 8.0, "83": 10.0, "95": 11.0}}, "kopp": {"occ": {"5": 2063.0, "17": 2071.0, "50": 2079.0, "83": 2092.0, "95": 2098.0}, "chrnc": {"5": 2073.0, "17": 2079.0, "50": 2091.0, "83": 2097.0, "95": 2100.0}, "delta": {"5": 8.0, "17": 10.0, "50": 14.0, "83": 17.0, "95": 19.0}}}