{"int_low": {"occ": {"5": 2055.0, "17": 2058.0, "50": 2063.0, "83": 2069.0, "95": 2072.0}, "chrnc": {"5": 2079.0, "17": 2083.0, "50": 2091.0, "83": 2096.0, "95": 2098.0}, "delta": {"5": 13.0, "17": 19.0, "50": 27.0, "83": 34.17000000000007, "95": 39.0}}, "int": {"occ": {"5": 2039.0, "17": 2040.0, "50": 2044.0, "83": 2048.0, "95": 2051.0}, "chrnc": {"5": 2057.0, "17": 2057.0, "50": 2059.0, "83": 2061.0, "95": 2064.0}, "delta": {"5": 7.9500000000000455, "17": 11.0, "50": 15.0, "83": 19.0, "95": 22.0}}, "int_high": {"occ": {"5": 2032.95, "17": 2035.0, "50": 2037.0, "83": 2038.0, "95": 2040.0}, "chrnc": {"5": 2044.0, "17": 2045.0, "50": 2048.0, "83": 2051.0, "95": 2052.0}, "delta": {"5": 6.0, "17": 8.0, "50": 11.0, "83": 14.170000000000073, "95": 17.0}}, "kopp": {"occ": {"5": 2043.0, "17": 2047.0, "50": 2056.0, "83": 2063.0, "95": 2071.0}, "chrnc": {"5": 2058.0, "17": 2063.0, "50": 2074.0, "83": 2084.0, "95": 2093.75}, "delta": {"5": 9.0, "17": 13.0, "50": 18.0, "83": 24.0, "95": 30.0}}}