{"int_low": {"occ": {"5": 2036.95, "17": 2040.0, "50": 2043.0, "83": 2048.0, "95": 2051.0}, "chrnc": {"5": 2057.0, "17": 2059.0, "50": 2064.0, "83": 2068.0, "95": 2072.0}, "delta": {"5": 10.0, "17": 15.0, "50": 20.0, "83": 26.0, "95": 31.0}}, "int": {"occ": {"5": 2028.0, "17": 2031.0, "50": 2035.0, "83": 2038.0, "95": 2039.0499999999993}, "chrnc": {"5": 2044.0, "17": 2046.0, "50": 2049.0, "83": 2052.0, "95": 2054.0}, "delta": {"5": 8.0, "17": 10.830000000000155, "50": 15.0, "83": 19.0, "95": 22.0}}, "int_high": {"occ": {"5": 2025.0, "17": 2027.0, "50": 2030.0, "83": 2033.0, "95": 2034.0}, "chrnc": {"5": 2038.0, "17": 2040.0, "50": 2042.0, "83": 2044.0, "95": 2046.0}, "delta": {"5": 6.0, "17": 9.0, "50": 12.0, "83": 16.0, "95": 18.0}}, "kopp": {"occ": {"5": 2034.0, "17": 2037.0, "50": 2041.0, "83": 2046.0, "95": 2050.0}, "chrnc": {"5": 2049.0, "17": 2053.0, "50": 2058.0, "83": 2063.0, "95": 2069.0}, "delta": {"5": 8.0, "17": 12.0, "50": 16.0, "83": 21.0, "95": 25.0}}}