{"int_low": {"occ": {"5": 2015.0, "17": 2019.0, "50": 2024.0, "83": 2032.0, "95": 2036.0}, "chrnc": {"5": 2059.0, "17": 2062.0, "50": 2069.0, "83": 2074.0, "95": 2078.0}, "delta": {"5": 28.950000000000045, "17": 34.0, "50": 43.0, "83": 52.0, "95": 58.04999999999927}}, "int": {"occ": {"5": 2013.0, "17": 2014.0, "50": 2018.0, "83": 2022.0, "95": 2027.0}, "chrnc": {"5": 2042.0, "17": 2044.0, "50": 2048.0, "83": 2052.0, "95": 2054.0}, "delta": {"5": 20.0, "17": 25.0, "50": 31.0, "83": 36.0, "95": 39.0}}, "int_high": {"occ": {"5": 2012.0, "17": 2012.0, "50": 2017.0, "83": 2019.0, "95": 2020.0}, "chrnc": {"5": 2036.0, "17": 2038.0, "50": 2040.0, "83": 2041.0, "95": 2042.0}, "delta": {"5": 18.0, "17": 20.0, "50": 24.0, "83": 27.0, "95": 29.0}}, "kopp": {"occ": {"5": 2014.0, "17": 2015.0, "50": 2022.0, "83": 2031.0, "95": 2035.0}, "chrnc": {"5": 2044.0, "17": 2048.0, "50": 2058.0, "83": 2068.0, "95": 2075.0}, "delta": {"5": 21.0, "17": 26.0, "50": 35.0, "83": 44.0, "95": 53.0}}}