{"int_low": {"occ": {"5": 2010.0, "17": 2011.0, "50": 2013.0, "83": 2017.0, "95": 2018.0}, "chrnc": {"5": 2037.0, "17": 2040.0, "50": 2044.0, "83": 2049.0, "95": 2052.0499999999993}, "delta": {"5": 21.0, "17": 25.0, "50": 31.0, "83": 36.0, "95": 40.0}}, "int": {"occ": {"5": 2010.0, "17": 2010.0, "50": 2012.0, "83": 2016.0, "95": 2018.0}, "chrnc": {"5": 2028.0, "17": 2030.0, "50": 2033.0, "83": 2035.0, "95": 2037.0}, "delta": {"5": 13.0, "17": 16.0, "50": 20.0, "83": 23.0, "95": 25.0}}, "int_high": {"occ": {"5": 2010.0, "17": 2010.0, "50": 2010.0, "83": 2013.0, "95": 2016.0}, "chrnc": {"5": 2023.0, "17": 2024.0, "50": 2026.0, "83": 2028.0, "95": 2029.0499999999993}, "delta": {"5": 10.0, "17": 12.0, "50": 15.0, "83": 17.0, "95": 19.0}}, "kopp": {"occ": {"5": 2010.0, "17": 2011.0, "50": 2014.0, "83": 2019.0, "95": 2023.0}, "chrnc": {"5": 2036.0, "17": 2040.0, "50": 2045.0, "83": 2052.0, "95": 2057.0}, "delta": {"5": 20.0, "17": 24.0, "50": 30.0, "83": 37.0, "95": 42.0}}}