{"int_low": {"occ": {"5": 2010.0, "17": 2011.0, "50": 2014.0, "83": 2014.0, "95": 2014.0}, "chrnc": {"5": 2022.0, "17": 2025.0, "50": 2030.0, "83": 2034.0, "95": 2037.0}, "delta": {"5": 9.0, "17": 12.0, "50": 17.0, "83": 22.0, "95": 24.0}}, "int": {"occ": {"5": 2010.0, "17": 2011.0, "50": 2012.0, "83": 2014.0, "95": 2014.0}, "chrnc": {"5": 2019.0, "17": 2021.8300000000002, "50": 2024.0, "83": 2028.0, "95": 2031.0}, "delta": {"5": 6.0, "17": 8.0, "50": 12.0, "83": 16.0, "95": 19.0}}, "int_high": {"occ": {"5": 2010.0, "17": 2011.0, "50": 2011.0, "83": 2011.0, "95": 2012.0499999999993}, "chrnc": {"5": 2016.0, "17": 2016.0, "50": 2019.0, "83": 2023.0, "95": 2025.0}, "delta": {"5": 5.0, "17": 5.0, "50": 8.0, "83": 12.0, "95": 14.0}}, "kopp": {"occ": {"5": 2010.0, "17": 2010.0, "50": 2014.0, "83": 2014.0, "95": 2014.0}, "chrnc": {"5": 2022.0, "17": 2025.0, "50": 2030.0, "83": 2034.0, "95": 2037.0}, "delta": {"5": 9.0, "17": 12.0, "50": 17.0, "83": 22.0, "95": 25.0}}}