{"int_low": {"occ": {"5": 2013.0, "17": 2013.0, "50": 2013.0, "83": 2013.0, "95": 2013.0}, "chrnc": {"5": 2016.0, "17": 2018.0, "50": 2024.0, "83": 2033.0, "95": 2038.0499999999993}, "delta": {"5": 3.0, "17": 5.0, "50": 11.0, "83": 19.170000000000073, "95": 26.0}}, "int": {"occ": {"5": 2012.0, "17": 2013.0, "50": 2013.0, "83": 2013.0, "95": 2013.0}, "chrnc": {"5": 2015.0, "17": 2015.0, "50": 2020.0, "83": 2026.0, "95": 2031.0}, "delta": {"5": 2.0, "17": 2.0, "50": 7.0, "83": 13.0, "95": 18.0}}, "int_high": {"occ": {"5": 2012.0, "17": 2013.0, "50": 2013.0, "83": 2013.0, "95": 2013.0}, "chrnc": {"5": 2010.95, "17": 2014.0, "50": 2015.0, "83": 2021.0, "95": 2024.0}, "delta": {"5": -3.0, "17": 1.0, "50": 2.0, "83": 8.0, "95": 11.0}}, "kopp": {"occ": {"5": 2012.0, "17": 2013.0, "50": 2013.0, "83": 2013.0, "95": 2013.0}, "chrnc": {"5": 2015.0, "17": 2016.0, "50": 2022.0, "83": 2031.0, "95": 2035.0}, "delta": {"5": 2.0, "17": 3.0, "50": 9.0, "83": 18.0, "95": 22.0}}}