{"int_low": {"occ": {"5": 2041.0, "17": 2049.0, "50": 2062.0, "83": 2073.0, "95": 2081.0499999999993}, "chrnc": {"5": 2092.0, "17": 2092.0, "50": 2092.5, "83": 2093.0, "95": 2093.0}, "delta": {"5": 27.0, "17": 27.0, "50": 32.0, "83": 37.0, "95": 37.0}}, "int": {"occ": {"5": 2026.0, "17": 2034.0, "50": 2041.0, "83": 2047.0, "95": 2052.0}, "chrnc": {"5": 2071.0, "17": 2075.0, "50": 2078.0, "83": 2082.0, "95": 2085.0}, "delta": {"5": 25.950000000000045, "17": 31.0, "50": 37.0, "83": 46.0, "95": 52.0}}, "int_high": {"occ": {"5": 2022.0, "17": 2026.0, "50": 2032.0, "83": 2036.0, "95": 2039.0}, "chrnc": {"5": 2055.0, "17": 2057.0, "50": 2059.0, "83": 2062.0, "95": 2064.0}, "delta": {"5": 19.0, "17": 22.0, "50": 27.0, "83": 34.0, "95": 38.0}}, "kopp": {"occ": {"5": 2030.0, "17": 2038.0, "50": 2049.0, "83": 2063.0, "95": 2078.0}, "chrnc": {"5": 2066.0, "17": 2076.0, "50": 2088.0, "83": 2097.0, "95": 2100.0}, "delta": {"5": 26.0, "17": 32.0, "50": 42.0, "83": 51.0, "95": 59.0}}}