{"int_low": {"occ": {"5": 2020.0, "17": 2024.0, "50": 2031.0, "83": 2037.0, "95": 2041.0}, "chrnc": {"5": 2072.0, "17": 2077.0, "50": 2085.0, "83": 2093.0, "95": 2097.0}, "delta": {"5": 36.0, "17": 44.0, "50": 54.0, "83": 63.17000000000007, "95": 70.0}}, "int": {"occ": {"5": 2015.0, "17": 2019.0, "50": 2023.0, "83": 2027.0, "95": 2030.0499999999993}, "chrnc": {"5": 2047.0, "17": 2049.0, "50": 2053.0, "83": 2056.0, "95": 2058.0}, "delta": {"5": 21.0, "17": 25.0, "50": 30.0, "83": 35.0, "95": 39.0}}, "int_high": {"occ": {"5": 2011.0, "17": 2011.0, "50": 2017.0, "83": 2021.0, "95": 2023.0}, "chrnc": {"5": 2038.0, "17": 2040.0, "50": 2042.0, "83": 2044.0, "95": 2047.0}, "delta": {"5": 18.0, "17": 21.0, "50": 25.0, "83": 30.0, "95": 33.0}}, "kopp": {"occ": {"5": 2022.0, "17": 2027.0, "50": 2033.0, "83": 2041.0, "95": 2048.0}, "chrnc": {"5": 2056.0, "17": 2062.0, "50": 2072.0, "83": 2085.0, "95": 2094.0}, "delta": {"5": 24.0, "17": 30.0, "50": 39.0, "83": 50.0, "95": 58.0}}}