{"int_low": {"occ": {"5": 2050.0, "17": 2057.0, "50": 2064.0, "83": 2073.0, "95": 2079.0}, "chrnc": {"5": 2073.0, "17": 2079.0, "50": 2088.0, "83": 2095.0, "95": 2098.0}, "delta": {"5": 4.0, "17": 11.830000000000155, "50": 22.0, "83": 34.0, "95": 41.0}}, "int": {"occ": {"5": 2038.0, "17": 2043.0, "50": 2047.0, "83": 2052.0, "95": 2054.0}, "chrnc": {"5": 2051.0, "17": 2055.0, "50": 2059.0, "83": 2063.0, "95": 2066.0}, "delta": {"5": 2.0, "17": 6.830000000000155, "50": 12.0, "83": 18.0, "95": 23.0}}, "int_high": {"occ": {"5": 2032.0, "17": 2034.0, "50": 2038.0, "83": 2042.0, "95": 2045.0}, "chrnc": {"5": 2042.0, "17": 2045.0, "50": 2049.0, "83": 2052.0, "95": 2053.0}, "delta": {"5": 2.0, "17": 5.0, "50": 10.0, "83": 15.0, "95": 18.0}}, "kopp": {"occ": {"5": 2040.0, "17": 2046.0, "50": 2054.0, "83": 2064.0, "95": 2074.0}, "chrnc": {"5": 2052.0, "17": 2059.0, "50": 2069.0, "83": 2081.0, "95": 2092.0}, "delta": {"5": 3.0, "17": 7.0, "50": 14.0, "83": 23.0, "95": 30.0}}}