{"int_low": {"occ": {"5": 2095.0, "17": 2097.0, "50": 2099.0, "83": 2100.0, "95": 2100.0}, "chrnc": {"5": NaN, "17": NaN, "50": NaN, "83": NaN, "95": NaN}, "delta": {"5": NaN, "17": NaN, "50": NaN, "83": NaN, "95": NaN}}, "int": {"occ": {"5": 2060.0, "17": 2061.0, "50": 2063.0, "83": 2067.0, "95": 2069.0}, "chrnc": {"5": 2071.0, "17": 2073.0, "50": 2074.0, "83": 2076.0, "95": 2077.0}, "delta": {"5": 4.9500000000000455, "17": 7.0, "50": 11.0, "83": 13.170000000000073, "95": 16.0}}, "int_high": {"occ": {"5": 2046.0, "17": 2048.0, "50": 2051.0, "83": 2053.0, "95": 2054.0}, "chrnc": {"5": 2056.0, "17": 2057.0, "50": 2058.0, "83": 2059.0, "95": 2060.0}, "delta": {"5": 3.0, "17": 5.0, "50": 7.0, "83": 10.0, "95": 12.0}}, "kopp": {"occ": {"5": 2059.0, "17": 2066.0, "50": 2077.0, "83": 2091.0, "95": 2098.0}, "chrnc": {"5": 2067.0, "17": 2075.0, "50": 2086.0, "83": 2096.0, "95": 2099.0}, "delta": {"5": 4.0, "17": 7.0, "50": 11.0, "83": 15.0, "95": 18.0}}}