{"int_low": {"occ": {"5": 2028.0, "17": 2032.8300000000002, "50": 2041.0, "83": 2049.0, "95": 2058.0}, "chrnc": {"5": 2082.0, "17": 2087.0, "50": 2092.0, "83": 2098.0, "95": 2100.0}, "delta": {"5": 32.0, "17": 41.0, "50": 52.0, "83": 61.0, "95": 67.0}}, "int": {"occ": {"5": 2019.0, "17": 2024.0, "50": 2029.5, "83": 2035.0, "95": 2041.0}, "chrnc": {"5": 2052.0, "17": 2055.0, "50": 2059.0, "83": 2062.0, "95": 2064.0499999999993}, "delta": {"5": 16.0, "17": 22.0, "50": 29.0, "83": 35.0, "95": 41.0}}, "int_high": {"occ": {"5": 2015.0, "17": 2015.0, "50": 2021.0, "83": 2025.0, "95": 2028.0}, "chrnc": {"5": 2040.0, "17": 2044.0, "50": 2047.0, "83": 2049.0, "95": 2051.0}, "delta": {"5": 17.0, "17": 21.0, "50": 25.0, "83": 31.0, "95": 34.0}}, "kopp": {"occ": {"5": 2028.0, "17": 2032.0, "50": 2040.0, "83": 2049.0, "95": 2059.0}, "chrnc": {"5": 2057.0, "17": 2065.0, "50": 2075.0, "83": 2088.0, "95": 2097.0}, "delta": {"5": 20.0, "17": 26.0, "50": 35.0, "83": 46.0, "95": 54.0}}}