{"int_low": {"occ": {"5": 2015.0, "17": 2020.0, "50": 2029.0, "83": 2037.0, "95": 2043.0}, "chrnc": {"5": 2074.0, "17": 2079.0, "50": 2088.0, "83": 2095.0, "95": 2099.0}, "delta": {"5": 40.0, "17": 48.0, "50": 58.0, "83": 68.0, "95": 75.54999999999927}}, "int": {"occ": {"5": 2014.0, "17": 2015.0, "50": 2019.0, "83": 2025.0, "95": 2030.0}, "chrnc": {"5": 2047.0, "17": 2051.0, "50": 2055.0, "83": 2058.0, "95": 2062.0}, "delta": {"5": 24.0, "17": 29.0, "50": 35.0, "83": 41.0, "95": 44.04999999999927}}, "int_high": {"occ": {"5": 2014.0, "17": 2014.0, "50": 2017.0, "83": 2021.0, "95": 2023.0}, "chrnc": {"5": 2037.0, "17": 2039.0, "50": 2042.0, "83": 2046.0, "95": 2048.0}, "delta": {"5": 17.0, "17": 21.0, "50": 25.0, "83": 29.0, "95": 32.0}}, "kopp": {"occ": {"5": 2015.0, "17": 2021.0, "50": 2029.0, "83": 2038.0, "95": 2045.0}, "chrnc": {"5": 2054.0, "17": 2059.0, "50": 2070.0, "83": 2083.0, "95": 2093.0}, "delta": {"5": 25.0, "17": 31.0, "50": 41.0, "83": 52.0, "95": 61.0}}}