{"int_low": {"occ": {"5": 2010.0, "17": 2010.0, "50": 2011.0, "83": 2014.0, "95": 2017.0499999999993}, "chrnc": {"5": 2017.0, "17": 2023.8300000000002, "50": 2030.0, "83": 2037.0, "95": 2040.0}, "delta": {"5": 6.0, "17": 11.0, "50": 18.0, "83": 25.0, "95": 29.0}}, "int": {"occ": {"5": 2010.0, "17": 2010.0, "50": 2012.0, "83": 2013.0, "95": 2014.0}, "chrnc": {"5": 2017.0, "17": 2018.0, "50": 2024.0, "83": 2030.0, "95": 2033.0}, "delta": {"5": 4.0, "17": 7.0, "50": 13.0, "83": 19.0, "95": 22.0}}, "int_high": {"occ": {"5": 2010.0, "17": 2011.0, "50": 2012.0, "83": 2012.0, "95": 2013.0}, "chrnc": {"5": 2017.0, "17": 2018.0, "50": 2020.0, "83": 2024.0, "95": 2027.0}, "delta": {"5": 5.0, "17": 6.0, "50": 9.0, "83": 12.0, "95": 15.0}}, "kopp": {"occ": {"5": 2010.0, "17": 2010.0, "50": 2012.0, "83": 2014.0, "95": 2019.0}, "chrnc": {"5": 2017.0, "17": 2022.0, "50": 2029.0, "83": 2036.0, "95": 2043.0}, "delta": {"5": 5.0, "17": 9.0, "50": 17.0, "83": 24.0, "95": 30.0}}}