{"int_low": {"occ": {"5": 2030.0, "17": 2043.0, "50": 2049.0, "83": 2056.0, "95": 2065.0499999999993}, "chrnc": {"5": 2092.0, "17": 2096.0, "50": 2098.0, "83": 2100.0, "95": 2100.0}, "delta": {"5": 30.0, "17": 41.0, "50": 48.0, "83": 56.0, "95": 67.04999999999927}}, "int": {"occ": {"5": 2024.0, "17": 2026.0, "50": 2035.0, "83": 2039.0, "95": 2040.0}, "chrnc": {"5": 2057.0, "17": 2058.0, "50": 2061.0, "83": 2064.0, "95": 2068.0}, "delta": {"5": 19.0, "17": 21.0, "50": 27.0, "83": 35.0, "95": 40.0}}, "int_high": {"occ": {"5": 2022.0, "17": 2024.0, "50": 2028.0, "83": 2033.0, "95": 2036.0}, "chrnc": {"5": 2044.0, "17": 2046.0, "50": 2048.0, "83": 2051.0, "95": 2052.0}, "delta": {"5": 11.0, "17": 14.0, "50": 20.0, "83": 25.0, "95": 28.0}}, "kopp": {"occ": {"5": 2026.0, "17": 2033.0, "50": 2042.0, "83": 2053.0, "95": 2063.0}, "chrnc": {"5": 2057.0, "17": 2062.0, "50": 2075.0, "83": 2089.0, "95": 2097.0}, "delta": {"5": 19.0, "17": 24.0, "50": 32.0, "83": 43.0, "95": 51.0}}}