{"int_low": {"occ": {"5": 2013.0, "17": 2013.0, "50": 2013.0, "83": 2013.0, "95": 2031.0}, "chrnc": {"5": 2017.0, "17": 2021.0, "50": 2034.0, "83": 2052.0, "95": 2055.0}, "delta": {"5": 4.0, "17": 7.0, "50": 19.0, "83": 38.0, "95": 41.0}}, "int": {"occ": {"5": 2013.0, "17": 2013.0, "50": 2013.0, "83": 2013.0, "95": 2014.0}, "chrnc": {"5": 2010.0, "17": 2017.0, "50": 2024.0, "83": 2033.0, "95": 2036.0}, "delta": {"5": -3.0, "17": 4.0, "50": 11.0, "83": 20.0, "95": 23.0}}, "int_high": {"occ": {"5": 2012.0, "17": 2013.0, "50": 2013.0, "83": 2013.0, "95": 2013.0499999999993}, "chrnc": {"5": 2010.0, "17": 2010.0, "50": 2018.0, "83": 2028.0, "95": 2033.0}, "delta": {"5": -3.0, "17": -3.0, "50": 5.0, "83": 15.0, "95": 20.0}}, "kopp": {"occ": {"5": 2013.0, "17": 2013.0, "50": 2013.0, "83": 2013.0, "95": 2016.0}, "chrnc": {"5": 2010.0, "17": 2017.0, "50": 2028.0, "83": 2038.0, "95": 2053.0}, "delta": {"5": -3.0, "17": 4.0, "50": 14.0, "83": 24.0, "95": 39.04999999999927}}}