{"int_low": {"occ": {"5": 2011.0, "17": 2013.0, "50": 2013.0, "83": 2019.0, "95": 2028.0}, "chrnc": {"5": 2017.0, "17": 2024.0, "50": 2039.0, "83": 2051.0, "95": 2060.0}, "delta": {"5": 4.0, "17": 8.830000000000155, "50": 23.0, "83": 37.0, "95": 45.0}}, "int": {"occ": {"5": 2010.0, "17": 2013.0, "50": 2013.0, "83": 2013.0, "95": 2022.0}, "chrnc": {"5": 2016.0, "17": 2017.0, "50": 2026.0, "83": 2034.0, "95": 2037.0}, "delta": {"5": 1.0, "17": 4.0, "50": 12.0, "83": 20.170000000000073, "95": 24.0}}, "int_high": {"occ": {"5": 2010.0, "17": 2013.0, "50": 2013.0, "83": 2013.0, "95": 2015.0}, "chrnc": {"5": 2014.0, "17": 2015.0, "50": 2019.0, "83": 2025.0, "95": 2030.0}, "delta": {"5": 1.0, "17": 2.0, "50": 6.0, "83": 12.0, "95": 17.049999999999272}}, "kopp": {"occ": {"5": 2011.0, "17": 2013.0, "50": 2013.0, "83": 2015.0, "95": 2025.0}, "chrnc": {"5": 2017.0, "17": 2020.0, "50": 2032.0, "83": 2044.0, "95": 2054.0}, "delta": {"5": 2.0, "17": 5.0, "50": 17.0, "83": 29.0, "95": 40.0}}}