{"int_low": {"occ": {"5": 2010.0, "17": 2010.0, "50": 2010.0, "83": 2011.0, "95": 2013.0}, "chrnc": {"5": 2021.0, "17": 2024.0, "50": 2029.0, "83": 2033.0, "95": 2036.0}, "delta": {"5": 10.950000000000045, "17": 13.0, "50": 19.0, "83": 23.0, "95": 26.0}}, "int": {"occ": {"5": 2010.0, "17": 2010.0, "50": 2010.0, "83": 2011.0, "95": 2012.0}, "chrnc": {"5": 2016.0, "17": 2016.0, "50": 2020.0, "83": 2024.0, "95": 2026.0499999999993}, "delta": {"5": 5.0, "17": 6.0, "50": 9.0, "83": 13.0, "95": 16.0}}, "int_high": {"occ": {"5": 2010.0, "17": 2010.0, "50": 2010.0, "83": 2011.0, "95": 2012.0}, "chrnc": {"5": 2014.0, "17": 2014.0, "50": 2016.0, "83": 2018.0, "95": 2020.0}, "delta": {"5": 3.0, "17": 4.0, "50": 6.0, "83": 8.0, "95": 10.0}}}