{"int_low": {"occ": {"5": 2010.0, "17": 2011.0, "50": 2020.0, "83": 2030.17, "95": 2038.0}, "chrnc": {"5": 2024.0, "17": 2032.0, "50": 2042.5, "83": 2054.0, "95": 2063.0}, "delta": {"5": -4.0, "17": 8.0, "50": 22.0, "83": 35.0, "95": 45.0}}, "int": {"occ": {"5": 2010.0, "17": 2010.0, "50": 2017.0, "83": 2023.0, "95": 2028.0}, "chrnc": {"5": 2021.0, "17": 2025.0, "50": 2032.0, "83": 2039.0, "95": 2044.0}, "delta": {"5": 1.0, "17": 6.0, "50": 15.0, "83": 23.0, "95": 29.0}}, "int_high": {"occ": {"5": 2010.0, "17": 2014.0, "50": 2016.0, "83": 2021.0, "95": 2024.0}, "chrnc": {"5": 2012.0, "17": 2019.0, "50": 2025.0, "83": 2031.0, "95": 2035.0}, "delta": {"5": -5.0499999999999545, "17": 2.0, "50": 9.0, "83": 16.0, "95": 20.0}}, "kopp": {"occ": {"5": 2010.0, "17": 2011.0, "50": 2019.0, "83": 2029.0, "95": 2038.0}, "chrnc": {"5": 2022.0, "17": 2028.0, "50": 2038.0, "83": 2050.0, "95": 2060.0}, "delta": {"5": -3.0499999999999545, "17": 7.0, "50": 18.0, "83": 30.0, "95": 41.0}}}