{"int_low": {"occ": {"5": 2041.0, "17": 2044.0, "50": 2051.0, "83": 2055.0, "95": 2059.0}, "chrnc": {"5": 2062.0, "17": 2065.0, "50": 2074.0, "83": 2080.0, "95": 2088.0}, "delta": {"5": 8.0, "17": 14.0, "50": 23.0, "83": 32.0, "95": 40.0}}, "int": {"occ": {"5": 2030.0, "17": 2036.0, "50": 2038.0, "83": 2041.0, "95": 2043.0}, "chrnc": {"5": 2045.0, "17": 2047.0, "50": 2050.0, "83": 2053.0, "95": 2055.0}, "delta": {"5": 5.0, "17": 7.0, "50": 12.0, "83": 16.0, "95": 21.0}}, "int_high": {"occ": {"5": 2025.0, "17": 2027.0, "50": 2031.0, "83": 2034.0, "95": 2036.0}, "chrnc": {"5": 2038.0, "17": 2039.0, "50": 2041.0, "83": 2043.0, "95": 2044.0}, "delta": {"5": 4.0, "17": 6.830000000000155, "50": 10.0, "83": 14.0, "95": 17.0}}, "kopp": {"occ": {"5": 2036.0, "17": 2039.0, "50": 2045.0, "83": 2053.0, "95": 2060.1000000000004}, "chrnc": {"5": 2046.0, "17": 2053.0, "50": 2060.0, "83": 2071.0, "95": 2083.0}, "delta": {"5": 5.0, "17": 9.0, "50": 15.0, "83": 22.0, "95": 29.0}}}