{"int_low": {"occ": {"5": 2040.0, "17": 2042.0, "50": 2047.0, "83": 2053.0, "95": 2055.0}, "chrnc": {"5": 2063.0, "17": 2070.0, "50": 2076.0, "83": 2086.0, "95": 2090.0}, "delta": {"5": 13.950000000000045, "17": 21.0, "50": 30.0, "83": 38.0, "95": 46.0}}, "int": {"occ": {"5": 2027.0, "17": 2033.0, "50": 2036.0, "83": 2038.0, "95": 2040.0}, "chrnc": {"5": 2046.0, "17": 2050.0, "50": 2054.0, "83": 2056.0, "95": 2057.0}, "delta": {"5": 10.0, "17": 14.0, "50": 18.0, "83": 21.0, "95": 26.049999999999272}}, "int_high": {"occ": {"5": 2023.0, "17": 2025.0, "50": 2028.0, "83": 2032.0, "95": 2034.0}, "chrnc": {"5": 2039.0, "17": 2040.0, "50": 2042.0, "83": 2044.0, "95": 2046.0}, "delta": {"5": 7.0, "17": 10.0, "50": 14.0, "83": 17.0, "95": 20.0}}, "kopp": {"occ": {"5": 2036.0, "17": 2039.0, "50": 2044.0, "83": 2052.0, "95": 2057.0}, "chrnc": {"5": 2053.0, "17": 2057.0, "50": 2063.0, "83": 2074.0, "95": 2083.0}, "delta": {"5": 10.0, "17": 14.0, "50": 19.0, "83": 26.0, "95": 32.0}}}