{"int_low": {"occ": {"5": 2010.0, "17": 2011.0, "50": 2020.0, "83": 2027.0, "95": 2033.0}, "chrnc": {"5": 2070.0, "17": 2078.0, "50": 2086.0, "83": 2093.0, "95": 2097.0}, "delta": {"5": 46.950000000000045, "17": 56.0, "50": 66.5, "83": 77.0, "95": 83.0}}, "int": {"occ": {"5": 2010.0, "17": 2010.0, "50": 2014.0, "83": 2023.0, "95": 2027.0}, "chrnc": {"5": 2049.0, "17": 2053.0, "50": 2058.0, "83": 2060.17, "95": 2063.0}, "delta": {"5": 27.0, "17": 34.0, "50": 42.0, "83": 48.0, "95": 51.0}}, "int_high": {"occ": {"5": 2010.0, "17": 2011.0, "50": 2011.0, "83": 2016.0, "95": 2021.0}, "chrnc": {"5": 2041.0, "17": 2043.0, "50": 2046.0, "83": 2048.0, "95": 2050.0499999999993}, "delta": {"5": 24.0, "17": 28.0, "50": 34.0, "83": 37.0, "95": 39.0}}, "kopp": {"occ": {"5": 2010.0, "17": 2011.0, "50": 2018.0, "83": 2025.0, "95": 2032.0}, "chrnc": {"5": 2051.0, "17": 2057.91, "50": 2067.0, "83": 2080.0, "95": 2092.0}, "delta": {"5": 31.0, "17": 39.0, "50": 49.0, "83": 62.0, "95": 73.0}}}