{"int_low": {"occ": {"5": 2010.0, "17": 2011.0, "50": 2014.0, "83": 2019.0, "95": 2023.0}, "chrnc": {"5": 2054.0, "17": 2057.0, "50": 2061.0, "83": 2066.0, "95": 2068.0499999999993}, "delta": {"5": 35.0, "17": 40.0, "50": 46.0, "83": 52.0, "95": 56.0}}, "int": {"occ": {"5": 2010.0, "17": 2011.0, "50": 2013.0, "83": 2015.0, "95": 2019.0}, "chrnc": {"5": 2038.0, "17": 2040.8300000000002, "50": 2043.0, "83": 2046.0, "95": 2048.0}, "delta": {"5": 23.0, "17": 26.0, "50": 30.0, "83": 33.0, "95": 35.0}}, "int_high": {"occ": {"5": 2010.0, "17": 2011.0, "50": 2013.0, "83": 2013.0, "95": 2015.0}, "chrnc": {"5": 2031.0, "17": 2033.0, "50": 2035.0, "83": 2037.0, "95": 2038.0}, "delta": {"5": 18.0, "17": 20.0, "50": 23.0, "83": 25.0, "95": 27.0}}, "kopp": {"occ": {"5": 2010.0, "17": 2012.0, "50": 2017.0, "83": 2023.0, "95": 2028.0}, "chrnc": {"5": 2047.0, "17": 2051.0, "50": 2057.0, "83": 2066.0, "95": 2073.0}, "delta": {"5": 28.0, "17": 33.0, "50": 40.0, "83": 48.0, "95": 54.0}}}