{"int_low": {"occ": {"5": 2093.0, "17": 2096.0, "50": 2098.0, "83": 2100.0, "95": 2100.0}, "chrnc": {"5": NaN, "17": NaN, "50": NaN, "83": NaN, "95": NaN}, "delta": {"5": NaN, "17": NaN, "50": NaN, "83": NaN, "95": NaN}}, "int": {"occ": {"5": 2058.0, "17": 2060.0, "50": 2062.0, "83": 2064.0, "95": 2067.0}, "chrnc": {"5": 2067.0, "17": 2069.0, "50": 2071.0, "83": 2073.0, "95": 2074.0}, "delta": {"5": 3.9500000000000455, "17": 6.0, "50": 9.0, "83": 12.0, "95": 14.0}}, "int_high": {"occ": {"5": 2046.0, "17": 2047.0, "50": 2049.0, "83": 2050.0, "95": 2051.0499999999993}, "chrnc": {"5": 2052.0, "17": 2053.0, "50": 2055.0, "83": 2056.0, "95": 2057.0}, "delta": {"5": 2.0, "17": 4.0, "50": 6.0, "83": 8.0, "95": 9.049999999999272}}, "kopp": {"occ": {"5": 2058.0, "17": 2064.0, "50": 2075.0, "83": 2087.0, "95": 2096.0}, "chrnc": {"5": 2065.0, "17": 2073.0, "50": 2082.0, "83": 2094.0, "95": 2099.0}, "delta": {"5": 3.0, "17": 6.0, "50": 9.0, "83": 13.0, "95": 17.0}}}