{"int_low": {"occ": {"5": 2010.0, "17": 2013.0, "50": 2013.0, "83": 2017.0, "95": 2019.0}, "chrnc": {"5": 2030.0, "17": 2033.0, "50": 2039.0, "83": 2043.0, "95": 2046.0}, "delta": {"5": 14.950000000000045, "17": 19.0, "50": 24.0, "83": 29.170000000000073, "95": 33.0}}, "int": {"occ": {"5": 2010.0, "17": 2011.0, "50": 2013.0, "83": 2015.0, "95": 2018.0}, "chrnc": {"5": 2023.95, "17": 2026.0, "50": 2029.0, "83": 2032.0, "95": 2034.0}, "delta": {"5": 9.0, "17": 12.0, "50": 15.0, "83": 19.0, "95": 21.0}}, "int_high": {"occ": {"5": 2010.0, "17": 2011.0, "50": 2013.0, "83": 2013.0, "95": 2015.0}, "chrnc": {"5": 2020.0, "17": 2021.0, "50": 2024.0, "83": 2026.0, "95": 2027.0}, "delta": {"5": 6.0, "17": 8.0, "50": 11.0, "83": 14.0, "95": 16.0}}, "kopp": {"occ": {"5": 2010.0, "17": 2013.0, "50": 2014.0, "83": 2018.0, "95": 2021.0}, "chrnc": {"5": 2030.0, "17": 2034.0, "50": 2040.0, "83": 2046.0, "95": 2051.0}, "delta": {"5": 15.0, "17": 19.0, "50": 25.0, "83": 32.0, "95": 37.0}}}