{"int_low": {"occ": {"5": 2045.0, "17": 2048.0, "50": 2052.0, "83": 2058.0, "95": 2061.0}, "chrnc": {"5": 2076.0, "17": 2080.0, "50": 2087.0, "83": 2094.0, "95": 2098.0}, "delta": {"5": 20.950000000000045, "17": 27.0, "50": 35.0, "83": 43.0, "95": 48.0}}, "int": {"occ": {"5": 2030.0, "17": 2032.0, "50": 2035.0, "83": 2038.0, "95": 2040.0499999999993}, "chrnc": {"5": 2048.0, "17": 2050.0, "50": 2053.0, "83": 2055.0, "95": 2056.0499999999993}, "delta": {"5": 10.0, "17": 14.0, "50": 18.0, "83": 21.0, "95": 24.0}}, "int_high": {"occ": {"5": 2022.0, "17": 2025.0, "50": 2027.0, "83": 2029.0, "95": 2031.0}, "chrnc": {"5": 2037.0, "17": 2039.0, "50": 2041.0, "83": 2043.0, "95": 2044.0}, "delta": {"5": 8.0, "17": 11.0, "50": 14.0, "83": 17.0, "95": 19.0}}, "kopp": {"occ": {"5": 2041.0, "17": 2047.0, "50": 2053.0, "83": 2062.0, "95": 2070.0}, "chrnc": {"5": 2060.0, "17": 2066.0, "50": 2076.0, "83": 2088.0, "95": 2096.0}, "delta": {"5": 13.0, "17": 17.0, "50": 23.0, "83": 30.0, "95": 35.0}}}