{"int_low": {"occ": {"5": 2010.0, "17": 2010.0, "50": 2013.0, "83": 2013.0, "95": 2020.0}, "chrnc": {"5": 2014.0, "17": 2015.0, "50": 2022.0, "83": 2032.0, "95": 2036.0}, "delta": {"5": 1.0, "17": 3.0, "50": 9.0, "83": 19.0, "95": 23.0}}, "int": {"occ": {"5": 2010.0, "17": 2010.0, "50": 2013.0, "83": 2013.0, "95": 2016.0}, "chrnc": {"5": 2012.0, "17": 2014.0, "50": 2016.0, "83": 2021.0, "95": 2025.0999999999985}, "delta": {"5": -1.0499999999999545, "17": 1.0, "50": 4.0, "83": 9.0, "95": 14.0}}, "int_high": {"occ": {"5": 2010.0, "17": 2010.0, "50": 2013.0, "83": 2013.0, "95": 2013.0}, "chrnc": {"5": 2010.0, "17": 2012.0, "50": 2016.0, "83": 2019.0, "95": 2022.0}, "delta": {"5": -2.0, "17": -1.0, "50": 3.0, "83": 7.0, "95": 11.0}}, "kopp": {"occ": {"5": 2010.0, "17": 2010.0, "50": 2013.0, "83": 2013.0, "95": 2020.0}, "chrnc": {"5": 2014.0, "17": 2015.0, "50": 2020.0, "83": 2029.0, "95": 2035.0}, "delta": {"5": -1.0, "17": 2.0, "50": 7.0, "83": 16.0, "95": 22.0}}}