{"int_low": {"occ": {"5": 2037.0, "17": 2042.0, "50": 2046.0, "83": 2052.0, "95": 2055.0499999999993}, "chrnc": {"5": 2067.0, "17": 2071.0, "50": 2080.0, "83": 2086.0, "95": 2092.0}, "delta": {"5": 19.0, "17": 25.0, "50": 33.0, "83": 40.0, "95": 46.0}}, "int": {"occ": {"5": 2026.0, "17": 2029.0, "50": 2032.0, "83": 2036.0, "95": 2038.0499999999993}, "chrnc": {"5": 2046.0, "17": 2048.0, "50": 2052.0, "83": 2055.0, "95": 2057.0}, "delta": {"5": 11.0, "17": 15.0, "50": 19.0, "83": 23.0, "95": 26.0}}, "int_high": {"occ": {"5": 2021.0, "17": 2023.0, "50": 2026.0, "83": 2028.0, "95": 2030.0}, "chrnc": {"5": 2037.0, "17": 2039.0, "50": 2041.0, "83": 2043.0, "95": 2045.0}, "delta": {"5": 10.0, "17": 13.0, "50": 15.0, "83": 18.0, "95": 21.0}}}