{"int_low": {"occ": {"5": 2065.0, "17": 2072.0, "50": 2077.0, "83": 2085.0, "95": 2090.0}, "chrnc": {"5": 2093.0, "17": 2096.0, "50": 2098.0, "83": 2100.0, "95": 2100.0}, "delta": {"5": 7.950000000000017, "17": 13.0, "50": 21.0, "83": 28.0, "95": 34.0}}, "int": {"occ": {"5": 2045.0, "17": 2047.0, "50": 2051.0, "83": 2053.0, "95": 2055.0}, "chrnc": {"5": 2059.0, "17": 2060.0, "50": 2063.0, "83": 2066.0, "95": 2068.0}, "delta": {"5": 6.9500000000000455, "17": 9.0, "50": 12.0, "83": 17.0, "95": 20.0}}, "int_high": {"occ": {"5": 2037.0, "17": 2039.0, "50": 2041.0, "83": 2042.0, "95": 2044.0}, "chrnc": {"5": 2047.0, "17": 2049.0, "50": 2051.0, "83": 2053.0, "95": 2054.0}, "delta": {"5": 5.0, "17": 8.0, "50": 10.0, "83": 13.0, "95": 15.0}}, "kopp": {"occ": {"5": 2050.0, "17": 2056.0, "50": 2064.0, "83": 2075.0, "95": 2085.0}, "chrnc": {"5": 2061.0, "17": 2069.0, "50": 2079.0, "83": 2091.0, "95": 2098.0}, "delta": {"5": 7.0, "17": 11.0, "50": 15.0, "83": 21.0, "95": 25.0}}}