{"int_low": {"occ": {"5": 2012.0, "17": 2013.0, "50": 2020.5, "83": 2033.0, "95": 2046.0}, "chrnc": {"5": 2022.0, "17": 2030.0, "50": 2048.0, "83": 2065.0, "95": 2076.0}, "delta": {"5": -7.0499999999999545, "17": 8.0, "50": 26.0, "83": 43.0, "95": 57.04999999999927}}, "int": {"occ": {"5": 2010.0, "17": 2013.0, "50": 2014.0, "83": 2023.0, "95": 2032.0}, "chrnc": {"5": 2018.0, "17": 2022.0, "50": 2031.0, "83": 2040.0, "95": 2048.0}, "delta": {"5": -4.0, "17": 5.0, "50": 14.0, "83": 24.0, "95": 32.0}}, "int_high": {"occ": {"5": 2010.0, "17": 2012.0, "50": 2013.0, "83": 2021.0, "95": 2025.0}, "chrnc": {"5": 2017.95, "17": 2020.0, "50": 2027.0, "83": 2033.0, "95": 2037.0}, "delta": {"5": -3.0, "17": 4.0, "50": 11.0, "83": 19.0, "95": 23.049999999999272}}, "kopp": {"occ": {"5": 2011.0, "17": 2013.0, "50": 2019.0, "83": 2029.0, "95": 2037.0}, "chrnc": {"5": 2019.0, "17": 2025.0, "50": 2038.0, "83": 2052.0, "95": 2066.0}, "delta": {"5": -6.0, "17": 6.0, "50": 18.0, "83": 34.0, "95": 45.0}}}