{"int_low": {"occ": {"5": 2017.0, "17": 2019.0, "50": 2027.0, "83": 2034.0, "95": 2038.0}, "chrnc": {"5": 2043.0, "17": 2047.0, "50": 2056.0, "83": 2062.0, "95": 2069.0}, "delta": {"5": 11.0, "17": 19.0, "50": 29.0, "83": 39.0, "95": 45.0}}, "int": {"occ": {"5": 2016.0, "17": 2017.0, "50": 2021.0, "83": 2027.0, "95": 2032.0}, "chrnc": {"5": 2033.95, "17": 2037.0, "50": 2039.0, "83": 2042.0, "95": 2045.0}, "delta": {"5": 7.0, "17": 11.0, "50": 18.0, "83": 22.0, "95": 26.0}}, "int_high": {"occ": {"5": 2014.0, "17": 2016.0, "50": 2018.0, "83": 2020.0, "95": 2022.0499999999993}, "chrnc": {"5": 2025.0, "17": 2027.0, "50": 2031.0, "83": 2034.0, "95": 2036.0}, "delta": {"5": 6.0, "17": 9.0, "50": 13.0, "83": 17.0, "95": 19.0}}, "kopp": {"occ": {"5": 2017.0, "17": 2018.0, "50": 2025.0, "83": 2033.0, "95": 2038.0}, "chrnc": {"5": 2037.0, "17": 2040.0, "50": 2047.0, "83": 2056.0, "95": 2066.0}, "delta": {"5": 9.0, "17": 14.0, "50": 21.0, "83": 30.68000000000029, "95": 38.0}}}