{"int_low": {"occ": {"5": 2016.0, "17": 2018.0, "50": 2022.0, "83": 2027.0, "95": 2031.0}, "chrnc": {"5": 2056.0, "17": 2061.0, "50": 2067.0, "83": 2073.0, "95": 2078.0}, "delta": {"5": 31.0, "17": 37.830000000000155, "50": 44.0, "83": 52.0, "95": 56.04999999999927}}, "int": {"occ": {"5": 2011.0, "17": 2014.0, "50": 2017.0, "83": 2020.0, "95": 2022.0}, "chrnc": {"5": 2041.0, "17": 2043.0, "50": 2046.0, "83": 2049.0, "95": 2051.0}, "delta": {"5": 22.0, "17": 25.0, "50": 29.0, "83": 33.0, "95": 36.0}}, "int_high": {"occ": {"5": 2010.0, "17": 2010.0, "50": 2012.0, "83": 2015.0, "95": 2018.0}, "chrnc": {"5": 2031.0, "17": 2033.0, "50": 2036.0, "83": 2039.0, "95": 2040.0}, "delta": {"5": 16.0, "17": 20.0, "50": 23.0, "83": 27.0, "95": 29.0}}}