{"int_low": {"occ": {"5": 2016.0, "17": 2018.0, "50": 2024.0, "83": 2032.0, "95": 2035.0}, "chrnc": {"5": 2041.0, "17": 2043.0, "50": 2050.0, "83": 2056.0, "95": 2059.0}, "delta": {"5": 10.0, "17": 16.0, "50": 25.0, "83": 35.0, "95": 39.0}}, "int": {"occ": {"5": 2014.0, "17": 2016.0, "50": 2019.0, "83": 2022.0, "95": 2026.0499999999993}, "chrnc": {"5": 2026.0, "17": 2031.0, "50": 2037.0, "83": 2039.0, "95": 2041.0}, "delta": {"5": 6.9500000000000455, "17": 11.0, "50": 17.0, "83": 21.0, "95": 24.0}}, "int_high": {"occ": {"5": 2012.0, "17": 2013.0, "50": 2014.0, "83": 2016.0, "95": 2020.0}, "chrnc": {"5": 2022.0, "17": 2025.0, "50": 2028.0, "83": 2032.0, "95": 2034.0}, "delta": {"5": 6.0, "17": 9.0, "50": 13.0, "83": 18.0, "95": 20.0}}, "kopp": {"occ": {"5": 2016.0, "17": 2016.0, "50": 2021.0, "83": 2030.0, "95": 2035.0}, "chrnc": {"5": 2032.0, "17": 2038.0, "50": 2043.0, "83": 2052.0, "95": 2060.0}, "delta": {"5": 8.0, "17": 14.0, "50": 21.0, "83": 30.0, "95": 36.0}}}