{"int_low": {"occ": {"5": 2010.0, "17": 2010.0, "50": 2014.0, "83": 2014.0, "95": 2015.0}, "chrnc": {"5": 2010.0, "17": 2012.0, "50": 2013.0, "83": 2019.0, "95": 2030.0499999999993}, "delta": {"5": -4.0, "17": -2.0, "50": 2.0, "83": 6.170000000000073, "95": 17.0}}, "int": {"occ": {"5": 2010.0, "17": 2010.0, "50": 2012.0, "83": 2014.0, "95": 2015.0}, "chrnc": {"5": 2010.0, "17": 2011.0, "50": 2014.0, "83": 2015.0, "95": 2016.0}, "delta": {"5": -4.0, "17": -2.0, "50": 1.0, "83": 4.0, "95": 5.0}}, "int_high": {"occ": {"5": 2010.0, "17": 2010.0, "50": 2012.0, "83": 2014.0, "95": 2015.0}, "chrnc": {"5": 2010.0, "17": 2010.0, "50": 2014.0, "83": 2014.0, "95": 2015.0}, "delta": {"5": -1.0499999999999545, "17": 0.0, "50": 0.0, "83": 2.0, "95": 4.0}}, "kopp": {"occ": {"5": 2010.0, "17": 2011.0, "50": 2014.0, "83": 2014.0, "95": 2016.0}, "chrnc": {"5": 2010.0, "17": 2012.0, "50": 2016.0, "83": 2020.0, "95": 2032.0}, "delta": {"5": -4.0, "17": -2.0, "50": 3.0, "83": 8.0, "95": 19.0}}}