{"int_low": {"occ": {"5": 2013.0, "17": 2015.0, "50": 2018.0, "83": 2023.0, "95": 2026.0}, "chrnc": {"5": 2010.0, "17": 2020.0, "50": 2030.0, "83": 2039.0, "95": 2043.0}, "delta": {"5": -7.0499999999999545, "17": 2.0, "50": 10.0, "83": 19.170000000000073, "95": 26.0}}, "int": {"occ": {"5": 2012.0, "17": 2013.0, "50": 2015.0, "83": 2019.0, "95": 2023.0}, "chrnc": {"5": 2010.0, "17": 2011.0, "50": 2018.0, "83": 2024.0, "95": 2026.0}, "delta": {"5": -8.0, "17": -4.0, "50": 3.0, "83": 9.0, "95": 12.0}}, "int_high": {"occ": {"5": 2010.0, "17": 2012.0, "50": 2014.0, "83": 2016.0, "95": 2018.0}, "chrnc": {"5": 2010.0, "17": 2012.0, "50": 2014.0, "83": 2016.0, "95": 2019.0}, "delta": {"5": -5.0, "17": -3.0, "50": 0.0, "83": 3.0, "95": 6.0}}, "kopp": {"occ": {"5": 2013.0, "17": 2015.0, "50": 2021.0, "83": 2024.0, "95": 2027.0}, "chrnc": {"5": 2020.0, "17": 2028.0, "50": 2035.0, "83": 2043.0, "95": 2048.0}, "delta": {"5": 2.0, "17": 7.0, "50": 15.0, "83": 24.0, "95": 30.0}}}