{"int_low": {"occ": {"5": 2010.0, "17": 2011.0, "50": 2011.0, "83": 2014.0, "95": 2019.0}, "chrnc": {"5": 2010.95, "17": 2012.0, "50": 2015.0, "83": 2020.0, "95": 2033.0}, "delta": {"5": -4.0499999999999545, "17": 1.0, "50": 4.0, "83": 9.0, "95": 21.0}}, "int": {"occ": {"5": 2010.0, "17": 2010.0, "50": 2011.0, "83": 2012.0, "95": 2015.0}, "chrnc": {"5": 2010.0, "17": 2010.0, "50": 2013.0, "83": 2015.0, "95": 2019.0}, "delta": {"5": -3.0, "17": -1.0, "50": 2.0, "83": 4.0, "95": 7.049999999999272}}, "int_high": {"occ": {"5": 2010.0, "17": 2010.0, "50": 2011.0, "83": 2012.0, "95": 2015.0}, "chrnc": {"5": 2010.0, "17": 2010.0, "50": 2011.0, "83": 2014.0, "95": 2015.0}, "delta": {"5": -1.0, "17": -1.0, "50": 0.0, "83": 1.0, "95": 4.0}}, "kopp": {"occ": {"5": 2010.0, "17": 2011.0, "50": 2011.0, "83": 2014.0, "95": 2020.0}, "chrnc": {"5": 2011.0, "17": 2012.0, "50": 2015.0, "83": 2023.0, "95": 2033.0}, "delta": {"5": -5.0, "17": -1.0, "50": 4.0, "83": 10.0, "95": 21.0}}}