{"int_low": {"occ": {"5": 2024.0, "17": 2028.0, "50": 2032.0, "83": 2036.0, "95": 2039.0499999999993}, "chrnc": {"5": 2065.0, "17": 2068.0, "50": 2073.0, "83": 2079.0, "95": 2081.0499999999993}, "delta": {"5": 29.0, "17": 34.0, "50": 41.0, "83": 48.0, "95": 53.0}}, "int": {"occ": {"5": 2019.0, "17": 2021.0, "50": 2024.0, "83": 2027.0, "95": 2028.0}, "chrnc": {"5": 2046.0, "17": 2047.0, "50": 2049.0, "83": 2051.0, "95": 2053.0}, "delta": {"5": 19.0, "17": 22.0, "50": 25.0, "83": 29.0, "95": 31.0}}, "int_high": {"occ": {"5": 2016.0, "17": 2018.0, "50": 2020.0, "83": 2023.0, "95": 2024.0}, "chrnc": {"5": 2036.0, "17": 2037.0, "50": 2039.0, "83": 2041.0, "95": 2043.0}, "delta": {"5": 14.0, "17": 16.0, "50": 19.0, "83": 22.0, "95": 24.0}}, "kopp": {"occ": {"5": 2025.0, "17": 2028.0, "50": 2033.0, "83": 2040.0, "95": 2044.0}, "chrnc": {"5": 2052.0, "17": 2057.0, "50": 2065.0, "83": 2076.0, "95": 2086.0}, "delta": {"5": 21.0, "17": 25.0, "50": 32.0, "83": 40.0, "95": 48.0}}}