{"int_low": {"occ": {"5": 2010.0, "17": 2013.0, "50": 2016.0, "83": 2020.0, "95": 2024.0}, "chrnc": {"5": 2049.0, "17": 2053.0, "50": 2058.0, "83": 2062.0, "95": 2067.0}, "delta": {"5": 31.0, "17": 36.0, "50": 41.5, "83": 48.0, "95": 52.0}}, "int": {"occ": {"5": 2012.0, "17": 2013.0, "50": 2015.0, "83": 2015.0, "95": 2015.0}, "chrnc": {"5": 2033.0, "17": 2035.0, "50": 2039.0, "83": 2042.0, "95": 2044.0}, "delta": {"5": 18.0, "17": 20.0, "50": 24.0, "83": 28.0, "95": 30.0}}, "int_high": {"occ": {"5": 2010.0, "17": 2013.0, "50": 2014.0, "83": 2015.0, "95": 2015.0}, "chrnc": {"5": 2026.0, "17": 2028.0, "50": 2030.0, "83": 2032.0, "95": 2033.0}, "delta": {"5": 12.0, "17": 13.0, "50": 16.0, "83": 19.0, "95": 20.049999999999272}}, "kopp": {"occ": {"5": 2010.0, "17": 2011.0, "50": 2017.0, "83": 2023.0, "95": 2027.0}, "chrnc": {"5": 2046.0, "17": 2050.0, "50": 2057.0, "83": 2066.0, "95": 2076.0}, "delta": {"5": 26.600000000000023, "17": 32.0, "50": 40.0, "83": 50.0, "95": 58.0}}}