{"int_low": {"occ": {"5": 2011.0, "17": 2013.0, "50": 2018.0, "83": 2023.0, "95": 2028.0}, "chrnc": {"5": 2038.0, "17": 2041.8300000000002, "50": 2047.0, "83": 2053.0, "95": 2056.0499999999993}, "delta": {"5": 17.0, "17": 22.0, "50": 29.0, "83": 36.0, "95": 41.0}}, "int": {"occ": {"5": 2010.0, "17": 2010.0, "50": 2012.0, "83": 2014.0, "95": 2020.0}, "chrnc": {"5": 2028.0, "17": 2031.0, "50": 2036.0, "83": 2039.0, "95": 2042.0}, "delta": {"5": 13.0, "17": 17.0, "50": 23.0, "83": 27.0, "95": 30.0}}, "int_high": {"occ": {"5": 2010.0, "17": 2010.0, "50": 2011.0, "83": 2012.0, "95": 2013.0}, "chrnc": {"5": 2023.0, "17": 2026.0, "50": 2029.0, "83": 2032.0, "95": 2034.0}, "delta": {"5": 11.0, "17": 14.0, "50": 17.0, "83": 21.0, "95": 24.0}}, "kopp": {"occ": {"5": 2012.0, "17": 2013.0, "50": 2018.0, "83": 2025.0, "95": 2030.0}, "chrnc": {"5": 2036.0, "17": 2039.0, "50": 2045.0, "83": 2053.0, "95": 2060.0}, "delta": {"5": 15.0, "17": 20.0, "50": 27.0, "83": 35.0, "95": 41.0}}}