{"int_low": {"occ": {"5": 2047.0, "17": 2050.0, "50": 2054.0, "83": 2059.0, "95": 2062.0}, "chrnc": {"5": 2088.0, "17": 2092.0, "50": 2097.0, "83": 2099.0, "95": 2100.0}, "delta": {"5": 31.0, "17": 35.0, "50": 41.0, "83": 47.0, "95": 51.0}}, "int": {"occ": {"5": 2034.0, "17": 2036.0, "50": 2038.0, "83": 2041.0, "95": 2043.0}, "chrnc": {"5": 2056.0, "17": 2057.0, "50": 2060.0, "83": 2063.0, "95": 2064.0}, "delta": {"5": 16.0, "17": 18.0, "50": 22.0, "83": 25.0, "95": 27.049999999999272}}, "int_high": {"occ": {"5": 2028.0, "17": 2029.0, "50": 2031.0, "83": 2033.0, "95": 2036.0}, "chrnc": {"5": 2046.0, "17": 2047.0, "50": 2049.0, "83": 2050.0, "95": 2051.0}, "delta": {"5": 12.950000000000045, "17": 14.830000000000155, "50": 17.0, "83": 20.0, "95": 22.0}}, "kopp": {"occ": {"5": 2043.0, "17": 2048.0, "50": 2054.0, "83": 2062.0, "95": 2069.0}, "chrnc": {"5": 2065.0, "17": 2072.0, "50": 2081.0, "83": 2092.0, "95": 2098.0}, "delta": {"5": 18.0, "17": 21.0, "50": 27.0, "83": 34.0, "95": 39.0}}}