{"int_low": {"occ": {"5": 2015.0, "17": 2016.0, "50": 2026.0, "83": 2034.0, "95": 2040.0}, "chrnc": {"5": 2072.0, "17": 2078.0, "50": 2085.0, "83": 2093.0, "95": 2098.0}, "delta": {"5": 41.0, "17": 49.0, "50": 59.0, "83": 69.0, "95": 76.04999999999927}}, "int": {"occ": {"5": 2014.0, "17": 2015.0, "50": 2019.0, "83": 2024.0, "95": 2029.0}, "chrnc": {"5": 2046.0, "17": 2050.0, "50": 2053.0, "83": 2057.0, "95": 2060.0}, "delta": {"5": 23.0, "17": 28.0, "50": 34.0, "83": 39.0, "95": 43.0}}, "int_high": {"occ": {"5": 2013.0, "17": 2014.0, "50": 2017.0, "83": 2020.0, "95": 2022.0499999999993}, "chrnc": {"5": 2036.0, "17": 2038.0, "50": 2042.0, "83": 2045.0, "95": 2047.0}, "delta": {"5": 17.0, "17": 21.0, "50": 24.0, "83": 28.0, "95": 31.0}}, "kopp": {"occ": {"5": 2015.0, "17": 2018.0, "50": 2027.0, "83": 2036.0, "95": 2043.0}, "chrnc": {"5": 2053.0, "17": 2059.0, "50": 2068.0, "83": 2081.0, "95": 2092.0}, "delta": {"5": 26.0, "17": 32.0, "50": 42.0, "83": 53.0, "95": 63.0}}}