{"int_low": {"occ": {"5": 2015.0, "17": 2016.0, "50": 2022.0, "83": 2028.0, "95": 2032.0}, "chrnc": {"5": 2056.0, "17": 2061.0, "50": 2067.0, "83": 2073.0, "95": 2078.0}, "delta": {"5": 31.0, "17": 36.0, "50": 45.0, "83": 53.0, "95": 58.04999999999927}}, "int": {"occ": {"5": 2013.0, "17": 2014.0, "50": 2019.0, "83": 2023.0, "95": 2025.0}, "chrnc": {"5": 2039.0, "17": 2043.8300000000002, "50": 2047.0, "83": 2049.0, "95": 2051.0}, "delta": {"5": 19.0, "17": 23.0, "50": 28.0, "83": 32.0, "95": 35.0}}, "int_high": {"occ": {"5": 2012.0, "17": 2012.0, "50": 2014.0, "83": 2018.0, "95": 2023.0}, "chrnc": {"5": 2032.0, "17": 2034.0, "50": 2036.0, "83": 2039.0, "95": 2040.0499999999993}, "delta": {"5": 13.0, "17": 17.0, "50": 21.0, "83": 25.0, "95": 27.0}}, "kopp": {"occ": {"5": 2015.0, "17": 2016.0, "50": 2023.0, "83": 2031.0, "95": 2035.0}, "chrnc": {"5": 2047.0, "17": 2052.0, "50": 2059.0, "83": 2068.0, "95": 2078.0}, "delta": {"5": 22.0, "17": 28.0, "50": 36.0, "83": 46.0, "95": 54.0}}}