{"int_low": {"occ": {"5": 2010.0, "17": 2010.0, "50": 2012.0, "83": 2023.0, "95": 2034.0}, "chrnc": {"5": 2044.95, "17": 2054.0, "50": 2064.0, "83": 2073.0, "95": 2079.0}, "delta": {"5": 25.0, "17": 35.0, "50": 49.0, "83": 59.0, "95": 65.0}}, "int": {"occ": {"5": 2010.0, "17": 2010.0, "50": 2011.0, "83": 2018.0, "95": 2021.0}, "chrnc": {"5": 2026.0, "17": 2037.0, "50": 2042.0, "83": 2050.0, "95": 2052.0}, "delta": {"5": 14.0, "17": 21.0, "50": 30.0, "83": 38.0, "95": 41.0}}, "int_high": {"occ": {"5": 2010.0, "17": 2010.0, "50": 2010.0, "83": 2013.0, "95": 2019.0499999999993}, "chrnc": {"5": 2024.0, "17": 2027.0, "50": 2033.0, "83": 2037.0, "95": 2039.0}, "delta": {"5": 10.0, "17": 15.0, "50": 21.0, "83": 26.0, "95": 28.049999999999272}}, "kopp": {"occ": {"5": 2010.0, "17": 2010.0, "50": 2012.0, "83": 2020.0, "95": 2033.0}, "chrnc": {"5": 2036.0, "17": 2041.0, "50": 2050.0, "83": 2064.0, "95": 2076.0}, "delta": {"5": 17.0, "17": 26.0, "50": 36.0, "83": 48.0, "95": 60.0}}}