{"int_low": {"occ": {"5": 2012.0, "17": 2013.0, "50": 2013.0, "83": 2013.0, "95": 2034.0}, "chrnc": {"5": 2014.95, "17": 2020.0, "50": 2037.0, "83": 2066.0, "95": 2073.0}, "delta": {"5": -5.0, "17": 4.0, "50": 21.0, "83": 43.0, "95": 59.04999999999927}}, "int": {"occ": {"5": 2012.0, "17": 2013.0, "50": 2013.0, "83": 2013.0, "95": 2019.0}, "chrnc": {"5": 2014.0, "17": 2015.0, "50": 2021.0, "83": 2033.0, "95": 2036.0}, "delta": {"5": -2.0499999999999545, "17": 1.0, "50": 8.0, "83": 20.0, "95": 23.0}}, "int_high": {"occ": {"5": 2012.0, "17": 2013.0, "50": 2013.0, "83": 2013.0, "95": 2013.0}, "chrnc": {"5": 2011.0, "17": 2012.0, "50": 2016.0, "83": 2022.0, "95": 2032.0}, "delta": {"5": -2.0, "17": -1.0, "50": 3.0, "83": 9.0, "95": 19.0}}, "kopp": {"occ": {"5": 2012.0, "17": 2013.0, "50": 2013.0, "83": 2013.0, "95": 2034.0}, "chrnc": {"5": 2014.0, "17": 2017.0, "50": 2029.0, "83": 2048.0, "95": 2065.0}, "delta": {"5": -7.0, "17": 2.0, "50": 15.0, "83": 30.0, "95": 42.0}}}