{"int_low": {"occ": {"5": 2018.0, "17": 2020.0, "50": 2028.0, "83": 2034.0, "95": 2036.0499999999993}, "chrnc": {"5": 2058.0, "17": 2061.0, "50": 2067.0, "83": 2074.0, "95": 2081.0}, "delta": {"5": 26.0, "17": 31.0, "50": 40.0, "83": 51.0, "95": 57.0}}, "int": {"occ": {"5": 2011.0, "17": 2016.0, "50": 2017.0, "83": 2020.0, "95": 2022.0}, "chrnc": {"5": 2040.0, "17": 2041.0, "50": 2044.0, "83": 2050.0, "95": 2052.0}, "delta": {"5": 20.0, "17": 23.0, "50": 27.0, "83": 33.0, "95": 36.0}}, "int_high": {"occ": {"5": 2010.0, "17": 2012.0, "50": 2014.0, "83": 2018.0, "95": 2019.0499999999993}, "chrnc": {"5": 2030.0, "17": 2035.0, "50": 2037.0, "83": 2039.0, "95": 2040.0}, "delta": {"5": 14.950000000000045, "17": 18.0, "50": 23.0, "83": 26.0, "95": 28.0}}, "kopp": {"occ": {"5": 2017.0, "17": 2020.0, "50": 2026.0, "83": 2034.0, "95": 2037.0}, "chrnc": {"5": 2042.0, "17": 2047.0, "50": 2058.0, "83": 2070.0, "95": 2081.0}, "delta": {"5": 17.0, "17": 23.0, "50": 32.0, "83": 42.0, "95": 52.0}}}