{"int_low": {"occ": {"5": 2012.0, "17": 2013.0, "50": 2016.0, "83": 2023.0, "95": 2027.0}, "chrnc": {"5": 2065.0, "17": 2069.0, "50": 2076.0, "83": 2084.0, "95": 2094.0}, "delta": {"5": 43.950000000000045, "17": 50.0, "50": 58.0, "83": 68.0, "95": 76.0}}, "int": {"occ": {"5": 2011.0, "17": 2013.0, "50": 2015.0, "83": 2017.17, "95": 2023.0}, "chrnc": {"5": 2038.0, "17": 2042.0, "50": 2046.0, "83": 2048.0, "95": 2050.0}, "delta": {"5": 21.0, "17": 25.0, "50": 30.0, "83": 34.0, "95": 36.0}}, "int_high": {"occ": {"5": 2010.0, "17": 2012.0, "50": 2014.0, "83": 2016.0, "95": 2018.0}, "chrnc": {"5": 2030.0, "17": 2031.0, "50": 2033.0, "83": 2036.0, "95": 2039.0}, "delta": {"5": 14.0, "17": 17.0, "50": 20.0, "83": 23.0, "95": 26.0}}, "kopp": {"occ": {"5": 2011.0, "17": 2012.8300000000002, "50": 2019.0, "83": 2027.0, "95": 2036.0}, "chrnc": {"5": 2054.0, "17": 2061.0, "50": 2069.0, "83": 2082.0, "95": 2092.0}, "delta": {"5": 32.0, "17": 39.0, "50": 50.0, "83": 62.0, "95": 71.0}}}