{"int_low": {"occ": {"5": 2038.0, "17": 2045.0, "50": 2049.0, "83": 2052.0, "95": 2058.0}, "chrnc": {"5": 2081.0, "17": 2086.0, "50": 2091.0, "83": 2096.0, "95": 2098.0}, "delta": {"5": 30.950000000000045, "17": 36.0, "50": 42.0, "83": 49.0, "95": 53.0}}, "int": {"occ": {"5": 2028.0, "17": 2029.0, "50": 2032.0, "83": 2035.0, "95": 2039.0}, "chrnc": {"5": 2051.0, "17": 2052.0, "50": 2054.0, "83": 2058.0, "95": 2059.0}, "delta": {"5": 15.0, "17": 19.0, "50": 23.0, "83": 26.0, "95": 29.0}}, "int_high": {"occ": {"5": 2020.0, "17": 2022.0, "50": 2025.0, "83": 2027.0, "95": 2028.0}, "chrnc": {"5": 2038.0, "17": 2041.0, "50": 2044.0, "83": 2045.0, "95": 2047.0}, "delta": {"5": 13.0, "17": 16.0, "50": 19.0, "83": 21.0, "95": 24.0}}, "kopp": {"occ": {"5": 2038.0, "17": 2044.0, "50": 2049.0, "83": 2057.0, "95": 2063.0}, "chrnc": {"5": 2062.0, "17": 2068.0, "50": 2077.0, "83": 2088.0, "95": 2096.0}, "delta": {"5": 18.0, "17": 22.0, "50": 28.0, "83": 35.0, "95": 40.600000000000364}}}