{"int_low": {"occ": {"5": 2050.0, "17": 2055.0, "50": 2063.0, "83": 2070.17, "95": 2078.0}, "chrnc": {"5": 2088.0, "17": 2091.0, "50": 2092.0, "83": 2099.0, "95": 2100.0}, "delta": {"5": 15.0, "17": 22.0, "50": 31.5, "83": 41.0, "95": 54.0}}, "int": {"occ": {"5": 2034.0, "17": 2037.0, "50": 2043.0, "83": 2047.0, "95": 2050.0}, "chrnc": {"5": 2063.0, "17": 2065.0, "50": 2068.0, "83": 2071.0, "95": 2073.0}, "delta": {"5": 16.950000000000045, "17": 20.0, "50": 26.0, "83": 31.0, "95": 36.0}}, "int_high": {"occ": {"5": 2027.0, "17": 2029.0, "50": 2032.0, "83": 2036.0, "95": 2040.0}, "chrnc": {"5": 2049.0, "17": 2051.0, "50": 2053.0, "83": 2056.0, "95": 2058.0}, "delta": {"5": 12.950000000000045, "17": 16.0, "50": 21.0, "83": 25.0, "95": 28.0}}, "kopp": {"occ": {"5": 2042.0, "17": 2048.0, "50": 2056.0, "83": 2067.0, "95": 2079.0}, "chrnc": {"5": 2066.0, "17": 2073.0, "50": 2085.0, "83": 2095.0, "95": 2099.0}, "delta": {"5": 17.0, "17": 22.0, "50": 30.0, "83": 38.0, "95": 43.399999999999636}}}