{"int_low": {"occ": {"5": 2011.0, "17": 2013.0, "50": 2015.0, "83": 2016.0, "95": 2020.0}, "chrnc": {"5": 2039.0, "17": 2043.8300000000002, "50": 2049.0, "83": 2054.0, "95": 2058.0}, "delta": {"5": 23.0, "17": 28.0, "50": 34.0, "83": 39.0, "95": 43.0}}, "int": {"occ": {"5": 2010.0, "17": 2013.0, "50": 2014.0, "83": 2015.0, "95": 2016.0}, "chrnc": {"5": 2028.0, "17": 2030.8300000000002, "50": 2035.0, "83": 2038.0, "95": 2041.0}, "delta": {"5": 14.0, "17": 17.0, "50": 21.0, "83": 24.0, "95": 27.0}}, "int_high": {"occ": {"5": 2010.0, "17": 2012.0, "50": 2013.0, "83": 2015.0, "95": 2016.0}, "chrnc": {"5": 2022.0, "17": 2025.0, "50": 2027.0, "83": 2031.0, "95": 2032.0}, "delta": {"5": 8.0, "17": 11.0, "50": 14.0, "83": 17.0, "95": 19.0}}, "kopp": {"occ": {"5": 2011.0, "17": 2013.0, "50": 2015.0, "83": 2019.0, "95": 2023.0}, "chrnc": {"5": 2038.0, "17": 2042.0, "50": 2049.0, "83": 2056.0, "95": 2064.0}, "delta": {"5": 22.0, "17": 27.0, "50": 33.0, "83": 41.0, "95": 48.0}}}