{"int_low": {"occ": {"5": 2010.0, "17": 2012.0, "50": 2016.0, "83": 2020.0, "95": 2027.0}, "chrnc": {"5": 2028.0, "17": 2037.0, "50": 2043.0, "83": 2051.0, "95": 2054.0}, "delta": {"5": 11.950000000000045, "17": 18.0, "50": 26.0, "83": 35.0, "95": 39.0}}, "int": {"occ": {"5": 2010.0, "17": 2010.0, "50": 2013.0, "83": 2016.0, "95": 2019.0}, "chrnc": {"5": 2023.0, "17": 2026.0, "50": 2033.5, "83": 2038.0, "95": 2040.0}, "delta": {"5": 9.0, "17": 13.0, "50": 19.0, "83": 24.0, "95": 28.0}}, "int_high": {"occ": {"5": 2010.0, "17": 2011.0, "50": 2012.0, "83": 2015.0, "95": 2016.0}, "chrnc": {"5": 2022.0, "17": 2024.0, "50": 2028.0, "83": 2032.0, "95": 2034.0}, "delta": {"5": 8.0, "17": 11.0, "50": 15.0, "83": 20.0, "95": 22.049999999999272}}, "kopp": {"occ": {"5": 2010.0, "17": 2012.0, "50": 2017.0, "83": 2021.0, "95": 2028.0}, "chrnc": {"5": 2026.0, "17": 2035.0, "50": 2040.0, "83": 2048.0, "95": 2054.0}, "delta": {"5": 10.0, "17": 16.0, "50": 24.0, "83": 31.0, "95": 37.0}}}