{"int_low": {"occ": {"5": 2010.0, "17": 2010.0, "50": 2013.0, "83": 2019.0, "95": 2025.0}, "chrnc": {"5": 2020.0, "17": 2024.0, "50": 2032.0, "83": 2040.0, "95": 2050.0}, "delta": {"5": 2.0, "17": 9.0, "50": 18.0, "83": 27.0, "95": 37.0}}, "int": {"occ": {"5": 2010.0, "17": 2010.0, "50": 2013.0, "83": 2016.0, "95": 2020.0}, "chrnc": {"5": 2017.0, "17": 2018.0, "50": 2025.0, "83": 2032.0, "95": 2036.0}, "delta": {"5": 3.0, "17": 5.830000000000155, "50": 12.0, "83": 20.0, "95": 23.0}}, "int_high": {"occ": {"5": 2010.0, "17": 2010.0, "50": 2012.0, "83": 2013.0, "95": 2019.0}, "chrnc": {"5": 2015.0, "17": 2015.0, "50": 2019.0, "83": 2024.0, "95": 2028.0499999999993}, "delta": {"5": -3.0, "17": 2.0, "50": 7.0, "83": 12.0, "95": 17.0}}, "kopp": {"occ": {"5": 2010.0, "17": 2010.0, "50": 2013.0, "83": 2019.0, "95": 2023.0}, "chrnc": {"5": 2017.0, "17": 2022.0, "50": 2029.0, "83": 2038.0, "95": 2047.0}, "delta": {"5": 3.0, "17": 7.0, "50": 16.0, "83": 24.0, "95": 31.0}}}