{"int_low": {"occ": {"5": 2010.0, "17": 2010.0, "50": 2013.0, "83": 2014.0, "95": 2023.0}, "chrnc": {"5": 2039.0, "17": 2044.0, "50": 2054.0, "83": 2063.0, "95": 2071.0}, "delta": {"5": 18.950000000000045, "17": 31.0, "50": 40.0, "83": 50.0, "95": 58.04999999999927}}, "int": {"occ": {"5": 2010.0, "17": 2010.0, "50": 2012.0, "83": 2013.0, "95": 2019.0}, "chrnc": {"5": 2025.95, "17": 2028.0, "50": 2038.0, "83": 2041.0, "95": 2045.0}, "delta": {"5": 12.0, "17": 16.0, "50": 26.0, "83": 29.170000000000073, "95": 33.0}}, "int_high": {"occ": {"5": 2010.0, "17": 2010.0, "50": 2011.0, "83": 2013.0, "95": 2016.0999999999985}, "chrnc": {"5": 2023.0, "17": 2026.0, "50": 2031.0, "83": 2035.0, "95": 2037.0}, "delta": {"5": 10.0, "17": 14.0, "50": 19.0, "83": 24.0, "95": 26.0}}, "kopp": {"occ": {"5": 2010.0, "17": 2011.0, "50": 2013.0, "83": 2018.0, "95": 2021.0}, "chrnc": {"5": 2027.0, "17": 2037.0, "50": 2045.0, "83": 2055.0, "95": 2068.0}, "delta": {"5": 14.0, "17": 22.0, "50": 31.0, "83": 42.0, "95": 53.0}}}