{"int_low": {"occ": {"5": 2053.0, "17": 2055.0, "50": 2065.0, "83": 2075.0, "95": 2079.0}, "chrnc": {"5": 2091.0, "17": 2091.0, "50": 2091.0, "83": 2091.0, "95": 2091.0}, "delta": {"5": 23.0, "17": 23.0, "50": 23.0, "83": 23.0, "95": 23.0}}, "int": {"occ": {"5": 2034.0, "17": 2037.0, "50": 2042.0, "83": 2045.0, "95": 2047.0}, "chrnc": {"5": 2062.0, "17": 2063.0, "50": 2065.0, "83": 2067.0, "95": 2068.0}, "delta": {"5": 17.950000000000045, "17": 20.0, "50": 23.0, "83": 28.0, "95": 31.0}}, "int_high": {"occ": {"5": 2028.0, "17": 2029.0, "50": 2031.0, "83": 2032.0, "95": 2035.0}, "chrnc": {"5": 2047.0, "17": 2049.0, "50": 2050.0, "83": 2051.0, "95": 2052.0}, "delta": {"5": 14.950000000000045, "17": 17.0, "50": 19.0, "83": 21.0, "95": 23.0}}, "kopp": {"occ": {"5": 2049.0, "17": 2053.0, "50": 2063.0, "83": 2075.0, "95": 2084.0}, "chrnc": {"5": 2069.0, "17": 2077.0, "50": 2087.0, "83": 2096.0, "95": 2099.0}, "delta": {"5": 18.0, "17": 22.0, "50": 29.0, "83": 35.0, "95": 40.0}}}