{"int_low": {"occ": {"5": 2073.0, "17": 2076.0, "50": 2080.0, "83": 2088.0, "95": 2091.0}, "chrnc": {"5": 2091.0, "17": 2094.0, "50": 2097.0, "83": 2099.0, "95": 2100.0}, "delta": {"5": 5.0, "17": 9.0, "50": 16.0, "83": 22.0, "95": 25.0}}, "int": {"occ": {"5": 2049.0, "17": 2051.0, "50": 2054.0, "83": 2056.0, "95": 2057.0}, "chrnc": {"5": 2057.0, "17": 2058.83, "50": 2060.0, "83": 2063.0, "95": 2065.0}, "delta": {"5": 3.0, "17": 4.0, "50": 7.0, "83": 10.170000000000073, "95": 13.049999999999272}}, "int_high": {"occ": {"5": 2039.0, "17": 2040.0, "50": 2042.0, "83": 2044.0, "95": 2045.0}, "chrnc": {"5": 2045.0, "17": 2047.0, "50": 2049.0, "83": 2051.0, "95": 2052.0}, "delta": {"5": 2.0, "17": 4.0, "50": 7.0, "83": 9.0, "95": 11.0}}, "kopp": {"occ": {"5": 2049.0, "17": 2055.0, "50": 2063.0, "83": 2075.0, "95": 2087.0}, "chrnc": {"5": 2057.0, "17": 2062.0, "50": 2073.0, "83": 2086.0, "95": 2096.0}, "delta": {"5": 3.0, "17": 6.0, "50": 10.0, "83": 15.0, "95": 18.0}}}