{"int_low": {"occ": {"5": 2091.0, "17": 2095.0, "50": 2098.0, "83": 2100.0, "95": 2100.0}, "chrnc": {"5": NaN, "17": NaN, "50": NaN, "83": NaN, "95": NaN}, "delta": {"5": NaN, "17": NaN, "50": NaN, "83": NaN, "95": NaN}}, "int": {"occ": {"5": 2057.0, "17": 2059.0, "50": 2061.0, "83": 2063.0, "95": 2065.0}, "chrnc": {"5": 2070.0, "17": 2072.0, "50": 2074.0, "83": 2076.0, "95": 2078.0}, "delta": {"5": 8.0, "17": 10.830000000000155, "50": 13.0, "83": 16.0, "95": 18.0}}, "int_high": {"occ": {"5": 2045.0, "17": 2047.0, "50": 2049.0, "83": 2051.0, "95": 2052.0}, "chrnc": {"5": 2055.0, "17": 2057.0, "50": 2058.0, "83": 2059.0, "95": 2060.0499999999993}, "delta": {"5": 6.0, "17": 7.0, "50": 9.0, "83": 12.0, "95": 13.0}}, "kopp": {"occ": {"5": 2059.0, "17": 2065.0, "50": 2077.0, "83": 2089.0, "95": 2097.0}, "chrnc": {"5": 2069.0, "17": 2076.0, "50": 2087.0, "83": 2097.0, "95": 2099.0}, "delta": {"5": 8.0, "17": 10.0, "50": 14.0, "83": 18.0, "95": 21.0}}}