{"int_low": {"occ": {"5": 2043.0, "17": 2045.0, "50": 2049.0, "83": 2053.0, "95": 2055.0}, "chrnc": {"5": 2059.0, "17": 2061.0, "50": 2063.0, "83": 2068.0, "95": 2069.0499999999993}, "delta": {"5": 7.0, "17": 10.0, "50": 15.0, "83": 20.0, "95": 24.0}}, "int": {"occ": {"5": 2038.0, "17": 2039.0, "50": 2040.0, "83": 2042.0, "95": 2043.0}, "chrnc": {"5": 2048.0, "17": 2049.0, "50": 2052.0, "83": 2054.0, "95": 2055.0}, "delta": {"5": 6.0, "17": 8.830000000000155, "50": 12.0, "83": 14.0, "95": 15.0}}, "int_high": {"occ": {"5": 2034.0, "17": 2035.0, "50": 2037.0, "83": 2038.0, "95": 2039.0}, "chrnc": {"5": 2041.0, "17": 2042.0, "50": 2043.0, "83": 2045.0, "95": 2047.0}, "delta": {"5": 4.0, "17": 5.0, "50": 7.0, "83": 9.0, "95": 11.0}}, "kopp": {"occ": {"5": 2040.0, "17": 2042.0, "50": 2046.0, "83": 2052.0, "95": 2055.0}, "chrnc": {"5": 2051.95, "17": 2055.0, "50": 2058.0, "83": 2063.0, "95": 2069.0}, "delta": {"5": 6.0, "17": 9.0, "50": 12.0, "83": 16.0, "95": 19.0}}}