{"int_low": {"occ": {"5": 2011.0, "17": 2013.0, "50": 2013.0, "83": 2020.0, "95": 2031.0}, "chrnc": {"5": 2030.0, "17": 2042.0, "50": 2053.0, "83": 2066.0, "95": 2074.0}, "delta": {"5": 11.950000000000045, "17": 24.0, "50": 38.0, "83": 52.0, "95": 61.0}}, "int": {"occ": {"5": 2010.0, "17": 2013.0, "50": 2013.0, "83": 2014.0, "95": 2023.0}, "chrnc": {"5": 2022.0, "17": 2027.0, "50": 2036.0, "83": 2042.0, "95": 2046.0}, "delta": {"5": 8.0, "17": 13.0, "50": 21.0, "83": 29.0, "95": 33.0}}, "int_high": {"occ": {"5": 2010.0, "17": 2012.0, "50": 2013.0, "83": 2013.0, "95": 2019.0}, "chrnc": {"5": 2019.0, "17": 2022.0, "50": 2028.0, "83": 2034.0, "95": 2036.0499999999993}, "delta": {"5": 5.0, "17": 9.0, "50": 15.0, "83": 21.0, "95": 24.0}}, "kopp": {"occ": {"5": 2011.0, "17": 2013.0, "50": 2013.0, "83": 2019.0, "95": 2028.0}, "chrnc": {"5": 2025.0, "17": 2031.0, "50": 2043.0, "83": 2056.0, "95": 2071.0}, "delta": {"5": 9.0, "17": 16.0, "50": 29.0, "83": 41.0, "95": 56.0}}}