{"int_low": {"occ": {"5": 2010.0, "17": 2010.0, "50": 2018.0, "83": 2024.0, "95": 2029.0}, "chrnc": {"5": 2017.0, "17": 2020.8300000000002, "50": 2033.0, "83": 2042.0, "95": 2047.0}, "delta": {"5": -6.0, "17": 4.0, "50": 15.0, "83": 26.0, "95": 34.04999999999927}}, "int": {"occ": {"5": 2010.0, "17": 2010.0, "50": 2010.0, "83": 2020.0, "95": 2025.0}, "chrnc": {"5": 2014.0, "17": 2015.0, "50": 2023.0, "83": 2031.0, "95": 2036.0}, "delta": {"5": -5.0, "17": 3.0, "50": 9.0, "83": 19.0, "95": 25.0}}, "int_high": {"occ": {"5": 2010.0, "17": 2010.0, "50": 2010.0, "83": 2018.0, "95": 2022.0}, "chrnc": {"5": 2011.0, "17": 2012.0, "50": 2020.0, "83": 2026.0, "95": 2029.0}, "delta": {"5": -6.0499999999999545, "17": 1.0, "50": 8.0, "83": 15.0, "95": 18.0}}, "kopp": {"occ": {"5": 2010.0, "17": 2010.0, "50": 2016.0, "83": 2024.0, "95": 2029.0}, "chrnc": {"5": 2015.0, "17": 2017.0, "50": 2029.0, "83": 2038.0, "95": 2045.0}, "delta": {"5": -7.0, "17": 2.0, "50": 11.0, "83": 22.0, "95": 30.0}}}