{"int_low": {"occ": {"5": 2011.0, "17": 2012.0, "50": 2016.0, "83": 2022.0, "95": 2033.0}, "chrnc": {"5": 2060.0, "17": 2063.0, "50": 2070.0, "83": 2079.0, "95": 2089.0}, "delta": {"5": 34.950000000000045, "17": 44.0, "50": 53.0, "83": 63.0, "95": 73.0}}, "int": {"occ": {"5": 2010.0, "17": 2010.0, "50": 2011.0, "83": 2013.0, "95": 2019.0}, "chrnc": {"5": 2041.0, "17": 2043.0, "50": 2047.0, "83": 2051.0, "95": 2054.0}, "delta": {"5": 26.0, "17": 31.0, "50": 35.0, "83": 40.0, "95": 43.0}}, "int_high": {"occ": {"5": 2010.0, "17": 2010.0, "50": 2011.0, "83": 2012.0, "95": 2018.0499999999993}, "chrnc": {"5": 2028.0, "17": 2034.8300000000002, "50": 2038.0, "83": 2040.0, "95": 2041.0}, "delta": {"5": 16.0, "17": 21.830000000000155, "50": 27.0, "83": 29.0, "95": 30.0}}, "kopp": {"occ": {"5": 2010.0, "17": 2011.0, "50": 2013.0, "83": 2020.0, "95": 2032.0}, "chrnc": {"5": 2042.0, "17": 2047.0, "50": 2057.0, "83": 2069.0, "95": 2081.0}, "delta": {"5": 27.0, "17": 32.0, "50": 42.0, "83": 53.0, "95": 62.0}}}