{"int_low": {"occ": {"5": 2079.0, "17": 2083.0, "50": 2089.0, "83": 2094.0, "95": 2097.0}, "chrnc": {"5": 2096.0, "17": 2097.0, "50": 2099.0, "83": 2100.0, "95": 2100.0}, "delta": {"5": 3.0, "17": 6.0, "50": 10.0, "83": 16.0, "95": 21.0}}, "int": {"occ": {"5": 2055.0, "17": 2057.0, "50": 2059.0, "83": 2060.0, "95": 2062.0}, "chrnc": {"5": 2064.0, "17": 2066.0, "50": 2069.0, "83": 2071.0, "95": 2073.0}, "delta": {"5": 4.0, "17": 7.0, "50": 10.0, "83": 13.0, "95": 15.049999999999272}}, "int_high": {"occ": {"5": 2043.0, "17": 2045.0, "50": 2047.0, "83": 2049.0, "95": 2051.0}, "chrnc": {"5": 2052.0, "17": 2053.0, "50": 2055.0, "83": 2056.0, "95": 2058.0}, "delta": {"5": 3.9500000000000455, "17": 5.0, "50": 8.0, "83": 10.0, "95": 12.0}}, "kopp": {"occ": {"5": 2056.0, "17": 2061.0, "50": 2071.0, "83": 2081.0, "95": 2092.0}, "chrnc": {"5": 2064.0, "17": 2072.0, "50": 2081.0, "83": 2093.0, "95": 2098.0}, "delta": {"5": 5.0, "17": 7.0, "50": 12.0, "83": 16.0, "95": 20.0}}}