{"int_low": {"occ": {"5": 2016.0, "17": 2016.0, "50": 2018.0, "83": 2024.0, "95": 2032.0}, "chrnc": {"5": 2040.0, "17": 2043.0, "50": 2048.0, "83": 2054.0, "95": 2056.0}, "delta": {"5": 15.0, "17": 22.0, "50": 29.0, "83": 35.0, "95": 39.0}}, "int": {"occ": {"5": 2013.0, "17": 2016.0, "50": 2018.0, "83": 2020.0, "95": 2021.0}, "chrnc": {"5": 2030.0, "17": 2034.0, "50": 2037.0, "83": 2039.0, "95": 2041.0}, "delta": {"5": 10.0, "17": 15.0, "50": 19.0, "83": 22.0, "95": 25.0}}, "int_high": {"occ": {"5": 2012.0, "17": 2012.0, "50": 2013.0, "83": 2015.0, "95": 2018.0}, "chrnc": {"5": 2024.0, "17": 2026.0, "50": 2029.0, "83": 2033.0, "95": 2034.0}, "delta": {"5": 9.0, "17": 12.0, "50": 15.0, "83": 19.0, "95": 21.049999999999272}}, "kopp": {"occ": {"5": 2016.0, "17": 2017.0, "50": 2020.0, "83": 2027.0, "95": 2033.0}, "chrnc": {"5": 2037.0, "17": 2040.0, "50": 2045.0, "83": 2053.0, "95": 2058.0}, "delta": {"5": 13.0, "17": 18.0, "50": 24.0, "83": 32.0, "95": 36.04999999999927}}}