{"int_low": {"occ": {"5": 2075.95, "17": 2080.0, "50": 2085.0, "83": 2091.0, "95": 2095.0}, "chrnc": {"5": 2094.0, "17": 2097.0, "50": 2098.0, "83": 2100.0, "95": 2100.0}, "delta": {"5": 6.0, "17": 13.0, "50": 16.0, "83": 21.0, "95": 32.0}}, "int": {"occ": {"5": 2049.0, "17": 2051.0, "50": 2054.0, "83": 2056.0, "95": 2058.0}, "chrnc": {"5": 2062.0, "17": 2064.0, "50": 2067.0, "83": 2070.0, "95": 2071.0}, "delta": {"5": 8.0, "17": 10.0, "50": 13.0, "83": 16.170000000000073, "95": 19.049999999999272}}, "int_high": {"occ": {"5": 2040.0, "17": 2041.0, "50": 2043.0, "83": 2045.0, "95": 2047.0}, "chrnc": {"5": 2050.95, "17": 2052.0, "50": 2054.0, "83": 2055.0, "95": 2056.0}, "delta": {"5": 6.0, "17": 8.0, "50": 10.0, "83": 13.0, "95": 14.0}}, "kopp": {"occ": {"5": 2053.0, "17": 2058.0, "50": 2067.0, "83": 2080.0, "95": 2091.0}, "chrnc": {"5": 2064.0, "17": 2072.0, "50": 2082.0, "83": 2094.0, "95": 2099.0}, "delta": {"5": 9.0, "17": 12.0, "50": 16.0, "83": 21.0, "95": 25.0}}}