{"int_low": {"occ": {"5": 2012.0, "17": 2014.8300000000002, "50": 2029.0, "83": 2038.0, "95": 2054.0}, "chrnc": {"5": 2080.0, "17": 2084.0, "50": 2098.0, "83": 2100.0, "95": 2100.0}, "delta": {"5": 31.0, "17": 49.0, "50": 67.0, "83": 83.0, "95": 86.0}}, "int": {"occ": {"5": 2011.0, "17": 2014.0, "50": 2018.0, "83": 2033.0, "95": 2036.0}, "chrnc": {"5": 2059.0, "17": 2062.0, "50": 2068.0, "83": 2073.0, "95": 2075.0}, "delta": {"5": 29.0, "17": 36.0, "50": 48.0, "83": 56.0, "95": 61.0}}, "int_high": {"occ": {"5": 2011.0, "17": 2013.0, "50": 2015.0, "83": 2020.0, "95": 2032.0}, "chrnc": {"5": 2042.0, "17": 2044.0, "50": 2049.0, "83": 2054.0, "95": 2056.0}, "delta": {"5": 20.0, "17": 26.0, "50": 33.0, "83": 39.0, "95": 42.0}}, "kopp": {"occ": {"5": 2011.0, "17": 2014.0, "50": 2020.0, "83": 2035.0, "95": 2052.0}, "chrnc": {"5": 2059.0, "17": 2065.0, "50": 2081.0, "83": 2095.9799999999996, "95": 2099.0}, "delta": {"5": 30.0, "17": 43.0, "50": 58.0, "83": 73.0, "95": 82.0}}}