{"int_low": {"occ": {"5": 2010.0, "17": 2010.0, "50": 2011.0, "83": 2011.0, "95": 2013.0}, "chrnc": {"5": 2012.0, "17": 2013.0, "50": 2016.0, "83": 2021.0, "95": 2029.0}, "delta": {"5": 1.0, "17": 2.0, "50": 5.0, "83": 10.0, "95": 17.049999999999272}}, "int": {"occ": {"5": 2010.0, "17": 2010.0, "50": 2011.0, "83": 2011.0, "95": 2012.0}, "chrnc": {"5": 2011.0, "17": 2012.0, "50": 2013.0, "83": 2018.0, "95": 2020.0}, "delta": {"5": -1.0, "17": 1.0, "50": 2.0, "83": 7.0, "95": 10.0}}, "int_high": {"occ": {"5": 2010.0, "17": 2010.0, "50": 2011.0, "83": 2011.0, "95": 2011.0}, "chrnc": {"5": 2010.0, "17": 2010.0, "50": 2012.0, "83": 2013.0, "95": 2018.0499999999993}, "delta": {"5": -1.0, "17": -1.0, "50": 1.0, "83": 3.0, "95": 8.0}}, "kopp": {"occ": {"5": 2010.0, "17": 2010.0, "50": 2011.0, "83": 2011.0, "95": 2019.0}, "chrnc": {"5": 2012.0, "17": 2013.0, "50": 2016.0, "83": 2022.0, "95": 2029.0}, "delta": {"5": -1.0, "17": 2.0, "50": 5.0, "83": 11.0, "95": 17.0}}}