{"int_low": {"occ": {"5": 2090.0, "17": 2090.0, "50": 2096.0, "83": 2100.0, "95": 2100.0}, "chrnc": {"5": NaN, "17": NaN, "50": NaN, "83": NaN, "95": NaN}, "delta": {"5": NaN, "17": NaN, "50": NaN, "83": NaN, "95": NaN}}, "int": {"occ": {"5": 2069.0, "17": 2073.0, "50": 2077.0, "83": 2082.0, "95": 2085.0}, "chrnc": {"5": 2089.0, "17": 2093.0, "50": 2096.0, "83": 2099.0, "95": 2100.0}, "delta": {"5": 9.0, "17": 13.0, "50": 19.0, "83": 23.36999999999898, "95": 27.0}}, "int_high": {"occ": {"5": 2053.0, "17": 2056.0, "50": 2059.0, "83": 2062.0, "95": 2064.0499999999993}, "chrnc": {"5": 2068.0, "17": 2070.0, "50": 2073.0, "83": 2075.0, "95": 2077.0}, "delta": {"5": 7.0, "17": 10.0, "50": 14.0, "83": 17.0, "95": 20.0}}, "kopp": {"occ": {"5": 2065.0, "17": 2075.0, "50": 2087.0, "83": 2097.0, "95": 2100.0}, "chrnc": {"5": 2074.0, "17": 2083.0, "50": 2094.0, "83": 2099.0, "95": 2100.0}, "delta": {"5": 7.0, "17": 11.0, "50": 17.0, "83": 22.0, "95": 26.0}}}