{"int_low": {"occ": {"5": 2077.95, "17": 2080.0, "50": 2086.0, "83": 2091.0, "95": 2094.0}, "chrnc": {"5": 2094.0, "17": 2096.0, "50": 2098.0, "83": 2100.0, "95": 2100.0}, "delta": {"5": 4.0, "17": 7.0, "50": 12.0, "83": 18.0, "95": 21.0}}, "int": {"occ": {"5": 2053.0, "17": 2055.0, "50": 2056.0, "83": 2058.0, "95": 2059.0499999999993}, "chrnc": {"5": 2059.0, "17": 2061.0, "50": 2063.0, "83": 2065.0, "95": 2067.0}, "delta": {"5": 2.0, "17": 4.0, "50": 6.0, "83": 9.0, "95": 11.049999999999272}}, "int_high": {"occ": {"5": 2041.0, "17": 2043.0, "50": 2044.0, "83": 2046.0, "95": 2047.0}, "chrnc": {"5": 2047.0, "17": 2048.0, "50": 2050.0, "83": 2052.0, "95": 2052.0}, "delta": {"5": 2.0, "17": 3.0, "50": 6.0, "83": 8.0, "95": 9.0}}, "kopp": {"occ": {"5": 2052.0, "17": 2057.0, "50": 2066.0, "83": 2078.0, "95": 2091.0}, "chrnc": {"5": 2057.0, "17": 2063.0, "50": 2075.0, "83": 2088.0, "95": 2097.0}, "delta": {"5": 3.0, "17": 5.0, "50": 8.0, "83": 13.0, "95": 16.0}}}