{"int_low": {"occ": {"5": 2037.0, "17": 2039.0, "50": 2044.0, "83": 2049.0, "95": 2053.0}, "chrnc": {"5": 2069.0, "17": 2073.0, "50": 2078.0, "83": 2084.0, "95": 2088.0499999999993}, "delta": {"5": 21.0, "17": 27.0, "50": 34.0, "83": 41.0, "95": 47.0}}, "int": {"occ": {"5": 2027.0, "17": 2028.0, "50": 2032.0, "83": 2034.0, "95": 2036.0}, "chrnc": {"5": 2046.0, "17": 2047.0, "50": 2051.0, "83": 2053.0, "95": 2054.0}, "delta": {"5": 12.0, "17": 15.0, "50": 19.0, "83": 22.170000000000073, "95": 25.0}}, "int_high": {"occ": {"5": 2022.0, "17": 2023.0, "50": 2025.0, "83": 2028.0, "95": 2030.0}, "chrnc": {"5": 2037.0, "17": 2038.8300000000002, "50": 2040.0, "83": 2042.0, "95": 2043.0}, "delta": {"5": 10.0, "17": 12.0, "50": 15.0, "83": 17.0, "95": 20.0}}, "kopp": {"occ": {"5": 2036.0, "17": 2040.0, "50": 2045.0, "83": 2052.0, "95": 2057.0}, "chrnc": {"5": 2056.0, "17": 2060.0, "50": 2069.0, "83": 2078.0, "95": 2088.0}, "delta": {"5": 14.0, "17": 18.0, "50": 24.0, "83": 30.0, "95": 37.0}}}