{"int_low": {"occ": {"5": 2011.0, "17": 2013.0, "50": 2013.0, "83": 2019.0, "95": 2028.0}, "chrnc": {"5": 2010.0, "17": 2012.0, "50": 2022.0, "83": 2032.0, "95": 2040.0}, "delta": {"5": -10.0, "17": -3.0, "50": 8.0, "83": 18.0, "95": 25.049999999999272}}, "int": {"occ": {"5": 2010.0, "17": 2013.0, "50": 2013.0, "83": 2013.0, "95": 2022.0}, "chrnc": {"5": 2010.0, "17": 2011.0, "50": 2014.0, "83": 2024.0, "95": 2029.0}, "delta": {"5": -7.0499999999999545, "17": -2.0, "50": 1.0, "83": 10.170000000000073, "95": 15.0}}, "int_high": {"occ": {"5": 2010.0, "17": 2013.0, "50": 2013.0, "83": 2013.0, "95": 2015.0}, "chrnc": {"5": 2010.0, "17": 2011.0, "50": 2011.0, "83": 2019.0, "95": 2023.0}, "delta": {"5": -3.0, "17": -2.0, "50": -2.0, "83": 5.0, "95": 10.0}}, "kopp": {"occ": {"5": 2011.0, "17": 2013.0, "50": 2013.0, "83": 2015.0, "95": 2025.0}, "chrnc": {"5": 2010.0, "17": 2011.0, "50": 2020.0, "83": 2029.0, "95": 2036.0}, "delta": {"5": -8.0, "17": -3.0, "50": 6.0, "83": 15.0, "95": 23.0}}}