{"int_low": {"occ": {"5": 2010.0, "17": 2011.0, "50": 2011.0, "83": 2011.0, "95": 2012.0499999999993}, "chrnc": {"5": 2026.0, "17": 2030.0, "50": 2037.0, "83": 2040.0, "95": 2042.0499999999993}, "delta": {"5": 14.0, "17": 19.0, "50": 26.0, "83": 29.0, "95": 31.049999999999272}}, "int": {"occ": {"5": 2010.0, "17": 2010.0, "50": 2011.0, "83": 2011.0, "95": 2011.0}, "chrnc": {"5": 2022.0, "17": 2023.0, "50": 2026.0, "83": 2029.17, "95": 2033.0}, "delta": {"5": 11.0, "17": 12.0, "50": 15.0, "83": 19.0, "95": 22.0}}, "int_high": {"occ": {"5": 2010.0, "17": 2010.0, "50": 2011.0, "83": 2011.0, "95": 2011.0}, "chrnc": {"5": 2019.0, "17": 2020.0, "50": 2021.0, "83": 2023.0, "95": 2025.0}, "delta": {"5": 8.0, "17": 9.0, "50": 10.0, "83": 13.0, "95": 14.0}}, "kopp": {"occ": {"5": 2010.0, "17": 2011.0, "50": 2011.0, "83": 2011.0, "95": 2017.0}, "chrnc": {"5": 2025.0, "17": 2029.0, "50": 2036.0, "83": 2041.0, "95": 2047.0}, "delta": {"5": 14.0, "17": 18.0, "50": 25.0, "83": 29.0, "95": 36.0}}}