{"int_low": {"occ": {"5": 2079.0, "17": 2082.0, "50": 2090.0, "83": 2094.0, "95": 2097.0499999999993}, "chrnc": {"5": 2096.0, "17": 2097.0, "50": 2099.0, "83": 2100.0, "95": 2100.0}, "delta": {"5": 3.0, "17": 5.0, "50": 11.0, "83": 18.0, "95": 21.0}}, "int": {"occ": {"5": 2053.0, "17": 2055.0, "50": 2057.0, "83": 2059.0, "95": 2060.0}, "chrnc": {"5": 2061.0, "17": 2064.0, "50": 2067.0, "83": 2069.0, "95": 2071.0}, "delta": {"5": 3.9500000000000455, "17": 6.0, "50": 10.0, "83": 13.0, "95": 16.0}}, "int_high": {"occ": {"5": 2041.0, "17": 2043.0, "50": 2045.0, "83": 2047.0, "95": 2049.0}, "chrnc": {"5": 2050.0, "17": 2052.0, "50": 2054.0, "83": 2055.0, "95": 2056.0}, "delta": {"5": 4.0, "17": 6.0, "50": 9.0, "83": 11.0, "95": 13.0}}, "kopp": {"occ": {"5": 2055.0, "17": 2059.0, "50": 2068.0, "83": 2080.0, "95": 2091.0}, "chrnc": {"5": 2062.0, "17": 2070.0, "50": 2079.0, "83": 2093.0, "95": 2098.0}, "delta": {"5": 4.0, "17": 7.0, "50": 12.0, "83": 17.0, "95": 21.0}}}