{"int_low": {"occ": {"5": 2032.0, "17": 2036.0, "50": 2042.0, "83": 2048.0, "95": 2053.0}, "chrnc": {"5": 2065.0, "17": 2070.0, "50": 2076.0, "83": 2082.0, "95": 2087.0}, "delta": {"5": 19.0, "17": 25.0, "50": 34.0, "83": 42.0, "95": 49.0}}, "int": {"occ": {"5": 2023.0, "17": 2027.0, "50": 2031.0, "83": 2035.0, "95": 2037.0}, "chrnc": {"5": 2044.0, "17": 2047.0, "50": 2050.0, "83": 2053.0, "95": 2054.0499999999993}, "delta": {"5": 10.0, "17": 14.0, "50": 18.5, "83": 24.0, "95": 27.049999999999272}}, "int_high": {"occ": {"5": 2018.0, "17": 2020.0, "50": 2024.0, "83": 2027.0, "95": 2030.0}, "chrnc": {"5": 2036.0, "17": 2038.0, "50": 2040.0, "83": 2042.0, "95": 2044.0}, "delta": {"5": 9.0, "17": 12.0, "50": 16.0, "83": 20.0, "95": 23.0}}, "kopp": {"occ": {"5": 2026.0, "17": 2031.0, "50": 2038.0, "83": 2047.0, "95": 2056.0}, "chrnc": {"5": 2046.0, "17": 2052.0, "50": 2061.0, "83": 2074.0, "95": 2088.0}, "delta": {"5": 12.0, "17": 16.0, "50": 23.0, "83": 32.0, "95": 40.0}}}