{"int_low": {"occ": {"5": 2016.0, "17": 2018.0, "50": 2026.0, "83": 2034.0, "95": 2037.0}, "chrnc": {"5": 2069.0, "17": 2076.0, "50": 2082.0, "83": 2089.0, "95": 2093.0}, "delta": {"5": 38.950000000000045, "17": 46.0, "50": 56.0, "83": 65.0, "95": 71.04999999999927}}, "int": {"occ": {"5": 2012.0, "17": 2013.0, "50": 2017.0, "83": 2022.0, "95": 2025.0}, "chrnc": {"5": 2044.95, "17": 2048.0, "50": 2052.0, "83": 2055.0, "95": 2056.0}, "delta": {"5": 24.0, "17": 28.0, "50": 34.0, "83": 39.0, "95": 42.0}}, "int_high": {"occ": {"5": 2012.0, "17": 2012.0, "50": 2014.0, "83": 2018.0, "95": 2020.0}, "chrnc": {"5": 2038.0, "17": 2039.0, "50": 2041.0, "83": 2044.0, "95": 2046.0}, "delta": {"5": 20.0, "17": 23.0, "50": 27.0, "83": 30.0, "95": 32.04999999999927}}, "kopp": {"occ": {"5": 2016.0, "17": 2018.0, "50": 2026.0, "83": 2034.0, "95": 2042.0}, "chrnc": {"5": 2049.0, "17": 2056.0, "50": 2065.0, "83": 2078.0, "95": 2090.0}, "delta": {"5": 24.0, "17": 30.0, "50": 39.0, "83": 51.0, "95": 60.0}}}