{"int_low": {"occ": {"5": 2043.0, "17": 2048.0, "50": 2057.0, "83": 2066.0, "95": 2071.0}, "chrnc": {"5": 2074.0, "17": 2079.0, "50": 2086.0, "83": 2093.0, "95": 2098.0}, "delta": {"5": 13.0, "17": 19.830000000000155, "50": 29.0, "83": 38.0, "95": 44.0}}, "int": {"occ": {"5": 2036.0, "17": 2039.0, "50": 2042.0, "83": 2048.0, "95": 2051.0}, "chrnc": {"5": 2053.0, "17": 2056.0, "50": 2059.0, "83": 2063.0, "95": 2067.0}, "delta": {"5": 7.0, "17": 11.0, "50": 16.0, "83": 21.0, "95": 25.0}}, "int_high": {"occ": {"5": 2028.0, "17": 2033.0, "50": 2036.0, "83": 2039.0, "95": 2041.0}, "chrnc": {"5": 2042.0, "17": 2045.0, "50": 2050.0, "83": 2053.0, "95": 2055.0}, "delta": {"5": 6.0, "17": 9.0, "50": 13.0, "83": 18.0, "95": 21.049999999999272}}, "kopp": {"occ": {"5": 2040.0, "17": 2044.0, "50": 2051.0, "83": 2059.0, "95": 2068.0}, "chrnc": {"5": 2057.0, "17": 2061.0, "50": 2072.0, "83": 2082.0, "95": 2091.0}, "delta": {"5": 8.0, "17": 13.0, "50": 20.0, "83": 27.0, "95": 33.0}}}