{"int_low": {"occ": {"5": 2024.0, "17": 2026.0, "50": 2032.0, "83": 2037.0, "95": 2040.0}, "chrnc": {"5": 2042.95, "17": 2045.0, "50": 2051.0, "83": 2055.0, "95": 2058.0}, "delta": {"5": 6.0, "17": 11.0, "50": 18.0, "83": 26.0, "95": 31.0}}, "int": {"occ": {"5": 2020.0, "17": 2022.0, "50": 2025.0, "83": 2031.0, "95": 2033.0}, "chrnc": {"5": 2033.95, "17": 2036.0, "50": 2039.0, "83": 2041.0, "95": 2043.0}, "delta": {"5": 4.0, "17": 7.0, "50": 13.0, "83": 17.0, "95": 20.0}}, "int_high": {"occ": {"5": 2015.0, "17": 2016.0, "50": 2020.0, "83": 2022.0, "95": 2024.0}, "chrnc": {"5": 2025.0, "17": 2027.0, "50": 2031.0, "83": 2033.0, "95": 2035.0}, "delta": {"5": 4.0, "17": 7.0, "50": 11.0, "83": 15.0, "95": 17.049999999999272}}, "kopp": {"occ": {"5": 2022.0, "17": 2024.0, "50": 2030.0, "83": 2037.0, "95": 2044.0}, "chrnc": {"5": 2035.0, "17": 2039.0, "50": 2045.0, "83": 2054.0, "95": 2062.0}, "delta": {"5": 5.0, "17": 9.0, "50": 15.0, "83": 21.359999999998763, "95": 28.0}}}