{"int_low": {"occ": {"5": 2010.0, "17": 2010.0, "50": 2013.0, "83": 2014.0, "95": 2023.0}, "chrnc": {"5": 2014.0, "17": 2015.0, "50": 2022.0, "83": 2033.0, "95": 2036.0499999999993}, "delta": {"5": -4.0, "17": 2.8300000000001546, "50": 9.0, "83": 20.0, "95": 24.0}}, "int": {"occ": {"5": 2010.0, "17": 2010.0, "50": 2012.0, "83": 2013.0, "95": 2019.0}, "chrnc": {"5": 2012.0, "17": 2014.0, "50": 2016.0, "83": 2021.0, "95": 2031.0}, "delta": {"5": -3.0, "17": 1.0, "50": 5.0, "83": 9.0, "95": 19.0}}, "int_high": {"occ": {"5": 2010.0, "17": 2010.0, "50": 2011.0, "83": 2013.0, "95": 2016.0999999999985}, "chrnc": {"5": 2010.0, "17": 2011.0, "50": 2012.0, "83": 2016.0, "95": 2019.0}, "delta": {"5": -3.0, "17": -1.0, "50": 2.0, "83": 5.0, "95": 8.0}}, "kopp": {"occ": {"5": 2010.0, "17": 2011.0, "50": 2013.0, "83": 2018.0, "95": 2021.0}, "chrnc": {"5": 2013.0, "17": 2014.0, "50": 2019.0, "83": 2030.0, "95": 2036.0}, "delta": {"5": -5.0, "17": 1.0, "50": 6.0, "83": 15.0, "95": 22.0}}}