{"int_low": {"occ": {"5": 2012.0, "17": 2013.0, "50": 2015.0, "83": 2020.0, "95": 2022.0}, "chrnc": {"5": 2028.0, "17": 2032.0, "50": 2036.0, "83": 2040.0, "95": 2043.0}, "delta": {"5": 9.0, "17": 14.0, "50": 20.0, "83": 25.0, "95": 28.0}}, "int": {"occ": {"5": 2010.0, "17": 2011.8300000000002, "50": 2013.0, "83": 2014.0, "95": 2018.0}, "chrnc": {"5": 2023.95, "17": 2026.0, "50": 2029.0, "83": 2033.0, "95": 2035.0}, "delta": {"5": 9.950000000000045, "17": 13.0, "50": 16.0, "83": 20.0, "95": 23.0}}, "int_high": {"occ": {"5": 2010.0, "17": 2010.0, "50": 2013.0, "83": 2014.0, "95": 2014.0}, "chrnc": {"5": 2020.0, "17": 2022.0, "50": 2025.0, "83": 2028.0, "95": 2031.0}, "delta": {"5": 7.0, "17": 9.0, "50": 13.0, "83": 16.0, "95": 19.0}}, "kopp": {"occ": {"5": 2012.0, "17": 2015.0, "50": 2015.0, "83": 2020.0, "95": 2023.0}, "chrnc": {"5": 2027.0, "17": 2031.0, "50": 2036.0, "83": 2040.0, "95": 2043.0}, "delta": {"5": 9.0, "17": 14.0, "50": 19.0, "83": 24.0, "95": 27.0}}}