{"int_low": {"occ": {"5": 2011.0, "17": 2020.0, "50": 2025.0, "83": 2031.0, "95": 2035.0}, "chrnc": {"5": 2042.0, "17": 2046.0, "50": 2052.0, "83": 2058.0, "95": 2064.0499999999993}, "delta": {"5": 13.950000000000045, "17": 19.0, "50": 27.0, "83": 35.0, "95": 42.0}}, "int": {"occ": {"5": 2011.0, "17": 2011.0, "50": 2018.0, "83": 2021.0, "95": 2024.0}, "chrnc": {"5": 2029.0, "17": 2033.0, "50": 2037.0, "83": 2040.0, "95": 2042.0}, "delta": {"5": 10.0, "17": 14.0, "50": 19.0, "83": 26.0, "95": 29.0}}, "int_high": {"occ": {"5": 2010.0, "17": 2011.0, "50": 2014.0, "83": 2017.0, "95": 2018.0}, "chrnc": {"5": 2023.0, "17": 2025.0, "50": 2028.0, "83": 2031.17, "95": 2034.0}, "delta": {"5": 7.0, "17": 10.0, "50": 14.0, "83": 18.0, "95": 21.0}}, "kopp": {"occ": {"5": 2020.0, "17": 2022.0, "50": 2028.0, "83": 2034.0, "95": 2038.0}, "chrnc": {"5": 2041.0, "17": 2045.0, "50": 2052.0, "83": 2059.0, "95": 2067.0}, "delta": {"5": 12.0, "17": 17.0, "50": 24.0, "83": 32.0, "95": 39.0}}}