{"int_low": {"occ": {"5": 2011.0, "17": 2013.0, "50": 2020.0, "83": 2033.0, "95": 2044.0}, "chrnc": {"5": 2020.0, "17": 2034.0, "50": 2054.0, "83": 2073.0, "95": 2086.0}, "delta": {"5": -6.0, "17": 10.0, "50": 32.0, "83": 54.0, "95": 67.0}}, "int": {"occ": {"5": 2010.0, "17": 2012.0, "50": 2013.0, "83": 2024.0, "95": 2032.0}, "chrnc": {"5": 2018.0, "17": 2024.0, "50": 2035.0, "83": 2045.0, "95": 2051.0}, "delta": {"5": -1.0, "17": 7.0, "50": 17.0, "83": 29.0, "95": 36.0}}, "int_high": {"occ": {"5": 2010.0, "17": 2012.0, "50": 2013.0, "83": 2020.17, "95": 2024.0499999999993}, "chrnc": {"5": 2018.0, "17": 2021.0, "50": 2029.0, "83": 2036.0, "95": 2039.0}, "delta": {"5": -1.0, "17": 6.0, "50": 13.0, "83": 21.0, "95": 26.0}}, "kopp": {"occ": {"5": 2011.0, "17": 2013.0, "50": 2018.0, "83": 2029.0, "95": 2037.0}, "chrnc": {"5": 2018.0, "17": 2028.0, "50": 2043.0, "83": 2057.0, "95": 2071.0}, "delta": {"5": -4.0, "17": 7.660000000000082, "50": 24.0, "83": 39.0, "95": 52.0}}}