{"int_low": {"occ": {"5": 2061.0, "17": 2064.0, "50": 2070.0, "83": 2074.0, "95": 2077.0}, "chrnc": {"5": 2080.0, "17": 2083.0, "50": 2091.0, "83": 2095.0, "95": 2098.0}, "delta": {"5": 6.0, "17": 12.830000000000155, "50": 21.0, "83": 29.0, "95": 33.04999999999927}}, "int": {"occ": {"5": 2043.0, "17": 2045.0, "50": 2047.0, "83": 2050.0, "95": 2052.0}, "chrnc": {"5": 2054.0, "17": 2056.0, "50": 2058.0, "83": 2059.0, "95": 2060.0}, "delta": {"5": 4.0, "17": 7.0, "50": 10.0, "83": 13.0, "95": 16.0}}, "int_high": {"occ": {"5": 2036.0, "17": 2038.0, "50": 2039.0, "83": 2041.0, "95": 2041.0}, "chrnc": {"5": 2042.0, "17": 2043.0, "50": 2045.0, "83": 2046.0, "95": 2048.0}, "delta": {"5": 3.0, "17": 4.0, "50": 6.0, "83": 8.0, "95": 10.0}}, "kopp": {"occ": {"5": 2044.0, "17": 2050.0, "50": 2057.0, "83": 2067.0, "95": 2076.0}, "chrnc": {"5": 2055.0, "17": 2059.0, "50": 2068.0, "83": 2080.0, "95": 2090.0}, "delta": {"5": 4.0, "17": 7.0, "50": 11.0, "83": 16.0, "95": 20.0}}}