{"int_low": {"occ": {"5": 2013.0, "17": 2013.0, "50": 2013.0, "83": 2013.0, "95": 2031.0}, "chrnc": {"5": 2010.0, "17": 2018.0, "50": 2030.0, "83": 2038.17, "95": 2052.0}, "delta": {"5": -3.0, "17": 4.0, "50": 17.0, "83": 25.0, "95": 39.0}}, "int": {"occ": {"5": 2013.0, "17": 2013.0, "50": 2013.0, "83": 2013.0, "95": 2014.0}, "chrnc": {"5": 2010.0, "17": 2015.0, "50": 2019.0, "83": 2033.0, "95": 2035.0}, "delta": {"5": -3.0, "17": 1.8300000000001546, "50": 6.0, "83": 19.0, "95": 22.0}}, "int_high": {"occ": {"5": 2012.0, "17": 2013.0, "50": 2013.0, "83": 2013.0, "95": 2013.0499999999993}, "chrnc": {"5": 2011.0, "17": 2012.0, "50": 2014.0, "83": 2016.0, "95": 2020.0}, "delta": {"5": -2.0, "17": -1.0, "50": 1.0, "83": 3.0, "95": 7.0}}, "kopp": {"occ": {"5": 2013.0, "17": 2013.0, "50": 2013.0, "83": 2013.0, "95": 2016.0}, "chrnc": {"5": 2010.0, "17": 2016.0, "50": 2028.0, "83": 2035.0, "95": 2050.0}, "delta": {"5": -3.0, "17": 3.0, "50": 14.0, "83": 22.0, "95": 36.0}}}