{"int_low": {"occ": {"5": 2010.0, "17": 2012.0, "50": 2020.0, "83": 2028.0, "95": 2035.0499999999993}, "chrnc": {"5": 2068.0, "17": 2072.0, "50": 2082.0, "83": 2089.0, "95": 2097.0}, "delta": {"5": 43.0, "17": 50.0, "50": 61.0, "83": 72.0, "95": 79.0}}, "int": {"occ": {"5": 2010.0, "17": 2012.0, "50": 2015.0, "83": 2021.0, "95": 2025.0}, "chrnc": {"5": 2046.0, "17": 2047.0, "50": 2049.0, "83": 2051.0, "95": 2052.0}, "delta": {"5": 24.0, "17": 28.0, "50": 34.0, "83": 37.0, "95": 40.0}}, "int_high": {"occ": {"5": 2010.0, "17": 2011.0, "50": 2013.0, "83": 2013.0, "95": 2017.0499999999993}, "chrnc": {"5": 2034.0, "17": 2036.0, "50": 2038.0, "83": 2041.0, "95": 2043.0}, "delta": {"5": 19.0, "17": 22.0, "50": 26.0, "83": 29.0, "95": 31.0}}, "kopp": {"occ": {"5": 2010.0, "17": 2018.0, "50": 2028.0, "83": 2037.0, "95": 2043.0}, "chrnc": {"5": 2056.0, "17": 2064.0, "50": 2072.0, "83": 2084.0, "95": 2094.0}, "delta": {"5": 29.0, "17": 36.0, "50": 45.0, "83": 58.0, "95": 68.0}}}