{"int_low": {"occ": {"5": 2083.0, "17": 2093.0, "50": 2097.0, "83": 2099.0, "95": 2100.0}, "chrnc": {"5": NaN, "17": NaN, "50": NaN, "83": NaN, "95": NaN}, "delta": {"5": NaN, "17": NaN, "50": NaN, "83": NaN, "95": NaN}}, "int": {"occ": {"5": 2057.0, "17": 2057.0, "50": 2060.0, "83": 2063.0, "95": 2067.0}, "chrnc": {"5": 2071.0, "17": 2073.0, "50": 2075.0, "83": 2077.0, "95": 2078.0}, "delta": {"5": 7.0, "17": 11.0, "50": 15.0, "83": 18.0, "95": 20.0}}, "int_high": {"occ": {"5": 2043.0, "17": 2045.0, "50": 2048.0, "83": 2051.0, "95": 2052.0}, "chrnc": {"5": 2056.0, "17": 2057.0, "50": 2058.0, "83": 2059.0, "95": 2060.0}, "delta": {"5": 5.0, "17": 7.0, "50": 10.0, "83": 13.0, "95": 15.049999999999272}}, "kopp": {"occ": {"5": 2058.0, "17": 2064.0, "50": 2076.0, "83": 2088.8199999999997, "95": 2097.0}, "chrnc": {"5": 2070.0, "17": 2077.0, "50": 2089.0, "83": 2097.0, "95": 2099.0}, "delta": {"5": 7.0, "17": 10.0, "50": 15.0, "83": 20.0, "95": 24.0}}}