{"int_low": {"occ": {"5": 2010.0, "17": 2011.0, "50": 2013.0, "83": 2019.0, "95": 2024.0}, "chrnc": {"5": 2043.95, "17": 2047.8300000000002, "50": 2053.0, "83": 2060.0, "95": 2063.0}, "delta": {"5": 26.0, "17": 32.0, "50": 40.0, "83": 47.0, "95": 51.0}}, "int": {"occ": {"5": 2010.0, "17": 2010.0, "50": 2011.0, "83": 2012.0, "95": 2013.0}, "chrnc": {"5": 2032.0, "17": 2034.0, "50": 2037.0, "83": 2041.0, "95": 2043.0}, "delta": {"5": 20.0, "17": 23.0, "50": 27.0, "83": 30.0, "95": 32.04999999999927}}, "int_high": {"occ": {"5": 2010.0, "17": 2010.0, "50": 2010.0, "83": 2011.0, "95": 2012.0}, "chrnc": {"5": 2025.0, "17": 2027.0, "50": 2029.0, "83": 2032.0, "95": 2033.0}, "delta": {"5": 14.0, "17": 16.0, "50": 19.0, "83": 21.0, "95": 23.0}}, "kopp": {"occ": {"5": 2010.0, "17": 2011.0, "50": 2013.0, "83": 2021.0, "95": 2025.0}, "chrnc": {"5": 2037.0, "17": 2042.0, "50": 2049.0, "83": 2058.0, "95": 2064.0}, "delta": {"5": 22.0, "17": 27.0, "50": 35.0, "83": 43.0, "95": 50.0}}}