{"int_low": {"occ": {"5": 2011.0, "17": 2013.0, "50": 2013.0, "83": 2020.0, "95": 2031.0}, "chrnc": {"5": 2011.0, "17": 2014.0, "50": 2021.0, "83": 2034.0, "95": 2044.0499999999993}, "delta": {"5": -11.0, "17": -1.0, "50": 6.0, "83": 20.0, "95": 30.0}}, "int": {"occ": {"5": 2010.0, "17": 2013.0, "50": 2013.0, "83": 2014.0, "95": 2023.0}, "chrnc": {"5": 2010.0, "17": 2010.0, "50": 2016.0, "83": 2025.0, "95": 2031.0499999999993}, "delta": {"5": -7.0499999999999545, "17": -3.0, "50": 2.0, "83": 11.0, "95": 18.0}}, "int_high": {"occ": {"5": 2010.0, "17": 2012.0, "50": 2013.0, "83": 2013.0, "95": 2019.0}, "chrnc": {"5": 2010.0, "17": 2010.0, "50": 2012.0, "83": 2020.0, "95": 2025.0}, "delta": {"5": -3.0, "17": -3.0, "50": -1.0, "83": 7.0, "95": 12.0}}, "kopp": {"occ": {"5": 2011.0, "17": 2013.0, "50": 2013.0, "83": 2019.0, "95": 2028.0}, "chrnc": {"5": 2010.0, "17": 2012.0, "50": 2019.0, "83": 2032.0, "95": 2040.0}, "delta": {"5": -9.0, "17": -3.0, "50": 4.0, "83": 17.0, "95": 25.0}}}