{"int_low": {"occ": {"5": 2010.0, "17": 2010.0, "50": 2010.0, "83": 2015.0, "95": 2020.0}, "chrnc": {"5": 2019.0, "17": 2023.0, "50": 2029.0, "83": 2035.0, "95": 2040.0}, "delta": {"5": 5.0, "17": 10.0, "50": 18.0, "83": 24.0, "95": 29.0}}, "int": {"occ": {"5": 2010.0, "17": 2010.0, "50": 2010.0, "83": 2014.0, "95": 2019.0499999999993}, "chrnc": {"5": 2012.95, "17": 2016.0, "50": 2021.5, "83": 2027.0, "95": 2030.0}, "delta": {"5": -1.0, "17": 3.0, "50": 10.0, "83": 16.0, "95": 19.0}}, "int_high": {"occ": {"5": 2010.0, "17": 2010.0, "50": 2010.0, "83": 2011.0, "95": 2015.0499999999993}, "chrnc": {"5": 2012.0, "17": 2013.0, "50": 2016.0, "83": 2019.0, "95": 2022.0}, "delta": {"5": -2.0, "17": 2.0, "50": 5.0, "83": 9.0, "95": 11.049999999999272}}, "kopp": {"occ": {"5": 2010.0, "17": 2010.0, "50": 2010.0, "83": 2015.0, "95": 2021.0}, "chrnc": {"5": 2017.0, "17": 2021.0, "50": 2027.0, "83": 2035.0, "95": 2042.0}, "delta": {"5": 3.0, "17": 9.0, "50": 15.0, "83": 23.0, "95": 30.0}}}