{"int_low": {"occ": {"5": 2022.0, "17": 2025.0, "50": 2029.0, "83": 2034.0, "95": 2036.0}, "chrnc": {"5": 2055.0, "17": 2058.0, "50": 2062.0, "83": 2068.0, "95": 2071.0}, "delta": {"5": 23.0, "17": 27.830000000000155, "50": 33.0, "83": 39.0, "95": 44.0}}, "int": {"occ": {"5": 2018.0, "17": 2020.0, "50": 2022.0, "83": 2025.0, "95": 2027.0}, "chrnc": {"5": 2038.0, "17": 2040.0, "50": 2042.0, "83": 2045.0, "95": 2047.0}, "delta": {"5": 13.0, "17": 16.0, "50": 20.0, "83": 23.0, "95": 26.0}}, "int_high": {"occ": {"5": 2012.0, "17": 2016.0, "50": 2017.0, "83": 2020.0, "95": 2022.0}, "chrnc": {"5": 2030.0, "17": 2033.0, "50": 2035.0, "83": 2036.0, "95": 2038.0}, "delta": {"5": 11.0, "17": 14.0, "50": 17.0, "83": 20.0, "95": 22.049999999999272}}, "kopp": {"occ": {"5": 2024.0, "17": 2027.0, "50": 2033.0, "83": 2038.0, "95": 2043.0}, "chrnc": {"5": 2047.0, "17": 2053.0, "50": 2059.0, "83": 2067.0, "95": 2075.0}, "delta": {"5": 16.0, "17": 20.0, "50": 26.0, "83": 34.0, "95": 40.0}}}