{"int_low": {"occ": {"5": 2015.0, "17": 2017.0, "50": 2028.0, "83": 2039.0, "95": 2044.0}, "chrnc": {"5": 2040.0, "17": 2047.0, "50": 2055.0, "83": 2063.0, "95": 2069.0}, "delta": {"5": 5.9500000000000455, "17": 15.0, "50": 27.0, "83": 39.0, "95": 48.0}}, "int": {"occ": {"5": 2011.0, "17": 2014.0, "50": 2022.0, "83": 2029.0, "95": 2034.0499999999993}, "chrnc": {"5": 2031.0, "17": 2035.0, "50": 2041.0, "83": 2045.0, "95": 2048.0}, "delta": {"5": 3.0, "17": 9.0, "50": 19.0, "83": 27.170000000000073, "95": 32.0}}, "int_high": {"occ": {"5": 2011.0, "17": 2013.0, "50": 2017.0, "83": 2024.0, "95": 2027.0}, "chrnc": {"5": 2025.0, "17": 2029.0, "50": 2034.0, "83": 2038.0, "95": 2040.0}, "delta": {"5": 4.0, "17": 8.0, "50": 16.0, "83": 22.0, "95": 26.0}}, "kopp": {"occ": {"5": 2014.0, "17": 2016.0, "50": 2025.0, "83": 2035.0, "95": 2042.0}, "chrnc": {"5": 2033.0, "17": 2039.0, "50": 2047.0, "83": 2056.0, "95": 2065.0}, "delta": {"5": 4.0, "17": 11.0, "50": 21.0, "83": 33.0, "95": 41.0}}}