{"int_low": {"occ": {"5": 2018.0, "17": 2024.0, "50": 2034.0, "83": 2045.0, "95": 2052.0}, "chrnc": {"5": 2040.0, "17": 2048.0, "50": 2059.0, "83": 2070.0, "95": 2078.0}, "delta": {"5": -2.0, "17": 10.0, "50": 25.0, "83": 39.17000000000007, "95": 50.04999999999927}}, "int": {"occ": {"5": 2012.0, "17": 2013.0, "50": 2024.0, "83": 2033.0, "95": 2038.0}, "chrnc": {"5": 2029.0, "17": 2034.0, "50": 2041.0, "83": 2047.0, "95": 2051.0}, "delta": {"5": -2.0, "17": 6.0, "50": 16.5, "83": 27.0, "95": 34.0}}, "int_high": {"occ": {"5": 2011.0, "17": 2012.0, "50": 2019.0, "83": 2025.0, "95": 2029.0499999999993}, "chrnc": {"5": 2024.0, "17": 2028.0, "50": 2033.0, "83": 2038.0, "95": 2041.0}, "delta": {"5": 1.0, "17": 6.0, "50": 15.0, "83": 22.0, "95": 27.0}}, "kopp": {"occ": {"5": 2013.0, "17": 2021.0, "50": 2031.0, "83": 2042.0, "95": 2052.0}, "chrnc": {"5": 2033.0, "17": 2040.0, "50": 2050.0, "83": 2062.0, "95": 2076.0}, "delta": {"5": -2.0, "17": 7.0, "50": 19.0, "83": 32.0, "95": 43.0}}}