{"int_low": {"occ": {"5": 2010.0, "17": 2017.0, "50": 2030.0, "83": 2037.0, "95": 2052.0}, "chrnc": {"5": 2095.0, "17": 2096.0, "50": 2098.0, "83": 2100.0, "95": 2100.0}, "delta": {"5": 46.0, "17": 60.0, "50": 68.0, "83": 81.0, "95": 88.0}}, "int": {"occ": {"5": 2011.0, "17": 2014.0, "50": 2016.0, "83": 2031.0, "95": 2034.0}, "chrnc": {"5": 2058.0, "17": 2060.0, "50": 2066.0, "83": 2070.0, "95": 2073.0}, "delta": {"5": 29.0, "17": 37.830000000000155, "50": 48.0, "83": 54.0, "95": 58.0}}, "int_high": {"occ": {"5": 2011.0, "17": 2011.0, "50": 2012.0, "83": 2016.0, "95": 2019.0499999999993}, "chrnc": {"5": 2042.0, "17": 2044.0, "50": 2049.0, "83": 2054.0, "95": 2055.0}, "delta": {"5": 26.0, "17": 30.0, "50": 35.0, "83": 41.0, "95": 43.0}}, "kopp": {"occ": {"5": 2011.0, "17": 2015.0, "50": 2021.0, "83": 2034.0, "95": 2050.0}, "chrnc": {"5": 2058.0, "17": 2064.0, "50": 2079.0, "83": 2094.0, "95": 2099.0}, "delta": {"5": 31.0, "17": 42.0, "50": 55.0, "83": 69.0, "95": 78.0}}}