{"int_low": {"occ": {"5": 2010.0, "17": 2010.0, "50": 2014.0, "83": 2014.0, "95": 2015.0}, "chrnc": {"5": 2018.0, "17": 2020.0, "50": 2028.0, "83": 2034.0, "95": 2036.0499999999993}, "delta": {"5": 4.0, "17": 7.0, "50": 14.0, "83": 21.0, "95": 24.0}}, "int": {"occ": {"5": 2010.0, "17": 2010.0, "50": 2012.0, "83": 2014.0, "95": 2015.0}, "chrnc": {"5": 2011.0, "17": 2016.0, "50": 2017.0, "83": 2020.0, "95": 2022.0}, "delta": {"5": -2.0, "17": 2.0, "50": 5.0, "83": 8.0, "95": 10.0}}, "int_high": {"occ": {"5": 2010.0, "17": 2010.0, "50": 2012.0, "83": 2014.0, "95": 2015.0}, "chrnc": {"5": 2010.0, "17": 2012.0, "50": 2014.0, "83": 2018.0, "95": 2019.0499999999993}, "delta": {"5": -3.0, "17": -1.0, "50": 2.0, "83": 6.0, "95": 8.0}}, "kopp": {"occ": {"5": 2010.0, "17": 2011.0, "50": 2014.0, "83": 2014.0, "95": 2016.0}, "chrnc": {"5": 2017.0, "17": 2020.0, "50": 2026.0, "83": 2034.0, "95": 2037.0}, "delta": {"5": 3.0, "17": 7.0, "50": 13.0, "83": 21.0, "95": 25.0}}}