{"int_low": {"occ": {"5": 2077.0, "17": 2080.0, "50": 2087.0, "83": 2094.0, "95": 2097.0}, "chrnc": {"5": 2096.0, "17": 2096.0, "50": 2100.0, "83": 2100.0, "95": 2100.0}, "delta": {"5": 10.0, "17": 10.0, "50": 15.0, "83": 35.0, "95": 35.0}}, "int": {"occ": {"5": 2046.0, "17": 2052.0, "50": 2055.0, "83": 2057.0, "95": 2058.0499999999993}, "chrnc": {"5": 2062.0, "17": 2065.0, "50": 2069.0, "83": 2073.0, "95": 2074.0}, "delta": {"5": 6.0, "17": 9.0, "50": 14.0, "83": 19.0, "95": 23.0}}, "int_high": {"occ": {"5": 2040.0, "17": 2041.0, "50": 2043.0, "83": 2046.0, "95": 2049.0}, "chrnc": {"5": 2053.0, "17": 2054.0, "50": 2056.0, "83": 2057.0, "95": 2058.0}, "delta": {"5": 6.0, "17": 9.0, "50": 12.0, "83": 15.0, "95": 16.049999999999272}}, "kopp": {"occ": {"5": 2054.0, "17": 2058.0, "50": 2069.0, "83": 2083.0, "95": 2093.0}, "chrnc": {"5": 2064.0, "17": 2074.0, "50": 2084.0, "83": 2096.0, "95": 2099.0}, "delta": {"5": 7.0, "17": 11.0, "50": 17.0, "83": 23.0, "95": 28.0}}}