{"int_low": {"occ": {"5": 2025.0, "17": 2030.0, "50": 2039.0, "83": 2048.0, "95": 2052.0}, "chrnc": {"5": 2057.0, "17": 2061.0, "50": 2068.0, "83": 2075.0, "95": 2080.0499999999993}, "delta": {"5": 13.0, "17": 20.0, "50": 29.0, "83": 38.0, "95": 46.0}}, "int": {"occ": {"5": 2022.0, "17": 2025.0, "50": 2030.0, "83": 2035.0, "95": 2038.0}, "chrnc": {"5": 2041.0, "17": 2044.0, "50": 2049.0, "83": 2054.0, "95": 2056.0}, "delta": {"5": 9.0, "17": 12.0, "50": 19.0, "83": 25.0, "95": 29.049999999999272}}, "int_high": {"occ": {"5": 2020.0, "17": 2022.0, "50": 2026.0, "83": 2031.0, "95": 2033.0}, "chrnc": {"5": 2036.0, "17": 2038.0, "50": 2041.0, "83": 2044.0, "95": 2048.0}, "delta": {"5": 7.0, "17": 10.0, "50": 15.0, "83": 19.0, "95": 23.0}}, "kopp": {"occ": {"5": 2025.0, "17": 2029.0, "50": 2038.0, "83": 2045.0, "95": 2051.0}, "chrnc": {"5": 2045.0, "17": 2052.0, "50": 2059.0, "83": 2069.0, "95": 2076.0}, "delta": {"5": 10.0, "17": 15.0, "50": 22.0, "83": 31.0, "95": 37.0}}}