{"int_low": {"occ": {"5": 2010.0, "17": 2010.0, "50": 2011.0, "83": 2012.0, "95": 2020.0}, "chrnc": {"5": 2026.95, "17": 2031.0, "50": 2037.0, "83": 2043.0, "95": 2048.0499999999993}, "delta": {"5": 13.950000000000045, "17": 19.0, "50": 26.0, "83": 32.0, "95": 37.0}}, "int": {"occ": {"5": 2010.0, "17": 2010.0, "50": 2011.0, "83": 2012.0, "95": 2013.0}, "chrnc": {"5": 2016.0, "17": 2022.0, "50": 2027.0, "83": 2032.0, "95": 2035.0}, "delta": {"5": 6.0, "17": 11.0, "50": 16.0, "83": 21.0, "95": 24.0}}, "int_high": {"occ": {"5": 2010.0, "17": 2010.0, "50": 2011.0, "83": 2011.0, "95": 2012.0}, "chrnc": {"5": 2015.0, "17": 2016.0, "50": 2021.5, "83": 2025.0, "95": 2027.0}, "delta": {"5": 4.0, "17": 5.0, "50": 11.0, "83": 14.0, "95": 17.0}}, "kopp": {"occ": {"5": 2010.0, "17": 2010.0, "50": 2011.0, "83": 2013.0, "95": 2020.0}, "chrnc": {"5": 2026.0, "17": 2031.0, "50": 2037.0, "83": 2044.0, "95": 2050.0}, "delta": {"5": 13.0, "17": 19.0, "50": 25.0, "83": 32.0, "95": 38.0}}}