{"int_low": {"occ": {"5": 2011.0, "17": 2014.0, "50": 2023.0, "83": 2032.0, "95": 2039.0499999999993}, "chrnc": {"5": 2033.0, "17": 2040.0, "50": 2050.0, "83": 2058.0, "95": 2063.0}, "delta": {"5": 6.0, "17": 15.0, "50": 26.0, "83": 38.0, "95": 45.0}}, "int": {"occ": {"5": 2011.0, "17": 2012.0, "50": 2016.0, "83": 2025.0, "95": 2030.0}, "chrnc": {"5": 2026.0, "17": 2031.0, "50": 2037.0, "83": 2042.0, "95": 2045.0}, "delta": {"5": 3.0, "17": 10.0, "50": 19.0, "83": 26.0, "95": 31.0}}, "int_high": {"occ": {"5": 2011.0, "17": 2012.0, "50": 2014.0, "83": 2022.0, "95": 2025.0499999999993}, "chrnc": {"5": 2020.0, "17": 2025.0, "50": 2030.0, "83": 2034.0, "95": 2037.0}, "delta": {"5": 2.0, "17": 7.0, "50": 14.0, "83": 20.0, "95": 23.0}}, "kopp": {"occ": {"5": 2011.0, "17": 2013.0, "50": 2020.0, "83": 2029.0, "95": 2036.0}, "chrnc": {"5": 2030.0, "17": 2035.0, "50": 2042.0, "83": 2052.0, "95": 2060.0}, "delta": {"5": 5.0, "17": 12.0, "50": 22.0, "83": 32.0, "95": 40.0}}}