{"int_low": {"occ": {"5": 2010.0, "17": 2010.0, "50": 2013.0, "83": 2014.0, "95": 2023.0}, "chrnc": {"5": 2026.0, "17": 2040.0, "50": 2047.0, "83": 2055.0, "95": 2059.0499999999993}, "delta": {"5": 13.0, "17": 24.0, "50": 34.0, "83": 42.0, "95": 47.04999999999927}}, "int": {"occ": {"5": 2010.0, "17": 2010.0, "50": 2012.0, "83": 2013.0, "95": 2019.0}, "chrnc": {"5": 2024.0, "17": 2026.0, "50": 2033.0, "83": 2038.0, "95": 2040.0499999999993}, "delta": {"5": 9.0, "17": 14.0, "50": 20.0, "83": 27.0, "95": 29.0}}, "int_high": {"occ": {"5": 2010.0, "17": 2010.0, "50": 2011.0, "83": 2013.0, "95": 2016.0999999999985}, "chrnc": {"5": 2021.0, "17": 2023.0, "50": 2028.0, "83": 2033.0, "95": 2035.0}, "delta": {"5": 8.0, "17": 11.0, "50": 16.0, "83": 22.0, "95": 24.0}}, "kopp": {"occ": {"5": 2010.0, "17": 2011.0, "50": 2013.0, "83": 2018.0, "95": 2021.0}, "chrnc": {"5": 2026.0, "17": 2030.0, "50": 2040.0, "83": 2051.0, "95": 2059.0}, "delta": {"5": 11.0, "17": 16.0, "50": 27.0, "83": 37.0, "95": 45.0}}}