{"int_low": {"occ": {"5": 2099.0, "17": 2099.0, "50": 2099.0, "83": 2100.0, "95": 2100.0}, "chrnc": {"5": NaN, "17": NaN, "50": NaN, "83": NaN, "95": NaN}, "delta": {"5": NaN, "17": NaN, "50": NaN, "83": NaN, "95": NaN}}, "int": {"occ": {"5": 2065.0, "17": 2067.0, "50": 2071.0, "83": 2073.0, "95": 2074.0}, "chrnc": {"5": 2076.0, "17": 2077.0, "50": 2079.0, "83": 2081.0, "95": 2083.0}, "delta": {"5": 3.9500000000000455, "17": 5.830000000000155, "50": 8.0, "83": 12.0, "95": 15.0}}, "int_high": {"occ": {"5": 2053.0, "17": 2054.0, "50": 2056.0, "83": 2057.0, "95": 2058.0}, "chrnc": {"5": 2059.0, "17": 2060.0, "50": 2061.0, "83": 2063.0, "95": 2064.0}, "delta": {"5": 2.0, "17": 4.0, "50": 6.0, "83": 8.0, "95": 9.049999999999272}}, "kopp": {"occ": {"5": 2064.0, "17": 2073.0, "50": 2082.0, "83": 2095.0, "95": 2099.0}, "chrnc": {"5": 2071.0, "17": 2078.0, "50": 2090.0, "83": 2098.0, "95": 2100.0}, "delta": {"5": 4.0, "17": 6.0, "50": 10.0, "83": 14.0, "95": 17.0}}}