{"int_low": {"occ": {"5": 2012.0, "17": 2013.0, "50": 2020.0, "83": 2031.0, "95": 2035.0}, "chrnc": {"5": 2042.0, "17": 2045.0, "50": 2053.0, "83": 2060.0, "95": 2069.0499999999993}, "delta": {"5": 12.0, "17": 21.0, "50": 31.0, "83": 43.0, "95": 52.0}}, "int": {"occ": {"5": 2011.0, "17": 2012.0, "50": 2014.0, "83": 2016.0, "95": 2021.0}, "chrnc": {"5": 2026.0, "17": 2033.8300000000002, "50": 2038.0, "83": 2041.0, "95": 2045.0}, "delta": {"5": 11.0, "17": 17.0, "50": 23.0, "83": 27.0, "95": 31.0}}, "int_high": {"occ": {"5": 2010.0, "17": 2011.0, "50": 2014.0, "83": 2014.0, "95": 2015.0}, "chrnc": {"5": 2022.0, "17": 2025.0, "50": 2029.0, "83": 2034.0, "95": 2036.0}, "delta": {"5": 8.0, "17": 11.0, "50": 16.0, "83": 21.0, "95": 24.0}}, "kopp": {"occ": {"5": 2012.0, "17": 2013.0, "50": 2020.0, "83": 2031.0, "95": 2035.0}, "chrnc": {"5": 2038.0, "17": 2041.0, "50": 2048.0, "83": 2057.0, "95": 2069.0}, "delta": {"5": 12.0, "17": 19.0, "50": 27.0, "83": 37.0, "95": 45.0}}}