{"int_low": {"occ": {"5": 2010.0, "17": 2012.0, "50": 2016.0, "83": 2021.0, "95": 2027.0499999999993}, "chrnc": {"5": 2049.0, "17": 2054.0, "50": 2060.0, "83": 2067.0, "95": 2071.0}, "delta": {"5": 29.950000000000045, "17": 35.830000000000155, "50": 44.0, "83": 52.0, "95": 57.0}}, "int": {"occ": {"5": 2010.0, "17": 2010.0, "50": 2012.0, "83": 2018.0, "95": 2022.0}, "chrnc": {"5": 2041.0, "17": 2043.0, "50": 2046.0, "83": 2050.0, "95": 2053.0}, "delta": {"5": 22.950000000000045, "17": 28.0, "50": 34.0, "83": 38.0, "95": 41.0}}, "int_high": {"occ": {"5": 2010.0, "17": 2010.0, "50": 2011.0, "83": 2013.0, "95": 2019.0}, "chrnc": {"5": 2035.0, "17": 2037.0, "50": 2039.0, "83": 2041.0, "95": 2043.0}, "delta": {"5": 19.0, "17": 24.0, "50": 28.0, "83": 30.0, "95": 32.0}}, "kopp": {"occ": {"5": 2010.0, "17": 2010.0, "50": 2013.0, "83": 2020.0, "95": 2027.0}, "chrnc": {"5": 2041.0, "17": 2045.0, "50": 2053.0, "83": 2062.0, "95": 2070.0}, "delta": {"5": 24.0, "17": 30.0, "50": 38.0, "83": 46.0, "95": 54.0}}}