{"int_low": {"occ": {"5": 2080.0, "17": 2084.0, "50": 2095.0, "83": 2099.0, "95": 2100.0}, "chrnc": {"5": NaN, "17": NaN, "50": NaN, "83": NaN, "95": NaN}, "delta": {"5": NaN, "17": NaN, "50": NaN, "83": NaN, "95": NaN}}, "int": {"occ": {"5": 2053.0, "17": 2057.0, "50": 2060.0, "83": 2063.0, "95": 2067.0}, "chrnc": {"5": 2077.95, "17": 2079.0, "50": 2082.0, "83": 2086.0, "95": 2090.0}, "delta": {"5": 15.0, "17": 18.0, "50": 23.0, "83": 28.0, "95": 32.0}}, "int_high": {"occ": {"5": 2042.0, "17": 2043.0, "50": 2046.0, "83": 2049.0, "95": 2051.0}, "chrnc": {"5": 2060.0, "17": 2061.0, "50": 2063.0, "83": 2065.0, "95": 2067.0}, "delta": {"5": 11.0, "17": 13.0, "50": 17.0, "83": 20.0, "95": 22.049999999999272}}, "kopp": {"occ": {"5": 2053.0, "17": 2059.0, "50": 2071.0, "83": 2087.0, "95": 2097.0}, "chrnc": {"5": 2070.0, "17": 2079.0, "50": 2091.0, "83": 2098.0, "95": 2100.0}, "delta": {"5": 15.0, "17": 19.0, "50": 25.0, "83": 31.829999999999927, "95": 35.0}}}