{"int_low": {"occ": {"5": 2080.0, "17": 2084.0, "50": 2095.0, "83": 2099.0, "95": 2100.0}, "chrnc": {"5": NaN, "17": NaN, "50": NaN, "83": NaN, "95": NaN}, "delta": {"5": NaN, "17": NaN, "50": NaN, "83": NaN, "95": NaN}}, "int": {"occ": {"5": 2056.0, "17": 2057.0, "50": 2059.0, "83": 2060.0, "95": 2063.0}, "chrnc": {"5": 2067.0, "17": 2071.0, "50": 2074.0, "83": 2076.0, "95": 2077.0}, "delta": {"5": 7.0, "17": 11.830000000000155, "50": 15.0, "83": 18.0, "95": 20.0}}, "int_high": {"occ": {"5": 2042.0, "17": 2044.0, "50": 2047.0, "83": 2050.0, "95": 2052.0}, "chrnc": {"5": 2055.0, "17": 2056.0, "50": 2057.0, "83": 2059.0, "95": 2060.0}, "delta": {"5": 5.9500000000000455, "17": 8.0, "50": 11.0, "83": 14.0, "95": 16.0}}, "kopp": {"occ": {"5": 2057.0, "17": 2062.0, "50": 2074.0, "83": 2087.0, "95": 2096.0}, "chrnc": {"5": 2069.0, "17": 2076.0, "50": 2087.0, "83": 2097.0, "95": 2099.0}, "delta": {"5": 7.0, "17": 10.0, "50": 16.0, "83": 21.0, "95": 25.0}}}