{"int_low": {"occ": {"5": 2083.0, "17": 2093.0, "50": 2098.0, "83": 2100.0, "95": 2100.0}, "chrnc": {"5": NaN, "17": NaN, "50": NaN, "83": NaN, "95": NaN}, "delta": {"5": NaN, "17": NaN, "50": NaN, "83": NaN, "95": NaN}}, "int": {"occ": {"5": 2057.0, "17": 2059.0, "50": 2062.0, "83": 2067.0, "95": 2071.0}, "chrnc": {"5": 2078.0, "17": 2080.0, "50": 2084.0, "83": 2089.0, "95": 2090.0499999999993}, "delta": {"5": 12.0, "17": 16.0, "50": 22.0, "83": 27.0, "95": 30.0}}, "int_high": {"occ": {"5": 2044.0, "17": 2045.0, "50": 2049.0, "83": 2052.0, "95": 2054.0}, "chrnc": {"5": 2060.0, "17": 2061.0, "50": 2063.0, "83": 2067.0, "95": 2068.0}, "delta": {"5": 9.0, "17": 11.0, "50": 15.0, "83": 19.0, "95": 22.0}}, "kopp": {"occ": {"5": 2057.0, "17": 2063.0, "50": 2076.0, "83": 2090.0, "95": 2098.0}, "chrnc": {"5": 2073.0, "17": 2080.0, "50": 2092.0, "83": 2099.0, "95": 2100.0}, "delta": {"5": 12.0, "17": 16.0, "50": 22.0, "83": 28.0, "95": 33.94999999999982}}}