{"int_low": {"occ": {"5": 2013.0, "17": 2013.0, "50": 2014.0, "83": 2034.0, "95": 2050.0}, "chrnc": {"5": 2012.0, "17": 2018.0, "50": 2034.0, "83": 2055.0, "95": 2072.0499999999993}, "delta": {"5": -19.0, "17": -3.0, "50": 15.0, "83": 38.0, "95": 56.04999999999927}}, "int": {"occ": {"5": 2013.0, "17": 2013.0, "50": 2013.0, "83": 2019.0, "95": 2033.0}, "chrnc": {"5": 2011.0, "17": 2012.0, "50": 2024.0, "83": 2035.0, "95": 2037.0}, "delta": {"5": -9.0, "17": -1.0, "50": 8.0, "83": 20.0, "95": 24.0}}, "int_high": {"occ": {"5": 2013.0, "17": 2013.0, "50": 2013.0, "83": 2016.0, "95": 2019.0}, "chrnc": {"5": 2011.0, "17": 2012.0, "50": 2017.0, "83": 2029.0, "95": 2034.0}, "delta": {"5": -5.0, "17": -2.0, "50": 3.0, "83": 15.0, "95": 20.0}}, "kopp": {"occ": {"5": 2013.0, "17": 2013.0, "50": 2013.0, "83": 2033.0, "95": 2037.0}, "chrnc": {"5": 2011.0, "17": 2017.0, "50": 2029.0, "83": 2048.0, "95": 2060.0}, "delta": {"5": -17.0, "17": -3.0, "50": 11.0, "83": 25.0, "95": 41.0}}}