{"int_low": {"occ": {"5": 2066.0, "17": 2077.0, "50": 2088.0, "83": 2096.0, "95": 2099.0}, "chrnc": {"5": NaN, "17": NaN, "50": NaN, "83": NaN, "95": NaN}, "delta": {"5": NaN, "17": NaN, "50": NaN, "83": NaN, "95": NaN}}, "int": {"occ": {"5": 2046.0, "17": 2050.0, "50": 2055.0, "83": 2060.0, "95": 2063.0499999999993}, "chrnc": {"5": 2081.0, "17": 2084.0, "50": 2088.0, "83": 2092.0, "95": 2094.0}, "delta": {"5": 23.0, "17": 27.0, "50": 33.0, "83": 39.0, "95": 43.0}}, "int_high": {"occ": {"5": 2037.0, "17": 2039.0, "50": 2043.0, "83": 2046.0, "95": 2049.0}, "chrnc": {"5": 2061.0, "17": 2063.0, "50": 2066.0, "83": 2069.0, "95": 2071.0}, "delta": {"5": 15.950000000000045, "17": 19.0, "50": 23.0, "83": 27.0, "95": 31.0}}, "kopp": {"occ": {"5": 2047.0, "17": 2055.0, "50": 2066.0, "83": 2083.0, "95": 2094.0}, "chrnc": {"5": 2071.0, "17": 2081.0, "50": 2092.0, "83": 2098.0, "95": 2100.0}, "delta": {"5": 20.0, "17": 25.0, "50": 33.0, "83": 39.0, "95": 44.0}}}