{"int_low": {"occ": {"5": 2052.0, "17": 2056.0, "50": 2062.0, "83": 2068.0, "95": 2072.0}, "chrnc": {"5": 2076.95, "17": 2081.0, "50": 2086.0, "83": 2092.0, "95": 2096.0}, "delta": {"5": 11.0, "17": 16.0, "50": 24.0, "83": 32.0, "95": 38.0}}, "int": {"occ": {"5": 2040.0, "17": 2043.0, "50": 2047.0, "83": 2050.0, "95": 2052.0499999999993}, "chrnc": {"5": 2055.0, "17": 2058.0, "50": 2061.0, "83": 2064.0, "95": 2066.0}, "delta": {"5": 7.0, "17": 9.830000000000155, "50": 14.0, "83": 19.0, "95": 22.0}}, "int_high": {"occ": {"5": 2035.0, "17": 2037.0, "50": 2040.0, "83": 2042.0, "95": 2044.0}, "chrnc": {"5": 2047.0, "17": 2049.0, "50": 2051.0, "83": 2053.0, "95": 2054.0}, "delta": {"5": 6.0, "17": 8.0, "50": 11.0, "83": 14.0, "95": 18.0}}, "kopp": {"occ": {"5": 2045.0, "17": 2049.0, "50": 2055.5, "83": 2063.0, "95": 2069.0}, "chrnc": {"5": 2059.0, "17": 2064.0, "50": 2072.0, "83": 2082.0, "95": 2090.0}, "delta": {"5": 8.0, "17": 11.0, "50": 17.0, "83": 23.0, "95": 28.0}}}