{"int_low": {"occ": {"5": 2016.0, "17": 2017.0, "50": 2020.0, "83": 2028.0, "95": 2033.0}, "chrnc": {"5": 2041.0, "17": 2043.8300000000002, "50": 2049.0, "83": 2055.0, "95": 2057.0}, "delta": {"5": 13.0, "17": 20.0, "50": 28.0, "83": 35.0, "95": 39.0}}, "int": {"occ": {"5": 2015.0, "17": 2016.0, "50": 2018.0, "83": 2020.0, "95": 2023.0}, "chrnc": {"5": 2031.0, "17": 2035.0, "50": 2038.0, "83": 2040.0, "95": 2042.0}, "delta": {"5": 11.0, "17": 16.0, "50": 19.0, "83": 22.170000000000073, "95": 25.0}}, "int_high": {"occ": {"5": 2012.0, "17": 2012.0, "50": 2013.0, "83": 2015.0, "95": 2019.0}, "chrnc": {"5": 2025.0, "17": 2026.0, "50": 2030.0, "83": 2033.0, "95": 2035.0}, "delta": {"5": 9.0, "17": 13.0, "50": 17.0, "83": 20.0, "95": 22.0}}, "kopp": {"occ": {"5": 2016.0, "17": 2017.0, "50": 2022.0, "83": 2029.0, "95": 2034.0}, "chrnc": {"5": 2038.0, "17": 2040.0, "50": 2046.0, "83": 2054.0, "95": 2059.0}, "delta": {"5": 13.0, "17": 18.0, "50": 24.0, "83": 31.0, "95": 36.0}}}