{"int_low": {"occ": {"5": 2010.0, "17": 2012.0, "50": 2013.0, "83": 2015.0, "95": 2020.0}, "chrnc": {"5": 2045.95, "17": 2048.0, "50": 2053.0, "83": 2058.0, "95": 2062.0}, "delta": {"5": 29.0, "17": 34.0, "50": 39.0, "83": 45.0, "95": 49.0}}, "int": {"occ": {"5": 2010.0, "17": 2011.0, "50": 2013.0, "83": 2014.0, "95": 2018.0}, "chrnc": {"5": 2032.0, "17": 2034.0, "50": 2038.0, "83": 2041.0, "95": 2043.0}, "delta": {"5": 17.950000000000045, "17": 21.0, "50": 25.0, "83": 28.0, "95": 31.0}}, "int_high": {"occ": {"5": 2010.0, "17": 2010.0, "50": 2013.0, "83": 2013.0, "95": 2014.0499999999993}, "chrnc": {"5": 2026.0, "17": 2028.0, "50": 2030.0, "83": 2032.0, "95": 2034.0}, "delta": {"5": 13.0, "17": 15.0, "50": 18.0, "83": 21.0, "95": 23.0}}, "kopp": {"occ": {"5": 2010.0, "17": 2011.0, "50": 2014.0, "83": 2018.0, "95": 2023.0}, "chrnc": {"5": 2041.0, "17": 2045.0, "50": 2052.0, "83": 2060.0, "95": 2067.0}, "delta": {"5": 25.0, "17": 30.0, "50": 37.0, "83": 46.0, "95": 53.0}}}