{"int_low": {"occ": {"5": 2045.0, "17": 2052.0, "50": 2062.0, "83": 2072.17, "95": 2082.0}, "chrnc": {"5": 2074.0, "17": 2085.0, "50": 2092.0, "83": 2099.0, "95": 2100.0}, "delta": {"5": 10.0, "17": 17.0, "50": 30.0, "83": 42.0, "95": 50.0}}, "int": {"occ": {"5": 2032.0, "17": 2036.0, "50": 2042.0, "83": 2047.0, "95": 2051.0}, "chrnc": {"5": 2053.0, "17": 2056.0, "50": 2062.0, "83": 2066.0, "95": 2070.0}, "delta": {"5": 8.0, "17": 12.0, "50": 19.5, "83": 27.0, "95": 32.04999999999927}}, "int_high": {"occ": {"5": 2026.0, "17": 2029.0, "50": 2033.0, "83": 2037.0, "95": 2041.0}, "chrnc": {"5": 2041.0, "17": 2045.0, "50": 2049.0, "83": 2052.0, "95": 2054.0}, "delta": {"5": 6.0, "17": 10.0, "50": 15.0, "83": 21.0, "95": 24.049999999999272}}, "kopp": {"occ": {"5": 2044.0, "17": 2050.0, "50": 2060.0, "83": 2071.0, "95": 2081.0}, "chrnc": {"5": 2066.0, "17": 2072.0, "50": 2084.0, "83": 2094.0, "95": 2099.0}, "delta": {"5": 9.0, "17": 14.0, "50": 23.0, "83": 33.0, "95": 41.0}}}