{"int_low": {"occ": {"5": 2010.0, "17": 2012.0, "50": 2013.0, "83": 2018.0, "95": 2020.0}, "chrnc": {"5": 2020.0, "17": 2022.0, "50": 2027.0, "83": 2031.0, "95": 2034.0}, "delta": {"5": 4.0, "17": 7.0, "50": 13.0, "83": 17.0, "95": 21.0}}, "int": {"occ": {"5": 2010.0, "17": 2011.0, "50": 2013.0, "83": 2015.0, "95": 2018.0}, "chrnc": {"5": 2016.0, "17": 2019.0, "50": 2021.0, "83": 2024.0, "95": 2027.0}, "delta": {"5": 2.0, "17": 5.0, "50": 8.0, "83": 12.0, "95": 14.0}}, "int_high": {"occ": {"5": 2010.0, "17": 2011.0, "50": 2013.0, "83": 2013.0, "95": 2015.0}, "chrnc": {"5": 2012.0, "17": 2014.0, "50": 2017.0, "83": 2019.0, "95": 2020.0}, "delta": {"5": -1.0, "17": 1.8300000000001546, "50": 4.0, "83": 7.0, "95": 8.049999999999272}}, "kopp": {"occ": {"5": 2011.0, "17": 2013.0, "50": 2015.0, "83": 2019.0, "95": 2022.0}, "chrnc": {"5": 2021.0, "17": 2024.0, "50": 2029.0, "83": 2034.0, "95": 2039.0}, "delta": {"5": 5.0, "17": 8.0, "50": 14.0, "83": 19.0, "95": 24.0}}}