{"int_low": {"occ": {"5": 2010.0, "17": 2010.0, "50": 2010.0, "83": 2021.0, "95": 2025.0}, "chrnc": {"5": 2027.0, "17": 2031.8300000000002, "50": 2039.0, "83": 2046.0, "95": 2054.0}, "delta": {"5": 9.0, "17": 16.0, "50": 25.0, "83": 34.17000000000007, "95": 41.04999999999927}}, "int": {"occ": {"5": 2010.0, "17": 2010.0, "50": 2010.0, "83": 2017.0, "95": 2023.0}, "chrnc": {"5": 2015.0, "17": 2022.0, "50": 2028.0, "83": 2033.0, "95": 2038.0}, "delta": {"5": 4.0, "17": 8.0, "50": 16.0, "83": 22.0, "95": 27.0}}, "int_high": {"occ": {"5": 2010.0, "17": 2010.0, "50": 2010.0, "83": 2011.0, "95": 2017.0}, "chrnc": {"5": 2014.0, "17": 2015.0, "50": 2019.0, "83": 2024.0, "95": 2027.0}, "delta": {"5": 2.0, "17": 5.0, "50": 9.0, "83": 14.0, "95": 17.0}}, "kopp": {"occ": {"5": 2010.0, "17": 2010.0, "50": 2011.0, "83": 2023.0, "95": 2025.0}, "chrnc": {"5": 2027.0, "17": 2031.0, "50": 2039.0, "83": 2047.0, "95": 2057.0}, "delta": {"5": 8.0, "17": 15.0, "50": 24.0, "83": 34.0, "95": 42.0}}}