{"int_low": {"occ": {"5": 2039.0, "17": 2043.0, "50": 2050.0, "83": 2055.0, "95": 2060.0}, "chrnc": {"5": 2072.0, "17": 2076.83, "50": 2083.0, "83": 2089.0, "95": 2093.0}, "delta": {"5": 18.0, "17": 25.0, "50": 34.0, "83": 42.0, "95": 48.0}}, "int": {"occ": {"5": 2030.0, "17": 2032.0, "50": 2035.0, "83": 2039.0, "95": 2042.0}, "chrnc": {"5": 2049.0, "17": 2050.0, "50": 2053.0, "83": 2056.0, "95": 2058.0}, "delta": {"5": 10.0, "17": 13.0, "50": 18.0, "83": 22.0, "95": 25.0}}, "int_high": {"occ": {"5": 2021.0, "17": 2024.0, "50": 2028.0, "83": 2031.0, "95": 2033.0}, "chrnc": {"5": 2039.0, "17": 2040.8300000000002, "50": 2043.0, "83": 2045.0, "95": 2046.0}, "delta": {"5": 8.0, "17": 11.0, "50": 15.0, "83": 19.0, "95": 22.049999999999272}}, "kopp": {"occ": {"5": 2032.0, "17": 2036.0, "50": 2043.0, "83": 2053.0, "95": 2064.0}, "chrnc": {"5": 2049.0, "17": 2055.0, "50": 2065.0, "83": 2079.0, "95": 2091.0}, "delta": {"5": 11.0, "17": 15.0, "50": 22.0, "83": 30.0, "95": 38.0}}}