{"int_low": {"occ": {"5": 2028.0, "17": 2033.0, "50": 2042.0, "83": 2051.0, "95": 2060.0499999999993}, "chrnc": {"5": 2061.0, "17": 2070.0, "50": 2080.0, "83": 2090.0, "95": 2097.0}, "delta": {"5": 15.0, "17": 24.0, "50": 37.0, "83": 50.0, "95": 60.0}}, "int": {"occ": {"5": 2021.0, "17": 2024.0, "50": 2029.0, "83": 2036.0, "95": 2041.0}, "chrnc": {"5": 2042.0, "17": 2046.0, "50": 2051.0, "83": 2056.0, "95": 2060.0499999999993}, "delta": {"5": 9.0, "17": 13.0, "50": 22.0, "83": 28.0, "95": 34.0}}, "int_high": {"occ": {"5": 2018.0, "17": 2020.0, "50": 2023.0, "83": 2028.0, "95": 2031.0}, "chrnc": {"5": 2032.0, "17": 2035.0, "50": 2040.0, "83": 2045.0, "95": 2047.0}, "delta": {"5": 7.0, "17": 10.0, "50": 16.0, "83": 22.0, "95": 25.0}}, "kopp": {"occ": {"5": 2029.0, "17": 2034.0, "50": 2044.0, "83": 2053.0, "95": 2062.0}, "chrnc": {"5": 2054.0, "17": 2061.0, "50": 2071.0, "83": 2084.0, "95": 2093.0}, "delta": {"5": 10.0, "17": 17.0, "50": 28.0, "83": 40.0, "95": 49.0}}}