{"int_low": {"occ": {"5": 2010.0, "17": 2011.0, "50": 2011.0, "83": 2012.0, "95": 2014.0}, "chrnc": {"5": 2016.0, "17": 2020.8300000000002, "50": 2030.0, "83": 2036.0, "95": 2040.0499999999993}, "delta": {"5": 5.0, "17": 9.0, "50": 18.0, "83": 25.0, "95": 29.0}}, "int": {"occ": {"5": 2010.0, "17": 2010.0, "50": 2011.0, "83": 2012.0, "95": 2013.0}, "chrnc": {"5": 2016.0, "17": 2017.0, "50": 2022.0, "83": 2028.0, "95": 2032.0}, "delta": {"5": 5.0, "17": 6.0, "50": 11.0, "83": 17.0, "95": 21.0}}, "int_high": {"occ": {"5": 2010.0, "17": 2010.0, "50": 2011.0, "83": 2012.0, "95": 2013.0}, "chrnc": {"5": 2015.0, "17": 2016.0, "50": 2020.0, "83": 2025.0, "95": 2027.0}, "delta": {"5": 4.0, "17": 5.0, "50": 8.0, "83": 13.0, "95": 16.0}}, "kopp": {"occ": {"5": 2010.0, "17": 2010.0, "50": 2011.0, "83": 2013.0, "95": 2014.0}, "chrnc": {"5": 2016.0, "17": 2020.0, "50": 2030.0, "83": 2036.0, "95": 2041.0}, "delta": {"5": 5.0, "17": 8.0, "50": 18.0, "83": 25.0, "95": 30.0}}}