{"int_low": {"occ": {"5": 2021.0, "17": 2025.0, "50": 2031.0, "83": 2036.0, "95": 2040.0}, "chrnc": {"5": 2053.0, "17": 2058.0, "50": 2063.0, "83": 2070.0, "95": 2075.0}, "delta": {"5": 19.950000000000045, "17": 25.0, "50": 32.0, "83": 40.0, "95": 45.0}}, "int": {"occ": {"5": 2016.0, "17": 2017.0, "50": 2021.0, "83": 2025.0, "95": 2027.0}, "chrnc": {"5": 2038.0, "17": 2041.0, "50": 2044.0, "83": 2047.0, "95": 2050.0}, "delta": {"5": 14.950000000000045, "17": 18.0, "50": 23.0, "83": 27.0, "95": 30.0}}, "int_high": {"occ": {"5": 2012.0, "17": 2014.0, "50": 2017.0, "83": 2020.0, "95": 2022.0}, "chrnc": {"5": 2029.0, "17": 2031.0, "50": 2034.0, "83": 2037.0, "95": 2039.0}, "delta": {"5": 10.0, "17": 13.0, "50": 17.0, "83": 21.0, "95": 24.0}}}