{"int_low": {"occ": {"5": 2010.0, "17": 2012.0, "50": 2019.0, "83": 2031.0, "95": 2036.0499999999993}, "chrnc": {"5": 2010.0, "17": 2011.0, "50": 2019.0, "83": 2033.0, "95": 2043.0499999999993}, "delta": {"5": -22.0, "17": -12.0, "50": -1.0, "83": 16.0, "95": 26.0}}, "int": {"occ": {"5": 2010.0, "17": 2012.0, "50": 2013.0, "83": 2022.0, "95": 2029.0}, "chrnc": {"5": 2010.0, "17": 2010.0, "50": 2012.0, "83": 2021.0, "95": 2029.0}, "delta": {"5": -15.049999999999955, "17": -9.0, "50": -1.0, "83": 6.0, "95": 15.0}}, "int_high": {"occ": {"5": 2010.0, "17": 2011.0, "50": 2013.0, "83": 2020.0, "95": 2024.0}, "chrnc": {"5": 2010.0, "17": 2011.0, "50": 2013.0, "83": 2019.0, "95": 2024.0}, "delta": {"5": -9.0, "17": -1.0, "50": 0.0, "83": 0.17000000000007276, "95": 6.049999999999272}}, "kopp": {"occ": {"5": 2010.0, "17": 2012.0, "50": 2018.5, "83": 2028.0, "95": 2035.0}, "chrnc": {"5": 2010.0, "17": 2011.0, "50": 2013.0, "83": 2029.0, "95": 2038.0}, "delta": {"5": -21.0, "17": -11.0, "50": -1.0, "83": 11.0, "95": 22.0}}}