{"int_low": {"occ": {"5": 2039.0, "17": 2040.0, "50": 2042.0, "83": 2045.0, "95": 2049.0499999999993}, "chrnc": {"5": 2054.0, "17": 2056.0, "50": 2058.0, "83": 2059.0, "95": 2062.0}, "delta": {"5": 8.0, "17": 12.0, "50": 16.0, "83": 18.0, "95": 21.0}}, "int": {"occ": {"5": 2033.0, "17": 2035.0, "50": 2037.0, "83": 2038.0, "95": 2039.0}, "chrnc": {"5": 2043.0, "17": 2044.0, "50": 2046.0, "83": 2049.0, "95": 2051.0}, "delta": {"5": 5.0, "17": 7.0, "50": 9.0, "83": 13.0, "95": 15.0}}, "int_high": {"occ": {"5": 2027.0, "17": 2029.0, "50": 2032.0, "83": 2034.0, "95": 2035.0}, "chrnc": {"5": 2039.0, "17": 2039.0, "50": 2040.0, "83": 2042.0, "95": 2042.0499999999993}, "delta": {"5": 5.0, "17": 6.0, "50": 8.5, "83": 12.0, "95": 14.0}}, "kopp": {"occ": {"5": 2037.0, "17": 2039.0, "50": 2041.0, "83": 2045.0, "95": 2050.0}, "chrnc": {"5": 2045.0, "17": 2049.0, "50": 2055.0, "83": 2058.0, "95": 2061.0}, "delta": {"5": 6.0, "17": 9.0, "50": 13.0, "83": 16.0, "95": 18.0}}}