{"int_low": {"occ": {"5": 2016.0, "17": 2017.0, "50": 2024.0, "83": 2031.0, "95": 2034.0}, "chrnc": {"5": 2043.0, "17": 2046.0, "50": 2053.0, "83": 2058.0, "95": 2063.0}, "delta": {"5": 13.950000000000045, "17": 20.0, "50": 29.0, "83": 37.0, "95": 41.0}}, "int": {"occ": {"5": 2013.0, "17": 2015.0, "50": 2017.0, "83": 2021.0, "95": 2024.0}, "chrnc": {"5": 2032.0, "17": 2035.0, "50": 2038.0, "83": 2041.0, "95": 2043.0}, "delta": {"5": 12.0, "17": 15.830000000000155, "50": 20.0, "83": 24.0, "95": 27.0}}, "int_high": {"occ": {"5": 2012.0, "17": 2012.0, "50": 2014.0, "83": 2018.0, "95": 2020.0}, "chrnc": {"5": 2025.0, "17": 2027.0, "50": 2030.0, "83": 2033.0, "95": 2035.0}, "delta": {"5": 8.0, "17": 12.0, "50": 16.0, "83": 19.0, "95": 21.0}}, "kopp": {"occ": {"5": 2015.0, "17": 2016.0, "50": 2024.0, "83": 2031.0, "95": 2036.0}, "chrnc": {"5": 2038.0, "17": 2042.0, "50": 2048.0, "83": 2057.0, "95": 2065.0}, "delta": {"5": 12.0, "17": 17.0, "50": 24.0, "83": 33.0, "95": 40.0}}}