{"int_low": {"occ": {"5": 2011.95, "17": 2013.0, "50": 2013.0, "83": 2016.0, "95": 2027.0}, "chrnc": {"5": 2081.0, "17": 2088.0, "50": 2096.0, "83": 2100.0, "95": 2100.0}, "delta": {"5": 65.0, "17": 71.0, "50": 83.0, "83": 87.0, "95": 87.0}}, "int": {"occ": {"5": 2011.0, "17": 2013.0, "50": 2013.0, "83": 2014.0, "95": 2020.0}, "chrnc": {"5": 2056.0, "17": 2059.0, "50": 2065.0, "83": 2070.0, "95": 2073.0}, "delta": {"5": 41.0, "17": 45.0, "50": 51.0, "83": 57.0, "95": 59.04999999999927}}, "int_high": {"occ": {"5": 2010.0, "17": 2013.0, "50": 2013.0, "83": 2013.0, "95": 2019.0}, "chrnc": {"5": 2042.0, "17": 2045.0, "50": 2049.0, "83": 2053.0, "95": 2055.0499999999993}, "delta": {"5": 28.0, "17": 31.0, "50": 35.0, "83": 40.0, "95": 43.0}}, "kopp": {"occ": {"5": 2011.0, "17": 2013.0, "50": 2013.0, "83": 2015.0, "95": 2027.0}, "chrnc": {"5": 2055.0, "17": 2062.0, "50": 2076.0, "83": 2092.0, "95": 2098.0}, "delta": {"5": 40.0, "17": 48.0, "50": 62.0, "83": 77.0, "95": 85.0}}}