{"int_low": {"occ": {"5": 2012.0, "17": 2012.0, "50": 2016.0, "83": 2019.0, "95": 2021.0}, "chrnc": {"5": 2043.0, "17": 2046.0, "50": 2052.0, "83": 2056.0, "95": 2058.0}, "delta": {"5": 26.0, "17": 30.0, "50": 36.0, "83": 42.0, "95": 44.04999999999927}}, "int": {"occ": {"5": 2012.0, "17": 2012.0, "50": 2015.0, "83": 2015.0, "95": 2019.0}, "chrnc": {"5": 2038.0, "17": 2039.0, "50": 2040.0, "83": 2043.0, "95": 2046.0}, "delta": {"5": 21.950000000000045, "17": 24.0, "50": 26.0, "83": 29.0, "95": 33.0}}, "int_high": {"occ": {"5": 2010.95, "17": 2012.0, "50": 2015.0, "83": 2015.0, "95": 2015.0}, "chrnc": {"5": 2030.0, "17": 2034.0, "50": 2036.0, "83": 2038.0, "95": 2039.0}, "delta": {"5": 15.0, "17": 19.0, "50": 22.0, "83": 25.0, "95": 26.0}}}