{"int_low": {"occ": {"5": 2066.0, "17": 2071.0, "50": 2076.0, "83": 2082.0, "95": 2087.0}, "chrnc": {"5": 2096.0, "17": 2097.0, "50": 2099.0, "83": 2100.0, "95": 2100.0}, "delta": {"5": 11.0, "17": 17.0, "50": 22.0, "83": 31.0, "95": 36.0}}, "int": {"occ": {"5": 2045.0, "17": 2047.0, "50": 2050.0, "83": 2052.0, "95": 2054.0}, "chrnc": {"5": 2061.0, "17": 2062.0, "50": 2065.0, "83": 2067.0, "95": 2069.0}, "delta": {"5": 9.950000000000045, "17": 12.0, "50": 15.0, "83": 19.0, "95": 21.0}}, "int_high": {"occ": {"5": 2037.0, "17": 2038.0, "50": 2040.0, "83": 2041.0, "95": 2042.0499999999993}, "chrnc": {"5": 2049.0, "17": 2050.0, "50": 2052.0, "83": 2054.0, "95": 2055.0}, "delta": {"5": 8.0, "17": 10.0, "50": 12.0, "83": 15.0, "95": 16.0}}, "kopp": {"occ": {"5": 2055.0, "17": 2060.0, "50": 2068.0, "83": 2077.0, "95": 2087.0}, "chrnc": {"5": 2070.0, "17": 2076.0, "50": 2086.0, "83": 2096.0, "95": 2099.0}, "delta": {"5": 12.0, "17": 15.0, "50": 19.0, "83": 24.0, "95": 28.0}}}