{"int_low": {"occ": {"5": 2010.0, "17": 2011.0, "50": 2011.0, "83": 2011.0, "95": 2014.0499999999993}, "chrnc": {"5": 2041.0, "17": 2044.0, "50": 2051.0, "83": 2057.0, "95": 2065.0}, "delta": {"5": 29.0, "17": 33.0, "50": 40.0, "83": 46.0, "95": 53.0}}, "int": {"occ": {"5": 2010.0, "17": 2011.0, "50": 2011.0, "83": 2011.0, "95": 2011.0}, "chrnc": {"5": 2026.0, "17": 2030.8300000000002, "50": 2036.0, "83": 2039.0, "95": 2041.0}, "delta": {"5": 15.0, "17": 19.0, "50": 25.0, "83": 28.0, "95": 30.0}}, "int_high": {"occ": {"5": 2010.0, "17": 2011.0, "50": 2011.0, "83": 2011.0, "95": 2011.0}, "chrnc": {"5": 2022.0, "17": 2024.0, "50": 2028.0, "83": 2031.0, "95": 2033.0}, "delta": {"5": 11.0, "17": 13.0, "50": 17.0, "83": 20.0, "95": 22.0}}, "kopp": {"occ": {"5": 2010.0, "17": 2011.0, "50": 2011.0, "83": 2011.0, "95": 2019.0}, "chrnc": {"5": 2035.0, "17": 2039.0, "50": 2046.0, "83": 2057.0, "95": 2068.0}, "delta": {"5": 23.0, "17": 28.0, "50": 35.0, "83": 45.0, "95": 56.0}}}