{"int_low": {"occ": {"5": 2034.0, "17": 2039.0, "50": 2045.0, "83": 2051.0, "95": 2056.0}, "chrnc": {"5": 2078.0, "17": 2083.0, "50": 2090.0, "83": 2096.0, "95": 2099.0}, "delta": {"5": 31.0, "17": 37.0, "50": 45.0, "83": 52.0, "95": 57.0}}, "int": {"occ": {"5": 2026.0, "17": 2029.0, "50": 2032.0, "83": 2036.0, "95": 2039.0}, "chrnc": {"5": 2052.0, "17": 2054.0, "50": 2057.0, "83": 2061.0, "95": 2063.0}, "delta": {"5": 17.0, "17": 21.0, "50": 25.0, "83": 30.0, "95": 33.0}}, "int_high": {"occ": {"5": 2022.0, "17": 2024.0, "50": 2026.0, "83": 2028.0, "95": 2031.0}, "chrnc": {"5": 2042.0, "17": 2043.0, "50": 2045.0, "83": 2048.0, "95": 2049.0499999999993}, "delta": {"5": 14.0, "17": 16.0, "50": 19.0, "83": 22.0, "95": 24.049999999999272}}}