{"int_low": {"occ": {"5": 2014.0, "17": 2016.0, "50": 2021.0, "83": 2033.0, "95": 2036.0}, "chrnc": {"5": 2060.0, "17": 2064.0, "50": 2073.0, "83": 2082.0, "95": 2090.0}, "delta": {"5": 29.0, "17": 37.0, "50": 49.0, "83": 61.0, "95": 70.04999999999927}}, "int": {"occ": {"5": 2012.0, "17": 2013.0, "50": 2016.0, "83": 2020.0, "95": 2027.0}, "chrnc": {"5": 2042.0, "17": 2043.8300000000002, "50": 2048.0, "83": 2052.0, "95": 2055.0}, "delta": {"5": 20.0, "17": 26.0, "50": 32.0, "83": 37.0, "95": 40.0}}, "int_high": {"occ": {"5": 2010.0, "17": 2012.0, "50": 2013.0, "83": 2016.0, "95": 2020.0}, "chrnc": {"5": 2036.0, "17": 2038.0, "50": 2040.0, "83": 2041.0, "95": 2042.0}, "delta": {"5": 18.0, "17": 22.0, "50": 26.0, "83": 29.0, "95": 30.0}}, "kopp": {"occ": {"5": 2012.0, "17": 2014.0, "50": 2018.0, "83": 2029.0, "95": 2035.0}, "chrnc": {"5": 2043.0, "17": 2048.0, "50": 2058.0, "83": 2070.0, "95": 2082.0}, "delta": {"5": 22.0, "17": 29.0, "50": 39.0, "83": 50.0, "95": 60.0}}}