{"int_low": {"occ": {"5": 2012.0, "17": 2012.0, "50": 2013.0, "83": 2015.0, "95": 2015.0}, "chrnc": {"5": 2023.0, "17": 2024.0, "50": 2028.0, "83": 2032.0, "95": 2033.0}, "delta": {"5": 9.0, "17": 10.830000000000155, "50": 14.0, "83": 18.0, "95": 21.0}}, "int": {"occ": {"5": 2011.0, "17": 2012.0, "50": 2014.0, "83": 2014.0, "95": 2015.0}, "chrnc": {"5": 2021.0, "17": 2021.8300000000002, "50": 2023.0, "83": 2025.0, "95": 2027.0}, "delta": {"5": 7.0, "17": 8.0, "50": 10.0, "83": 12.0, "95": 15.0}}, "int_high": {"occ": {"5": 2010.0, "17": 2010.0, "50": 2010.0, "83": 2011.0, "95": 2014.0}, "chrnc": {"5": 2018.0, "17": 2019.0, "50": 2021.0, "83": 2022.0, "95": 2024.0}, "delta": {"5": 7.0, "17": 9.0, "50": 10.0, "83": 12.0, "95": 13.0}}, "kopp": {"occ": {"5": 2012.0, "17": 2012.0, "50": 2013.0, "83": 2015.0, "95": 2018.0}, "chrnc": {"5": 2022.0, "17": 2024.0, "50": 2027.0, "83": 2032.0, "95": 2034.0}, "delta": {"5": 8.0, "17": 10.0, "50": 14.0, "83": 18.0, "95": 21.0}}}