{"int_low": {"occ": {"5": 2010.0, "17": 2013.0, "50": 2016.0, "83": 2025.0, "95": 2031.0}, "chrnc": {"5": 2020.0, "17": 2024.0, "50": 2032.0, "83": 2043.0, "95": 2048.0499999999993}, "delta": {"5": 3.0, "17": 7.0, "50": 14.0, "83": 24.0, "95": 32.0}}, "int": {"occ": {"5": 2010.0, "17": 2010.0, "50": 2013.0, "83": 2020.0, "95": 2025.0}, "chrnc": {"5": 2016.0, "17": 2018.0, "50": 2022.0, "83": 2028.0, "95": 2032.0}, "delta": {"5": -3.0, "17": 3.8300000000001546, "50": 8.0, "83": 14.0, "95": 18.0}}, "int_high": {"occ": {"5": 2010.0, "17": 2010.0, "50": 2012.0, "83": 2015.0, "95": 2023.0}, "chrnc": {"5": 2011.0, "17": 2012.0, "50": 2016.0, "83": 2019.0, "95": 2024.0}, "delta": {"5": -5.0, "17": -2.0, "50": 4.0, "83": 7.0, "95": 11.0}}, "kopp": {"occ": {"5": 2010.0, "17": 2013.0, "50": 2017.0, "83": 2025.0, "95": 2031.0}, "chrnc": {"5": 2022.0, "17": 2026.0, "50": 2034.0, "83": 2044.0, "95": 2052.0}, "delta": {"5": 5.0, "17": 8.0, "50": 15.0, "83": 26.0, "95": 35.0}}}