{"int_low": {"occ": {"5": 2061.0, "17": 2064.0, "50": 2072.0, "83": 2077.0, "95": 2083.0499999999993}, "chrnc": {"5": 2088.0, "17": 2093.0, "50": 2097.0, "83": 2100.0, "95": 2100.0}, "delta": {"5": 12.0, "17": 19.0, "50": 25.0, "83": 32.0, "95": 37.0}}, "int": {"occ": {"5": 2042.0, "17": 2044.0, "50": 2048.0, "83": 2051.0, "95": 2053.0}, "chrnc": {"5": 2057.0, "17": 2058.0, "50": 2061.0, "83": 2064.0, "95": 2066.0}, "delta": {"5": 7.0, "17": 9.0, "50": 13.0, "83": 17.0, "95": 20.0}}, "int_high": {"occ": {"5": 2035.0, "17": 2036.0, "50": 2039.0, "83": 2041.0, "95": 2042.0}, "chrnc": {"5": 2045.0, "17": 2047.0, "50": 2049.0, "83": 2051.0, "95": 2052.0499999999993}, "delta": {"5": 5.9500000000000455, "17": 8.0, "50": 10.0, "83": 13.0, "95": 16.0}}, "kopp": {"occ": {"5": 2047.0, "17": 2053.0, "50": 2061.0, "83": 2071.0, "95": 2081.0}, "chrnc": {"5": 2060.0, "17": 2066.0, "50": 2077.0, "83": 2089.0, "95": 2097.0}, "delta": {"5": 7.0, "17": 11.0, "50": 16.0, "83": 22.0, "95": 26.0}}}