{"int_low": {"occ": {"5": 2069.0, "17": 2073.0, "50": 2078.0, "83": 2084.0, "95": 2088.0499999999993}, "chrnc": {"5": 2096.0, "17": 2098.0, "50": 2099.5, "83": 2100.0, "95": 2100.0}, "delta": {"5": 10.0, "17": 16.0, "50": 23.5, "83": 30.0, "95": 37.0}}, "int": {"occ": {"5": 2046.0, "17": 2047.0, "50": 2051.0, "83": 2053.0, "95": 2054.0}, "chrnc": {"5": 2061.0, "17": 2063.0, "50": 2065.0, "83": 2068.0, "95": 2070.0}, "delta": {"5": 10.0, "17": 12.0, "50": 15.0, "83": 18.0, "95": 21.0}}, "int_high": {"occ": {"5": 2037.0, "17": 2038.8300000000002, "50": 2040.0, "83": 2042.0, "95": 2043.0}, "chrnc": {"5": 2050.0, "17": 2051.0, "50": 2053.0, "83": 2054.0, "95": 2055.0}, "delta": {"5": 9.0, "17": 10.0, "50": 12.0, "83": 15.0, "95": 17.0}}, "kopp": {"occ": {"5": 2056.0, "17": 2060.0, "50": 2069.0, "83": 2078.0, "95": 2088.0}, "chrnc": {"5": 2070.0, "17": 2077.0, "50": 2087.0, "83": 2096.0, "95": 2099.0}, "delta": {"5": 12.0, "17": 15.0, "50": 19.0, "83": 24.0, "95": 27.0}}}