{"int_low": {"occ": {"5": 2010.0, "17": 2010.0, "50": 2011.0, "83": 2019.0, "95": 2021.0}, "chrnc": {"5": 2026.0, "17": 2030.0, "50": 2044.5, "83": 2052.0, "95": 2055.0}, "delta": {"5": 10.950000000000045, "17": 18.0, "50": 31.0, "83": 41.0, "95": 44.0}}, "int": {"occ": {"5": 2010.0, "17": 2010.0, "50": 2011.0, "83": 2012.17, "95": 2019.0}, "chrnc": {"5": 2022.0, "17": 2024.0, "50": 2030.0, "83": 2036.0, "95": 2037.0}, "delta": {"5": 7.0, "17": 12.0, "50": 18.0, "83": 24.0, "95": 27.0}}, "int_high": {"occ": {"5": 2010.0, "17": 2010.0, "50": 2011.0, "83": 2012.0, "95": 2019.0}, "chrnc": {"5": 2015.0, "17": 2015.0, "50": 2023.0, "83": 2029.0, "95": 2032.0}, "delta": {"5": 3.9500000000000455, "17": 5.0, "50": 11.0, "83": 18.0, "95": 21.049999999999272}}, "kopp": {"occ": {"5": 2010.0, "17": 2010.0, "50": 2011.0, "83": 2019.0, "95": 2025.0}, "chrnc": {"5": 2023.0, "17": 2027.0, "50": 2037.0, "83": 2048.0, "95": 2055.0}, "delta": {"5": 8.0, "17": 14.0, "50": 23.0, "83": 33.0, "95": 42.0}}}