{"int_low": {"occ": {"5": 2018.0, "17": 2019.0, "50": 2024.0, "83": 2030.0, "95": 2034.0}, "chrnc": {"5": 2054.0, "17": 2057.0, "50": 2063.0, "83": 2068.0, "95": 2073.0}, "delta": {"5": 24.950000000000045, "17": 31.0, "50": 38.0, "83": 46.0, "95": 51.04999999999927}}, "int": {"occ": {"5": 2010.0, "17": 2013.0, "50": 2018.0, "83": 2022.0, "95": 2025.0}, "chrnc": {"5": 2037.95, "17": 2040.0, "50": 2043.0, "83": 2046.0, "95": 2048.0}, "delta": {"5": 16.0, "17": 20.0, "50": 25.0, "83": 30.0, "95": 34.04999999999927}}, "int_high": {"occ": {"5": 2010.0, "17": 2011.0, "50": 2013.0, "83": 2016.0, "95": 2018.0}, "chrnc": {"5": 2029.0, "17": 2031.0, "50": 2034.0, "83": 2037.0, "95": 2039.0}, "delta": {"5": 14.0, "17": 17.0, "50": 21.0, "83": 25.0, "95": 27.0}}, "kopp": {"occ": {"5": 2019.0, "17": 2022.0, "50": 2027.0, "83": 2033.0, "95": 2039.0}, "chrnc": {"5": 2047.0, "17": 2052.79, "50": 2060.0, "83": 2069.0, "95": 2078.0}, "delta": {"5": 20.0, "17": 25.0, "50": 32.0, "83": 41.0, "95": 49.0}}}