{"int_low": {"occ": {"5": 2022.0, "17": 2024.0, "50": 2031.0, "83": 2041.0, "95": 2051.0}, "chrnc": {"5": 2059.0, "17": 2061.0, "50": 2068.0, "83": 2076.0, "95": 2089.0}, "delta": {"5": 14.0, "17": 25.0, "50": 37.0, "83": 48.0, "95": 58.0}}, "int": {"occ": {"5": 2017.0, "17": 2020.0, "50": 2025.0, "83": 2032.0, "95": 2034.0}, "chrnc": {"5": 2040.0, "17": 2042.0, "50": 2046.0, "83": 2051.0, "95": 2053.0}, "delta": {"5": 9.0, "17": 14.0, "50": 21.0, "83": 28.0, "95": 32.0}}, "int_high": {"occ": {"5": 2016.0, "17": 2016.0, "50": 2018.0, "83": 2021.0, "95": 2024.0}, "chrnc": {"5": 2030.0, "17": 2036.0, "50": 2038.0, "83": 2040.0, "95": 2041.0}, "delta": {"5": 9.950000000000045, "17": 15.0, "50": 19.0, "83": 22.0, "95": 24.0}}, "kopp": {"occ": {"5": 2022.0, "17": 2024.0, "50": 2032.0, "83": 2041.0, "95": 2052.0}, "chrnc": {"5": 2043.0, "17": 2049.0, "50": 2059.0, "83": 2071.0, "95": 2083.3999999999996}, "delta": {"5": 11.0, "17": 17.0, "50": 26.0, "83": 37.0, "95": 46.0}}}