{"int_low": {"occ": {"5": 2010.0, "17": 2012.0, "50": 2019.0, "83": 2031.0, "95": 2036.0499999999993}, "chrnc": {"5": 2014.0, "17": 2018.0, "50": 2030.0, "83": 2042.17, "95": 2053.0}, "delta": {"5": -13.049999999999955, "17": -5.0, "50": 10.0, "83": 25.0, "95": 37.0}}, "int": {"occ": {"5": 2010.0, "17": 2012.0, "50": 2013.0, "83": 2022.0, "95": 2029.0}, "chrnc": {"5": 2013.0, "17": 2014.0, "50": 2020.0, "83": 2029.0, "95": 2035.0}, "delta": {"5": -11.0, "17": -4.0, "50": 4.0, "83": 14.0, "95": 21.0}}, "int_high": {"occ": {"5": 2010.0, "17": 2011.0, "50": 2013.0, "83": 2020.0, "95": 2024.0}, "chrnc": {"5": 2010.0, "17": 2011.0, "50": 2018.0, "83": 2024.0, "95": 2031.0}, "delta": {"5": -9.0, "17": -2.0, "50": 3.0, "83": 11.0, "95": 18.0}}, "kopp": {"occ": {"5": 2010.0, "17": 2012.0, "50": 2018.5, "83": 2028.0, "95": 2035.0}, "chrnc": {"5": 2014.0, "17": 2015.0, "50": 2025.0, "83": 2037.0, "95": 2050.0}, "delta": {"5": -14.0, "17": -4.0, "50": 7.0, "83": 20.0, "95": 29.0}}}