{"int_low": {"occ": {"5": 2010.0, "17": 2010.0, "50": 2012.0, "83": 2014.0, "95": 2015.0499999999993}, "chrnc": {"5": 2026.0, "17": 2029.0, "50": 2035.0, "83": 2039.0, "95": 2041.0499999999993}, "delta": {"5": 12.950000000000045, "17": 17.0, "50": 23.0, "83": 27.0, "95": 30.0}}, "int": {"occ": {"5": 2010.0, "17": 2010.0, "50": 2012.0, "83": 2014.0, "95": 2014.0}, "chrnc": {"5": 2022.0, "17": 2025.0, "50": 2029.0, "83": 2033.0, "95": 2035.0}, "delta": {"5": 10.0, "17": 13.0, "50": 17.0, "83": 21.0, "95": 24.0}}, "int_high": {"occ": {"5": 2010.0, "17": 2010.0, "50": 2011.0, "83": 2012.0, "95": 2014.0}, "chrnc": {"5": 2020.0, "17": 2022.0, "50": 2025.0, "83": 2028.0, "95": 2032.0}, "delta": {"5": 8.0, "17": 11.0, "50": 14.0, "83": 17.0, "95": 20.0}}, "kopp": {"occ": {"5": 2010.0, "17": 2010.0, "50": 2012.0, "83": 2014.0, "95": 2018.0}, "chrnc": {"5": 2026.0, "17": 2029.0, "50": 2035.0, "83": 2039.0, "95": 2043.0}, "delta": {"5": 13.0, "17": 17.0, "50": 22.0, "83": 27.0, "95": 31.0}}}