{"int_low": {"occ": {"5": 2014.0, "17": 2015.0, "50": 2017.0, "83": 2023.0, "95": 2028.0}, "chrnc": {"5": 2043.0, "17": 2046.0, "50": 2050.0, "83": 2054.0, "95": 2056.0}, "delta": {"5": 21.0, "17": 26.0, "50": 32.0, "83": 38.0, "95": 41.0}}, "int": {"occ": {"5": 2012.0, "17": 2013.0, "50": 2014.0, "83": 2019.0, "95": 2020.0499999999993}, "chrnc": {"5": 2030.0, "17": 2034.0, "50": 2037.0, "83": 2039.0, "95": 2041.0}, "delta": {"5": 13.0, "17": 17.0, "50": 22.0, "83": 26.0, "95": 28.0}}, "int_high": {"occ": {"5": 2011.0, "17": 2012.0, "50": 2012.0, "83": 2013.0, "95": 2019.0}, "chrnc": {"5": 2025.0, "17": 2026.0, "50": 2029.0, "83": 2031.0, "95": 2033.0}, "delta": {"5": 9.950000000000045, "17": 13.0, "50": 16.0, "83": 19.0, "95": 21.0}}, "kopp": {"occ": {"5": 2014.0, "17": 2015.0, "50": 2019.0, "83": 2026.0, "95": 2032.0}, "chrnc": {"5": 2038.0, "17": 2040.0, "50": 2046.0, "83": 2054.0, "95": 2060.0}, "delta": {"5": 16.0, "17": 21.0, "50": 27.0, "83": 34.0, "95": 39.0}}}