{"int_low": {"occ": {"5": 2011.0, "17": 2013.0, "50": 2013.0, "83": 2023.0, "95": 2033.0}, "chrnc": {"5": 2066.0, "17": 2077.0, "50": 2088.0, "83": 2096.0, "95": 2099.0}, "delta": {"5": 48.0, "17": 58.0, "50": 71.5, "83": 81.0, "95": 86.0}}, "int": {"occ": {"5": 2010.0, "17": 2013.0, "50": 2013.0, "83": 2014.0, "95": 2023.0}, "chrnc": {"5": 2046.0, "17": 2050.0, "50": 2055.0, "83": 2060.0, "95": 2063.0499999999993}, "delta": {"5": 30.0, "17": 35.0, "50": 41.0, "83": 46.0, "95": 50.0}}, "int_high": {"occ": {"5": 2010.0, "17": 2012.0, "50": 2013.0, "83": 2013.0, "95": 2019.0}, "chrnc": {"5": 2037.0, "17": 2039.0, "50": 2043.0, "83": 2046.0, "95": 2049.0}, "delta": {"5": 21.0, "17": 26.0, "50": 30.0, "83": 33.0, "95": 36.04999999999927}}, "kopp": {"occ": {"5": 2011.0, "17": 2013.0, "50": 2013.0, "83": 2019.0, "95": 2031.0}, "chrnc": {"5": 2047.0, "17": 2055.0, "50": 2066.0, "83": 2083.0, "95": 2094.0}, "delta": {"5": 32.0, "17": 40.0, "50": 51.0, "83": 66.0, "95": 78.0}}}