{"int_low": {"occ": {"5": 2010.0, "17": 2012.0, "50": 2019.0, "83": 2026.0, "95": 2031.0}, "chrnc": {"5": 2068.0, "17": 2071.0, "50": 2079.0, "83": 2088.0, "95": 2097.0}, "delta": {"5": 43.0, "17": 50.0, "50": 60.0, "83": 71.0, "95": 79.0}}, "int": {"occ": {"5": 2010.0, "17": 2012.0, "50": 2015.0, "83": 2019.0, "95": 2023.0}, "chrnc": {"5": 2042.0, "17": 2045.0, "50": 2047.0, "83": 2049.0, "95": 2051.0}, "delta": {"5": 23.0, "17": 27.0, "50": 32.0, "83": 35.0, "95": 38.0}}, "int_high": {"occ": {"5": 2010.0, "17": 2012.0, "50": 2014.0, "83": 2016.0, "95": 2017.0499999999993}, "chrnc": {"5": 2031.0, "17": 2032.0, "50": 2035.0, "83": 2038.0, "95": 2040.0}, "delta": {"5": 15.0, "17": 18.0, "50": 21.0, "83": 24.0, "95": 27.049999999999272}}, "kopp": {"occ": {"5": 2010.0, "17": 2011.0, "50": 2022.0, "83": 2032.0, "95": 2041.0}, "chrnc": {"5": 2055.0, "17": 2063.0, "50": 2071.0, "83": 2084.0, "95": 2094.0}, "delta": {"5": 31.0, "17": 38.0, "50": 49.0, "83": 61.0, "95": 71.0}}}