{"int_low": {"occ": {"5": 2035.95, "17": 2039.0, "50": 2042.0, "83": 2047.0, "95": 2050.0499999999993}, "chrnc": {"5": 2056.0, "17": 2059.0, "50": 2063.0, "83": 2068.0, "95": 2071.0}, "delta": {"5": 10.950000000000045, "17": 15.0, "50": 21.0, "83": 26.0, "95": 31.0}}, "int": {"occ": {"5": 2027.0, "17": 2030.0, "50": 2034.0, "83": 2037.0, "95": 2039.0}, "chrnc": {"5": 2044.0, "17": 2046.0, "50": 2049.0, "83": 2052.0, "95": 2054.0}, "delta": {"5": 8.0, "17": 11.0, "50": 15.0, "83": 19.0, "95": 22.0}}, "int_high": {"occ": {"5": 2024.0, "17": 2026.0, "50": 2029.0, "83": 2032.0, "95": 2034.0}, "chrnc": {"5": 2038.0, "17": 2039.0, "50": 2041.0, "83": 2043.0, "95": 2045.0}, "delta": {"5": 6.0, "17": 9.0, "50": 12.0, "83": 16.0, "95": 18.0}}, "kopp": {"occ": {"5": 2034.0, "17": 2037.0, "50": 2041.0, "83": 2046.0, "95": 2050.0}, "chrnc": {"5": 2048.0, "17": 2052.0, "50": 2057.0, "83": 2063.0, "95": 2068.0}, "delta": {"5": 8.0, "17": 12.0, "50": 16.0, "83": 21.0, "95": 26.0}}}