{"int_low": {"occ": {"5": 2010.0, "17": 2010.0, "50": 2013.0, "83": 2014.0, "95": 2023.0}, "chrnc": {"5": 2014.0, "17": 2014.0, "50": 2019.0, "83": 2032.0, "95": 2036.0}, "delta": {"5": -5.0, "17": 1.0, "50": 7.0, "83": 19.0, "95": 24.0}}, "int": {"occ": {"5": 2010.0, "17": 2010.0, "50": 2012.0, "83": 2013.0, "95": 2019.0}, "chrnc": {"5": 2011.0, "17": 2012.0, "50": 2016.0, "83": 2019.0, "95": 2024.0499999999993}, "delta": {"5": -4.0, "17": -1.0, "50": 3.0, "83": 7.0, "95": 13.0}}, "int_high": {"occ": {"5": 2010.0, "17": 2010.0, "50": 2011.0, "83": 2013.0, "95": 2016.0999999999985}, "chrnc": {"5": 2010.0, "17": 2010.0, "50": 2012.0, "83": 2013.0, "95": 2018.0}, "delta": {"5": -3.0, "17": -2.0, "50": 1.0, "83": 3.0, "95": 6.0}}, "kopp": {"occ": {"5": 2010.0, "17": 2011.0, "50": 2013.0, "83": 2018.0, "95": 2021.0}, "chrnc": {"5": 2011.0, "17": 2014.0, "50": 2018.0, "83": 2027.0, "95": 2035.0}, "delta": {"5": -6.0, "17": -1.0, "50": 5.0, "83": 13.0, "95": 21.0}}}