{"int_low": {"occ": {"5": 2042.0, "17": 2046.0, "50": 2052.0, "83": 2057.0, "95": 2062.0}, "chrnc": {"5": 2083.0, "17": 2088.0, "50": 2094.0, "83": 2098.0, "95": 2100.0}, "delta": {"5": 29.0, "17": 35.0, "50": 42.0, "83": 49.0, "95": 54.0}}, "int": {"occ": {"5": 2035.0, "17": 2038.0, "50": 2041.0, "83": 2044.0, "95": 2046.0}, "chrnc": {"5": 2060.0, "17": 2061.0, "50": 2065.0, "83": 2069.0, "95": 2071.0}, "delta": {"5": 16.950000000000045, "17": 19.0, "50": 24.0, "83": 29.0, "95": 32.0}}, "int_high": {"occ": {"5": 2026.0, "17": 2030.0, "50": 2035.0, "83": 2038.0, "95": 2039.0499999999993}, "chrnc": {"5": 2048.0, "17": 2050.0, "50": 2053.0, "83": 2055.0, "95": 2056.0}, "delta": {"5": 12.0, "17": 14.830000000000155, "50": 18.0, "83": 23.0, "95": 26.0}}, "kopp": {"occ": {"5": 2035.0, "17": 2040.0, "50": 2046.0, "83": 2054.0, "95": 2062.0}, "chrnc": {"5": 2059.0, "17": 2065.0, "50": 2076.0, "83": 2088.0, "95": 2096.0}, "delta": {"5": 17.0, "17": 22.0, "50": 29.0, "83": 38.0, "95": 45.0}}}