{"int_low": {"occ": {"5": 2058.0, "17": 2062.0, "50": 2069.0, "83": 2075.0, "95": 2086.0}, "chrnc": {"5": 2092.0, "17": 2096.0, "50": 2100.0, "83": 2100.0, "95": 2100.0}, "delta": {"5": 21.0, "17": 25.0, "50": 34.0, "83": 43.0, "95": 56.0}}, "int": {"occ": {"5": 2040.0, "17": 2043.0, "50": 2046.0, "83": 2051.0, "95": 2054.0}, "chrnc": {"5": 2064.0, "17": 2066.0, "50": 2070.0, "83": 2073.0, "95": 2075.0}, "delta": {"5": 13.950000000000045, "17": 18.0, "50": 23.0, "83": 29.0, "95": 31.0}}, "int_high": {"occ": {"5": 2026.0, "17": 2034.0, "50": 2038.0, "83": 2040.0, "95": 2041.0}, "chrnc": {"5": 2052.0, "17": 2053.0, "50": 2056.0, "83": 2058.0, "95": 2059.0}, "delta": {"5": 13.0, "17": 15.0, "50": 17.0, "83": 22.0, "95": 27.049999999999272}}, "kopp": {"occ": {"5": 2041.0, "17": 2045.0, "50": 2056.0, "83": 2068.0, "95": 2080.0}, "chrnc": {"5": 2062.0, "17": 2071.0, "50": 2082.0, "83": 2095.0, "95": 2099.0}, "delta": {"5": 16.0, "17": 21.0, "50": 28.0, "83": 36.0, "95": 42.0}}}