{"int_low": {"occ": {"5": 2012.0, "17": 2013.0, "50": 2021.0, "83": 2025.0, "95": 2025.0}, "chrnc": {"5": 2050.0, "17": 2052.0, "50": 2057.0, "83": 2063.0, "95": 2067.0}, "delta": {"5": 27.0, "17": 31.0, "50": 39.0, "83": 45.17000000000007, "95": 52.0}}, "int": {"occ": {"5": 2012.0, "17": 2012.0, "50": 2013.0, "83": 2021.0, "95": 2023.0}, "chrnc": {"5": 2032.0, "17": 2034.0, "50": 2038.0, "83": 2042.0, "95": 2044.0}, "delta": {"5": 12.950000000000045, "17": 17.0, "50": 23.0, "83": 28.0, "95": 31.0}}, "int_high": {"occ": {"5": 2010.0, "17": 2012.0, "50": 2013.0, "83": 2015.0, "95": 2021.0}, "chrnc": {"5": 2026.0, "17": 2027.0, "50": 2029.0, "83": 2030.0, "95": 2031.0}, "delta": {"5": 8.0, "17": 13.0, "50": 16.0, "83": 18.0, "95": 19.0}}, "kopp": {"occ": {"5": 2012.0, "17": 2013.0, "50": 2021.0, "83": 2025.0, "95": 2026.0}, "chrnc": {"5": 2045.0, "17": 2049.0, "50": 2057.0, "83": 2067.0, "95": 2079.0}, "delta": {"5": 24.0, "17": 29.0, "50": 38.0, "83": 49.0, "95": 59.0}}}