{"int_low": {"occ": {"5": 2044.0, "17": 2049.0, "50": 2058.0, "83": 2067.0, "95": 2071.0}, "chrnc": {"5": 2073.0, "17": 2077.0, "50": 2083.5, "83": 2089.0, "95": 2092.0}, "delta": {"5": 8.950000000000045, "17": 16.0, "50": 25.0, "83": 35.0, "95": 42.0}}, "int": {"occ": {"5": 2037.0, "17": 2039.0, "50": 2041.0, "83": 2043.0, "95": 2047.0}, "chrnc": {"5": 2047.0, "17": 2050.0, "50": 2054.0, "83": 2056.0, "95": 2058.0}, "delta": {"5": 4.0, "17": 8.0, "50": 12.0, "83": 16.0, "95": 18.049999999999272}}, "int_high": {"occ": {"5": 2026.0, "17": 2029.0, "50": 2033.0, "83": 2036.0, "95": 2037.0}, "chrnc": {"5": 2039.0, "17": 2040.0, "50": 2042.0, "83": 2044.0, "95": 2047.0}, "delta": {"5": 4.0, "17": 6.0, "50": 9.0, "83": 14.0, "95": 17.0}}, "kopp": {"occ": {"5": 2039.0, "17": 2042.0, "50": 2049.0, "83": 2057.0, "95": 2067.0}, "chrnc": {"5": 2050.0, "17": 2056.0, "50": 2063.0, "83": 2075.0, "95": 2086.0}, "delta": {"5": 5.0, "17": 9.0, "50": 15.0, "83": 22.0, "95": 28.0}}}