{"int_low": {"occ": {"5": 2010.0, "17": 2012.0, "50": 2019.0, "83": 2031.0, "95": 2036.0499999999993}, "chrnc": {"5": 2031.95, "17": 2044.8300000000002, "50": 2062.0, "83": 2074.0, "95": 2086.0}, "delta": {"5": 8.0, "17": 23.0, "50": 42.0, "83": 59.0, "95": 67.0}}, "int": {"occ": {"5": 2010.0, "17": 2012.0, "50": 2013.0, "83": 2022.0, "95": 2029.0}, "chrnc": {"5": 2022.0, "17": 2029.0, "50": 2039.0, "83": 2047.0, "95": 2052.0}, "delta": {"5": 4.0, "17": 12.0, "50": 22.0, "83": 32.0, "95": 38.0}}, "int_high": {"occ": {"5": 2010.0, "17": 2011.0, "50": 2013.0, "83": 2020.0, "95": 2024.0}, "chrnc": {"5": 2017.0, "17": 2018.0, "50": 2030.0, "83": 2037.0, "95": 2039.0}, "delta": {"5": -2.0, "17": 5.0, "50": 15.0, "83": 24.0, "95": 27.0}}, "kopp": {"occ": {"5": 2010.0, "17": 2012.0, "50": 2018.0, "83": 2028.0, "95": 2036.0}, "chrnc": {"5": 2026.0, "17": 2036.0, "50": 2048.0, "83": 2064.0, "95": 2077.0}, "delta": {"5": 6.0, "17": 16.0, "50": 30.0, "83": 45.0, "95": 58.0}}}