{"int_low": {"occ": {"5": 2010.0, "17": 2011.0, "50": 2014.0, "83": 2017.0, "95": 2021.0499999999993}, "chrnc": {"5": 2052.0, "17": 2054.83, "50": 2059.0, "83": 2063.0, "95": 2067.0}, "delta": {"5": 35.0, "17": 39.0, "50": 44.0, "83": 49.0, "95": 53.0}}, "int": {"occ": {"5": 2010.0, "17": 2011.0, "50": 2013.0, "83": 2015.0, "95": 2018.0}, "chrnc": {"5": 2037.0, "17": 2038.0, "50": 2041.0, "83": 2044.0, "95": 2046.0}, "delta": {"5": 22.0, "17": 24.830000000000155, "50": 28.0, "83": 31.0, "95": 33.0}}, "int_high": {"occ": {"5": 2010.0, "17": 2011.0, "50": 2013.0, "83": 2013.0, "95": 2015.0}, "chrnc": {"5": 2030.0, "17": 2032.0, "50": 2034.0, "83": 2036.0, "95": 2037.0}, "delta": {"5": 17.0, "17": 19.0, "50": 22.0, "83": 24.0, "95": 26.0}}, "kopp": {"occ": {"5": 2010.0, "17": 2011.0, "50": 2014.0, "83": 2019.0, "95": 2024.0}, "chrnc": {"5": 2045.0, "17": 2049.0, "50": 2055.0, "83": 2063.0, "95": 2070.0}, "delta": {"5": 28.0, "17": 33.0, "50": 40.0, "83": 49.0, "95": 55.0}}}