{"int_low": {"occ": {"5": 2010.0, "17": 2011.0, "50": 2011.0, "83": 2015.0, "95": 2020.0}, "chrnc": {"5": 2035.0, "17": 2039.0, "50": 2045.0, "83": 2051.0, "95": 2054.0499999999993}, "delta": {"5": 19.950000000000045, "17": 26.0, "50": 32.0, "83": 39.0, "95": 43.0}}, "int": {"occ": {"5": 2010.0, "17": 2011.0, "50": 2011.0, "83": 2013.0, "95": 2017.0}, "chrnc": {"5": 2023.0, "17": 2026.0, "50": 2031.0, "83": 2035.0, "95": 2037.0}, "delta": {"5": 9.950000000000045, "17": 14.0, "50": 19.0, "83": 23.0, "95": 26.0}}, "int_high": {"occ": {"5": 2010.0, "17": 2011.0, "50": 2011.0, "83": 2013.0, "95": 2016.0}, "chrnc": {"5": 2019.0, "17": 2022.0, "50": 2024.0, "83": 2028.0, "95": 2030.0}, "delta": {"5": 6.0, "17": 10.0, "50": 13.0, "83": 16.0, "95": 19.0}}, "kopp": {"occ": {"5": 2010.0, "17": 2011.0, "50": 2011.0, "83": 2015.0, "95": 2019.0}, "chrnc": {"5": 2029.0, "17": 2034.0, "50": 2041.0, "83": 2051.0, "95": 2059.0}, "delta": {"5": 16.0, "17": 22.0, "50": 29.0, "83": 38.0, "95": 47.0}}}