{"int_low": {"occ": {"5": 2034.0, "17": 2040.0, "50": 2046.0, "83": 2052.0, "95": 2056.0}, "chrnc": {"5": 2083.0, "17": 2090.0, "50": 2096.0, "83": 2099.0, "95": 2100.0}, "delta": {"5": 35.0, "17": 42.0, "50": 49.0, "83": 57.0, "95": 61.0}}, "int": {"occ": {"5": 2023.0, "17": 2026.0, "50": 2031.0, "83": 2035.0, "95": 2038.0}, "chrnc": {"5": 2054.0, "17": 2057.0, "50": 2059.0, "83": 2062.0, "95": 2064.0}, "delta": {"5": 20.0, "17": 23.0, "50": 28.0, "83": 33.0, "95": 37.0}}, "int_high": {"occ": {"5": 2018.0, "17": 2021.8300000000002, "50": 2024.0, "83": 2028.0, "95": 2032.0}, "chrnc": {"5": 2043.0, "17": 2045.0, "50": 2047.0, "83": 2050.0, "95": 2051.0}, "delta": {"5": 15.0, "17": 19.0, "50": 23.0, "83": 27.0, "95": 30.0}}, "kopp": {"occ": {"5": 2028.0, "17": 2035.0, "50": 2042.0, "83": 2052.0, "95": 2061.0}, "chrnc": {"5": 2057.0, "17": 2062.0, "50": 2074.0, "83": 2088.0, "95": 2097.0}, "delta": {"5": 20.0, "17": 24.40000000000009, "50": 32.0, "83": 41.0, "95": 48.0}}}