{"int_low": {"occ": {"5": 2016.0, "17": 2019.0, "50": 2029.0, "83": 2038.0, "95": 2051.0}, "chrnc": {"5": 2081.0, "17": 2095.0, "50": 2098.0, "83": 2100.0, "95": 2100.0}, "delta": {"5": 45.0, "17": 54.0, "50": 67.0, "83": 78.0, "95": 82.0}}, "int": {"occ": {"5": 2010.0, "17": 2017.0, "50": 2022.0, "83": 2032.0, "95": 2035.0}, "chrnc": {"5": 2059.0, "17": 2061.0, "50": 2066.0, "83": 2071.0, "95": 2073.0}, "delta": {"5": 28.0, "17": 34.0, "50": 43.0, "83": 52.0, "95": 56.0}}, "int_high": {"occ": {"5": 2010.0, "17": 2011.8300000000002, "50": 2016.0, "83": 2021.0, "95": 2030.0}, "chrnc": {"5": 2043.0, "17": 2045.0, "50": 2051.0, "83": 2054.0, "95": 2056.0}, "delta": {"5": 20.950000000000045, "17": 27.0, "50": 34.0, "83": 40.0, "95": 43.0}}, "kopp": {"occ": {"5": 2015.0, "17": 2017.0, "50": 2026.0, "83": 2035.0, "95": 2049.0}, "chrnc": {"5": 2059.0, "17": 2065.0, "50": 2079.0, "83": 2093.0, "95": 2098.0}, "delta": {"5": 30.0, "17": 40.0, "50": 52.0, "83": 66.0, "95": 75.0}}}