{"int_low": {"occ": {"5": 2010.0, "17": 2010.0, "50": 2011.0, "83": 2013.0, "95": 2022.0}, "chrnc": {"5": 2027.0, "17": 2035.0, "50": 2041.0, "83": 2048.0, "95": 2053.0}, "delta": {"5": 13.0, "17": 21.0, "50": 30.0, "83": 37.0, "95": 42.0}}, "int": {"occ": {"5": 2010.0, "17": 2010.0, "50": 2010.0, "83": 2011.0, "95": 2017.0}, "chrnc": {"5": 2020.0, "17": 2023.0, "50": 2028.0, "83": 2033.0, "95": 2036.0}, "delta": {"5": 8.0, "17": 12.0, "50": 17.0, "83": 23.0, "95": 25.049999999999272}}, "int_high": {"occ": {"5": 2010.0, "17": 2010.0, "50": 2010.0, "83": 2011.0, "95": 2012.0}, "chrnc": {"5": 2015.0, "17": 2016.0, "50": 2021.0, "83": 2025.0, "95": 2027.0499999999993}, "delta": {"5": 4.0, "17": 6.0, "50": 10.0, "83": 14.0, "95": 17.0}}, "kopp": {"occ": {"5": 2010.0, "17": 2010.0, "50": 2011.0, "83": 2018.0, "95": 2024.0}, "chrnc": {"5": 2026.0, "17": 2032.0, "50": 2039.0, "83": 2047.0, "95": 2054.0}, "delta": {"5": 12.0, "17": 18.0, "50": 27.0, "83": 35.0, "95": 42.0}}}