{"int_low": {"occ": {"5": 2010.0, "17": 2010.0, "50": 2011.0, "83": 2012.0, "95": 2020.0499999999993}, "chrnc": {"5": 2018.0, "17": 2026.0, "50": 2032.0, "83": 2040.0, "95": 2042.0}, "delta": {"5": 6.0, "17": 13.830000000000155, "50": 21.0, "83": 28.0, "95": 31.0}}, "int": {"occ": {"5": 2010.0, "17": 2010.0, "50": 2010.0, "83": 2012.0, "95": 2013.0}, "chrnc": {"5": 2015.0, "17": 2016.0, "50": 2021.0, "83": 2027.0, "95": 2031.0}, "delta": {"5": 3.0, "17": 5.0, "50": 10.0, "83": 16.0, "95": 19.0}}, "int_high": {"occ": {"5": 2010.0, "17": 2010.0, "50": 2010.0, "83": 2012.0, "95": 2012.0}, "chrnc": {"5": 2014.0, "17": 2014.0, "50": 2017.0, "83": 2022.0, "95": 2024.0}, "delta": {"5": 3.0, "17": 4.0, "50": 7.0, "83": 11.0, "95": 13.0}}, "kopp": {"occ": {"5": 2010.0, "17": 2010.0, "50": 2011.0, "83": 2013.0, "95": 2023.0}, "chrnc": {"5": 2019.0, "17": 2026.0, "50": 2032.0, "83": 2040.0, "95": 2045.0}, "delta": {"5": 6.0, "17": 14.0, "50": 20.0, "83": 28.0, "95": 33.0}}}