{"int_low": {"occ": {"5": 2010.0, "17": 2010.0, "50": 2010.0, "83": 2011.0, "95": 2013.0}, "chrnc": {"5": 2033.0, "17": 2036.0, "50": 2041.0, "83": 2047.0, "95": 2050.0}, "delta": {"5": 21.0, "17": 25.0, "50": 31.0, "83": 36.17000000000007, "95": 40.0}}, "int": {"occ": {"5": 2010.0, "17": 2010.0, "50": 2010.0, "83": 2011.0, "95": 2012.0}, "chrnc": {"5": 2022.0, "17": 2027.0, "50": 2030.0, "83": 2033.0, "95": 2036.0}, "delta": {"5": 12.0, "17": 16.0, "50": 20.0, "83": 23.0, "95": 25.0}}, "int_high": {"occ": {"5": 2010.0, "17": 2010.0, "50": 2010.0, "83": 2011.0, "95": 2012.0}, "chrnc": {"5": 2016.0, "17": 2019.0, "50": 2023.0, "83": 2026.0, "95": 2028.0}, "delta": {"5": 6.0, "17": 8.0, "50": 12.0, "83": 15.0, "95": 17.049999999999272}}, "kopp": {"occ": {"5": 2010.0, "17": 2010.0, "50": 2010.0, "83": 2011.0, "95": 2021.0}, "chrnc": {"5": 2030.0, "17": 2034.0, "50": 2040.0, "83": 2047.0, "95": 2053.0}, "delta": {"5": 18.0, "17": 23.0, "50": 29.0, "83": 36.0, "95": 42.0}}}