{"int_low": {"occ": {"5": 2010.0, "17": 2010.0, "50": 2014.0, "83": 2019.0, "95": 2023.0}, "chrnc": {"5": 2029.0, "17": 2035.0, "50": 2041.0, "83": 2048.0, "95": 2053.0}, "delta": {"5": 11.950000000000045, "17": 19.0, "50": 27.0, "83": 34.0, "95": 39.04999999999927}}, "int": {"occ": {"5": 2010.0, "17": 2010.0, "50": 2013.0, "83": 2017.0, "95": 2020.0}, "chrnc": {"5": 2022.0, "17": 2025.0, "50": 2029.0, "83": 2034.0, "95": 2037.0}, "delta": {"5": 7.0, "17": 11.0, "50": 16.0, "83": 21.0, "95": 24.0}}, "int_high": {"occ": {"5": 2010.0, "17": 2010.0, "50": 2012.0, "83": 2015.0, "95": 2018.0}, "chrnc": {"5": 2019.0, "17": 2020.0, "50": 2023.0, "83": 2026.0, "95": 2029.0}, "delta": {"5": 4.0, "17": 7.0, "50": 11.0, "83": 15.0, "95": 17.0}}, "kopp": {"occ": {"5": 2010.0, "17": 2013.0, "50": 2015.0, "83": 2021.0, "95": 2024.0}, "chrnc": {"5": 2030.0, "17": 2035.0, "50": 2042.0, "83": 2051.0, "95": 2058.0}, "delta": {"5": 12.0, "17": 18.0, "50": 26.0, "83": 35.0, "95": 42.0}}}