{"int_low": {"occ": {"5": 2045.0, "17": 2062.0, "50": 2081.0, "83": 2095.0, "95": 2099.0}, "chrnc": {"5": NaN, "17": NaN, "50": NaN, "83": NaN, "95": NaN}, "delta": {"5": NaN, "17": NaN, "50": NaN, "83": NaN, "95": NaN}}, "int": {"occ": {"5": 2026.0, "17": 2041.0, "50": 2047.0, "83": 2054.0, "95": 2056.0}, "chrnc": {"5": 2080.0, "17": 2082.0, "50": 2092.0, "83": 2094.0, "95": 2096.0}, "delta": {"5": 27.0, "17": 34.0, "50": 43.0, "83": 51.17000000000007, "95": 57.04999999999927}}, "int_high": {"occ": {"5": 2022.0, "17": 2026.0, "50": 2036.0, "83": 2039.0, "95": 2042.0499999999993}, "chrnc": {"5": 2060.0, "17": 2062.0, "50": 2066.0, "83": 2070.0, "95": 2071.0}, "delta": {"5": 21.0, "17": 25.0, "50": 32.0, "83": 41.0, "95": 46.0}}, "kopp": {"occ": {"5": 2038.0, "17": 2044.0, "50": 2062.0, "83": 2081.0, "95": 2094.0}, "chrnc": {"5": 2074.0, "17": 2081.0, "50": 2095.0, "83": 2099.0, "95": 2100.0}, "delta": {"5": 25.0, "17": 30.0, "50": 41.0, "83": 53.0, "95": 59.0}}}