{"int_low": {"occ": {"5": 2032.0, "17": 2036.0, "50": 2040.0, "83": 2044.0, "95": 2047.0499999999993}, "chrnc": {"5": 2077.0, "17": 2085.0, "50": 2090.5, "83": 2096.0, "95": 2098.0}, "delta": {"5": 37.0, "17": 43.0, "50": 50.0, "83": 57.0, "95": 62.0}}, "int": {"occ": {"5": 2022.0, "17": 2026.0, "50": 2028.0, "83": 2030.0, "95": 2031.0}, "chrnc": {"5": 2049.0, "17": 2050.0, "50": 2052.0, "83": 2055.0, "95": 2058.0}, "delta": {"5": 19.0, "17": 21.0, "50": 24.0, "83": 28.0, "95": 32.0}}, "int_high": {"occ": {"5": 2018.0, "17": 2019.0, "50": 2021.0, "83": 2024.0, "95": 2025.0499999999993}, "chrnc": {"5": 2037.0, "17": 2038.0, "50": 2041.0, "83": 2043.0, "95": 2044.0}, "delta": {"5": 14.0, "17": 16.0, "50": 19.0, "83": 23.0, "95": 25.0}}, "kopp": {"occ": {"5": 2033.0, "17": 2037.0, "50": 2044.0, "83": 2050.0, "95": 2059.0}, "chrnc": {"5": 2061.0, "17": 2067.0, "50": 2076.0, "83": 2088.0, "95": 2096.0}, "delta": {"5": 22.0, "17": 26.0, "50": 33.0, "83": 41.0, "95": 47.0}}}