{"int_low": {"occ": {"5": 2094.0, "17": 2096.0, "50": 2098.0, "83": 2100.0, "95": 2100.0}, "chrnc": {"5": NaN, "17": NaN, "50": NaN, "83": NaN, "95": NaN}, "delta": {"5": NaN, "17": NaN, "50": NaN, "83": NaN, "95": NaN}}, "int": {"occ": {"5": 2059.0, "17": 2060.0, "50": 2062.0, "83": 2065.0, "95": 2067.0499999999993}, "chrnc": {"5": 2068.0, "17": 2071.0, "50": 2073.0, "83": 2075.0, "95": 2076.0}, "delta": {"5": 4.0, "17": 7.0, "50": 11.0, "83": 14.0, "95": 15.0}}, "int_high": {"occ": {"5": 2046.0, "17": 2048.0, "50": 2050.0, "83": 2052.0, "95": 2054.0}, "chrnc": {"5": 2055.0, "17": 2056.0, "50": 2057.0, "83": 2058.0, "95": 2059.0}, "delta": {"5": 3.0, "17": 4.0, "50": 7.0, "83": 9.170000000000073, "95": 12.0}}, "kopp": {"occ": {"5": 2059.0, "17": 2065.0, "50": 2076.0, "83": 2088.0, "95": 2096.0}, "chrnc": {"5": 2067.0, "17": 2075.0, "50": 2085.0, "83": 2096.0, "95": 2099.0}, "delta": {"5": 4.0, "17": 7.0, "50": 11.0, "83": 16.0, "95": 19.0}}}