{"int_low": {"occ": {"5": 2010.0, "17": 2013.0, "50": 2015.0, "83": 2016.0, "95": 2021.0}, "chrnc": {"5": 2025.0, "17": 2029.0, "50": 2033.0, "83": 2039.0, "95": 2042.0}, "delta": {"5": 9.0, "17": 13.0, "50": 18.0, "83": 24.0, "95": 28.0}}, "int": {"occ": {"5": 2010.0, "17": 2011.8300000000002, "50": 2015.0, "83": 2015.0, "95": 2016.0}, "chrnc": {"5": 2018.0, "17": 2020.0, "50": 2023.0, "83": 2026.0, "95": 2028.0}, "delta": {"5": 4.0, "17": 6.0, "50": 9.0, "83": 12.0, "95": 15.0}}, "int_high": {"occ": {"5": 2010.0, "17": 2010.0, "50": 2014.0, "83": 2015.0, "95": 2015.0}, "chrnc": {"5": 2011.0, "17": 2016.0, "50": 2017.0, "83": 2019.0, "95": 2021.0}, "delta": {"5": -3.0, "17": 1.0, "50": 3.0, "83": 7.0, "95": 9.049999999999272}}, "kopp": {"occ": {"5": 2012.0, "17": 2014.0, "50": 2015.0, "83": 2018.0, "95": 2023.0}, "chrnc": {"5": 2028.0, "17": 2031.0, "50": 2036.0, "83": 2043.0, "95": 2049.0}, "delta": {"5": 11.0, "17": 15.0, "50": 21.0, "83": 27.0, "95": 33.0}}}