{"int_low": {"occ": {"5": 2010.0, "17": 2013.0, "50": 2015.0, "83": 2016.0, "95": 2019.0}, "chrnc": {"5": 2038.0, "17": 2042.0, "50": 2046.0, "83": 2050.0, "95": 2054.0}, "delta": {"5": 23.0, "17": 27.0, "50": 31.0, "83": 36.0, "95": 40.0}}, "int": {"occ": {"5": 2010.0, "17": 2011.8300000000002, "50": 2014.0, "83": 2015.0, "95": 2018.0}, "chrnc": {"5": 2028.0, "17": 2030.0, "50": 2033.0, "83": 2036.0, "95": 2038.0}, "delta": {"5": 13.0, "17": 16.0, "50": 19.0, "83": 23.0, "95": 25.049999999999272}}, "int_high": {"occ": {"5": 2010.0, "17": 2010.0, "50": 2013.0, "83": 2015.0, "95": 2015.0}, "chrnc": {"5": 2023.0, "17": 2024.0, "50": 2027.0, "83": 2029.0, "95": 2031.0}, "delta": {"5": 9.0, "17": 11.0, "50": 14.0, "83": 17.0, "95": 20.0}}}