{"int_low": {"occ": {"5": 2010.0, "17": 2012.0, "50": 2013.0, "83": 2018.0, "95": 2020.0}, "chrnc": {"5": 2033.0, "17": 2036.0, "50": 2040.0, "83": 2045.0, "95": 2049.0}, "delta": {"5": 16.950000000000045, "17": 21.0, "50": 26.0, "83": 31.0, "95": 35.04999999999927}}, "int": {"occ": {"5": 2010.0, "17": 2011.0, "50": 2013.0, "83": 2015.0, "95": 2018.0}, "chrnc": {"5": 2025.0, "17": 2027.0, "50": 2030.0, "83": 2033.0, "95": 2035.0}, "delta": {"5": 10.0, "17": 13.0, "50": 17.0, "83": 20.0, "95": 22.0}}, "int_high": {"occ": {"5": 2010.0, "17": 2011.0, "50": 2013.0, "83": 2013.0, "95": 2015.0}, "chrnc": {"5": 2021.0, "17": 2022.0, "50": 2025.0, "83": 2027.0, "95": 2029.0}, "delta": {"5": 8.0, "17": 9.0, "50": 12.0, "83": 15.0, "95": 17.0}}, "kopp": {"occ": {"5": 2011.0, "17": 2013.0, "50": 2015.0, "83": 2019.0, "95": 2022.0}, "chrnc": {"5": 2033.0, "17": 2036.0, "50": 2041.0, "83": 2047.0, "95": 2052.0}, "delta": {"5": 16.0, "17": 20.0, "50": 26.0, "83": 32.0, "95": 38.0}}}