{"int_low": {"occ": {"5": 2014.0, "17": 2016.0, "50": 2022.0, "83": 2029.0, "95": 2033.0}, "chrnc": {"5": 2063.0, "17": 2069.0, "50": 2078.0, "83": 2085.0, "95": 2092.0}, "delta": {"5": 39.0, "17": 46.0, "50": 55.0, "83": 64.0, "95": 72.0}}, "int": {"occ": {"5": 2011.0, "17": 2013.0, "50": 2017.0, "83": 2021.0, "95": 2024.0}, "chrnc": {"5": 2042.0, "17": 2046.0, "50": 2050.0, "83": 2053.0, "95": 2056.0499999999993}, "delta": {"5": 23.0, "17": 27.0, "50": 33.0, "83": 38.0, "95": 41.0}}, "int_high": {"occ": {"5": 2010.0, "17": 2011.0, "50": 2012.0, "83": 2013.0, "95": 2017.0}, "chrnc": {"5": 2034.0, "17": 2036.0, "50": 2038.0, "83": 2041.0, "95": 2043.0499999999993}, "delta": {"5": 19.0, "17": 23.0, "50": 26.0, "83": 29.0, "95": 31.0}}, "kopp": {"occ": {"5": 2014.0, "17": 2016.0, "50": 2021.0, "83": 2029.0, "95": 2034.0}, "chrnc": {"5": 2050.0, "17": 2055.0, "50": 2064.0, "83": 2076.0, "95": 2088.0}, "delta": {"5": 26.0, "17": 32.0, "50": 42.0, "83": 54.0, "95": 65.0}}}