{"int_low": {"occ": {"5": 2075.0, "17": 2085.0, "50": 2095.0, "83": 2099.0, "95": 2100.0}, "chrnc": {"5": 2097.0, "17": 2097.0, "50": 2097.5, "83": 2098.0, "95": 2098.0}, "delta": {"5": -3.0, "17": -3.0, "50": -2.5, "83": -2.0, "95": -2.0}}, "int": {"occ": {"5": 2053.0, "17": 2058.0, "50": 2065.0, "83": 2071.0, "95": 2074.0}, "chrnc": {"5": 2075.0, "17": 2078.0, "50": 2083.0, "83": 2088.0, "95": 2092.0}, "delta": {"5": 6.0, "17": 11.0, "50": 19.0, "83": 26.170000000000073, "95": 32.04999999999927}}, "int_high": {"occ": {"5": 2042.0, "17": 2045.0, "50": 2050.0, "83": 2054.0, "95": 2057.0}, "chrnc": {"5": 2057.0, "17": 2060.0, "50": 2063.0, "83": 2067.0, "95": 2069.0499999999993}, "delta": {"5": 5.0, "17": 8.0, "50": 13.0, "83": 19.0, "95": 24.0}}, "kopp": {"occ": {"5": 2056.0, "17": 2064.0, "50": 2077.0, "83": 2091.0, "95": 2098.0}, "chrnc": {"5": 2071.0, "17": 2080.0, "50": 2092.0, "83": 2098.0, "95": 2100.0}, "delta": {"5": 5.0, "17": 10.0, "50": 18.0, "83": 27.0, "95": 34.0}}}