{"int_low": {"occ": {"5": 2010.0, "17": 2013.0, "50": 2017.0, "83": 2019.0, "95": 2023.0}, "chrnc": {"5": 2025.0, "17": 2029.0, "50": 2035.0, "83": 2039.17, "95": 2042.0}, "delta": {"5": 6.0, "17": 11.830000000000155, "50": 19.0, "83": 25.0, "95": 28.049999999999272}}, "int": {"occ": {"5": 2010.0, "17": 2010.0, "50": 2012.0, "83": 2014.0, "95": 2019.0}, "chrnc": {"5": 2021.0, "17": 2023.0, "50": 2027.0, "83": 2031.0, "95": 2033.0}, "delta": {"5": 7.0, "17": 10.0, "50": 15.0, "83": 19.0, "95": 22.0}}, "int_high": {"occ": {"5": 2010.0, "17": 2010.0, "50": 2011.0, "83": 2011.0, "95": 2013.0}, "chrnc": {"5": 2015.0, "17": 2017.0, "50": 2021.0, "83": 2023.0, "95": 2027.0}, "delta": {"5": 4.0, "17": 5.0, "50": 10.0, "83": 13.0, "95": 15.0}}, "kopp": {"occ": {"5": 2010.0, "17": 2011.0, "50": 2014.0, "83": 2019.0, "95": 2023.0}, "chrnc": {"5": 2022.0, "17": 2025.0, "50": 2031.0, "83": 2037.0, "95": 2043.0}, "delta": {"5": 6.0, "17": 11.0, "50": 16.0, "83": 22.0, "95": 27.049999999999272}}}