{"int_low": {"occ": {"5": 2040.0, "17": 2043.0, "50": 2048.0, "83": 2053.0, "95": 2055.0}, "chrnc": {"5": 2074.0, "17": 2078.0, "50": 2083.0, "83": 2089.0, "95": 2091.0499999999993}, "delta": {"5": 23.0, "17": 28.0, "50": 35.0, "83": 42.0, "95": 46.0}}, "int": {"occ": {"5": 2029.0, "17": 2031.8300000000002, "50": 2035.0, "83": 2037.0, "95": 2039.0}, "chrnc": {"5": 2048.0, "17": 2050.0, "50": 2053.0, "83": 2055.0, "95": 2056.0}, "delta": {"5": 12.0, "17": 15.0, "50": 18.5, "83": 22.0, "95": 25.0}}, "int_high": {"occ": {"5": 2024.0, "17": 2025.0, "50": 2027.0, "83": 2030.0, "95": 2032.0}, "chrnc": {"5": 2039.0, "17": 2040.0, "50": 2042.0, "83": 2044.0, "95": 2045.0}, "delta": {"5": 9.0, "17": 11.0, "50": 14.0, "83": 17.0, "95": 19.0}}, "kopp": {"occ": {"5": 2039.0, "17": 2042.0, "50": 2048.0, "83": 2055.0, "95": 2061.0}, "chrnc": {"5": 2058.0, "17": 2063.0, "50": 2072.0, "83": 2081.0, "95": 2091.0}, "delta": {"5": 14.0, "17": 17.0, "50": 23.0, "83": 29.0, "95": 35.0}}}