{"int_low": {"occ": {"5": 2017.0, "17": 2022.8300000000002, "50": 2035.0, "83": 2051.0, "95": 2058.0499999999993}, "chrnc": {"5": NaN, "17": NaN, "50": NaN, "83": NaN, "95": NaN}, "delta": {"5": NaN, "17": NaN, "50": NaN, "83": NaN, "95": NaN}}, "int": {"occ": {"5": 2016.0, "17": 2018.0, "50": 2026.0, "83": 2034.0, "95": 2038.0}, "chrnc": {"5": 2075.0, "17": 2078.0, "50": 2082.0, "83": 2088.0, "95": 2091.0}, "delta": {"5": 43.0, "17": 48.0, "50": 56.5, "83": 65.0, "95": 71.0}}, "int_high": {"occ": {"5": 2012.0, "17": 2014.0, "50": 2019.0, "83": 2025.0, "95": 2031.0}, "chrnc": {"5": 2057.0, "17": 2059.0, "50": 2062.0, "83": 2066.0, "95": 2068.0}, "delta": {"5": 32.0, "17": 36.830000000000155, "50": 42.0, "83": 49.0, "95": 52.0}}, "kopp": {"occ": {"5": 2017.0, "17": 2019.0, "50": 2030.0, "83": 2044.0, "95": 2059.0}, "chrnc": {"5": 2066.0, "17": 2076.0, "50": 2089.0, "83": 2098.0, "95": 2100.0}, "delta": {"5": 40.0, "17": 48.0, "50": 60.0, "83": 72.0, "95": 79.0}}}