{"int_low": {"occ": {"5": 2080.0, "17": 2085.0, "50": 2095.0, "83": 2099.0, "95": 2100.0}, "chrnc": {"5": NaN, "17": NaN, "50": NaN, "83": NaN, "95": NaN}, "delta": {"5": NaN, "17": NaN, "50": NaN, "83": NaN, "95": NaN}}, "int": {"occ": {"5": 2052.0, "17": 2058.0, "50": 2062.0, "83": 2069.0, "95": 2072.0}, "chrnc": {"5": 2077.0, "17": 2080.0, "50": 2085.0, "83": 2089.0, "95": 2091.0499999999993}, "delta": {"5": 10.0, "17": 15.0, "50": 22.0, "83": 28.0, "95": 34.0}}, "int_high": {"occ": {"5": 2042.0, "17": 2045.0, "50": 2049.0, "83": 2052.0, "95": 2055.0}, "chrnc": {"5": 2059.0, "17": 2061.0, "50": 2064.0, "83": 2068.0, "95": 2071.0}, "delta": {"5": 7.9500000000000455, "17": 11.0, "50": 16.0, "83": 21.0, "95": 24.0}}, "kopp": {"occ": {"5": 2054.0, "17": 2061.0, "50": 2075.0, "83": 2090.0, "95": 2097.0}, "chrnc": {"5": 2070.0, "17": 2079.0, "50": 2091.0, "83": 2098.0, "95": 2100.0}, "delta": {"5": 10.0, "17": 15.0, "50": 22.0, "83": 29.0, "95": 35.0}}}