{"int_low": {"occ": {"5": 2014.0, "17": 2018.0, "50": 2030.0, "83": 2042.17, "95": 2053.0}, "chrnc": {"5": 2067.0, "17": 2078.0, "50": 2088.0, "83": 2096.0, "95": 2099.0}, "delta": {"5": 28.950000000000045, "17": 41.0, "50": 58.0, "83": 71.0, "95": 78.04999999999927}}, "int": {"occ": {"5": 2013.0, "17": 2014.0, "50": 2020.0, "83": 2029.0, "95": 2035.0}, "chrnc": {"5": 2044.0, "17": 2049.0, "50": 2056.0, "83": 2062.0, "95": 2067.0}, "delta": {"5": 18.0, "17": 25.0, "50": 35.0, "83": 43.0, "95": 49.0}}, "int_high": {"occ": {"5": 2010.0, "17": 2011.0, "50": 2018.0, "83": 2024.0, "95": 2031.0}, "chrnc": {"5": 2037.0, "17": 2040.0, "50": 2044.0, "83": 2048.0, "95": 2051.0}, "delta": {"5": 12.0, "17": 18.0, "50": 26.0, "83": 33.0, "95": 36.0}}, "kopp": {"occ": {"5": 2014.0, "17": 2015.0, "50": 2025.0, "83": 2037.0, "95": 2050.0}, "chrnc": {"5": 2046.0, "17": 2055.0, "50": 2067.0, "83": 2084.0, "95": 2095.0}, "delta": {"5": 19.0, "17": 28.0, "50": 42.0, "83": 57.0, "95": 69.0}}}