{"int_low": {"occ": {"5": 2034.95, "17": 2043.0, "50": 2051.0, "83": 2059.0, "95": 2065.0}, "chrnc": {"5": 2059.0, "17": 2066.0, "50": 2074.0, "83": 2082.0, "95": 2088.0}, "delta": {"5": 4.0, "17": 11.830000000000155, "50": 22.5, "83": 34.0, "95": 43.04999999999927}}, "int": {"occ": {"5": 2027.0, "17": 2032.0, "50": 2038.0, "83": 2043.0, "95": 2046.0}, "chrnc": {"5": 2044.0, "17": 2048.0, "50": 2052.0, "83": 2056.0, "95": 2060.0}, "delta": {"5": 3.0, "17": 8.0, "50": 14.0, "83": 21.0, "95": 27.0}}, "int_high": {"occ": {"5": 2021.0, "17": 2027.0, "50": 2031.0, "83": 2035.0, "95": 2038.0}, "chrnc": {"5": 2036.0, "17": 2039.0, "50": 2042.0, "83": 2046.0, "95": 2048.0}, "delta": {"5": 2.0, "17": 6.0, "50": 11.0, "83": 17.0, "95": 22.049999999999272}}, "kopp": {"occ": {"5": 2031.0, "17": 2036.0, "50": 2043.0, "83": 2053.0, "95": 2061.0}, "chrnc": {"5": 2046.0, "17": 2051.0, "50": 2060.0, "83": 2071.0, "95": 2081.0}, "delta": {"5": 3.0, "17": 8.0, "50": 16.0, "83": 25.0, "95": 33.0}}}