{"int_low": {"occ": {"5": 2013.0, "17": 2015.0, "50": 2015.0, "83": 2015.0, "95": 2018.0}, "chrnc": {"5": 2010.0, "17": 2013.0, "50": 2021.0, "83": 2030.0, "95": 2036.0}, "delta": {"5": -5.0, "17": -3.0, "50": 6.0, "83": 15.0, "95": 21.0}}, "int": {"occ": {"5": 2012.0, "17": 2015.0, "50": 2015.0, "83": 2015.0, "95": 2015.0499999999993}, "chrnc": {"5": 2010.0, "17": 2011.0, "50": 2016.0, "83": 2021.0, "95": 2025.0499999999993}, "delta": {"5": -5.0, "17": -4.0, "50": 1.0, "83": 7.0, "95": 11.0}}, "int_high": {"occ": {"5": 2011.0, "17": 2015.0, "50": 2015.0, "83": 2015.0, "95": 2015.0}, "chrnc": {"5": 2010.0, "17": 2011.0, "50": 2014.0, "83": 2018.0, "95": 2022.0}, "delta": {"5": -5.0, "17": -4.0, "50": -1.0, "83": 4.0, "95": 8.0}}, "kopp": {"occ": {"5": 2013.0, "17": 2015.0, "50": 2015.0, "83": 2015.0, "95": 2019.0}, "chrnc": {"5": 2010.0, "17": 2012.0, "50": 2020.0, "83": 2029.0, "95": 2036.0}, "delta": {"5": -5.0, "17": -3.0, "50": 5.0, "83": 14.0, "95": 21.0}}}