{"int_low": {"occ": {"5": 2073.95, "17": 2077.0, "50": 2084.0, "83": 2091.0, "95": 2094.0}, "chrnc": {"5": 2093.95, "17": 2096.0, "50": 2098.0, "83": 2100.0, "95": 2100.0}, "delta": {"5": 3.950000000000003, "17": 7.0, "50": 16.5, "83": 23.0, "95": 24.149999999999864}}, "int": {"occ": {"5": 2045.0, "17": 2048.0, "50": 2053.0, "83": 2056.0, "95": 2058.0}, "chrnc": {"5": 2061.0, "17": 2064.0, "50": 2068.0, "83": 2071.0, "95": 2073.0}, "delta": {"5": 6.0, "17": 10.0, "50": 15.0, "83": 19.0, "95": 25.0}}, "int_high": {"occ": {"5": 2038.0, "17": 2040.0, "50": 2042.0, "83": 2044.0, "95": 2046.0}, "chrnc": {"5": 2051.0, "17": 2052.0, "50": 2054.0, "83": 2056.0, "95": 2056.0499999999993}, "delta": {"5": 6.0, "17": 9.0, "50": 12.0, "83": 15.0, "95": 17.0}}, "kopp": {"occ": {"5": 2053.0, "17": 2057.0, "50": 2066.0, "83": 2078.0, "95": 2090.0}, "chrnc": {"5": 2063.0, "17": 2073.0, "50": 2082.0, "83": 2095.0, "95": 2099.0}, "delta": {"5": 7.0, "17": 11.0, "50": 17.0, "83": 23.0, "95": 29.0}}}