{"int_low": {"occ": {"5": 2015.0, "17": 2015.0, "50": 2022.0, "83": 2031.0, "95": 2035.0}, "chrnc": {"5": 2057.0, "17": 2061.0, "50": 2067.0, "83": 2073.17, "95": 2077.0499999999993}, "delta": {"5": 28.0, "17": 35.0, "50": 44.0, "83": 54.0, "95": 59.0}}, "int": {"occ": {"5": 2014.0, "17": 2014.0, "50": 2018.0, "83": 2024.0, "95": 2031.0}, "chrnc": {"5": 2044.0, "17": 2047.0, "50": 2050.0, "83": 2054.0, "95": 2056.0}, "delta": {"5": 20.0, "17": 25.0, "50": 32.0, "83": 37.0, "95": 40.0}}, "int_high": {"occ": {"5": 2012.0, "17": 2014.0, "50": 2016.0, "83": 2020.0, "95": 2023.0}, "chrnc": {"5": 2038.0, "17": 2040.0, "50": 2042.0, "83": 2044.0, "95": 2046.0}, "delta": {"5": 18.950000000000045, "17": 22.0, "50": 26.0, "83": 29.0, "95": 32.0}}, "kopp": {"occ": {"5": 2014.0, "17": 2015.0, "50": 2020.0, "83": 2028.0, "95": 2034.0}, "chrnc": {"5": 2045.0, "17": 2050.0, "50": 2058.0, "83": 2068.0, "95": 2077.0}, "delta": {"5": 23.0, "17": 28.0, "50": 37.0, "83": 47.0, "95": 56.0}}}