{"int_low": {"occ": {"5": 2010.0, "17": 2012.0, "50": 2012.0, "83": 2012.0, "95": 2013.0}, "chrnc": {"5": 2015.0, "17": 2016.0, "50": 2018.0, "83": 2025.0, "95": 2033.0}, "delta": {"5": 2.0, "17": 4.0, "50": 6.0, "83": 13.0, "95": 21.0}}, "int": {"occ": {"5": 2010.0, "17": 2012.0, "50": 2012.0, "83": 2012.0, "95": 2013.0}, "chrnc": {"5": 2011.0, "17": 2014.0, "50": 2015.0, "83": 2018.0, "95": 2020.0499999999993}, "delta": {"5": -1.0, "17": 2.0, "50": 3.0, "83": 6.0, "95": 9.0}}, "int_high": {"occ": {"5": 2010.0, "17": 2012.0, "50": 2012.0, "83": 2012.0, "95": 2013.0}, "chrnc": {"5": 2010.0, "17": 2010.0, "50": 2013.0, "83": 2014.0, "95": 2017.0499999999993}, "delta": {"5": -2.0, "17": -2.0, "50": 1.0, "83": 2.0, "95": 6.0}}, "kopp": {"occ": {"5": 2010.0, "17": 2012.0, "50": 2012.0, "83": 2012.0, "95": 2013.0}, "chrnc": {"5": 2015.0, "17": 2016.0, "50": 2018.0, "83": 2024.0, "95": 2032.0}, "delta": {"5": 2.0, "17": 3.0, "50": 6.0, "83": 12.0, "95": 20.0}}}