{"int_low": {"occ": {"5": 2028.0, "17": 2038.0, "50": 2041.0, "83": 2050.0, "95": 2053.0}, "chrnc": {"5": 2061.0, "17": 2064.0, "50": 2073.0, "83": 2077.0, "95": 2087.0}, "delta": {"5": 13.0, "17": 20.0, "50": 29.0, "83": 37.17000000000007, "95": 48.0}}, "int": {"occ": {"5": 2023.0, "17": 2025.8300000000002, "50": 2030.0, "83": 2035.0, "95": 2037.0}, "chrnc": {"5": 2044.0, "17": 2047.0, "50": 2052.0, "83": 2055.0, "95": 2056.0}, "delta": {"5": 10.0, "17": 15.0, "50": 21.0, "83": 27.0, "95": 30.0}}, "int_high": {"occ": {"5": 2021.0, "17": 2022.0, "50": 2025.0, "83": 2031.0, "95": 2033.0}, "chrnc": {"5": 2039.0, "17": 2040.0, "50": 2041.0, "83": 2043.0, "95": 2045.0499999999993}, "delta": {"5": 8.0, "17": 11.0, "50": 16.0, "83": 20.0, "95": 22.0}}, "kopp": {"occ": {"5": 2026.0, "17": 2034.0, "50": 2039.0, "83": 2047.0, "95": 2052.0}, "chrnc": {"5": 2050.0, "17": 2056.0, "50": 2061.0, "83": 2071.0, "95": 2079.0}, "delta": {"5": 12.0, "17": 17.0, "50": 22.0, "83": 31.0, "95": 37.0}}}