{"int_low": {"occ": {"5": 2013.0, "17": 2015.0, "50": 2015.0, "83": 2015.0, "95": 2018.0}, "chrnc": {"5": 2012.0, "17": 2014.0, "50": 2017.0, "83": 2022.0, "95": 2026.0}, "delta": {"5": -2.0, "17": -1.0, "50": 1.0, "83": 7.0, "95": 11.0}}, "int": {"occ": {"5": 2012.0, "17": 2015.0, "50": 2015.0, "83": 2015.0, "95": 2015.0499999999993}, "chrnc": {"5": 2011.0, "17": 2014.0, "50": 2014.0, "83": 2019.0, "95": 2023.0}, "delta": {"5": -1.0, "17": -1.0, "50": 0.0, "83": 4.0, "95": 7.049999999999272}}, "int_high": {"occ": {"5": 2011.0, "17": 2015.0, "50": 2015.0, "83": 2015.0, "95": 2015.0}, "chrnc": {"5": 2011.0, "17": 2014.0, "50": 2015.0, "83": 2015.0, "95": 2018.0}, "delta": {"5": -1.0, "17": 0.0, "50": 0.0, "83": 0.0, "95": 0.049999999999272404}}, "kopp": {"occ": {"5": 2013.0, "17": 2015.0, "50": 2015.0, "83": 2015.0, "95": 2017.0}, "chrnc": {"5": 2011.0, "17": 2014.0, "50": 2015.0, "83": 2022.0, "95": 2026.0}, "delta": {"5": -3.0, "17": -1.0, "50": 0.0, "83": 6.0, "95": 11.0}}}