{"int_low": {"occ": {"5": 2065.0, "17": 2068.0, "50": 2073.0, "83": 2079.0, "95": 2081.0499999999993}, "chrnc": {"5": 2100.0, "17": 2100.0, "50": 2100.0, "83": 2100.0, "95": 2100.0}, "delta": {"5": 28.0, "17": 28.0, "50": 31.5, "83": 35.0, "95": 35.0}}, "int": {"occ": {"5": 2046.0, "17": 2047.0, "50": 2049.0, "83": 2051.0, "95": 2053.0}, "chrnc": {"5": 2065.0, "17": 2067.0, "50": 2069.0, "83": 2071.0, "95": 2072.0}, "delta": {"5": 15.0, "17": 17.0, "50": 20.0, "83": 23.0, "95": 25.0}}, "int_high": {"occ": {"5": 2036.0, "17": 2037.0, "50": 2039.0, "83": 2041.0, "95": 2043.0}, "chrnc": {"5": 2052.0, "17": 2053.0, "50": 2054.0, "83": 2056.0, "95": 2058.0}, "delta": {"5": 11.0, "17": 13.0, "50": 15.0, "83": 18.0, "95": 20.0}}, "kopp": {"occ": {"5": 2052.0, "17": 2057.0, "50": 2065.0, "83": 2076.0, "95": 2086.0}, "chrnc": {"5": 2070.0, "17": 2077.0, "50": 2087.0, "83": 2096.0, "95": 2100.0}, "delta": {"5": 15.100000000000023, "17": 19.0, "50": 24.0, "83": 29.0, "95": 33.0}}}