{"int_low": {"occ": {"5": 2010.0, "17": 2011.0, "50": 2022.0, "83": 2030.0, "95": 2040.0}, "chrnc": {"5": 2068.0, "17": 2072.0, "50": 2079.0, "83": 2085.0, "95": 2095.0499999999993}, "delta": {"5": 39.0, "17": 45.830000000000155, "50": 57.0, "83": 68.0, "95": 76.0}}, "int": {"occ": {"5": 2010.0, "17": 2012.0, "50": 2015.0, "83": 2021.0, "95": 2025.0}, "chrnc": {"5": 2045.0, "17": 2046.0, "50": 2048.0, "83": 2049.0, "95": 2052.0}, "delta": {"5": 23.0, "17": 26.0, "50": 32.5, "83": 36.0, "95": 39.0}}, "int_high": {"occ": {"5": 2010.0, "17": 2012.0, "50": 2013.0, "83": 2015.0, "95": 2021.0}, "chrnc": {"5": 2032.0, "17": 2033.0, "50": 2035.0, "83": 2039.0, "95": 2042.0}, "delta": {"5": 15.0, "17": 19.0, "50": 22.0, "83": 27.0, "95": 29.0}}, "kopp": {"occ": {"5": 2011.0, "17": 2020.0, "50": 2030.0, "83": 2040.0, "95": 2044.0}, "chrnc": {"5": 2054.0, "17": 2062.0, "50": 2070.0, "83": 2083.0, "95": 2093.0}, "delta": {"5": 25.0, "17": 31.0, "50": 41.0, "83": 53.0, "95": 62.0}}}