{"int_low": {"occ": {"5": 2021.0, "17": 2024.0, "50": 2038.5, "83": 2051.0, "95": 2055.0}, "chrnc": {"5": 2093.0, "17": 2097.0, "50": 2099.0, "83": 2100.0, "95": 2100.0}, "delta": {"5": 41.0, "17": 47.0, "50": 60.0, "83": 75.0, "95": 78.0}}, "int": {"occ": {"5": 2018.0, "17": 2022.0, "50": 2028.0, "83": 2035.0, "95": 2037.0}, "chrnc": {"5": 2061.0, "17": 2063.0, "50": 2069.0, "83": 2073.0, "95": 2075.0}, "delta": {"5": 28.0, "17": 32.0, "50": 40.0, "83": 48.0, "95": 52.04999999999927}}, "int_high": {"occ": {"5": 2016.0, "17": 2017.0, "50": 2023.0, "83": 2031.0, "95": 2033.0}, "chrnc": {"5": 2045.0, "17": 2051.0, "50": 2055.0, "83": 2056.0, "95": 2058.0}, "delta": {"5": 18.0, "17": 23.0, "50": 31.0, "83": 36.17000000000007, "95": 40.0}}, "kopp": {"occ": {"5": 2019.0, "17": 2022.0, "50": 2031.0, "83": 2045.0, "95": 2053.0}, "chrnc": {"5": 2061.0, "17": 2070.0, "50": 2082.0, "83": 2095.0, "95": 2099.0}, "delta": {"5": 29.0, "17": 37.0, "50": 49.0, "83": 63.0, "95": 72.0}}}