{"int_low": {"occ": {"5": 2075.0, "17": 2076.0, "50": 2081.0, "83": 2088.0, "95": 2090.0}, "chrnc": {"5": 2093.0, "17": 2095.0, "50": 2098.0, "83": 2100.0, "95": 2100.0}, "delta": {"5": 6.0, "17": 9.0, "50": 16.0, "83": 21.0, "95": 24.0}}, "int": {"occ": {"5": 2050.0, "17": 2052.0, "50": 2054.0, "83": 2056.0, "95": 2057.0}, "chrnc": {"5": 2058.0, "17": 2059.0, "50": 2061.0, "83": 2063.0, "95": 2064.0}, "delta": {"5": 3.0, "17": 5.0, "50": 7.0, "83": 10.0, "95": 12.0}}, "int_high": {"occ": {"5": 2040.0, "17": 2041.0, "50": 2042.0, "83": 2043.0, "95": 2045.0}, "chrnc": {"5": 2046.0, "17": 2047.0, "50": 2049.0, "83": 2050.0, "95": 2051.0499999999993}, "delta": {"5": 3.0, "17": 4.830000000000155, "50": 7.0, "83": 9.0, "95": 10.0}}, "kopp": {"occ": {"5": 2049.0, "17": 2055.0, "50": 2063.0, "83": 2076.0, "95": 2087.0}, "chrnc": {"5": 2057.0, "17": 2062.0, "50": 2074.0, "83": 2087.0, "95": 2096.0}, "delta": {"5": 4.0, "17": 6.0, "50": 10.0, "83": 15.0, "95": 18.0}}}