{"int_low": {"occ": {"5": 2012.0, "17": 2013.0, "50": 2013.0, "83": 2013.0, "95": 2031.0}, "chrnc": {"5": 2011.0, "17": 2012.0, "50": 2017.0, "83": 2031.0, "95": 2036.0}, "delta": {"5": -8.0, "17": -2.0, "50": 3.0, "83": 18.0, "95": 22.049999999999272}}, "int": {"occ": {"5": 2011.0, "17": 2013.0, "50": 2013.0, "83": 2013.0, "95": 2016.0}, "chrnc": {"5": 2011.0, "17": 2011.0, "50": 2015.0, "83": 2021.0, "95": 2032.0}, "delta": {"5": -3.0, "17": -2.0, "50": 2.0, "83": 8.170000000000073, "95": 19.0}}, "int_high": {"occ": {"5": 2011.0, "17": 2013.0, "50": 2013.0, "83": 2013.0, "95": 2014.0}, "chrnc": {"5": 2011.0, "17": 2011.0, "50": 2011.0, "83": 2017.0, "95": 2021.0}, "delta": {"5": -3.0, "17": -2.0, "50": -2.0, "83": 3.0, "95": 8.0}}, "kopp": {"occ": {"5": 2011.0, "17": 2013.0, "50": 2013.0, "83": 2013.0, "95": 2020.0}, "chrnc": {"5": 2011.0, "17": 2012.0, "50": 2016.0, "83": 2030.0, "95": 2034.0}, "delta": {"5": -4.0, "17": -2.0, "50": 2.0, "83": 17.0, "95": 21.0}}}