{"int_low": {"occ": {"5": 2062.0, "17": 2066.0, "50": 2073.0, "83": 2079.0, "95": 2086.0}, "chrnc": {"5": 2096.0, "17": 2097.0, "50": 2099.0, "83": 2100.0, "95": 2100.0}, "delta": {"5": 13.0, "17": 22.0, "50": 26.0, "83": 34.0, "95": 37.0}}, "int": {"occ": {"5": 2042.0, "17": 2044.0, "50": 2047.0, "83": 2050.0, "95": 2052.0}, "chrnc": {"5": 2061.0, "17": 2063.0, "50": 2065.0, "83": 2068.0, "95": 2070.0}, "delta": {"5": 11.0, "17": 14.0, "50": 18.0, "83": 22.0, "95": 25.0}}, "int_high": {"occ": {"5": 2034.0, "17": 2036.0, "50": 2038.0, "83": 2040.0, "95": 2041.0}, "chrnc": {"5": 2050.0, "17": 2051.0, "50": 2053.0, "83": 2054.0, "95": 2055.0}, "delta": {"5": 10.0, "17": 12.0, "50": 15.0, "83": 17.170000000000073, "95": 19.049999999999272}}, "kopp": {"occ": {"5": 2046.0, "17": 2052.0, "50": 2061.0, "83": 2075.0, "95": 2087.0}, "chrnc": {"5": 2062.0, "17": 2070.0, "50": 2081.0, "83": 2094.0, "95": 2099.0}, "delta": {"5": 13.0, "17": 17.0, "50": 22.0, "83": 28.0, "95": 33.0}}}