{"int_low": {"occ": {"5": 2010.0, "17": 2014.0, "50": 2020.0, "83": 2033.0, "95": 2037.0}, "chrnc": {"5": 2079.0, "17": 2085.0, "50": 2096.0, "83": 2099.0, "95": 2100.0}, "delta": {"5": 47.0, "17": 61.0, "50": 72.0, "83": 83.0, "95": 87.0}}, "int": {"occ": {"5": 2010.0, "17": 2012.0, "50": 2016.0, "83": 2025.0, "95": 2032.0499999999993}, "chrnc": {"5": 2057.0, "17": 2059.0, "50": 2065.0, "83": 2069.0, "95": 2071.0}, "delta": {"5": 29.0, "17": 38.0, "50": 47.0, "83": 54.0, "95": 58.0}}, "int_high": {"occ": {"5": 2010.0, "17": 2011.0, "50": 2015.0, "83": 2020.0, "95": 2025.0}, "chrnc": {"5": 2042.0, "17": 2044.0, "50": 2048.0, "83": 2052.0, "95": 2054.0}, "delta": {"5": 22.0, "17": 27.0, "50": 33.0, "83": 38.0, "95": 41.0}}, "kopp": {"occ": {"5": 2010.0, "17": 2012.0, "50": 2018.0, "83": 2032.0, "95": 2036.0}, "chrnc": {"5": 2057.0, "17": 2062.0, "50": 2076.0, "83": 2090.0, "95": 2097.0}, "delta": {"5": 31.450000000000045, "17": 42.0, "50": 54.0, "83": 69.0, "95": 79.0}}}