{"int_low": {"occ": {"5": 2027.0, "17": 2030.0, "50": 2036.0, "83": 2041.0, "95": 2044.0}, "chrnc": {"5": 2057.95, "17": 2063.0, "50": 2068.0, "83": 2075.0, "95": 2080.0}, "delta": {"5": 20.950000000000045, "17": 25.0, "50": 33.0, "83": 40.0, "95": 46.04999999999927}}, "int": {"occ": {"5": 2019.0, "17": 2022.0, "50": 2026.0, "83": 2029.0, "95": 2032.0}, "chrnc": {"5": 2041.0, "17": 2043.0, "50": 2047.0, "83": 2050.0, "95": 2052.0}, "delta": {"5": 13.950000000000045, "17": 17.0, "50": 21.0, "83": 25.0, "95": 28.049999999999272}}, "int_high": {"occ": {"5": 2016.0, "17": 2017.0, "50": 2020.0, "83": 2023.0, "95": 2025.0}, "chrnc": {"5": 2031.0, "17": 2034.0, "50": 2037.0, "83": 2039.0, "95": 2041.0}, "delta": {"5": 10.0, "17": 13.0, "50": 17.0, "83": 20.0, "95": 23.0}}}