{"int_low": {"occ": {"5": 2064.0, "17": 2077.0, "50": 2084.0, "83": 2093.17, "95": 2096.0}, "chrnc": {"5": NaN, "17": NaN, "50": NaN, "83": NaN, "95": NaN}, "delta": {"5": NaN, "17": NaN, "50": NaN, "83": NaN, "95": NaN}}, "int": {"occ": {"5": 2044.0, "17": 2050.0, "50": 2056.5, "83": 2062.0, "95": 2069.0}, "chrnc": {"5": 2079.0, "17": 2081.0, "50": 2087.0, "83": 2091.0, "95": 2093.0}, "delta": {"5": 16.950000000000045, "17": 23.0, "50": 30.0, "83": 37.0, "95": 44.04999999999927}}, "int_high": {"occ": {"5": 2039.0, "17": 2040.0, "50": 2044.0, "83": 2049.0, "95": 2051.0}, "chrnc": {"5": 2061.0, "17": 2063.0, "50": 2067.0, "83": 2070.0, "95": 2072.0}, "delta": {"5": 13.0, "17": 17.0, "50": 23.0, "83": 28.0, "95": 31.0}}, "kopp": {"occ": {"5": 2047.0, "17": 2057.0, "50": 2067.0, "83": 2083.0, "95": 2092.0}, "chrnc": {"5": 2075.0, "17": 2082.0, "50": 2095.0, "83": 2099.0, "95": 2100.0}, "delta": {"5": 19.0, "17": 24.0, "50": 31.0, "83": 37.0, "95": 42.0}}}