{"int_low": {"occ": {"5": 2032.0, "17": 2040.0, "50": 2052.0, "83": 2064.0, "95": 2072.0}, "chrnc": {"5": 2056.0, "17": 2064.0, "50": 2076.0, "83": 2087.0, "95": 2094.0}, "delta": {"5": -6.0, "17": 9.0, "50": 25.0, "83": 40.0, "95": 51.0}}, "int": {"occ": {"5": 2024.0, "17": 2030.0, "50": 2037.0, "83": 2043.0, "95": 2047.0}, "chrnc": {"5": 2041.0, "17": 2045.0, "50": 2051.0, "83": 2055.0, "95": 2059.0}, "delta": {"5": -1.0, "17": 6.0, "50": 14.0, "83": 22.0, "95": 28.0}}, "int_high": {"occ": {"5": 2020.0, "17": 2024.0, "50": 2029.0, "83": 2035.0, "95": 2038.0}, "chrnc": {"5": 2031.0, "17": 2035.8300000000002, "50": 2040.0, "83": 2044.0, "95": 2047.0}, "delta": {"5": -2.0, "17": 4.0, "50": 10.0, "83": 18.0, "95": 22.049999999999272}}, "kopp": {"occ": {"5": 2028.0, "17": 2034.0, "50": 2045.0, "83": 2057.0, "95": 2070.0}, "chrnc": {"5": 2044.0, "17": 2050.0, "50": 2061.0, "83": 2076.0, "95": 2089.0}, "delta": {"5": -2.0, "17": 6.0, "50": 16.0, "83": 28.0, "95": 39.0}}}