{"int_low": {"occ": {"5": 2012.0, "17": 2013.0, "50": 2015.0, "83": 2015.0, "95": 2022.0}, "chrnc": {"5": 2027.0, "17": 2031.0, "50": 2036.0, "83": 2041.0, "95": 2044.0}, "delta": {"5": 10.0, "17": 15.0, "50": 21.0, "83": 27.0, "95": 30.0}}, "int": {"occ": {"5": 2011.95, "17": 2013.0, "50": 2015.0, "83": 2015.0, "95": 2015.0499999999993}, "chrnc": {"5": 2019.0, "17": 2021.0, "50": 2025.0, "83": 2027.0, "95": 2030.0}, "delta": {"5": 4.0, "17": 6.830000000000155, "50": 11.0, "83": 14.0, "95": 16.0}}, "int_high": {"occ": {"5": 2010.0, "17": 2013.0, "50": 2014.0, "83": 2015.0, "95": 2015.0}, "chrnc": {"5": 2011.0, "17": 2016.0, "50": 2018.0, "83": 2021.0, "95": 2023.0}, "delta": {"5": -3.0, "17": 2.0, "50": 4.0, "83": 7.0, "95": 10.0}}, "kopp": {"occ": {"5": 2013.0, "17": 2013.0, "50": 2015.0, "83": 2019.0, "95": 2023.0}, "chrnc": {"5": 2030.0, "17": 2033.0, "50": 2039.0, "83": 2046.0, "95": 2052.0}, "delta": {"5": 13.0, "17": 18.0, "50": 24.0, "83": 31.0, "95": 37.0}}}