{"int_low": {"occ": {"5": 2024.0, "17": 2032.0, "50": 2042.5, "83": 2054.0, "95": 2063.0}, "chrnc": {"5": 2048.0, "17": 2057.0, "50": 2069.0, "83": 2079.0, "95": 2088.0}, "delta": {"5": -4.0499999999999545, "17": 10.830000000000155, "50": 26.0, "83": 41.0, "95": 52.0}}, "int": {"occ": {"5": 2021.0, "17": 2025.0, "50": 2032.0, "83": 2039.0, "95": 2044.0}, "chrnc": {"5": 2034.0, "17": 2040.0, "50": 2046.0, "83": 2052.0, "95": 2055.0}, "delta": {"5": -2.0, "17": 5.0, "50": 14.0, "83": 23.0, "95": 28.0}}, "int_high": {"occ": {"5": 2012.0, "17": 2019.0, "50": 2025.0, "83": 2031.0, "95": 2035.0}, "chrnc": {"5": 2027.95, "17": 2032.0, "50": 2037.0, "83": 2041.0, "95": 2044.0}, "delta": {"5": -2.0, "17": 4.830000000000155, "50": 11.5, "83": 19.0, "95": 25.0}}, "kopp": {"occ": {"5": 2022.0, "17": 2028.0, "50": 2038.0, "83": 2050.0, "95": 2060.0}, "chrnc": {"5": 2039.0, "17": 2045.0, "50": 2056.0, "83": 2070.0, "95": 2082.0}, "delta": {"5": -2.0, "17": 6.0, "50": 17.0, "83": 30.0, "95": 41.0}}}