{"int_low": {"occ": {"5": 2010.0, "17": 2010.0, "50": 2011.0, "83": 2013.0, "95": 2014.0}, "chrnc": {"5": 2036.0, "17": 2038.0, "50": 2043.0, "83": 2048.0, "95": 2051.0}, "delta": {"5": 23.0, "17": 26.0, "50": 31.0, "83": 37.0, "95": 39.0}}, "int": {"occ": {"5": 2010.0, "17": 2010.0, "50": 2010.0, "83": 2011.0, "95": 2012.0499999999993}, "chrnc": {"5": 2024.0, "17": 2027.0, "50": 2030.0, "83": 2033.0, "95": 2035.0}, "delta": {"5": 13.950000000000045, "17": 16.0, "50": 20.0, "83": 23.0, "95": 24.0}}, "int_high": {"occ": {"5": 2010.0, "17": 2010.0, "50": 2010.0, "83": 2011.0, "95": 2012.0}, "chrnc": {"5": 2020.0, "17": 2021.0, "50": 2024.0, "83": 2026.0, "95": 2027.0}, "delta": {"5": 10.0, "17": 11.0, "50": 13.0, "83": 15.0, "95": 17.0}}}