{"int_low": {"occ": {"5": 2020.0, "17": 2024.0, "50": 2031.0, "83": 2038.0, "95": 2044.0499999999993}, "chrnc": {"5": 2045.0, "17": 2055.0, "50": 2060.0, "83": 2068.0, "95": 2071.0499999999993}, "delta": {"5": 12.0, "17": 20.0, "50": 30.0, "83": 39.0, "95": 46.0}}, "int": {"occ": {"5": 2017.0, "17": 2017.0, "50": 2023.0, "83": 2029.0, "95": 2033.0}, "chrnc": {"5": 2036.95, "17": 2038.0, "50": 2041.0, "83": 2044.0, "95": 2047.0}, "delta": {"5": 7.0, "17": 11.0, "50": 18.0, "83": 24.0, "95": 27.0}}, "int_high": {"occ": {"5": 2016.0, "17": 2016.0, "50": 2018.0, "83": 2021.0, "95": 2023.0}, "chrnc": {"5": 2026.0, "17": 2029.0, "50": 2033.0, "83": 2036.0, "95": 2037.0}, "delta": {"5": 6.0, "17": 10.0, "50": 14.0, "83": 18.0, "95": 20.0}}, "kopp": {"occ": {"5": 2017.0, "17": 2022.0, "50": 2028.0, "83": 2036.0, "95": 2043.0}, "chrnc": {"5": 2039.0, "17": 2042.0, "50": 2049.0, "83": 2059.0, "95": 2069.0}, "delta": {"5": 9.0, "17": 13.0, "50": 21.0, "83": 30.0, "95": 37.0}}}