{"int_low": {"occ": {"5": 2044.0, "17": 2048.0, "50": 2053.0, "83": 2060.0, "95": 2063.0}, "chrnc": {"5": 2088.0, "17": 2090.0, "50": 2092.0, "83": 2099.0, "95": 2100.0}, "delta": {"5": 27.900000000000006, "17": 31.0, "50": 42.5, "83": 49.0, "95": 55.29999999999973}}, "int": {"occ": {"5": 2028.0, "17": 2030.0, "50": 2033.0, "83": 2038.0, "95": 2040.0}, "chrnc": {"5": 2055.0, "17": 2057.0, "50": 2061.0, "83": 2063.0, "95": 2066.0}, "delta": {"5": 18.0, "17": 22.0, "50": 27.0, "83": 31.0, "95": 34.0}}, "int_high": {"occ": {"5": 2020.0, "17": 2023.0, "50": 2026.0, "83": 2028.0, "95": 2030.0}, "chrnc": {"5": 2043.0, "17": 2045.0, "50": 2046.0, "83": 2048.0, "95": 2049.0}, "delta": {"5": 16.0, "17": 18.0, "50": 20.0, "83": 23.0, "95": 26.0}}, "kopp": {"occ": {"5": 2042.0, "17": 2047.0, "50": 2054.0, "83": 2064.0, "95": 2075.0}, "chrnc": {"5": 2068.0, "17": 2076.0, "50": 2087.0, "83": 2096.0, "95": 2099.0}, "delta": {"5": 22.0, "17": 27.0, "50": 34.0, "83": 41.0, "95": 46.0}}}