{"int_low": {"occ": {"5": 2011.0, "17": 2011.0, "50": 2019.0, "83": 2023.0, "95": 2028.0}, "chrnc": {"5": 2043.0, "17": 2046.8300000000002, "50": 2053.0, "83": 2057.0, "95": 2060.0}, "delta": {"5": 20.0, "17": 26.0, "50": 34.0, "83": 41.0, "95": 46.0}}, "int": {"occ": {"5": 2010.0, "17": 2010.0, "50": 2014.0, "83": 2018.0, "95": 2020.0}, "chrnc": {"5": 2032.0, "17": 2034.0, "50": 2037.0, "83": 2040.0, "95": 2041.0}, "delta": {"5": 15.0, "17": 18.0, "50": 23.0, "83": 27.0, "95": 29.049999999999272}}, "int_high": {"occ": {"5": 2010.0, "17": 2011.0, "50": 2013.0, "83": 2015.0, "95": 2016.0}, "chrnc": {"5": 2025.0, "17": 2027.0, "50": 2029.0, "83": 2032.0, "95": 2034.0}, "delta": {"5": 11.0, "17": 14.0, "50": 16.0, "83": 20.0, "95": 22.0}}, "kopp": {"occ": {"5": 2011.0, "17": 2018.0, "50": 2023.0, "83": 2029.0, "95": 2033.0}, "chrnc": {"5": 2041.0, "17": 2045.0, "50": 2052.0, "83": 2059.0, "95": 2066.0}, "delta": {"5": 17.0, "17": 22.0, "50": 29.0, "83": 37.0, "95": 43.0}}}