{"int_low": {"occ": {"5": 2046.0, "17": 2050.0, "50": 2056.0, "83": 2062.0, "95": 2068.0}, "chrnc": {"5": 2075.0, "17": 2080.0, "50": 2086.0, "83": 2093.0, "95": 2097.0}, "delta": {"5": 16.0, "17": 22.0, "50": 30.0, "83": 37.0, "95": 43.0}}, "int": {"occ": {"5": 2035.95, "17": 2038.0, "50": 2041.0, "83": 2045.0, "95": 2048.0}, "chrnc": {"5": 2054.0, "17": 2055.0, "50": 2058.0, "83": 2060.0, "95": 2063.0}, "delta": {"5": 9.950000000000045, "17": 12.830000000000155, "50": 17.0, "83": 21.0, "95": 24.0}}, "int_high": {"occ": {"5": 2028.0, "17": 2030.0, "50": 2033.0, "83": 2036.0, "95": 2037.0}, "chrnc": {"5": 2042.0, "17": 2044.0, "50": 2047.0, "83": 2049.0, "95": 2051.0}, "delta": {"5": 8.0, "17": 10.0, "50": 13.0, "83": 17.0, "95": 19.0}}, "kopp": {"occ": {"5": 2041.0, "17": 2045.0, "50": 2053.0, "83": 2060.0, "95": 2069.0}, "chrnc": {"5": 2058.0, "17": 2063.0, "50": 2073.0, "83": 2084.0, "95": 2093.0}, "delta": {"5": 11.0, "17": 15.0, "50": 20.0, "83": 27.0, "95": 33.0}}}