{"int_low": {"occ": {"5": 2010.0, "17": 2012.0, "50": 2019.0, "83": 2031.0, "95": 2036.0499999999993}, "chrnc": {"5": 2015.0, "17": 2021.0, "50": 2035.0, "83": 2051.0, "95": 2060.0}, "delta": {"5": -12.0, "17": 1.0, "50": 15.0, "83": 33.0, "95": 43.04999999999927}}, "int": {"occ": {"5": 2010.0, "17": 2012.0, "50": 2013.0, "83": 2022.0, "95": 2029.0}, "chrnc": {"5": 2014.0, "17": 2015.0, "50": 2025.0, "83": 2033.0, "95": 2038.0}, "delta": {"5": -8.0, "17": 1.0, "50": 9.0, "83": 19.0, "95": 25.0}}, "int_high": {"occ": {"5": 2010.0, "17": 2011.0, "50": 2013.0, "83": 2020.0, "95": 2024.0}, "chrnc": {"5": 2014.0, "17": 2014.0, "50": 2019.0, "83": 2027.0, "95": 2032.0}, "delta": {"5": -7.0, "17": -1.0, "50": 5.0, "83": 13.0, "95": 20.0}}, "kopp": {"occ": {"5": 2010.0, "17": 2012.0, "50": 2018.5, "83": 2028.0, "95": 2035.0}, "chrnc": {"5": 2015.0, "17": 2018.0, "50": 2030.0, "83": 2043.0, "95": 2056.0}, "delta": {"5": -10.0, "17": 1.0, "50": 12.0, "83": 25.0, "95": 37.0}}}