{"int_low": {"occ": {"5": 2010.0, "17": 2012.0, "50": 2015.0, "83": 2022.0, "95": 2030.0499999999993}, "chrnc": {"5": 2034.0, "17": 2041.0, "50": 2051.0, "83": 2061.0, "95": 2068.0499999999993}, "delta": {"5": 15.0, "17": 23.0, "50": 34.0, "83": 45.0, "95": 53.0}}, "int": {"occ": {"5": 2010.0, "17": 2010.8300000000002, "50": 2013.0, "83": 2018.0, "95": 2025.0}, "chrnc": {"5": 2026.0, "17": 2030.0, "50": 2035.0, "83": 2042.0, "95": 2046.0}, "delta": {"5": 9.0, "17": 14.0, "50": 21.0, "83": 28.0, "95": 33.0}}, "int_high": {"occ": {"5": 2010.0, "17": 2010.0, "50": 2012.0, "83": 2015.0, "95": 2023.0}, "chrnc": {"5": 2021.0, "17": 2024.0, "50": 2028.0, "83": 2032.0, "95": 2036.0}, "delta": {"5": 7.0, "17": 10.0, "50": 15.0, "83": 20.0, "95": 23.0}}, "kopp": {"occ": {"5": 2010.0, "17": 2012.0, "50": 2015.0, "83": 2023.0, "95": 2032.0}, "chrnc": {"5": 2034.0, "17": 2041.0, "50": 2051.0, "83": 2062.0, "95": 2071.0}, "delta": {"5": 15.0, "17": 23.0, "50": 34.0, "83": 46.0, "95": 55.0}}}