{"int_low": {"occ": {"5": 2010.0, "17": 2010.0, "50": 2010.0, "83": 2012.0, "95": 2018.0}, "chrnc": {"5": 2021.0, "17": 2026.0, "50": 2034.0, "83": 2040.17, "95": 2047.0}, "delta": {"5": 9.0, "17": 15.0, "50": 23.0, "83": 30.0, "95": 37.0}}, "int": {"occ": {"5": 2010.0, "17": 2010.0, "50": 2010.0, "83": 2011.0, "95": 2013.0}, "chrnc": {"5": 2015.0, "17": 2015.0, "50": 2022.0, "83": 2028.0, "95": 2031.0}, "delta": {"5": 4.0, "17": 5.0, "50": 12.0, "83": 18.0, "95": 21.0}}, "int_high": {"occ": {"5": 2010.0, "17": 2010.0, "50": 2010.0, "83": 2011.0, "95": 2012.0}, "chrnc": {"5": 2014.0, "17": 2014.0, "50": 2018.0, "83": 2021.0, "95": 2024.0}, "delta": {"5": 3.0, "17": 4.0, "50": 7.0, "83": 11.0, "95": 13.049999999999272}}, "kopp": {"occ": {"5": 2010.0, "17": 2010.0, "50": 2010.0, "83": 2012.0, "95": 2019.0}, "chrnc": {"5": 2021.0, "17": 2026.0, "50": 2034.0, "83": 2042.0, "95": 2049.0}, "delta": {"5": 9.950000000000045, "17": 15.0, "50": 22.0, "83": 30.0, "95": 38.0}}}