{"int_low": {"occ": {"5": 2010.0, "17": 2010.0, "50": 2010.0, "83": 2015.0, "95": 2020.0}, "chrnc": {"5": 2017.0, "17": 2021.0, "50": 2027.0, "83": 2034.0, "95": 2038.0}, "delta": {"5": 2.0, "17": 9.0, "50": 15.0, "83": 23.0, "95": 27.0}}, "int": {"occ": {"5": 2010.0, "17": 2010.0, "50": 2010.0, "83": 2014.0, "95": 2019.0499999999993}, "chrnc": {"5": 2012.0, "17": 2013.0, "50": 2019.0, "83": 2025.0, "95": 2028.0}, "delta": {"5": -3.0, "17": 2.0, "50": 7.0, "83": 14.0, "95": 17.049999999999272}}, "int_high": {"occ": {"5": 2010.0, "17": 2010.0, "50": 2010.0, "83": 2011.0, "95": 2015.0499999999993}, "chrnc": {"5": 2011.0, "17": 2013.0, "50": 2015.0, "83": 2018.0, "95": 2021.0}, "delta": {"5": -2.0, "17": 2.0, "50": 5.0, "83": 7.0, "95": 11.0}}, "kopp": {"occ": {"5": 2010.0, "17": 2010.0, "50": 2010.0, "83": 2015.0, "95": 2021.0}, "chrnc": {"5": 2014.0, "17": 2019.0, "50": 2025.0, "83": 2033.0, "95": 2040.0}, "delta": {"5": 2.0, "17": 6.0, "50": 14.0, "83": 21.0, "95": 28.0}}}