{"int_low": {"occ": {"5": 2010.0, "17": 2010.0, "50": 2011.0, "83": 2023.0, "95": 2027.0}, "chrnc": {"5": 2012.0, "17": 2013.0, "50": 2018.0, "83": 2027.0, "95": 2035.0}, "delta": {"5": -12.0, "17": -6.169999999999845, "50": 4.0, "83": 13.0, "95": 21.0}}, "int": {"occ": {"5": 2010.0, "17": 2010.0, "50": 2010.0, "83": 2020.0, "95": 2025.0}, "chrnc": {"5": 2011.0, "17": 2013.0, "50": 2018.0, "83": 2025.0, "95": 2029.0}, "delta": {"5": -9.0, "17": -2.0, "50": 3.0, "83": 13.0, "95": 17.049999999999272}}, "int_high": {"occ": {"5": 2010.0, "17": 2010.0, "50": 2010.0, "83": 2018.0, "95": 2023.0}, "chrnc": {"5": 2010.0, "17": 2012.0, "50": 2016.5, "83": 2022.0, "95": 2025.0}, "delta": {"5": -8.0, "17": -1.0, "50": 3.0, "83": 11.0, "95": 15.0}}, "kopp": {"occ": {"5": 2010.0, "17": 2010.0, "50": 2010.0, "83": 2022.0, "95": 2027.0}, "chrnc": {"5": 2012.0, "17": 2013.0, "50": 2018.0, "83": 2026.0, "95": 2032.0}, "delta": {"5": -11.0, "17": -5.0, "50": 4.0, "83": 13.0, "95": 19.0}}}