{"int_low": {"occ": {"5": 2012.0, "17": 2013.0, "50": 2016.0, "83": 2021.0, "95": 2029.0}, "chrnc": {"5": 2037.0, "17": 2041.0, "50": 2046.0, "83": 2051.0, "95": 2055.0}, "delta": {"5": 15.0, "17": 22.0, "50": 29.0, "83": 36.0, "95": 40.0}}, "int": {"occ": {"5": 2011.0, "17": 2012.0, "50": 2013.0, "83": 2018.0, "95": 2020.0}, "chrnc": {"5": 2025.0, "17": 2027.0, "50": 2032.0, "83": 2036.0, "95": 2038.0}, "delta": {"5": 9.0, "17": 13.0, "50": 18.0, "83": 23.0, "95": 26.0}}, "int_high": {"occ": {"5": 2010.0, "17": 2010.0, "50": 2012.0, "83": 2013.0, "95": 2018.0499999999993}, "chrnc": {"5": 2021.0, "17": 2023.0, "50": 2025.0, "83": 2029.0, "95": 2031.0}, "delta": {"5": 7.0, "17": 10.0, "50": 14.0, "83": 17.170000000000073, "95": 20.0}}, "kopp": {"occ": {"5": 2012.0, "17": 2013.0, "50": 2016.0, "83": 2022.0, "95": 2029.0}, "chrnc": {"5": 2032.0, "17": 2037.0, "50": 2042.0, "83": 2051.0, "95": 2056.0}, "delta": {"5": 13.0, "17": 19.0, "50": 26.0, "83": 33.0, "95": 40.0}}}