{"int_low": {"occ": {"5": 2030.0, "17": 2034.0, "50": 2038.0, "83": 2043.0, "95": 2046.0499999999993}, "chrnc": {"5": 2068.0, "17": 2071.0, "50": 2076.0, "83": 2081.0, "95": 2085.0}, "delta": {"5": 26.0, "17": 31.0, "50": 38.0, "83": 45.0, "95": 50.0}}, "int": {"occ": {"5": 2021.0, "17": 2022.0, "50": 2026.0, "83": 2029.0, "95": 2032.0}, "chrnc": {"5": 2045.0, "17": 2047.0, "50": 2049.0, "83": 2051.0, "95": 2052.0499999999993}, "delta": {"5": 16.0, "17": 19.0, "50": 23.0, "83": 27.0, "95": 29.0}}, "int_high": {"occ": {"5": 2017.0, "17": 2018.0, "50": 2020.0, "83": 2023.0, "95": 2024.0}, "chrnc": {"5": 2034.0, "17": 2035.0, "50": 2038.0, "83": 2040.0, "95": 2041.0}, "delta": {"5": 12.0, "17": 14.0, "50": 17.0, "83": 20.0, "95": 22.0}}, "kopp": {"occ": {"5": 2031.0, "17": 2035.0, "50": 2041.0, "83": 2048.0, "95": 2054.0}, "chrnc": {"5": 2055.0, "17": 2061.0, "50": 2070.0, "83": 2081.0, "95": 2090.0}, "delta": {"5": 18.0, "17": 22.0, "50": 29.0, "83": 37.0, "95": 44.0}}}