{"int_low": {"occ": {"5": 2014.0, "17": 2015.0, "50": 2023.0, "83": 2030.0, "95": 2035.0}, "chrnc": {"5": 2046.0, "17": 2050.0, "50": 2056.0, "83": 2062.0, "95": 2068.0}, "delta": {"5": 17.0, "17": 24.0, "50": 33.0, "83": 42.0, "95": 48.0}}, "int": {"occ": {"5": 2013.95, "17": 2015.0, "50": 2018.0, "83": 2023.0, "95": 2026.0}, "chrnc": {"5": 2035.95, "17": 2038.0, "50": 2041.0, "83": 2045.0, "95": 2048.0}, "delta": {"5": 13.0, "17": 18.0, "50": 23.0, "83": 27.170000000000073, "95": 30.049999999999272}}, "int_high": {"occ": {"5": 2012.0, "17": 2013.0, "50": 2017.0, "83": 2020.0, "95": 2022.0}, "chrnc": {"5": 2028.0, "17": 2030.0, "50": 2033.0, "83": 2036.0, "95": 2037.0}, "delta": {"5": 10.0, "17": 13.0, "50": 16.0, "83": 21.0, "95": 23.0}}, "kopp": {"occ": {"5": 2014.0, "17": 2016.0, "50": 2024.0, "83": 2031.0, "95": 2036.0}, "chrnc": {"5": 2041.0, "17": 2045.0, "50": 2053.0, "83": 2060.0, "95": 2069.0}, "delta": {"5": 15.0, "17": 21.0, "50": 29.0, "83": 38.0, "95": 45.0}}}