{"int_low": {"occ": {"5": NaN, "17": NaN, "50": NaN, "83": NaN, "95": NaN}, "chrnc": {"5": NaN, "17": NaN, "50": NaN, "83": NaN, "95": NaN}, "delta": {"5": NaN, "17": NaN, "50": NaN, "83": NaN, "95": NaN}}, "int": {"occ": {"5": 2080.0, "17": 2082.0, "50": 2084.0, "83": 2086.0, "95": 2087.0499999999993}, "chrnc": {"5": 2086.95, "17": 2088.0, "50": 2090.0, "83": 2092.0, "95": 2093.0}, "delta": {"5": 2.0, "17": 4.0, "50": 6.0, "83": 9.0, "95": 10.0}}, "int_high": {"occ": {"5": 2062.0, "17": 2063.0, "50": 2065.0, "83": 2066.0, "95": 2067.0}, "chrnc": {"5": 2066.0, "17": 2068.0, "50": 2069.0, "83": 2070.0, "95": 2071.0}, "delta": {"5": 1.9500000000000455, "17": 3.0, "50": 4.0, "83": 6.0, "95": 7.0}}, "kopp": {"occ": {"5": 2073.0, "17": 2080.0, "50": 2092.0, "83": 2098.0, "95": 2100.0}, "chrnc": {"5": 2075.0, "17": 2083.0, "50": 2093.0, "83": 2098.0, "95": 2100.0}, "delta": {"5": 2.0, "17": 3.0, "50": 5.0, "83": 7.0, "95": 9.0}}}