{"int_low": {"occ": {"5": 2013.0, "17": 2015.0, "50": 2018.0, "83": 2023.0, "95": 2026.0}, "chrnc": {"5": 2037.0, "17": 2045.0, "50": 2050.0, "83": 2058.0, "95": 2062.0}, "delta": {"5": 18.0, "17": 24.0, "50": 32.0, "83": 39.0, "95": 45.0}}, "int": {"occ": {"5": 2012.0, "17": 2013.0, "50": 2015.0, "83": 2019.0, "95": 2023.0}, "chrnc": {"5": 2028.0, "17": 2029.0, "50": 2032.0, "83": 2036.0, "95": 2040.0}, "delta": {"5": 7.9500000000000455, "17": 12.0, "50": 17.0, "83": 20.170000000000073, "95": 25.0}}, "int_high": {"occ": {"5": 2010.0, "17": 2012.0, "50": 2014.0, "83": 2016.0, "95": 2018.0}, "chrnc": {"5": 2019.0, "17": 2022.0, "50": 2025.0, "83": 2027.0, "95": 2028.0}, "delta": {"5": 4.0, "17": 7.0, "50": 11.0, "83": 14.0, "95": 16.0}}, "kopp": {"occ": {"5": 2013.0, "17": 2015.0, "50": 2021.0, "83": 2024.0, "95": 2027.0}, "chrnc": {"5": 2037.0, "17": 2045.0, "50": 2052.0, "83": 2062.0, "95": 2070.0}, "delta": {"5": 19.0, "17": 24.0, "50": 33.0, "83": 42.0, "95": 51.0}}}