{"int_low": {"occ": {"5": 2011.0, "17": 2013.0, "50": 2013.0, "83": 2019.0, "95": 2028.0}, "chrnc": {"5": 2053.0, "17": 2061.0, "50": 2073.0, "83": 2084.0, "95": 2091.0}, "delta": {"5": 35.0, "17": 46.0, "50": 58.0, "83": 69.0, "95": 78.0}}, "int": {"occ": {"5": 2010.0, "17": 2013.0, "50": 2013.0, "83": 2013.0, "95": 2022.0}, "chrnc": {"5": 2035.0, "17": 2040.0, "50": 2045.0, "83": 2051.0, "95": 2054.0}, "delta": {"5": 19.950000000000045, "17": 25.830000000000155, "50": 31.0, "83": 38.0, "95": 41.0}}, "int_high": {"occ": {"5": 2010.0, "17": 2013.0, "50": 2013.0, "83": 2013.0, "95": 2015.0}, "chrnc": {"5": 2027.0, "17": 2030.0, "50": 2035.0, "83": 2039.0, "95": 2042.0}, "delta": {"5": 13.0, "17": 17.0, "50": 22.0, "83": 26.0, "95": 29.0}}, "kopp": {"occ": {"5": 2011.0, "17": 2013.0, "50": 2013.0, "83": 2015.0, "95": 2025.0}, "chrnc": {"5": 2038.0, "17": 2045.0, "50": 2055.0, "83": 2069.0, "95": 2082.6499999999996}, "delta": {"5": 23.0, "17": 30.0, "50": 41.0, "83": 54.0, "95": 67.0}}}