{"int_low": {"occ": {"5": 2010.0, "17": 2013.0, "50": 2016.0, "83": 2025.0, "95": 2030.0}, "chrnc": {"5": 2030.0, "17": 2037.0, "50": 2046.0, "83": 2056.0, "95": 2064.0}, "delta": {"5": 11.0, "17": 17.0, "50": 28.0, "83": 39.17000000000007, "95": 48.0}}, "int": {"occ": {"5": 2010.0, "17": 2010.0, "50": 2013.0, "83": 2019.17, "95": 2025.0}, "chrnc": {"5": 2023.0, "17": 2027.0, "50": 2032.0, "83": 2039.0, "95": 2043.0}, "delta": {"5": 7.0, "17": 11.0, "50": 18.0, "83": 24.170000000000073, "95": 30.0}}, "int_high": {"occ": {"5": 2010.0, "17": 2010.0, "50": 2012.0, "83": 2015.0, "95": 2023.0}, "chrnc": {"5": 2020.0, "17": 2021.0, "50": 2026.0, "83": 2030.0, "95": 2033.0}, "delta": {"5": 5.0, "17": 8.0, "50": 12.0, "83": 17.0, "95": 20.0}}, "kopp": {"occ": {"5": 2010.0, "17": 2013.0, "50": 2016.0, "83": 2024.0, "95": 2031.0}, "chrnc": {"5": 2031.0, "17": 2037.0, "50": 2047.0, "83": 2058.0, "95": 2066.0}, "delta": {"5": 12.0, "17": 18.0, "50": 29.0, "83": 41.0, "95": 50.0}}}