{"int_low": {"occ": {"5": 2013.0, "17": 2013.0, "50": 2013.0, "83": 2013.0, "95": 2031.0}, "chrnc": {"5": 2042.0, "17": 2047.0, "50": 2064.0, "83": 2078.0, "95": 2090.0}, "delta": {"5": 28.0, "17": 32.0, "50": 51.0, "83": 64.0, "95": 77.0}}, "int": {"occ": {"5": 2013.0, "17": 2013.0, "50": 2013.0, "83": 2013.0, "95": 2014.0}, "chrnc": {"5": 2025.0, "17": 2039.0, "50": 2047.0, "83": 2052.0, "95": 2054.0}, "delta": {"5": 12.0, "17": 26.0, "50": 34.0, "83": 39.0, "95": 41.0}}, "int_high": {"occ": {"5": 2012.0, "17": 2013.0, "50": 2013.0, "83": 2013.0, "95": 2013.0499999999993}, "chrnc": {"5": 2022.0, "17": 2024.0, "50": 2028.0, "83": 2036.0, "95": 2038.0}, "delta": {"5": 9.0, "17": 11.0, "50": 15.0, "83": 23.170000000000073, "95": 25.0}}, "kopp": {"occ": {"5": 2013.0, "17": 2013.0, "50": 2013.0, "83": 2013.0, "95": 2016.0}, "chrnc": {"5": 2027.0, "17": 2041.0, "50": 2049.0, "83": 2068.0, "95": 2080.0}, "delta": {"5": 13.0, "17": 27.0, "50": 36.0, "83": 54.0, "95": 63.0}}}