{"int_low": {"occ": {"5": 2012.0, "17": 2013.0, "50": 2018.0, "83": 2023.0, "95": 2028.0}, "chrnc": {"5": 2037.0, "17": 2041.0, "50": 2046.0, "83": 2051.0, "95": 2054.0}, "delta": {"5": 14.950000000000045, "17": 20.0, "50": 27.0, "83": 34.0, "95": 38.0}}, "int": {"occ": {"5": 2012.0, "17": 2012.0, "50": 2013.0, "83": 2018.0, "95": 2021.0}, "chrnc": {"5": 2027.0, "17": 2032.0, "50": 2036.0, "83": 2039.0, "95": 2041.0}, "delta": {"5": 12.0, "17": 17.0, "50": 22.0, "83": 26.0, "95": 28.0}}, "int_high": {"occ": {"5": 2010.0, "17": 2011.0, "50": 2013.0, "83": 2014.0, "95": 2014.0499999999993}, "chrnc": {"5": 2023.0, "17": 2026.0, "50": 2030.0, "83": 2034.0, "95": 2036.0}, "delta": {"5": 10.0, "17": 13.0, "50": 17.0, "83": 21.0, "95": 24.0}}, "kopp": {"occ": {"5": 2012.0, "17": 2014.0, "50": 2018.0, "83": 2023.0, "95": 2028.0}, "chrnc": {"5": 2034.0, "17": 2038.0, "50": 2043.0, "83": 2050.0, "95": 2055.0}, "delta": {"5": 13.0, "17": 19.0, "50": 25.0, "83": 32.0, "95": 38.0}}}