{"int_low": {"occ": {"5": 2011.0, "17": 2011.0, "50": 2013.0, "83": 2014.0, "95": 2015.0}, "chrnc": {"5": 2018.95, "17": 2022.0, "50": 2028.0, "83": 2034.0, "95": 2037.0}, "delta": {"5": 5.9500000000000455, "17": 9.0, "50": 15.0, "83": 22.0, "95": 25.0}}, "int": {"occ": {"5": 2011.0, "17": 2011.0, "50": 2012.0, "83": 2014.0, "95": 2014.0}, "chrnc": {"5": 2016.0, "17": 2018.0, "50": 2023.0, "83": 2029.0, "95": 2033.0}, "delta": {"5": 3.0, "17": 6.0, "50": 10.0, "83": 17.0, "95": 21.0}}, "int_high": {"occ": {"5": 2011.0, "17": 2011.0, "50": 2012.0, "83": 2014.0, "95": 2014.0}, "chrnc": {"5": 2016.0, "17": 2017.0, "50": 2019.0, "83": 2022.0, "95": 2025.0}, "delta": {"5": 2.0, "17": 4.0, "50": 7.0, "83": 10.0, "95": 13.0}}, "kopp": {"occ": {"5": 2011.0, "17": 2011.0, "50": 2013.0, "83": 2014.0, "95": 2014.0499999999993}, "chrnc": {"5": 2018.0, "17": 2022.0, "50": 2028.0, "83": 2034.0, "95": 2038.0}, "delta": {"5": 6.0, "17": 9.0, "50": 16.0, "83": 22.0, "95": 26.0}}}