{"int_low": {"occ": {"5": 2032.0, "17": 2036.0, "50": 2042.0, "83": 2047.0, "95": 2050.0499999999993}, "chrnc": {"5": 2082.0, "17": 2087.0, "50": 2093.0, "83": 2098.0, "95": 2100.0}, "delta": {"5": 38.0, "17": 44.0, "50": 51.0, "83": 58.0, "95": 64.0}}, "int": {"occ": {"5": 2022.0, "17": 2025.0, "50": 2028.0, "83": 2031.0, "95": 2034.0}, "chrnc": {"5": 2050.0, "17": 2051.0, "50": 2054.0, "83": 2058.0, "95": 2060.0}, "delta": {"5": 20.0, "17": 23.0, "50": 27.0, "83": 31.0, "95": 34.0}}, "int_high": {"occ": {"5": 2017.0, "17": 2019.0, "50": 2021.0, "83": 2024.0, "95": 2025.0}, "chrnc": {"5": 2038.0, "17": 2041.0, "50": 2043.0, "83": 2045.0, "95": 2046.0}, "delta": {"5": 15.0, "17": 18.0, "50": 22.0, "83": 24.170000000000073, "95": 27.0}}, "kopp": {"occ": {"5": 2033.0, "17": 2037.0, "50": 2044.0, "83": 2051.0, "95": 2059.0}, "chrnc": {"5": 2063.0, "17": 2068.0, "50": 2078.0, "83": 2089.0, "95": 2097.0}, "delta": {"5": 23.0, "17": 27.0, "50": 35.0, "83": 43.0, "95": 49.0}}}