{"int_low": {"occ": {"5": 2076.0, "17": 2081.0, "50": 2088.0, "83": 2094.0, "95": 2098.0}, "chrnc": {"5": NaN, "17": NaN, "50": NaN, "83": NaN, "95": NaN}, "delta": {"5": NaN, "17": NaN, "50": NaN, "83": NaN, "95": NaN}}, "int": {"occ": {"5": 2048.0, "17": 2051.0, "50": 2055.0, "83": 2058.0, "95": 2060.0}, "chrnc": {"5": 2072.0, "17": 2074.0, "50": 2077.0, "83": 2080.0, "95": 2082.0}, "delta": {"5": 15.950000000000045, "17": 19.0, "50": 23.0, "83": 27.0, "95": 30.0}}, "int_high": {"occ": {"5": 2039.0, "17": 2041.0, "50": 2043.0, "83": 2046.0, "95": 2048.0}, "chrnc": {"5": 2057.0, "17": 2059.0, "50": 2061.0, "83": 2063.0, "95": 2064.0}, "delta": {"5": 12.0, "17": 14.0, "50": 17.0, "83": 20.0, "95": 22.0}}, "kopp": {"occ": {"5": 2058.0, "17": 2064.0, "50": 2074.0, "83": 2087.0, "95": 2096.0}, "chrnc": {"5": 2074.6000000000004, "17": 2083.0, "50": 2093.0, "83": 2099.0, "95": 2100.0}, "delta": {"5": 15.0, "17": 19.0, "50": 25.0, "83": 29.0, "95": 33.0}}}