{"int_low": {"occ": {"5": 2014.0, "17": 2015.0, "50": 2021.0, "83": 2028.0, "95": 2031.0}, "chrnc": {"5": 2057.0, "17": 2063.0, "50": 2070.0, "83": 2076.0, "95": 2082.0499999999993}, "delta": {"5": 33.0, "17": 40.0, "50": 49.0, "83": 57.0, "95": 63.0}}, "int": {"occ": {"5": 2012.0, "17": 2013.0, "50": 2019.0, "83": 2023.0, "95": 2025.0}, "chrnc": {"5": 2042.0, "17": 2045.0, "50": 2048.0, "83": 2050.0, "95": 2052.0}, "delta": {"5": 20.0, "17": 24.0, "50": 29.0, "83": 34.0, "95": 37.0}}, "int_high": {"occ": {"5": 2010.0, "17": 2012.0, "50": 2013.0, "83": 2014.0, "95": 2021.0}, "chrnc": {"5": 2033.0, "17": 2034.0, "50": 2037.0, "83": 2040.0, "95": 2042.0}, "delta": {"5": 16.0, "17": 21.0, "50": 24.0, "83": 28.0, "95": 30.0}}, "kopp": {"occ": {"5": 2014.0, "17": 2015.0, "50": 2021.0, "83": 2028.0, "95": 2032.0}, "chrnc": {"5": 2049.0, "17": 2053.0, "50": 2061.0, "83": 2070.0, "95": 2080.1499999999996}, "delta": {"5": 25.0, "17": 30.0, "50": 39.0, "83": 49.0, "95": 58.0}}}