{"int_low": {"occ": {"5": 2015.0, "17": 2018.0, "50": 2028.0, "83": 2039.0, "95": 2050.0}, "chrnc": {"5": 2078.0, "17": 2082.0, "50": 2092.0, "83": 2098.0, "95": 2100.0}, "delta": {"5": 39.0, "17": 47.0, "50": 62.0, "83": 73.0, "95": 81.0}}, "int": {"occ": {"5": 2014.0, "17": 2017.0, "50": 2021.0, "83": 2031.0, "95": 2034.0}, "chrnc": {"5": 2047.0, "17": 2053.0, "50": 2057.0, "83": 2060.0, "95": 2063.0}, "delta": {"5": 20.0, "17": 25.830000000000155, "50": 35.0, "83": 42.0, "95": 45.0}}, "int_high": {"occ": {"5": 2013.0, "17": 2014.0, "50": 2016.0, "83": 2021.0, "95": 2027.0499999999993}, "chrnc": {"5": 2040.0, "17": 2042.0, "50": 2044.0, "83": 2047.0, "95": 2050.0}, "delta": {"5": 16.950000000000045, "17": 22.0, "50": 27.0, "83": 32.0, "95": 35.0}}, "kopp": {"occ": {"5": 2015.0, "17": 2017.0, "50": 2026.0, "83": 2036.0, "95": 2048.0}, "chrnc": {"5": 2049.0, "17": 2058.0, "50": 2069.0, "83": 2084.0, "95": 2095.0}, "delta": {"5": 23.0, "17": 31.0, "50": 42.0, "83": 57.0, "95": 68.0}}}