{"int_low": {"occ": {"5": 2010.0, "17": 2011.0, "50": 2016.0, "83": 2028.0, "95": 2035.0}, "chrnc": {"5": 2064.0, "17": 2073.0, "50": 2082.0, "83": 2091.0, "95": 2094.0}, "delta": {"5": 40.950000000000045, "17": 50.0, "50": 65.0, "83": 75.0, "95": 82.0}}, "int": {"occ": {"5": 2010.0, "17": 2010.0, "50": 2011.0, "83": 2018.0, "95": 2024.0}, "chrnc": {"5": 2043.0, "17": 2046.0, "50": 2052.0, "83": 2056.0, "95": 2059.0}, "delta": {"5": 25.0, "17": 32.0, "50": 38.0, "83": 45.0, "95": 47.04999999999927}}, "int_high": {"occ": {"5": 2010.0, "17": 2011.0, "50": 2012.0, "83": 2013.0, "95": 2019.0}, "chrnc": {"5": 2038.0, "17": 2039.0, "50": 2041.0, "83": 2044.0, "95": 2046.0}, "delta": {"5": 22.0, "17": 26.0, "50": 29.0, "83": 32.0, "95": 34.0}}, "kopp": {"occ": {"5": 2010.0, "17": 2010.0, "50": 2013.0, "83": 2023.0, "95": 2033.0}, "chrnc": {"5": 2045.0, "17": 2052.0, "50": 2063.0, "83": 2077.0, "95": 2091.0}, "delta": {"5": 28.0, "17": 36.0, "50": 47.0, "83": 61.0, "95": 73.0}}}