{"int_low": {"occ": {"5": 2012.0, "17": 2013.0, "50": 2021.0, "83": 2025.0, "95": 2027.0}, "chrnc": {"5": 2054.0, "17": 2060.0, "50": 2070.0, "83": 2079.0, "95": 2084.0}, "delta": {"5": 31.950000000000045, "17": 40.0, "50": 51.0, "83": 62.0, "95": 69.0}}, "int": {"occ": {"5": 2012.0, "17": 2012.0, "50": 2013.0, "83": 2023.0, "95": 2025.0}, "chrnc": {"5": 2034.0, "17": 2037.0, "50": 2042.0, "83": 2046.0, "95": 2048.0}, "delta": {"5": 14.0, "17": 19.0, "50": 25.0, "83": 32.0, "95": 35.0}}, "int_high": {"occ": {"5": 2010.0, "17": 2012.0, "50": 2013.0, "83": 2015.0, "95": 2022.0}, "chrnc": {"5": 2028.0, "17": 2029.0, "50": 2032.0, "83": 2036.0, "95": 2039.0499999999993}, "delta": {"5": 10.0, "17": 15.0, "50": 19.0, "83": 23.0, "95": 27.0}}, "kopp": {"occ": {"5": 2012.0, "17": 2013.0, "50": 2018.0, "83": 2025.0, "95": 2031.0}, "chrnc": {"5": 2050.0, "17": 2055.0, "50": 2066.0, "83": 2079.0, "95": 2090.0}, "delta": {"5": 29.0, "17": 36.0, "50": 47.0, "83": 61.0, "95": 71.0}}}