{"int_low": {"occ": {"5": 2058.0, "17": 2064.0, "50": 2082.0, "83": 2097.0, "95": 2099.0}, "chrnc": {"5": NaN, "17": NaN, "50": NaN, "83": NaN, "95": NaN}, "delta": {"5": NaN, "17": NaN, "50": NaN, "83": NaN, "95": NaN}}, "int": {"occ": {"5": 2039.0, "17": 2042.0, "50": 2047.0, "83": 2055.0, "95": 2058.0}, "chrnc": {"5": 2080.95, "17": 2083.0, "50": 2093.0, "83": 2095.0, "95": 2096.0}, "delta": {"5": 27.950000000000045, "17": 35.0, "50": 43.0, "83": 51.0, "95": 55.04999999999927}}, "int_high": {"occ": {"5": 2022.0, "17": 2026.0, "50": 2037.0, "83": 2040.0, "95": 2049.0}, "chrnc": {"5": 2060.0, "17": 2062.0, "50": 2066.0, "83": 2070.0, "95": 2072.0}, "delta": {"5": 19.0, "17": 24.0, "50": 30.5, "83": 40.0, "95": 46.0}}, "kopp": {"occ": {"5": 2040.0, "17": 2045.0, "50": 2063.0, "83": 2083.0, "95": 2094.0}, "chrnc": {"5": 2074.0, "17": 2081.0, "50": 2095.0, "83": 2099.0, "95": 2100.0}, "delta": {"5": 24.0, "17": 30.0, "50": 40.0, "83": 52.0, "95": 58.0}}}