{"int_low": {"occ": {"5": 2015.0, "17": 2017.0, "50": 2027.0, "83": 2033.0, "95": 2040.0}, "chrnc": {"5": 2068.0, "17": 2071.0, "50": 2076.0, "83": 2083.0, "95": 2086.0499999999993}, "delta": {"5": 35.0, "17": 40.830000000000155, "50": 50.0, "83": 59.0, "95": 67.0}}, "int": {"occ": {"5": 2014.0, "17": 2015.0, "50": 2020.0, "83": 2025.0, "95": 2029.0}, "chrnc": {"5": 2045.0, "17": 2049.0, "50": 2051.0, "83": 2055.0, "95": 2058.0}, "delta": {"5": 22.0, "17": 25.0, "50": 31.0, "83": 37.0, "95": 40.04999999999927}}, "int_high": {"occ": {"5": 2013.0, "17": 2014.0, "50": 2017.0, "83": 2021.0, "95": 2023.0}, "chrnc": {"5": 2035.0, "17": 2037.0, "50": 2041.0, "83": 2043.0, "95": 2045.0}, "delta": {"5": 15.0, "17": 18.0, "50": 22.0, "83": 27.0, "95": 29.0}}, "kopp": {"occ": {"5": 2015.0, "17": 2018.0, "50": 2029.0, "83": 2036.0, "95": 2042.0}, "chrnc": {"5": 2051.0, "17": 2056.0, "50": 2065.0, "83": 2075.0, "95": 2085.0}, "delta": {"5": 23.0, "17": 28.0, "50": 37.0, "83": 47.0, "95": 55.0}}}