{"int_low": {"occ": {"5": 2010.0, "17": 2011.0, "50": 2012.0, "83": 2014.0, "95": 2015.0}, "chrnc": {"5": 2028.0, "17": 2038.0, "50": 2041.0, "83": 2050.0, "95": 2053.0}, "delta": {"5": 16.0, "17": 25.0, "50": 29.0, "83": 38.0, "95": 41.0}}, "int": {"occ": {"5": 2010.0, "17": 2011.0, "50": 2012.0, "83": 2014.0, "95": 2014.0}, "chrnc": {"5": 2023.0, "17": 2025.8300000000002, "50": 2030.0, "83": 2035.0, "95": 2037.0}, "delta": {"5": 10.0, "17": 13.0, "50": 18.0, "83": 23.0, "95": 25.0}}, "int_high": {"occ": {"5": 2010.0, "17": 2011.0, "50": 2012.0, "83": 2014.0, "95": 2014.0}, "chrnc": {"5": 2021.0, "17": 2022.0, "50": 2025.0, "83": 2031.0, "95": 2033.0}, "delta": {"5": 7.9500000000000455, "17": 9.0, "50": 13.0, "83": 18.0, "95": 21.0}}, "kopp": {"occ": {"5": 2010.0, "17": 2011.0, "50": 2013.0, "83": 2014.0, "95": 2016.0}, "chrnc": {"5": 2026.0, "17": 2034.0, "50": 2039.0, "83": 2047.0, "95": 2052.0}, "delta": {"5": 14.0, "17": 20.0, "50": 26.0, "83": 33.0, "95": 39.0}}}