{"int_low": {"occ": {"5": 2034.0, "17": 2038.0, "50": 2042.0, "83": 2047.0, "95": 2050.0}, "chrnc": {"5": 2079.0, "17": 2082.0, "50": 2087.0, "83": 2092.0, "95": 2095.0}, "delta": {"5": 34.0, "17": 39.0, "50": 45.0, "83": 52.0, "95": 56.0}}, "int": {"occ": {"5": 2026.0, "17": 2028.0, "50": 2031.0, "83": 2034.0, "95": 2036.0}, "chrnc": {"5": 2053.0, "17": 2054.0, "50": 2057.0, "83": 2059.0, "95": 2060.0499999999993}, "delta": {"5": 20.0, "17": 22.0, "50": 25.0, "83": 29.0, "95": 32.0}}, "int_high": {"occ": {"5": 2021.0, "17": 2023.0, "50": 2026.0, "83": 2028.0, "95": 2029.0499999999993}, "chrnc": {"5": 2043.0, "17": 2044.0, "50": 2046.0, "83": 2048.0, "95": 2049.0}, "delta": {"5": 16.0, "17": 18.0, "50": 21.0, "83": 24.0, "95": 26.0}}, "kopp": {"occ": {"5": 2034.0, "17": 2037.0, "50": 2042.0, "83": 2049.0, "95": 2054.0}, "chrnc": {"5": 2060.0, "17": 2066.0, "50": 2074.0, "83": 2085.0, "95": 2094.0}, "delta": {"5": 21.0, "17": 26.0, "50": 32.0, "83": 40.0, "95": 46.0}}}