{"int_low": {"occ": {"5": 2025.0, "17": 2029.0, "50": 2034.0, "83": 2038.0, "95": 2040.0499999999993}, "chrnc": {"5": 2054.0, "17": 2056.0, "50": 2059.0, "83": 2066.0, "95": 2070.0}, "delta": {"5": 17.0, "17": 20.0, "50": 26.0, "83": 34.0, "95": 38.04999999999927}}, "int": {"occ": {"5": 2022.0, "17": 2024.0, "50": 2028.0, "83": 2032.0, "95": 2035.0}, "chrnc": {"5": 2041.0, "17": 2043.0, "50": 2047.0, "83": 2050.0, "95": 2052.0}, "delta": {"5": 11.0, "17": 14.0, "50": 18.0, "83": 24.0, "95": 27.049999999999272}}, "int_high": {"occ": {"5": 2019.0, "17": 2022.0, "50": 2024.0, "83": 2027.0, "95": 2031.0}, "chrnc": {"5": 2037.0, "17": 2039.0, "50": 2040.0, "83": 2042.0, "95": 2044.0}, "delta": {"5": 9.0, "17": 12.0, "50": 16.0, "83": 20.0, "95": 23.0}}, "kopp": {"occ": {"5": 2025.0, "17": 2028.0, "50": 2034.0, "83": 2038.0, "95": 2042.0}, "chrnc": {"5": 2045.0, "17": 2049.0, "50": 2055.0, "83": 2060.0, "95": 2067.0}, "delta": {"5": 11.0, "17": 15.0, "50": 21.0, "83": 28.0, "95": 33.0}}}