{"int_low": {"occ": {"5": 2010.95, "17": 2012.0, "50": 2016.0, "83": 2022.0, "95": 2026.0}, "chrnc": {"5": 2049.0, "17": 2052.0, "50": 2057.0, "83": 2061.0, "95": 2065.0}, "delta": {"5": 28.0, "17": 33.0, "50": 40.0, "83": 46.0, "95": 50.0}}, "int": {"occ": {"5": 2011.0, "17": 2013.0, "50": 2014.0, "83": 2015.0, "95": 2018.0499999999993}, "chrnc": {"5": 2033.0, "17": 2034.8300000000002, "50": 2038.0, "83": 2041.0, "95": 2043.0}, "delta": {"5": 18.0, "17": 20.0, "50": 24.0, "83": 27.0, "95": 30.0}}, "int_high": {"occ": {"5": 2010.0, "17": 2013.0, "50": 2014.0, "83": 2015.0, "95": 2015.0}, "chrnc": {"5": 2025.0, "17": 2027.0, "50": 2029.0, "83": 2031.0, "95": 2032.0}, "delta": {"5": 11.0, "17": 13.0, "50": 15.0, "83": 18.0, "95": 20.0}}, "kopp": {"occ": {"5": 2010.0, "17": 2012.0, "50": 2019.0, "83": 2026.0, "95": 2031.0}, "chrnc": {"5": 2045.0, "17": 2049.0, "50": 2056.0, "83": 2066.0, "95": 2075.0}, "delta": {"5": 24.0, "17": 29.0, "50": 37.0, "83": 47.0, "95": 56.0}}}