{"int_low": {"occ": {"5": 2028.0, "17": 2030.0, "50": 2035.0, "83": 2041.0, "95": 2044.0}, "chrnc": {"5": 2083.0, "17": 2086.0, "50": 2092.0, "83": 2098.0, "95": 2100.0}, "delta": {"5": 44.0, "17": 49.0, "50": 57.0, "83": 64.0, "95": 69.0}}, "int": {"occ": {"5": 2015.0, "17": 2019.0, "50": 2024.0, "83": 2027.0, "95": 2029.0}, "chrnc": {"5": 2049.0, "17": 2050.0, "50": 2052.0, "83": 2056.17, "95": 2058.0}, "delta": {"5": 22.950000000000045, "17": 25.0, "50": 30.0, "83": 34.17000000000007, "95": 40.0}}, "int_high": {"occ": {"5": 2010.0, "17": 2012.0, "50": 2016.0, "83": 2019.0, "95": 2023.0}, "chrnc": {"5": 2037.0, "17": 2039.0, "50": 2042.0, "83": 2044.0, "95": 2045.0}, "delta": {"5": 19.0, "17": 22.0, "50": 26.0, "83": 30.0, "95": 33.0}}, "kopp": {"occ": {"5": 2029.0, "17": 2032.0, "50": 2038.0, "83": 2045.0, "95": 2052.0}, "chrnc": {"5": 2063.0, "17": 2068.0, "50": 2078.0, "83": 2089.0, "95": 2097.0}, "delta": {"5": 26.0, "17": 31.0, "50": 40.0, "83": 50.0, "95": 57.0}}}