{"int_low": {"occ": {"5": 2011.0, "17": 2012.0, "50": 2022.0, "83": 2039.0, "95": 2051.0499999999993}, "chrnc": {"5": 2044.0, "17": 2059.0, "50": 2074.0, "83": 2088.0, "95": 2095.0}, "delta": {"5": 10.0, "17": 28.0, "50": 49.0, "83": 67.0, "95": 78.0}}, "int": {"occ": {"5": 2010.0, "17": 2011.0, "50": 2015.0, "83": 2025.0, "95": 2032.0}, "chrnc": {"5": 2026.0, "17": 2037.8300000000002, "50": 2046.0, "83": 2054.0, "95": 2059.0}, "delta": {"5": 6.0, "17": 16.0, "50": 29.0, "83": 39.0, "95": 44.0}}, "int_high": {"occ": {"5": 2010.0, "17": 2011.0, "50": 2013.0, "83": 2021.0, "95": 2029.0}, "chrnc": {"5": 2017.0, "17": 2018.0, "50": 2036.0, "83": 2042.0, "95": 2046.0499999999993}, "delta": {"5": -2.0, "17": 5.0, "50": 20.0, "83": 28.0, "95": 33.0}}, "kopp": {"occ": {"5": 2010.0, "17": 2011.0, "50": 2018.0, "83": 2033.0, "95": 2043.0}, "chrnc": {"5": 2033.0, "17": 2044.0, "50": 2057.0, "83": 2073.0, "95": 2087.0}, "delta": {"5": 8.0, "17": 20.0, "50": 36.0, "83": 52.0, "95": 65.0}}}