{"int_low": {"occ": {"5": 2014.0, "17": 2017.0, "50": 2025.0, "83": 2032.0, "95": 2037.0}, "chrnc": {"5": 2063.0, "17": 2068.0, "50": 2076.0, "83": 2085.0, "95": 2091.0}, "delta": {"5": 33.950000000000045, "17": 41.0, "50": 51.0, "83": 62.0, "95": 69.0}}, "int": {"occ": {"5": 2013.0, "17": 2014.0, "50": 2017.0, "83": 2023.0, "95": 2026.0}, "chrnc": {"5": 2042.0, "17": 2045.0, "50": 2049.0, "83": 2052.0, "95": 2055.0}, "delta": {"5": 20.0, "17": 24.0, "50": 30.0, "83": 35.17000000000007, "95": 39.0}}, "int_high": {"occ": {"5": 2012.0, "17": 2012.0, "50": 2013.0, "83": 2018.0, "95": 2021.0}, "chrnc": {"5": 2032.0, "17": 2034.0, "50": 2037.0, "83": 2040.0, "95": 2043.0}, "delta": {"5": 15.0, "17": 18.0, "50": 23.0, "83": 27.0, "95": 29.049999999999272}}, "kopp": {"occ": {"5": 2014.0, "17": 2016.0, "50": 2024.0, "83": 2033.0, "95": 2040.0}, "chrnc": {"5": 2048.0, "17": 2053.0, "50": 2063.0, "83": 2075.0, "95": 2087.0}, "delta": {"5": 23.0, "17": 29.0, "50": 39.0, "83": 49.0, "95": 59.0}}}