{"int_low": {"occ": {"5": 2040.0, "17": 2042.0, "50": 2047.0, "83": 2052.0, "95": 2054.0}, "chrnc": {"5": 2076.0, "17": 2079.0, "50": 2083.0, "83": 2089.0, "95": 2092.0}, "delta": {"5": 26.0, "17": 30.0, "50": 37.0, "83": 43.17000000000007, "95": 47.0}}, "int": {"occ": {"5": 2033.0, "17": 2036.0, "50": 2038.0, "83": 2040.0, "95": 2041.0499999999993}, "chrnc": {"5": 2057.0, "17": 2057.0, "50": 2059.0, "83": 2061.0, "95": 2063.0}, "delta": {"5": 17.0, "17": 19.0, "50": 21.0, "83": 24.0, "95": 28.0}}, "int_high": {"occ": {"5": 2026.0, "17": 2028.0, "50": 2032.0, "83": 2035.0, "95": 2037.0}, "chrnc": {"5": 2046.0, "17": 2048.0, "50": 2051.0, "83": 2053.0, "95": 2054.0}, "delta": {"5": 13.0, "17": 15.0, "50": 19.0, "83": 23.0, "95": 26.0}}}