{"int_low": {"occ": {"5": 2015.0, "17": 2022.0, "50": 2031.0, "83": 2040.0, "95": 2050.0499999999993}, "chrnc": {"5": 2077.0, "17": 2080.0, "50": 2088.0, "83": 2094.0, "95": 2098.0}, "delta": {"5": 36.950000000000045, "17": 44.0, "50": 56.0, "83": 67.0, "95": 74.0}}, "int": {"occ": {"5": 2015.0, "17": 2018.0, "50": 2025.0, "83": 2032.0, "95": 2035.0499999999993}, "chrnc": {"5": 2049.0, "17": 2053.0, "50": 2056.0, "83": 2058.0, "95": 2059.0}, "delta": {"5": 19.0, "17": 23.0, "50": 31.0, "83": 37.17000000000007, "95": 42.0}}, "int_high": {"occ": {"5": 2014.0, "17": 2014.0, "50": 2017.0, "83": 2021.0, "95": 2024.0}, "chrnc": {"5": 2040.0, "17": 2041.0, "50": 2043.0, "83": 2045.0, "95": 2047.0}, "delta": {"5": 18.0, "17": 21.0, "50": 26.0, "83": 29.0, "95": 31.0}}, "kopp": {"occ": {"5": 2015.0, "17": 2020.0, "50": 2029.0, "83": 2037.0, "95": 2048.0}, "chrnc": {"5": 2051.0, "17": 2057.0, "50": 2066.0, "83": 2080.0, "95": 2092.0}, "delta": {"5": 22.0, "17": 28.0, "50": 38.0, "83": 51.0, "95": 62.0}}}