{"int_low": {"occ": {"5": 2044.0, "17": 2051.0, "50": 2060.0, "83": 2070.0, "95": 2073.0}, "chrnc": {"5": 2094.0, "17": 2096.0, "50": 2099.0, "83": 2100.0, "95": 2100.0}, "delta": {"5": 25.0, "17": 29.0, "50": 39.0, "83": 47.0, "95": 53.0}}, "int": {"occ": {"5": 2032.0, "17": 2039.0, "50": 2042.0, "83": 2047.0, "95": 2051.0}, "chrnc": {"5": 2061.0, "17": 2065.0, "50": 2069.0, "83": 2072.0, "95": 2074.0}, "delta": {"5": 15.0, "17": 20.0, "50": 26.0, "83": 31.0, "95": 36.0}}, "int_high": {"occ": {"5": 2026.0, "17": 2030.0, "50": 2035.0, "83": 2038.0, "95": 2039.0499999999993}, "chrnc": {"5": 2050.0, "17": 2053.0, "50": 2055.0, "83": 2057.0, "95": 2058.0}, "delta": {"5": 13.950000000000045, "17": 16.0, "50": 20.0, "83": 26.0, "95": 29.0}}, "kopp": {"occ": {"5": 2038.0, "17": 2042.0, "50": 2050.0, "83": 2060.0, "95": 2072.0}, "chrnc": {"5": 2061.0, "17": 2069.0, "50": 2080.0, "83": 2094.0, "95": 2099.0}, "delta": {"5": 18.0, "17": 23.0, "50": 31.0, "83": 41.0, "95": 48.0}}}