{"int_low": {"occ": {"5": 2045.0, "17": 2048.0, "50": 2055.0, "83": 2058.0, "95": 2062.0}, "chrnc": {"5": 2078.0, "17": 2082.0, "50": 2088.0, "83": 2092.0, "95": 2096.0499999999993}, "delta": {"5": 22.0, "17": 27.0, "50": 34.0, "83": 40.0, "95": 45.04999999999927}}, "int": {"occ": {"5": 2033.0, "17": 2035.0, "50": 2038.0, "83": 2040.0, "95": 2041.0}, "chrnc": {"5": 2050.0, "17": 2052.0, "50": 2055.0, "83": 2057.0, "95": 2058.0}, "delta": {"5": 11.0, "17": 14.0, "50": 17.0, "83": 20.0, "95": 22.0}}, "int_high": {"occ": {"5": 2026.0, "17": 2027.0, "50": 2030.0, "83": 2032.0, "95": 2034.0}, "chrnc": {"5": 2040.0, "17": 2041.0, "50": 2043.0, "83": 2045.0, "95": 2046.0}, "delta": {"5": 8.0, "17": 10.0, "50": 13.0, "83": 16.0, "95": 18.0}}, "kopp": {"occ": {"5": 2042.0, "17": 2046.0, "50": 2053.0, "83": 2061.0, "95": 2068.0}, "chrnc": {"5": 2060.0, "17": 2065.0, "50": 2074.0, "83": 2085.0, "95": 2094.0}, "delta": {"5": 13.0, "17": 16.0, "50": 21.0, "83": 27.0, "95": 32.0}}}