{"int_low": {"occ": {"5": 2017.0, "17": 2021.0, "50": 2028.0, "83": 2034.0, "95": 2037.0}, "chrnc": {"5": 2042.0, "17": 2046.0, "50": 2056.0, "83": 2065.0, "95": 2070.0}, "delta": {"5": 12.0, "17": 19.0, "50": 28.0, "83": 38.0, "95": 44.04999999999927}}, "int": {"occ": {"5": 2016.0, "17": 2017.0, "50": 2022.0, "83": 2028.0, "95": 2032.0}, "chrnc": {"5": 2035.0, "17": 2038.0, "50": 2042.0, "83": 2047.0, "95": 2051.0}, "delta": {"5": 8.950000000000045, "17": 13.0, "50": 20.0, "83": 26.0, "95": 30.049999999999272}}, "int_high": {"occ": {"5": 2016.0, "17": 2016.0, "50": 2018.0, "83": 2021.0, "95": 2024.0}, "chrnc": {"5": 2027.0, "17": 2032.0, "50": 2036.0, "83": 2039.0, "95": 2041.0}, "delta": {"5": 8.0, "17": 12.0, "50": 17.0, "83": 21.0, "95": 23.0}}, "kopp": {"occ": {"5": 2017.0, "17": 2021.0, "50": 2027.0, "83": 2034.0, "95": 2037.0}, "chrnc": {"5": 2040.0, "17": 2043.0, "50": 2050.0, "83": 2058.0, "95": 2067.0}, "delta": {"5": 10.0, "17": 15.0, "50": 23.0, "83": 32.0, "95": 38.0}}}