{"int_low": {"occ": {"5": 2039.95, "17": 2048.0, "50": 2057.0, "83": 2068.0, "95": 2079.0}, "chrnc": {"5": 2072.45, "17": 2082.0, "50": 2092.0, "83": 2098.0, "95": 2100.0}, "delta": {"5": 11.450000000000045, "17": 20.0, "50": 33.0, "83": 44.0, "95": 53.0}}, "int": {"occ": {"5": 2029.0, "17": 2033.0, "50": 2039.0, "83": 2045.0, "95": 2049.0}, "chrnc": {"5": 2050.0, "17": 2053.0, "50": 2059.0, "83": 2064.0, "95": 2067.0}, "delta": {"5": 8.0, "17": 12.0, "50": 20.0, "83": 28.0, "95": 33.0}}, "int_high": {"occ": {"5": 2024.0, "17": 2026.0, "50": 2030.0, "83": 2035.0, "95": 2039.0499999999993}, "chrnc": {"5": 2038.0, "17": 2042.0, "50": 2046.0, "83": 2050.0, "95": 2052.0}, "delta": {"5": 6.9500000000000455, "17": 10.0, "50": 16.0, "83": 21.0, "95": 26.0}}, "kopp": {"occ": {"5": 2039.0, "17": 2046.0, "50": 2055.0, "83": 2066.0, "95": 2076.0}, "chrnc": {"5": 2063.0, "17": 2070.0, "50": 2081.0, "83": 2092.0, "95": 2098.0}, "delta": {"5": 9.0, "17": 15.0, "50": 25.0, "83": 36.0, "95": 44.0}}}