{"int_low": {"occ": {"5": 2010.0, "17": 2010.0, "50": 2011.0, "83": 2013.0, "95": 2021.0499999999993}, "chrnc": {"5": 2017.95, "17": 2023.0, "50": 2031.0, "83": 2038.0, "95": 2042.0}, "delta": {"5": 5.0, "17": 10.0, "50": 19.0, "83": 26.0, "95": 30.0}}, "int": {"occ": {"5": 2010.0, "17": 2010.0, "50": 2010.0, "83": 2011.0, "95": 2017.0}, "chrnc": {"5": 2014.0, "17": 2015.0, "50": 2019.0, "83": 2026.0, "95": 2030.0}, "delta": {"5": 2.0, "17": 5.0, "50": 8.0, "83": 15.0, "95": 19.0}}, "int_high": {"occ": {"5": 2010.0, "17": 2010.0, "50": 2010.0, "83": 2011.0, "95": 2012.0}, "chrnc": {"5": 2012.0, "17": 2013.0, "50": 2015.0, "83": 2020.0, "95": 2022.0}, "delta": {"5": 1.0, "17": 2.0, "50": 4.0, "83": 9.0, "95": 11.049999999999272}}, "kopp": {"occ": {"5": 2010.0, "17": 2010.0, "50": 2011.0, "83": 2018.0, "95": 2024.0}, "chrnc": {"5": 2016.0, "17": 2022.0, "50": 2031.0, "83": 2038.0, "95": 2046.0}, "delta": {"5": 4.0, "17": 9.0, "50": 18.0, "83": 26.0, "95": 33.0}}}