{"int_low": {"occ": {"5": 2029.0, "17": 2036.0, "50": 2041.0, "83": 2048.0, "95": 2052.0}, "chrnc": {"5": 2060.0, "17": 2063.0, "50": 2070.0, "83": 2076.0, "95": 2083.0}, "delta": {"5": 15.0, "17": 21.0, "50": 29.0, "83": 37.0, "95": 44.04999999999927}}, "int": {"occ": {"5": 2022.0, "17": 2024.0, "50": 2029.0, "83": 2033.0, "95": 2036.0}, "chrnc": {"5": 2041.0, "17": 2043.0, "50": 2046.0, "83": 2049.0, "95": 2051.0}, "delta": {"5": 8.0, "17": 12.0, "50": 17.0, "83": 22.0, "95": 25.0}}, "int_high": {"occ": {"5": 2019.0, "17": 2020.0, "50": 2022.0, "83": 2025.0, "95": 2027.0}, "chrnc": {"5": 2031.0, "17": 2034.0, "50": 2037.0, "83": 2039.0, "95": 2040.0}, "delta": {"5": 7.0, "17": 10.0, "50": 14.0, "83": 17.0, "95": 19.0}}, "kopp": {"occ": {"5": 2032.0, "17": 2037.0, "50": 2043.0, "83": 2050.0, "95": 2055.0}, "chrnc": {"5": 2051.0, "17": 2057.0, "50": 2064.0, "83": 2073.0, "95": 2082.0}, "delta": {"5": 10.050000000000011, "17": 15.0, "50": 21.0, "83": 29.0, "95": 35.0}}}