{"int_low": {"occ": {"5": 2022.0, "17": 2025.0, "50": 2033.0, "83": 2039.0, "95": 2045.0499999999993}, "chrnc": {"5": 2077.0, "17": 2080.0, "50": 2087.0, "83": 2094.0, "95": 2097.0}, "delta": {"5": 39.950000000000045, "17": 46.0, "50": 54.0, "83": 63.0, "95": 69.0}}, "int": {"occ": {"5": 2016.0, "17": 2016.0, "50": 2022.0, "83": 2028.0, "95": 2032.0}, "chrnc": {"5": 2049.0, "17": 2052.0, "50": 2055.0, "83": 2057.0, "95": 2059.0}, "delta": {"5": 22.0, "17": 26.830000000000155, "50": 32.0, "83": 38.0, "95": 41.0}}, "int_high": {"occ": {"5": 2013.0, "17": 2016.0, "50": 2018.0, "83": 2021.0, "95": 2024.0}, "chrnc": {"5": 2040.0, "17": 2041.0, "50": 2044.0, "83": 2046.0, "95": 2048.0}, "delta": {"5": 19.0, "17": 22.0, "50": 26.0, "83": 29.0, "95": 32.0}}, "kopp": {"occ": {"5": 2020.0, "17": 2025.0, "50": 2033.0, "83": 2041.0, "95": 2051.0}, "chrnc": {"5": 2053.0, "17": 2059.0, "50": 2069.0, "83": 2082.0, "95": 2093.0}, "delta": {"5": 23.0, "17": 28.0, "50": 36.0, "83": 46.0, "95": 55.0}}}