{"int_low": {"occ": {"5": 2016.0, "17": 2023.0, "50": 2031.0, "83": 2039.0, "95": 2043.0}, "chrnc": {"5": 2068.0, "17": 2072.0, "50": 2078.0, "83": 2085.0, "95": 2090.0}, "delta": {"5": 32.0, "17": 39.0, "50": 47.0, "83": 58.0, "95": 64.04999999999927}}, "int": {"occ": {"5": 2014.0, "17": 2015.0, "50": 2019.0, "83": 2026.0, "95": 2029.0}, "chrnc": {"5": 2045.0, "17": 2047.0, "50": 2050.0, "83": 2054.0, "95": 2057.0}, "delta": {"5": 20.0, "17": 24.0, "50": 31.0, "83": 36.0, "95": 40.0}}, "int_high": {"occ": {"5": 2013.0, "17": 2014.0, "50": 2018.0, "83": 2022.0, "95": 2023.0499999999993}, "chrnc": {"5": 2034.0, "17": 2037.0, "50": 2039.0, "83": 2042.0, "95": 2044.0}, "delta": {"5": 14.0, "17": 17.0, "50": 21.0, "83": 25.0, "95": 28.0}}, "kopp": {"occ": {"5": 2016.0, "17": 2023.0, "50": 2031.0, "83": 2040.0, "95": 2046.0}, "chrnc": {"5": 2050.0, "17": 2055.0, "50": 2065.0, "83": 2077.0, "95": 2088.0}, "delta": {"5": 20.0, "17": 25.0, "50": 34.0, "83": 44.0, "95": 52.0}}}