{"int_low": {"occ": {"5": 2043.0, "17": 2045.0, "50": 2050.0, "83": 2055.0, "95": 2059.0}, "chrnc": {"5": 2074.0, "17": 2078.0, "50": 2083.0, "83": 2090.0, "95": 2094.0}, "delta": {"5": 21.0, "17": 26.0, "50": 33.0, "83": 40.0, "95": 46.0}}, "int": {"occ": {"5": 2029.0, "17": 2032.0, "50": 2036.0, "83": 2039.0, "95": 2041.0}, "chrnc": {"5": 2048.0, "17": 2050.0, "50": 2053.0, "83": 2055.0, "95": 2057.0}, "delta": {"5": 10.950000000000045, "17": 13.0, "50": 17.0, "83": 21.0, "95": 25.0}}, "int_high": {"occ": {"5": 2023.0, "17": 2025.0, "50": 2028.0, "83": 2031.0, "95": 2033.0}, "chrnc": {"5": 2039.0, "17": 2041.0, "50": 2042.0, "83": 2044.0, "95": 2046.0}, "delta": {"5": 8.950000000000045, "17": 11.0, "50": 14.0, "83": 18.0, "95": 20.0}}, "kopp": {"occ": {"5": 2036.0, "17": 2040.0, "50": 2046.0, "83": 2055.0, "95": 2064.0}, "chrnc": {"5": 2052.0, "17": 2058.0, "50": 2067.0, "83": 2079.0, "95": 2090.0}, "delta": {"5": 11.0, "17": 15.0, "50": 20.0, "83": 27.0, "95": 33.0}}}