{"int_low": {"occ": {"5": 2078.0, "17": 2081.0, "50": 2087.0, "83": 2094.0, "95": 2097.0}, "chrnc": {"5": NaN, "17": NaN, "50": NaN, "83": NaN, "95": NaN}, "delta": {"5": NaN, "17": NaN, "50": NaN, "83": NaN, "95": NaN}}, "int": {"occ": {"5": 2055.0, "17": 2057.0, "50": 2058.0, "83": 2060.0, "95": 2063.0}, "chrnc": {"5": 2075.0, "17": 2076.0, "50": 2077.0, "83": 2079.0, "95": 2081.0}, "delta": {"5": 14.0, "17": 16.0, "50": 19.0, "83": 21.0, "95": 24.0}}, "int_high": {"occ": {"5": 2043.0, "17": 2044.0, "50": 2046.0, "83": 2049.0, "95": 2051.0}, "chrnc": {"5": 2057.0, "17": 2059.0, "50": 2060.0, "83": 2062.0, "95": 2063.0}, "delta": {"5": 9.950000000000045, "17": 12.0, "50": 15.0, "83": 17.0, "95": 19.0}}, "kopp": {"occ": {"5": 2055.0, "17": 2059.0, "50": 2069.0, "83": 2081.0, "95": 2092.0}, "chrnc": {"5": 2070.0, "17": 2077.0, "50": 2089.0, "83": 2097.0, "95": 2100.0}, "delta": {"5": 13.800000000000011, "17": 17.0, "50": 22.0, "83": 28.0, "95": 32.0}}}