{"int_low": {"occ": {"5": 2023.0, "17": 2027.0, "50": 2032.0, "83": 2037.0, "95": 2041.0}, "chrnc": {"5": 2065.0, "17": 2070.0, "50": 2075.0, "83": 2080.0, "95": 2084.0499999999993}, "delta": {"5": 31.0, "17": 36.0, "50": 43.0, "83": 50.0, "95": 55.0}}, "int": {"occ": {"5": 2019.0, "17": 2021.0, "50": 2024.0, "83": 2027.0, "95": 2030.0}, "chrnc": {"5": 2045.0, "17": 2047.0, "50": 2049.0, "83": 2052.0, "95": 2053.0}, "delta": {"5": 18.0, "17": 21.0, "50": 25.0, "83": 29.0, "95": 31.0}}, "int_high": {"occ": {"5": 2016.0, "17": 2018.0, "50": 2020.0, "83": 2023.0, "95": 2024.0}, "chrnc": {"5": 2035.0, "17": 2037.0, "50": 2039.0, "83": 2041.0, "95": 2043.0}, "delta": {"5": 14.0, "17": 16.0, "50": 20.0, "83": 23.0, "95": 25.0}}, "kopp": {"occ": {"5": 2025.0, "17": 2029.0, "50": 2034.0, "83": 2041.0, "95": 2045.0499999999993}, "chrnc": {"5": 2053.0, "17": 2058.0, "50": 2067.0, "83": 2077.0, "95": 2087.0}, "delta": {"5": 21.0, "17": 25.0, "50": 32.0, "83": 41.0, "95": 48.0}}}