{"int_low": {"occ": {"5": 2010.0, "17": 2012.0, "50": 2013.0, "83": 2016.0, "95": 2020.0}, "chrnc": {"5": 2030.0, "17": 2034.8300000000002, "50": 2040.0, "83": 2044.0, "95": 2047.0}, "delta": {"5": 15.0, "17": 20.0, "50": 26.0, "83": 31.0, "95": 34.0}}, "int": {"occ": {"5": 2010.0, "17": 2011.0, "50": 2013.0, "83": 2014.0, "95": 2018.0}, "chrnc": {"5": 2023.0, "17": 2026.0, "50": 2029.0, "83": 2032.0, "95": 2035.0}, "delta": {"5": 8.0, "17": 12.0, "50": 16.0, "83": 20.0, "95": 22.0}}, "int_high": {"occ": {"5": 2010.0, "17": 2010.0, "50": 2013.0, "83": 2013.0, "95": 2014.0}, "chrnc": {"5": 2019.0, "17": 2021.0, "50": 2024.0, "83": 2026.0, "95": 2027.0499999999993}, "delta": {"5": 6.0, "17": 8.0, "50": 11.0, "83": 14.0, "95": 16.0}}, "kopp": {"occ": {"5": 2010.0, "17": 2013.0, "50": 2013.0, "83": 2018.0, "95": 2021.0}, "chrnc": {"5": 2031.0, "17": 2035.0, "50": 2041.0, "83": 2048.0, "95": 2054.0}, "delta": {"5": 16.0, "17": 20.0, "50": 27.0, "83": 34.0, "95": 39.0}}}