{"int_low": {"occ": {"5": 2010.0, "17": 2011.0, "50": 2013.0, "83": 2019.17, "95": 2032.0}, "chrnc": {"5": 2044.0, "17": 2052.0, "50": 2063.0, "83": 2072.0, "95": 2077.0}, "delta": {"5": 25.950000000000045, "17": 35.0, "50": 48.0, "83": 59.0, "95": 63.04999999999927}}, "int": {"occ": {"5": 2010.0, "17": 2011.0, "50": 2013.0, "83": 2019.0, "95": 2021.0}, "chrnc": {"5": 2030.95, "17": 2038.0, "50": 2042.0, "83": 2049.0, "95": 2052.0499999999993}, "delta": {"5": 16.0, "17": 23.0, "50": 29.0, "83": 35.0, "95": 40.0}}, "int_high": {"occ": {"5": 2010.0, "17": 2011.0, "50": 2013.0, "83": 2013.0, "95": 2019.0}, "chrnc": {"5": 2025.0, "17": 2028.0, "50": 2034.0, "83": 2037.0, "95": 2039.0}, "delta": {"5": 11.0, "17": 15.0, "50": 21.0, "83": 25.0, "95": 27.0}}, "kopp": {"occ": {"5": 2010.0, "17": 2011.0, "50": 2013.0, "83": 2019.0, "95": 2029.0}, "chrnc": {"5": 2033.0, "17": 2040.0, "50": 2049.0, "83": 2063.0, "95": 2075.0}, "delta": {"5": 17.0, "17": 25.0, "50": 35.0, "83": 47.0, "95": 60.0}}}