{"int_low": {"occ": {"5": 2042.0, "17": 2051.0, "50": 2060.0, "83": 2070.0, "95": 2080.0}, "chrnc": {"5": 2075.0, "17": 2085.0, "50": 2092.0, "83": 2099.0, "95": 2100.0}, "delta": {"5": 12.0, "17": 20.0, "50": 31.0, "83": 42.0, "95": 51.0}}, "int": {"occ": {"5": 2030.0, "17": 2034.0, "50": 2040.0, "83": 2046.0, "95": 2049.0}, "chrnc": {"5": 2051.0, "17": 2055.0, "50": 2060.0, "83": 2065.0, "95": 2068.0}, "delta": {"5": 8.0, "17": 12.0, "50": 20.0, "83": 27.0, "95": 33.0}}, "int_high": {"occ": {"5": 2024.0, "17": 2027.8300000000002, "50": 2032.0, "83": 2036.0, "95": 2040.0}, "chrnc": {"5": 2040.0, "17": 2044.0, "50": 2047.0, "83": 2051.0, "95": 2053.0}, "delta": {"5": 6.9500000000000455, "17": 10.0, "50": 16.0, "83": 21.0, "95": 25.0}}, "kopp": {"occ": {"5": 2041.0, "17": 2048.0, "50": 2058.0, "83": 2069.0, "95": 2079.0}, "chrnc": {"5": 2064.0, "17": 2071.0, "50": 2082.0, "83": 2093.0, "95": 2098.0}, "delta": {"5": 9.0, "17": 15.0, "50": 24.0, "83": 34.0, "95": 42.0}}}