{"int_low": {"occ": {"5": 2013.0, "17": 2013.0, "50": 2013.0, "83": 2013.0, "95": 2031.0}, "chrnc": {"5": 2041.0, "17": 2045.0, "50": 2064.0, "83": 2075.0, "95": 2089.0}, "delta": {"5": 26.950000000000045, "17": 32.0, "50": 50.0, "83": 61.0, "95": 76.0}}, "int": {"occ": {"5": 2013.0, "17": 2013.0, "50": 2013.0, "83": 2013.0, "95": 2014.0}, "chrnc": {"5": 2024.0, "17": 2036.8300000000002, "50": 2045.0, "83": 2051.0, "95": 2054.0}, "delta": {"5": 10.0, "17": 21.0, "50": 31.0, "83": 38.0, "95": 41.0}}, "int_high": {"occ": {"5": 2012.0, "17": 2013.0, "50": 2013.0, "83": 2013.0, "95": 2013.0499999999993}, "chrnc": {"5": 2022.0, "17": 2023.0, "50": 2028.0, "83": 2036.0, "95": 2037.0}, "delta": {"5": 9.0, "17": 10.0, "50": 15.0, "83": 23.0, "95": 24.0}}, "kopp": {"occ": {"5": 2013.0, "17": 2013.0, "50": 2013.0, "83": 2013.0, "95": 2016.0}, "chrnc": {"5": 2025.0, "17": 2039.0, "50": 2048.0, "83": 2066.0, "95": 2075.0}, "delta": {"5": 12.0, "17": 26.0, "50": 34.0, "83": 52.0, "95": 61.0}}}