{"int_low": {"occ": {"5": 2012.0, "17": 2012.0, "50": 2025.0, "83": 2034.0, "95": 2039.0}, "chrnc": {"5": 2046.0, "17": 2050.0, "50": 2057.0, "83": 2065.0, "95": 2070.0}, "delta": {"5": 13.0, "17": 21.830000000000155, "50": 33.0, "83": 44.0, "95": 51.0}}, "int": {"occ": {"5": 2011.0, "17": 2012.0, "50": 2019.0, "83": 2025.0, "95": 2029.0}, "chrnc": {"5": 2033.0, "17": 2037.0, "50": 2041.0, "83": 2045.0, "95": 2048.0}, "delta": {"5": 9.0, "17": 15.0, "50": 22.0, "83": 29.0, "95": 33.0}}, "int_high": {"occ": {"5": 2010.0, "17": 2011.0, "50": 2013.5, "83": 2019.0, "95": 2023.0}, "chrnc": {"5": 2027.0, "17": 2030.0, "50": 2033.0, "83": 2037.0, "95": 2039.0}, "delta": {"5": 9.0, "17": 12.830000000000155, "50": 19.0, "83": 24.0, "95": 27.0}}, "kopp": {"occ": {"5": 2012.0, "17": 2016.0, "50": 2024.0, "83": 2033.0, "95": 2040.0}, "chrnc": {"5": 2037.0, "17": 2042.0, "50": 2050.0, "83": 2060.0, "95": 2071.0}, "delta": {"5": 11.0, "17": 17.0, "50": 26.0, "83": 37.0, "95": 46.0}}}