{"int_low": {"occ": {"5": 2015.0, "17": 2020.0, "50": 2029.0, "83": 2037.0, "95": 2045.0499999999993}, "chrnc": {"5": 2076.0, "17": 2079.0, "50": 2086.0, "83": 2093.0, "95": 2097.0}, "delta": {"5": 38.0, "17": 46.0, "50": 57.0, "83": 68.0, "95": 75.0}}, "int": {"occ": {"5": 2014.0, "17": 2016.0, "50": 2021.0, "83": 2031.0, "95": 2033.0}, "chrnc": {"5": 2047.0, "17": 2052.0, "50": 2055.0, "83": 2057.0, "95": 2058.0499999999993}, "delta": {"5": 20.0, "17": 24.0, "50": 33.0, "83": 39.0, "95": 42.0}}, "int_high": {"occ": {"5": 2014.0, "17": 2014.0, "50": 2017.0, "83": 2020.0, "95": 2023.0}, "chrnc": {"5": 2040.0, "17": 2041.0, "50": 2042.0, "83": 2044.0, "95": 2046.0}, "delta": {"5": 18.0, "17": 21.0, "50": 25.0, "83": 28.0, "95": 31.0}}, "kopp": {"occ": {"5": 2015.0, "17": 2018.0, "50": 2027.0, "83": 2036.0, "95": 2043.0}, "chrnc": {"5": 2049.0, "17": 2057.0, "50": 2065.0, "83": 2079.0, "95": 2091.0}, "delta": {"5": 22.0, "17": 28.0, "50": 38.0, "83": 51.0, "95": 63.0}}}