{"int_low": {"occ": {"5": 2010.0, "17": 2012.0, "50": 2013.0, "83": 2013.0, "95": 2019.0}, "chrnc": {"5": 2039.0, "17": 2042.0, "50": 2048.0, "83": 2054.0, "95": 2056.0}, "delta": {"5": 24.950000000000045, "17": 29.0, "50": 35.0, "83": 41.0, "95": 44.0}}, "int": {"occ": {"5": 2010.0, "17": 2011.0, "50": 2013.0, "83": 2013.0, "95": 2019.0}, "chrnc": {"5": 2029.95, "17": 2034.0, "50": 2039.0, "83": 2041.0, "95": 2044.0}, "delta": {"5": 16.0, "17": 21.0, "50": 26.0, "83": 29.0, "95": 31.0}}, "int_high": {"occ": {"5": 2010.0, "17": 2011.0, "50": 2013.0, "83": 2013.0, "95": 2014.0}, "chrnc": {"5": 2025.0, "17": 2028.0, "50": 2033.0, "83": 2036.0, "95": 2038.0}, "delta": {"5": 12.0, "17": 15.830000000000155, "50": 20.0, "83": 24.0, "95": 26.0}}, "kopp": {"occ": {"5": 2010.0, "17": 2011.0, "50": 2013.0, "83": 2013.0, "95": 2019.0}, "chrnc": {"5": 2030.0, "17": 2037.0, "50": 2043.0, "83": 2051.0, "95": 2057.0}, "delta": {"5": 17.0, "17": 23.0, "50": 30.0, "83": 38.0, "95": 44.0}}}