{"int_low": {"occ": {"5": 2042.0, "17": 2045.0, "50": 2057.0, "83": 2068.0, "95": 2072.0}, "chrnc": {"5": 2078.0, "17": 2081.0, "50": 2092.0, "83": 2098.0, "95": 2100.0}, "delta": {"5": 13.0, "17": 22.0, "50": 33.0, "83": 46.0, "95": 53.0}}, "int": {"occ": {"5": 2026.95, "17": 2036.0, "50": 2039.0, "83": 2041.0, "95": 2047.0}, "chrnc": {"5": 2049.0, "17": 2055.0, "50": 2057.0, "83": 2058.0, "95": 2060.0}, "delta": {"5": 7.9500000000000455, "17": 14.0, "50": 18.0, "83": 21.0, "95": 30.0}}, "int_high": {"occ": {"5": 2024.0, "17": 2026.0, "50": 2031.0, "83": 2035.0, "95": 2037.0}, "chrnc": {"5": 2041.0, "17": 2042.0, "50": 2045.0, "83": 2048.0, "95": 2050.0499999999993}, "delta": {"5": 7.0, "17": 9.0, "50": 14.0, "83": 20.0, "95": 23.0}}, "kopp": {"occ": {"5": 2039.0, "17": 2042.0, "50": 2050.0, "83": 2060.0, "95": 2071.0}, "chrnc": {"5": 2056.0, "17": 2060.0, "50": 2072.0, "83": 2085.0, "95": 2095.0}, "delta": {"5": 8.0, "17": 13.0, "50": 21.0, "83": 30.0, "95": 37.0}}}