{"int_low": {"occ": {"5": 2013.0, "17": 2013.0, "50": 2015.0, "83": 2017.0, "95": 2023.0}, "chrnc": {"5": 2030.0, "17": 2033.0, "50": 2037.0, "83": 2041.0, "95": 2044.0499999999993}, "delta": {"5": 12.950000000000045, "17": 17.0, "50": 22.0, "83": 26.0, "95": 30.0}}, "int": {"occ": {"5": 2010.0, "17": 2013.0, "50": 2014.0, "83": 2015.0, "95": 2018.0}, "chrnc": {"5": 2022.0, "17": 2025.0, "50": 2028.0, "83": 2031.0, "95": 2032.0499999999993}, "delta": {"5": 7.0, "17": 10.0, "50": 14.0, "83": 17.0, "95": 19.0}}, "int_high": {"occ": {"5": 2010.0, "17": 2013.0, "50": 2013.0, "83": 2015.0, "95": 2016.0}, "chrnc": {"5": 2018.0, "17": 2020.0, "50": 2023.0, "83": 2025.0, "95": 2027.0}, "delta": {"5": 4.0, "17": 6.0, "50": 9.0, "83": 12.0, "95": 14.0}}, "kopp": {"occ": {"5": 2013.0, "17": 2013.0, "50": 2015.0, "83": 2018.0, "95": 2023.0}, "chrnc": {"5": 2030.0, "17": 2034.0, "50": 2039.0, "83": 2045.0, "95": 2050.0}, "delta": {"5": 14.0, "17": 17.0, "50": 24.0, "83": 30.0, "95": 35.0}}}