{"int_low": {"occ": {"5": 2011.0, "17": 2014.0, "50": 2018.0, "83": 2025.0, "95": 2031.0}, "chrnc": {"5": 2065.0, "17": 2069.0, "50": 2077.0, "83": 2087.0, "95": 2097.0}, "delta": {"5": 39.950000000000045, "17": 48.0, "50": 58.0, "83": 69.0, "95": 80.04999999999927}}, "int": {"occ": {"5": 2012.0, "17": 2012.0, "50": 2013.0, "83": 2022.0, "95": 2025.0}, "chrnc": {"5": 2037.95, "17": 2044.0, "50": 2047.0, "83": 2049.0, "95": 2053.0}, "delta": {"5": 20.0, "17": 24.0, "50": 33.0, "83": 36.0, "95": 40.0}}, "int_high": {"occ": {"5": 2010.0, "17": 2012.0, "50": 2013.0, "83": 2015.0, "95": 2022.0}, "chrnc": {"5": 2030.0, "17": 2032.0, "50": 2035.0, "83": 2040.0, "95": 2042.0499999999993}, "delta": {"5": 13.0, "17": 18.0, "50": 22.0, "83": 27.0, "95": 29.0}}, "kopp": {"occ": {"5": 2010.0, "17": 2014.0, "50": 2020.0, "83": 2031.0, "95": 2041.0}, "chrnc": {"5": 2054.0, "17": 2062.0, "50": 2071.0, "83": 2084.0, "95": 2095.0}, "delta": {"5": 30.0, "17": 38.0, "50": 51.0, "83": 63.0, "95": 74.0}}}