{"int_low": {"occ": {"5": 2011.0, "17": 2011.0, "50": 2023.0, "83": 2035.0, "95": 2047.0}, "chrnc": {"5": 2061.0, "17": 2070.0, "50": 2082.0, "83": 2092.0, "95": 2097.0}, "delta": {"5": 27.0, "17": 40.0, "50": 57.0, "83": 72.0, "95": 81.0}}, "int": {"occ": {"5": 2010.0, "17": 2010.0, "50": 2013.0, "83": 2023.0, "95": 2031.0}, "chrnc": {"5": 2040.0, "17": 2044.0, "50": 2051.0, "83": 2056.0, "95": 2060.0}, "delta": {"5": 16.0, "17": 26.0, "50": 35.5, "83": 43.0, "95": 47.04999999999927}}, "int_high": {"occ": {"5": 2010.0, "17": 2011.0, "50": 2013.0, "83": 2019.0, "95": 2024.0}, "chrnc": {"5": 2030.0, "17": 2036.0, "50": 2041.0, "83": 2044.17, "95": 2048.0}, "delta": {"5": 12.0, "17": 19.830000000000155, "50": 27.0, "83": 32.0, "95": 36.0}}, "kopp": {"occ": {"5": 2010.0, "17": 2011.0, "50": 2019.0, "83": 2032.0, "95": 2040.0}, "chrnc": {"5": 2043.0, "17": 2049.0, "50": 2062.0, "83": 2078.0, "95": 2092.0}, "delta": {"5": 19.0, "17": 29.0, "50": 42.0, "83": 57.0, "95": 70.0}}}