{"int_low": {"occ": {"5": 2041.0, "17": 2043.0, "50": 2048.0, "83": 2052.17, "95": 2055.0}, "chrnc": {"5": 2077.0, "17": 2079.0, "50": 2084.0, "83": 2090.0, "95": 2092.0}, "delta": {"5": 26.0, "17": 30.0, "50": 37.0, "83": 43.0, "95": 47.04999999999927}}, "int": {"occ": {"5": 2035.0, "17": 2037.0, "50": 2038.0, "83": 2040.0, "95": 2042.0}, "chrnc": {"5": 2057.0, "17": 2058.0, "50": 2059.0, "83": 2061.17, "95": 2064.0}, "delta": {"5": 17.0, "17": 19.0, "50": 21.0, "83": 24.0, "95": 27.0}}, "int_high": {"occ": {"5": 2026.0, "17": 2029.0, "50": 2033.0, "83": 2036.0, "95": 2037.0}, "chrnc": {"5": 2047.0, "17": 2048.0, "50": 2052.0, "83": 2053.17, "95": 2055.0}, "delta": {"5": 13.0, "17": 15.0, "50": 19.0, "83": 23.0, "95": 25.049999999999272}}}