{"int_low": {"occ": {"5": 2039.0, "17": 2043.0, "50": 2062.0, "83": 2073.0, "95": 2088.0499999999993}, "chrnc": {"5": 2099.0, "17": 2099.0, "50": 2099.0, "83": 2099.0, "95": 2099.0}, "delta": {"5": 51.0, "17": 51.0, "50": 51.0, "83": 51.0, "95": 51.0}}, "int": {"occ": {"5": 2023.0, "17": 2026.0, "50": 2040.0, "83": 2051.0, "95": 2053.0}, "chrnc": {"5": 2075.0, "17": 2076.0, "50": 2077.0, "83": 2086.0, "95": 2088.0}, "delta": {"5": 24.0, "17": 27.0, "50": 38.0, "83": 51.0, "95": 59.0}}, "int_high": {"occ": {"5": 2021.0, "17": 2023.0, "50": 2028.0, "83": 2035.0, "95": 2036.0499999999993}, "chrnc": {"5": 2056.95, "17": 2057.0, "50": 2058.0, "83": 2060.0, "95": 2063.0}, "delta": {"5": 21.950000000000045, "17": 23.0, "50": 31.0, "83": 35.0, "95": 38.0}}, "kopp": {"occ": {"5": 2024.0, "17": 2038.0, "50": 2047.0, "83": 2061.0, "95": 2073.0}, "chrnc": {"5": 2069.0, "17": 2077.0, "50": 2091.0, "83": 2098.0, "95": 2100.0}, "delta": {"5": 25.0, "17": 31.0, "50": 44.0, "83": 55.0, "95": 66.25}}}