{"int_low": {"occ": {"5": 2011.0, "17": 2013.0, "50": 2013.0, "83": 2020.0, "95": 2032.0499999999993}, "chrnc": {"5": 2065.0, "17": 2075.0, "50": 2086.0, "83": 2095.0, "95": 2099.0}, "delta": {"5": 48.0, "17": 57.0, "50": 70.0, "83": 81.0, "95": 85.0}}, "int": {"occ": {"5": 2010.0, "17": 2013.0, "50": 2013.0, "83": 2014.17, "95": 2023.0}, "chrnc": {"5": 2045.0, "17": 2049.0, "50": 2054.0, "83": 2059.0, "95": 2063.0}, "delta": {"5": 28.0, "17": 34.0, "50": 40.0, "83": 46.0, "95": 50.0}}, "int_high": {"occ": {"5": 2010.0, "17": 2012.0, "50": 2013.0, "83": 2013.0, "95": 2019.0}, "chrnc": {"5": 2036.0, "17": 2039.0, "50": 2042.0, "83": 2046.0, "95": 2048.0}, "delta": {"5": 20.950000000000045, "17": 25.0, "50": 29.0, "83": 33.0, "95": 35.0}}, "kopp": {"occ": {"5": 2011.0, "17": 2013.0, "50": 2013.0, "83": 2019.0, "95": 2029.0}, "chrnc": {"5": 2046.0, "17": 2053.0, "50": 2065.0, "83": 2081.0, "95": 2094.0}, "delta": {"5": 31.0, "17": 38.0, "50": 50.0, "83": 66.0, "95": 78.0}}}