{"int_low": {"occ": {"5": 2021.0, "17": 2028.0, "50": 2036.0, "83": 2044.0, "95": 2051.0}, "chrnc": {"5": 2074.0, "17": 2082.0, "50": 2090.0, "83": 2097.0, "95": 2099.0}, "delta": {"5": 33.0, "17": 43.0, "50": 53.0, "83": 64.0, "95": 71.0}}, "int": {"occ": {"5": 2015.0, "17": 2016.0, "50": 2024.0, "83": 2030.0, "95": 2035.0}, "chrnc": {"5": 2050.0, "17": 2053.0, "50": 2057.0, "83": 2060.0, "95": 2062.0499999999993}, "delta": {"5": 19.0, "17": 25.0, "50": 33.0, "83": 40.0, "95": 45.0}}, "int_high": {"occ": {"5": 2014.0, "17": 2014.0, "50": 2018.0, "83": 2023.0, "95": 2026.0}, "chrnc": {"5": 2038.0, "17": 2041.0, "50": 2045.0, "83": 2047.0, "95": 2049.0}, "delta": {"5": 16.0, "17": 20.0, "50": 26.0, "83": 31.0, "95": 33.04999999999927}}, "kopp": {"occ": {"5": 2022.0, "17": 2029.0, "50": 2036.0, "83": 2044.0, "95": 2052.0}, "chrnc": {"5": 2055.0, "17": 2063.0, "50": 2072.0, "83": 2086.0, "95": 2095.0}, "delta": {"5": 21.0, "17": 27.0, "50": 37.0, "83": 48.0, "95": 57.0}}}