{"int_low": {"occ": {"5": 2012.0, "17": 2013.0, "50": 2013.0, "83": 2013.0, "95": 2031.0}, "chrnc": {"5": 2046.0, "17": 2059.0, "50": 2070.0, "83": 2086.0, "95": 2090.0}, "delta": {"5": 30.950000000000045, "17": 44.0, "50": 55.0, "83": 73.0, "95": 77.0}}, "int": {"occ": {"5": 2011.0, "17": 2013.0, "50": 2013.0, "83": 2013.0, "95": 2016.0}, "chrnc": {"5": 2038.0, "17": 2041.0, "50": 2047.0, "83": 2052.0, "95": 2054.0}, "delta": {"5": 24.0, "17": 28.0, "50": 34.0, "83": 39.0, "95": 41.0}}, "int_high": {"occ": {"5": 2011.0, "17": 2013.0, "50": 2013.0, "83": 2013.0, "95": 2014.0}, "chrnc": {"5": 2026.0, "17": 2035.0, "50": 2038.0, "83": 2040.0, "95": 2043.0}, "delta": {"5": 13.0, "17": 21.0, "50": 25.0, "83": 27.0, "95": 30.049999999999272}}, "kopp": {"occ": {"5": 2011.0, "17": 2013.0, "50": 2013.0, "83": 2013.0, "95": 2021.0}, "chrnc": {"5": 2040.0, "17": 2044.0, "50": 2056.0, "83": 2070.0, "95": 2083.0}, "delta": {"5": 26.0, "17": 30.0, "50": 42.0, "83": 56.0, "95": 68.0}}}