{"int_low": {"occ": {"5": 2044.0, "17": 2057.0, "50": 2064.0, "83": 2072.17, "95": 2079.0999999999985}, "chrnc": {"5": 2096.0, "17": 2097.0, "50": 2100.0, "83": 2100.0, "95": 2100.0}, "delta": {"5": 26.0, "17": 30.0, "50": 38.5, "83": 42.0, "95": 45.0}}, "int": {"occ": {"5": 2035.0, "17": 2040.0, "50": 2044.0, "83": 2050.0, "95": 2054.0}, "chrnc": {"5": 2064.0, "17": 2066.0, "50": 2071.0, "83": 2074.0, "95": 2076.0}, "delta": {"5": 15.0, "17": 19.0, "50": 26.0, "83": 32.0, "95": 36.04999999999927}}, "int_high": {"occ": {"5": 2025.0, "17": 2029.0, "50": 2034.0, "83": 2038.0, "95": 2039.0}, "chrnc": {"5": 2051.0, "17": 2053.0, "50": 2056.0, "83": 2058.0, "95": 2059.0}, "delta": {"5": 15.0, "17": 17.0, "50": 22.0, "83": 27.0, "95": 31.0}}, "kopp": {"occ": {"5": 2037.0, "17": 2042.0, "50": 2051.0, "83": 2065.0, "95": 2077.0}, "chrnc": {"5": 2061.0, "17": 2070.0, "50": 2083.0, "83": 2096.0, "95": 2099.0}, "delta": {"5": 19.0, "17": 24.0, "50": 33.0, "83": 43.0, "95": 50.0}}}