{"int_low": {"occ": {"5": 2010.0, "17": 2012.0, "50": 2015.0, "83": 2020.0, "95": 2032.0499999999993}, "chrnc": {"5": 2039.0, "17": 2041.0, "50": 2048.0, "83": 2054.0, "95": 2057.0499999999993}, "delta": {"5": 14.0, "17": 24.0, "50": 32.0, "83": 40.0, "95": 44.0}}, "int": {"occ": {"5": 2010.0, "17": 2010.0, "50": 2012.0, "83": 2014.0, "95": 2018.0499999999993}, "chrnc": {"5": 2023.0, "17": 2026.0, "50": 2034.0, "83": 2037.0, "95": 2040.0}, "delta": {"5": 9.950000000000045, "17": 14.0, "50": 21.0, "83": 26.0, "95": 28.0}}, "int_high": {"occ": {"5": 2010.0, "17": 2010.0, "50": 2010.0, "83": 2012.0, "95": 2014.0}, "chrnc": {"5": 2019.0, "17": 2022.0, "50": 2027.0, "83": 2032.0, "95": 2034.0}, "delta": {"5": 8.0, "17": 11.0, "50": 15.0, "83": 21.0, "95": 23.0}}, "kopp": {"occ": {"5": 2010.0, "17": 2012.0, "50": 2015.0, "83": 2023.0, "95": 2032.0}, "chrnc": {"5": 2033.0, "17": 2038.0, "50": 2044.0, "83": 2053.0, "95": 2061.0}, "delta": {"5": 12.0, "17": 20.0, "50": 28.0, "83": 37.0, "95": 43.0}}}