{"int_low": {"occ": {"5": 2013.0, "17": 2015.0, "50": 2018.0, "83": 2026.0, "95": 2033.0}, "chrnc": {"5": 2012.0, "17": 2013.0, "50": 2027.0, "83": 2039.0, "95": 2046.0499999999993}, "delta": {"5": -13.0, "17": -5.0, "50": 7.0, "83": 20.0, "95": 28.049999999999272}}, "int": {"occ": {"5": 2014.0, "17": 2015.0, "50": 2016.0, "83": 2019.0, "95": 2023.0}, "chrnc": {"5": 2011.0, "17": 2012.0, "50": 2022.0, "83": 2030.0, "95": 2035.0}, "delta": {"5": -7.0, "17": -4.0, "50": 5.0, "83": 13.0, "95": 19.0}}, "int_high": {"occ": {"5": 2014.0, "17": 2015.0, "50": 2015.0, "83": 2016.0, "95": 2020.0}, "chrnc": {"5": 2010.0, "17": 2011.0, "50": 2017.0, "83": 2023.0, "95": 2028.0}, "delta": {"5": -6.0, "17": -4.0, "50": 2.0, "83": 7.0, "95": 13.0}}, "kopp": {"occ": {"5": 2013.0, "17": 2015.0, "50": 2016.0, "83": 2024.0, "95": 2031.0}, "chrnc": {"5": 2012.0, "17": 2013.0, "50": 2025.0, "83": 2037.0, "95": 2046.0}, "delta": {"5": -11.0, "17": -4.0, "50": 7.0, "83": 18.0, "95": 28.0}}}