{"int_low": {"occ": {"5": 2010.0, "17": 2010.0, "50": 2011.0, "83": 2013.0, "95": 2015.0}, "chrnc": {"5": 2021.0, "17": 2025.0, "50": 2035.0, "83": 2043.0, "95": 2051.0}, "delta": {"5": 8.0, "17": 13.0, "50": 23.0, "83": 32.0, "95": 40.0}}, "int": {"occ": {"5": 2010.0, "17": 2010.0, "50": 2011.0, "83": 2011.0, "95": 2014.0}, "chrnc": {"5": 2016.0, "17": 2017.8300000000002, "50": 2025.0, "83": 2032.0, "95": 2034.0}, "delta": {"5": 5.0, "17": 7.0, "50": 14.0, "83": 20.0, "95": 23.0}}, "int_high": {"occ": {"5": 2010.0, "17": 2010.0, "50": 2011.0, "83": 2011.0, "95": 2013.0499999999993}, "chrnc": {"5": 2016.0, "17": 2016.0, "50": 2019.0, "83": 2023.0, "95": 2028.0}, "delta": {"5": 4.0, "17": 5.0, "50": 8.0, "83": 12.0, "95": 16.0}}, "kopp": {"occ": {"5": 2010.0, "17": 2010.0, "50": 2011.0, "83": 2014.0, "95": 2021.0}, "chrnc": {"5": 2022.0, "17": 2026.0, "50": 2035.0, "83": 2044.0, "95": 2052.0}, "delta": {"5": 8.0, "17": 13.0, "50": 22.0, "83": 31.0, "95": 40.0}}}