{"int_low": {"occ": {"5": 2016.0, "17": 2016.0, "50": 2023.0, "83": 2032.0, "95": 2035.0}, "chrnc": {"5": 2039.0, "17": 2042.0, "50": 2048.0, "83": 2053.0, "95": 2055.0499999999993}, "delta": {"5": 8.0, "17": 14.0, "50": 24.0, "83": 32.0, "95": 37.0}}, "int": {"occ": {"5": 2015.0, "17": 2016.0, "50": 2019.0, "83": 2023.0, "95": 2029.0}, "chrnc": {"5": 2026.0, "17": 2028.0, "50": 2036.0, "83": 2039.0, "95": 2041.0}, "delta": {"5": 4.0, "17": 8.0, "50": 15.0, "83": 21.0, "95": 23.0}}, "int_high": {"occ": {"5": 2012.0, "17": 2014.0, "50": 2015.0, "83": 2019.0, "95": 2021.0}, "chrnc": {"5": 2018.0, "17": 2023.0, "50": 2027.0, "83": 2032.0, "95": 2034.0}, "delta": {"5": 2.9500000000000455, "17": 6.0, "50": 11.0, "83": 16.0, "95": 19.0}}, "kopp": {"occ": {"5": 2016.0, "17": 2016.0, "50": 2021.0, "83": 2031.0, "95": 2035.0}, "chrnc": {"5": 2030.0, "17": 2037.0, "50": 2042.0, "83": 2050.0, "95": 2056.0}, "delta": {"5": 6.0, "17": 12.0, "50": 20.0, "83": 28.0, "95": 34.0}}}