{"int_low": {"occ": {"5": 2011.0, "17": 2013.0, "50": 2021.0, "83": 2033.0, "95": 2042.0}, "chrnc": {"5": 2018.0, "17": 2022.0, "50": 2035.0, "83": 2051.17, "95": 2065.0499999999993}, "delta": {"5": -13.049999999999955, "17": -2.0, "50": 13.0, "83": 32.0, "95": 44.0}}, "int": {"occ": {"5": 2010.0, "17": 2013.0, "50": 2014.0, "83": 2023.0, "95": 2032.0}, "chrnc": {"5": 2012.0, "17": 2016.0, "50": 2025.0, "83": 2034.0, "95": 2039.0}, "delta": {"5": -9.0, "17": -2.0, "50": 8.0, "83": 18.0, "95": 24.0}}, "int_high": {"occ": {"5": 2010.0, "17": 2012.0, "50": 2013.0, "83": 2021.0, "95": 2025.0}, "chrnc": {"5": 2011.0, "17": 2012.0, "50": 2016.0, "83": 2027.0, "95": 2032.0}, "delta": {"5": -10.0, "17": -4.0, "50": 3.0, "83": 12.0, "95": 18.049999999999272}}, "kopp": {"occ": {"5": 2011.0, "17": 2013.0, "50": 2019.0, "83": 2030.0, "95": 2037.0}, "chrnc": {"5": 2015.0, "17": 2020.0, "50": 2030.0, "83": 2042.0, "95": 2054.0}, "delta": {"5": -12.0, "17": -2.0, "50": 10.0, "83": 23.0, "95": 35.0}}}