{"int_low": {"occ": {"5": 2013.0, "17": 2013.0, "50": 2014.0, "83": 2034.17, "95": 2050.0499999999993}, "chrnc": {"5": 2064.0, "17": 2080.0, "50": 2096.0, "83": 2099.0, "95": 2100.0}, "delta": {"5": 35.0, "17": 50.0, "50": 68.0, "83": 85.0, "95": 87.0}}, "int": {"occ": {"5": 2013.0, "17": 2013.0, "50": 2013.0, "83": 2019.0, "95": 2033.0}, "chrnc": {"5": 2044.0, "17": 2048.0, "50": 2060.0, "83": 2070.0, "95": 2073.0}, "delta": {"5": 25.950000000000045, "17": 32.0, "50": 45.0, "83": 55.0, "95": 59.0}}, "int_high": {"occ": {"5": 2013.0, "17": 2013.0, "50": 2013.0, "83": 2016.0, "95": 2019.0}, "chrnc": {"5": 2039.0, "17": 2041.0, "50": 2045.0, "83": 2051.0, "95": 2054.0}, "delta": {"5": 21.0, "17": 26.830000000000155, "50": 31.0, "83": 38.0, "95": 41.0}}, "kopp": {"occ": {"5": 2013.0, "17": 2013.0, "50": 2013.0, "83": 2033.0, "95": 2037.0}, "chrnc": {"5": 2045.0, "17": 2059.0, "50": 2073.0, "83": 2090.0, "95": 2098.0}, "delta": {"5": 28.0, "17": 40.0, "50": 54.0, "83": 71.0, "95": 81.0}}}