{"int_low": {"occ": {"5": 2011.0, "17": 2013.0, "50": 2015.0, "83": 2021.0, "95": 2024.0}, "chrnc": {"5": 2051.0, "17": 2054.0, "50": 2059.0, "83": 2064.0, "95": 2067.0}, "delta": {"5": 31.0, "17": 37.0, "50": 44.0, "83": 49.17000000000007, "95": 53.0}}, "int": {"occ": {"5": 2010.0, "17": 2012.0, "50": 2013.0, "83": 2015.0, "95": 2016.0}, "chrnc": {"5": 2034.95, "17": 2036.0, "50": 2039.0, "83": 2042.0, "95": 2044.0}, "delta": {"5": 20.0, "17": 22.0, "50": 26.0, "83": 29.0, "95": 31.0}}, "int_high": {"occ": {"5": 2010.0, "17": 2012.0, "50": 2013.0, "83": 2015.0, "95": 2015.0}, "chrnc": {"5": 2028.0, "17": 2028.8300000000002, "50": 2030.0, "83": 2031.0, "95": 2033.0}, "delta": {"5": 14.0, "17": 15.0, "50": 17.0, "83": 19.0, "95": 21.0}}, "kopp": {"occ": {"5": 2011.0, "17": 2012.0, "50": 2016.0, "83": 2023.0, "95": 2026.0}, "chrnc": {"5": 2047.0, "17": 2051.0, "50": 2059.0, "83": 2069.0, "95": 2079.0}, "delta": {"5": 28.0, "17": 34.0, "50": 42.0, "83": 52.0, "95": 61.0}}}