{"int_low": {"occ": {"5": 2021.0, "17": 2024.0, "50": 2029.0, "83": 2033.0, "95": 2036.0}, "chrnc": {"5": 2054.0, "17": 2057.0, "50": 2061.0, "83": 2066.0, "95": 2070.0}, "delta": {"5": 23.0, "17": 27.0, "50": 33.0, "83": 39.0, "95": 44.0}}, "int": {"occ": {"5": 2017.0, "17": 2019.0, "50": 2022.0, "83": 2024.0, "95": 2026.0}, "chrnc": {"5": 2037.0, "17": 2039.0, "50": 2041.0, "83": 2044.0, "95": 2046.0}, "delta": {"5": 13.950000000000045, "17": 16.0, "50": 20.0, "83": 24.0, "95": 26.049999999999272}}, "int_high": {"occ": {"5": 2011.0, "17": 2012.0, "50": 2017.0, "83": 2019.0, "95": 2021.0}, "chrnc": {"5": 2030.0, "17": 2032.0, "50": 2034.0, "83": 2036.0, "95": 2037.0}, "delta": {"5": 12.0, "17": 14.0, "50": 17.0, "83": 21.0, "95": 24.0}}, "kopp": {"occ": {"5": 2023.0, "17": 2026.0, "50": 2031.0, "83": 2037.0, "95": 2041.0}, "chrnc": {"5": 2047.0, "17": 2052.0, "50": 2058.0, "83": 2066.0, "95": 2073.0}, "delta": {"5": 16.0, "17": 21.0, "50": 27.0, "83": 34.0, "95": 40.0}}}