{"int_low": {"occ": {"5": 2012.0, "17": 2013.0, "50": 2013.0, "83": 2013.0, "95": 2031.0}, "chrnc": {"5": 2042.0, "17": 2051.0, "50": 2065.0, "83": 2073.0, "95": 2087.0}, "delta": {"5": 27.0, "17": 34.0, "50": 50.0, "83": 60.0, "95": 73.04999999999927}}, "int": {"occ": {"5": 2011.0, "17": 2013.0, "50": 2013.0, "83": 2013.0, "95": 2016.0}, "chrnc": {"5": 2030.8500000000001, "17": 2039.0, "50": 2044.0, "83": 2051.0, "95": 2053.0}, "delta": {"5": 14.0, "17": 25.830000000000155, "50": 31.0, "83": 38.0, "95": 40.0}}, "int_high": {"occ": {"5": 2011.0, "17": 2013.0, "50": 2013.0, "83": 2013.0, "95": 2014.0}, "chrnc": {"5": 2022.95, "17": 2026.0, "50": 2035.0, "83": 2038.0, "95": 2040.0}, "delta": {"5": 9.0, "17": 13.0, "50": 22.0, "83": 25.0, "95": 27.0}}, "kopp": {"occ": {"5": 2011.0, "17": 2013.0, "50": 2013.0, "83": 2013.0, "95": 2020.0}, "chrnc": {"5": 2037.0, "17": 2041.0, "50": 2050.0, "83": 2066.0, "95": 2075.0}, "delta": {"5": 21.0, "17": 28.0, "50": 37.0, "83": 51.0, "95": 61.0}}}