{"int_low": {"occ": {"5": 2016.0, "17": 2016.0, "50": 2021.0, "83": 2031.0, "95": 2034.0499999999993}, "chrnc": {"5": 2040.0, "17": 2043.0, "50": 2049.0, "83": 2054.0, "95": 2058.0}, "delta": {"5": 10.0, "17": 17.0, "50": 26.0, "83": 34.0, "95": 38.0}}, "int": {"occ": {"5": 2013.0, "17": 2015.0, "50": 2018.0, "83": 2021.0, "95": 2024.0499999999993}, "chrnc": {"5": 2026.0, "17": 2030.0, "50": 2035.0, "83": 2038.0, "95": 2040.0}, "delta": {"5": 6.0, "17": 10.0, "50": 16.0, "83": 21.0, "95": 25.0}}, "int_high": {"occ": {"5": 2011.0, "17": 2013.0, "50": 2014.0, "83": 2015.0, "95": 2019.0}, "chrnc": {"5": 2022.0, "17": 2024.0, "50": 2027.0, "83": 2031.0, "95": 2033.0}, "delta": {"5": 7.0, "17": 9.0, "50": 13.0, "83": 17.0, "95": 20.0}}, "kopp": {"occ": {"5": 2016.0, "17": 2016.0, "50": 2020.0, "83": 2029.0, "95": 2034.0}, "chrnc": {"5": 2030.0, "17": 2037.0, "50": 2042.0, "83": 2051.0, "95": 2058.0}, "delta": {"5": 8.0, "17": 13.0, "50": 21.0, "83": 29.0, "95": 36.0}}}