{"int_low": {"occ": {"5": 2021.0, "17": 2025.8300000000002, "50": 2033.0, "83": 2038.0, "95": 2042.0499999999993}, "chrnc": {"5": 2073.0, "17": 2078.0, "50": 2086.0, "83": 2094.0, "95": 2097.0499999999993}, "delta": {"5": 38.0, "17": 44.0, "50": 54.0, "83": 63.0, "95": 70.0}}, "int": {"occ": {"5": 2018.0, "17": 2020.0, "50": 2023.0, "83": 2028.0, "95": 2031.0}, "chrnc": {"5": 2048.0, "17": 2051.0, "50": 2054.0, "83": 2057.0, "95": 2059.0}, "delta": {"5": 21.0, "17": 25.0, "50": 30.0, "83": 35.0, "95": 39.0}}, "int_high": {"occ": {"5": 2011.0, "17": 2015.0, "50": 2019.0, "83": 2022.0, "95": 2024.0}, "chrnc": {"5": 2039.0, "17": 2041.0, "50": 2043.0, "83": 2045.0, "95": 2047.0}, "delta": {"5": 17.0, "17": 20.0, "50": 24.0, "83": 29.0, "95": 33.0}}, "kopp": {"occ": {"5": 2024.0, "17": 2028.0, "50": 2035.0, "83": 2042.0, "95": 2049.0}, "chrnc": {"5": 2057.0, "17": 2063.0, "50": 2073.0, "83": 2086.0, "95": 2095.0}, "delta": {"5": 24.0, "17": 30.0, "50": 38.0, "83": 49.0, "95": 58.0}}}