{"int_low": {"occ": {"5": 2043.0, "17": 2047.0, "50": 2051.0, "83": 2055.0, "95": 2058.0}, "chrnc": {"5": 2063.0, "17": 2067.0, "50": 2072.0, "83": 2076.0, "95": 2079.0}, "delta": {"5": 10.950000000000045, "17": 15.0, "50": 21.0, "83": 26.0, "95": 31.0}}, "int": {"occ": {"5": 2036.0, "17": 2038.0, "50": 2041.0, "83": 2044.0, "95": 2046.0}, "chrnc": {"5": 2050.0, "17": 2052.0, "50": 2055.0, "83": 2057.0, "95": 2058.0}, "delta": {"5": 7.0, "17": 10.0, "50": 13.0, "83": 17.0, "95": 19.0}}, "int_high": {"occ": {"5": 2030.0, "17": 2033.0, "50": 2036.0, "83": 2038.0, "95": 2039.0}, "chrnc": {"5": 2042.0, "17": 2044.0, "50": 2046.0, "83": 2048.0, "95": 2050.0}, "delta": {"5": 5.0, "17": 7.0, "50": 10.0, "83": 13.170000000000073, "95": 16.0}}, "kopp": {"occ": {"5": 2040.0, "17": 2043.0, "50": 2048.0, "83": 2053.0, "95": 2057.0}, "chrnc": {"5": 2055.0, "17": 2058.0, "50": 2063.0, "83": 2070.0, "95": 2075.0}, "delta": {"5": 8.0, "17": 11.0, "50": 15.0, "83": 20.0, "95": 24.0}}}