{"int_low": {"occ": {"5": 2011.0, "17": 2013.0, "50": 2021.0, "83": 2033.0, "95": 2042.0}, "chrnc": {"5": 2014.95, "17": 2020.0, "50": 2033.0, "83": 2049.0, "95": 2060.0}, "delta": {"5": -17.0, "17": -4.169999999999845, "50": 11.0, "83": 28.0, "95": 42.0}}, "int": {"occ": {"5": 2010.0, "17": 2013.0, "50": 2014.0, "83": 2023.0, "95": 2032.0}, "chrnc": {"5": 2011.0, "17": 2015.0, "50": 2023.0, "83": 2032.0, "95": 2038.0}, "delta": {"5": -12.0, "17": -4.0, "50": 6.0, "83": 16.0, "95": 22.0}}, "int_high": {"occ": {"5": 2010.0, "17": 2012.0, "50": 2013.0, "83": 2021.0, "95": 2025.0}, "chrnc": {"5": 2010.0, "17": 2011.0, "50": 2016.0, "83": 2024.0, "95": 2030.0499999999993}, "delta": {"5": -11.0, "17": -5.169999999999845, "50": 2.0, "83": 9.0, "95": 16.0}}, "kopp": {"occ": {"5": 2011.0, "17": 2013.0, "50": 2019.0, "83": 2030.0, "95": 2037.0}, "chrnc": {"5": 2013.0, "17": 2018.0, "50": 2028.0, "83": 2040.0, "95": 2052.0}, "delta": {"5": -14.0, "17": -4.0, "50": 9.0, "83": 22.0, "95": 34.0}}}