{"int_low": {"occ": {"5": 2043.0, "17": 2060.0, "50": 2079.0, "83": 2093.0, "95": 2097.0}, "chrnc": {"5": NaN, "17": NaN, "50": NaN, "83": NaN, "95": NaN}, "delta": {"5": NaN, "17": NaN, "50": NaN, "83": NaN, "95": NaN}}, "int": {"occ": {"5": 2023.0, "17": 2038.0, "50": 2046.0, "83": 2052.0, "95": 2055.0}, "chrnc": {"5": 2079.0, "17": 2081.0, "50": 2089.0, "83": 2093.0, "95": 2095.0}, "delta": {"5": 28.0, "17": 34.0, "50": 43.0, "83": 53.0, "95": 64.04999999999927}}, "int_high": {"occ": {"5": 2022.0, "17": 2023.8300000000002, "50": 2030.0, "83": 2037.0, "95": 2039.0}, "chrnc": {"5": 2059.0, "17": 2061.0, "50": 2064.0, "83": 2069.0, "95": 2070.0}, "delta": {"5": 23.0, "17": 27.0, "50": 34.0, "83": 42.0, "95": 46.0}}, "kopp": {"occ": {"5": 2026.0, "17": 2041.0, "50": 2057.0, "83": 2077.0, "95": 2092.0}, "chrnc": {"5": 2073.0, "17": 2081.0, "50": 2094.0, "83": 2099.0, "95": 2100.0}, "delta": {"5": 26.0, "17": 32.0, "50": 44.0, "83": 56.0, "95": 68.39999999999964}}}