{"int_low": {"occ": {"5": 2037.95, "17": 2040.0, "50": 2048.0, "83": 2054.0, "95": 2058.0}, "chrnc": {"5": 2062.0, "17": 2067.0, "50": 2077.0, "83": 2086.0, "95": 2090.0}, "delta": {"5": 13.0, "17": 19.830000000000155, "50": 29.0, "83": 38.0, "95": 46.0}}, "int": {"occ": {"5": 2026.0, "17": 2031.0, "50": 2037.0, "83": 2040.0, "95": 2043.0}, "chrnc": {"5": 2045.0, "17": 2049.0, "50": 2055.0, "83": 2058.0, "95": 2061.0}, "delta": {"5": 8.0, "17": 13.0, "50": 18.0, "83": 23.0, "95": 28.049999999999272}}, "int_high": {"occ": {"5": 2023.0, "17": 2026.0, "50": 2030.0, "83": 2035.0, "95": 2037.0}, "chrnc": {"5": 2039.0, "17": 2041.0, "50": 2045.0, "83": 2049.0, "95": 2051.0499999999993}, "delta": {"5": 7.0, "17": 10.0, "50": 15.0, "83": 19.0, "95": 23.049999999999272}}, "kopp": {"occ": {"5": 2034.0, "17": 2039.0, "50": 2044.0, "83": 2052.0, "95": 2057.0}, "chrnc": {"5": 2052.0, "17": 2057.0, "50": 2065.0, "83": 2075.0, "95": 2085.0}, "delta": {"5": 9.0, "17": 14.0, "50": 20.0, "83": 28.0, "95": 35.0}}}