{"int_low": {"occ": {"5": 2013.0, "17": 2014.0, "50": 2015.0, "83": 2015.0, "95": 2022.0}, "chrnc": {"5": 2020.0, "17": 2024.0, "50": 2029.0, "83": 2034.0, "95": 2041.0499999999993}, "delta": {"5": 4.9500000000000455, "17": 8.0, "50": 14.0, "83": 20.0, "95": 27.0}}, "int": {"occ": {"5": 2012.0, "17": 2013.0, "50": 2015.0, "83": 2015.0, "95": 2015.0}, "chrnc": {"5": 2012.0, "17": 2018.0, "50": 2021.0, "83": 2024.0, "95": 2026.0}, "delta": {"5": -2.0, "17": 3.0, "50": 6.0, "83": 10.0, "95": 12.0}}, "int_high": {"occ": {"5": 2010.0, "17": 2013.0, "50": 2014.0, "83": 2015.0, "95": 2015.0}, "chrnc": {"5": 2011.0, "17": 2011.0, "50": 2012.0, "83": 2016.0, "95": 2019.0}, "delta": {"5": -4.0, "17": -3.0, "50": -1.0, "83": 3.0, "95": 6.0}}, "kopp": {"occ": {"5": 2013.0, "17": 2014.0, "50": 2015.0, "83": 2015.0, "95": 2023.0}, "chrnc": {"5": 2022.0, "17": 2028.0, "50": 2033.0, "83": 2040.0, "95": 2044.0}, "delta": {"5": 7.0, "17": 12.0, "50": 17.0, "83": 25.0, "95": 29.0}}}