{"int_low": {"occ": {"5": 2014.0, "17": 2015.0, "50": 2023.0, "83": 2035.0, "95": 2039.0}, "chrnc": {"5": 2075.45, "17": 2080.0, "50": 2088.0, "83": 2096.0, "95": 2099.0}, "delta": {"5": 41.0, "17": 51.0, "50": 64.0, "83": 76.0, "95": 81.54999999999927}}, "int": {"occ": {"5": 2012.0, "17": 2014.0, "50": 2020.0, "83": 2028.0, "95": 2033.0}, "chrnc": {"5": 2047.0, "17": 2053.0, "50": 2057.0, "83": 2060.0, "95": 2063.0}, "delta": {"5": 21.0, "17": 28.0, "50": 37.0, "83": 43.0, "95": 47.0}}, "int_high": {"occ": {"5": 2011.0, "17": 2012.0, "50": 2016.0, "83": 2020.0, "95": 2023.0}, "chrnc": {"5": 2040.0, "17": 2042.0, "50": 2044.0, "83": 2047.0, "95": 2050.0}, "delta": {"5": 20.0, "17": 23.830000000000155, "50": 28.0, "83": 32.0, "95": 36.0}}, "kopp": {"occ": {"5": 2014.0, "17": 2014.0, "50": 2021.0, "83": 2033.0, "95": 2038.0}, "chrnc": {"5": 2049.0, "17": 2057.0, "50": 2067.0, "83": 2083.0, "95": 2094.0}, "delta": {"5": 26.0, "17": 34.0, "50": 45.0, "83": 60.0, "95": 71.0}}}