{"int_low": {"occ": {"5": 2030.0, "17": 2037.0, "50": 2041.0, "83": 2046.0, "95": 2051.0}, "chrnc": {"5": 2048.0, "17": 2055.0, "50": 2059.0, "83": 2064.0, "95": 2069.0}, "delta": {"5": 6.0, "17": 10.830000000000155, "50": 18.0, "83": 25.0, "95": 31.0}}, "int": {"occ": {"5": 2024.0, "17": 2026.0, "50": 2031.0, "83": 2035.0, "95": 2037.0}, "chrnc": {"5": 2038.0, "17": 2040.0, "50": 2042.0, "83": 2045.0, "95": 2047.0}, "delta": {"5": 4.0, "17": 7.0, "50": 11.0, "83": 16.0, "95": 20.0}}, "int_high": {"occ": {"5": 2020.0, "17": 2022.0, "50": 2024.0, "83": 2028.0, "95": 2029.0}, "chrnc": {"5": 2030.0, "17": 2032.0, "50": 2035.0, "83": 2037.0, "95": 2038.0}, "delta": {"5": 3.9500000000000455, "17": 6.0, "50": 10.0, "83": 13.0, "95": 16.0}}, "kopp": {"occ": {"5": 2026.0, "17": 2030.0, "50": 2037.0, "83": 2044.0, "95": 2052.0}, "chrnc": {"5": 2039.0, "17": 2042.0, "50": 2050.0, "83": 2059.0, "95": 2069.0}, "delta": {"5": 5.0, "17": 8.0, "50": 13.0, "83": 20.0, "95": 26.0}}}