{"int_low": {"occ": {"5": 2012.0, "17": 2012.0, "50": 2015.0, "83": 2019.0, "95": 2021.0}, "chrnc": {"5": 2040.0, "17": 2042.0, "50": 2047.0, "83": 2052.0, "95": 2054.0}, "delta": {"5": 23.0, "17": 26.0, "50": 32.0, "83": 37.0, "95": 40.0}}, "int": {"occ": {"5": 2010.0, "17": 2013.0, "50": 2013.0, "83": 2014.0, "95": 2017.0}, "chrnc": {"5": 2027.0, "17": 2031.0, "50": 2035.0, "83": 2037.0, "95": 2039.0}, "delta": {"5": 13.0, "17": 17.0, "50": 22.0, "83": 24.0, "95": 26.0}}, "int_high": {"occ": {"5": 2010.0, "17": 2010.0, "50": 2010.0, "83": 2012.0, "95": 2013.0}, "chrnc": {"5": 2022.0, "17": 2024.0, "50": 2027.0, "83": 2030.0, "95": 2032.0}, "delta": {"5": 11.0, "17": 13.0, "50": 16.0, "83": 19.0, "95": 21.049999999999272}}, "kopp": {"occ": {"5": 2012.0, "17": 2012.0, "50": 2016.0, "83": 2020.0, "95": 2025.0}, "chrnc": {"5": 2036.0, "17": 2039.0, "50": 2043.0, "83": 2052.0, "95": 2058.0}, "delta": {"5": 18.950000000000045, "17": 22.0, "50": 27.0, "83": 34.0, "95": 40.0}}}