{"int_low": {"occ": {"5": 2036.0, "17": 2040.0, "50": 2047.0, "83": 2054.0, "95": 2061.0499999999993}, "chrnc": {"5": 2091.0, "17": 2096.0, "50": 2099.0, "83": 2100.0, "95": 2100.0}, "delta": {"5": 39.0, "17": 45.0, "50": 52.0, "83": 59.0, "95": 63.0}}, "int": {"occ": {"5": 2025.0, "17": 2029.0, "50": 2035.0, "83": 2039.0, "95": 2042.0}, "chrnc": {"5": 2064.0, "17": 2067.0, "50": 2070.0, "83": 2072.0, "95": 2075.0}, "delta": {"5": 26.0, "17": 29.830000000000155, "50": 35.0, "83": 40.0, "95": 45.0}}, "int_high": {"occ": {"5": 2020.0, "17": 2024.0, "50": 2028.0, "83": 2032.0, "95": 2035.0}, "chrnc": {"5": 2051.0, "17": 2052.0, "50": 2054.0, "83": 2056.0, "95": 2058.0}, "delta": {"5": 19.0, "17": 22.0, "50": 26.0, "83": 31.0, "95": 35.0}}, "kopp": {"occ": {"5": 2029.0, "17": 2034.0, "50": 2041.0, "83": 2050.0, "95": 2058.0}, "chrnc": {"5": 2062.0, "17": 2070.0, "50": 2081.0, "83": 2093.0, "95": 2099.0}, "delta": {"5": 26.0, "17": 32.0, "50": 40.0, "83": 50.0, "95": 57.0}}}