{"int_low": {"occ": {"5": 2011.0, "17": 2013.0, "50": 2013.0, "83": 2020.0, "95": 2031.0}, "chrnc": {"5": 2021.0, "17": 2028.0, "50": 2041.0, "83": 2053.0, "95": 2062.0}, "delta": {"5": 4.9500000000000455, "17": 11.0, "50": 26.0, "83": 39.0, "95": 48.04999999999927}}, "int": {"occ": {"5": 2010.0, "17": 2013.0, "50": 2013.0, "83": 2014.0, "95": 2023.0}, "chrnc": {"5": 2017.0, "17": 2019.0, "50": 2028.0, "83": 2035.0, "95": 2039.0}, "delta": {"5": 2.9500000000000455, "17": 5.0, "50": 13.0, "83": 22.0, "95": 26.0}}, "int_high": {"occ": {"5": 2010.0, "17": 2012.0, "50": 2013.0, "83": 2013.0, "95": 2019.0}, "chrnc": {"5": 2015.0, "17": 2017.0, "50": 2022.0, "83": 2028.0, "95": 2032.0}, "delta": {"5": 1.0, "17": 4.0, "50": 9.0, "83": 15.0, "95": 20.0}}, "kopp": {"occ": {"5": 2011.0, "17": 2013.0, "50": 2013.0, "83": 2019.0, "95": 2028.0}, "chrnc": {"5": 2018.0, "17": 2023.0, "50": 2033.0, "83": 2046.0, "95": 2059.0}, "delta": {"5": 4.0, "17": 8.0, "50": 19.0, "83": 32.0, "95": 43.0}}}