{"int_low": {"occ": {"5": 2016.0, "17": 2017.0, "50": 2021.0, "83": 2031.0, "95": 2034.0}, "chrnc": {"5": 2043.0, "17": 2046.8300000000002, "50": 2056.0, "83": 2060.0, "95": 2069.0}, "delta": {"5": 15.0, "17": 23.0, "50": 33.0, "83": 41.0, "95": 48.0}}, "int": {"occ": {"5": 2015.0, "17": 2016.0, "50": 2018.0, "83": 2020.0, "95": 2026.0499999999993}, "chrnc": {"5": 2037.0, "17": 2039.0, "50": 2040.0, "83": 2044.0, "95": 2049.0}, "delta": {"5": 15.0, "17": 19.0, "50": 23.0, "83": 26.0, "95": 31.0}}, "int_high": {"occ": {"5": 2014.0, "17": 2015.0, "50": 2017.0, "83": 2019.0, "95": 2020.0499999999993}, "chrnc": {"5": 2027.0, "17": 2033.0, "50": 2036.0, "83": 2037.0, "95": 2038.0}, "delta": {"5": 10.0, "17": 15.0, "50": 18.0, "83": 21.0, "95": 23.0}}, "kopp": {"occ": {"5": 2016.0, "17": 2017.0, "50": 2022.0, "83": 2031.0, "95": 2034.0}, "chrnc": {"5": 2040.0, "17": 2043.0, "50": 2049.0, "83": 2057.0, "95": 2067.0}, "delta": {"5": 14.0, "17": 19.0, "50": 26.0, "83": 34.0, "95": 40.0}}}