{"int_low": {"occ": {"5": 2010.0, "17": 2010.0, "50": 2013.0, "83": 2019.0, "95": 2025.0}, "chrnc": {"5": 2022.0, "17": 2026.0, "50": 2037.0, "83": 2046.17, "95": 2052.0499999999993}, "delta": {"5": 6.9500000000000455, "17": 13.0, "50": 24.0, "83": 33.0, "95": 41.0}}, "int": {"occ": {"5": 2010.0, "17": 2010.0, "50": 2013.0, "83": 2016.0, "95": 2020.0}, "chrnc": {"5": 2020.0, "17": 2023.0, "50": 2029.0, "83": 2035.0, "95": 2037.0}, "delta": {"5": 5.0, "17": 9.0, "50": 16.0, "83": 22.0, "95": 26.0}}, "int_high": {"occ": {"5": 2010.0, "17": 2010.0, "50": 2012.0, "83": 2013.0, "95": 2019.0}, "chrnc": {"5": 2017.0, "17": 2017.0, "50": 2022.0, "83": 2027.0, "95": 2032.0}, "delta": {"5": 2.0, "17": 5.0, "50": 10.0, "83": 15.0, "95": 20.0}}, "kopp": {"occ": {"5": 2010.0, "17": 2010.0, "50": 2013.0, "83": 2019.0, "95": 2023.0}, "chrnc": {"5": 2021.0, "17": 2025.0, "50": 2032.0, "83": 2041.0, "95": 2051.0}, "delta": {"5": 5.0, "17": 11.0, "50": 19.0, "83": 27.0, "95": 37.0}}}