{"int_low": {"occ": {"5": 2012.0, "17": 2013.0, "50": 2015.0, "83": 2016.0, "95": 2020.0}, "chrnc": {"5": 2034.0, "17": 2038.0, "50": 2043.0, "83": 2049.0, "95": 2052.0499999999993}, "delta": {"5": 17.950000000000045, "17": 22.0, "50": 28.0, "83": 34.0, "95": 38.0}}, "int": {"occ": {"5": 2010.0, "17": 2013.0, "50": 2014.0, "83": 2015.0, "95": 2016.0}, "chrnc": {"5": 2025.0, "17": 2028.0, "50": 2031.0, "83": 2034.0, "95": 2036.0}, "delta": {"5": 10.0, "17": 13.0, "50": 17.0, "83": 21.0, "95": 23.0}}, "int_high": {"occ": {"5": 2010.0, "17": 2012.0, "50": 2013.0, "83": 2015.0, "95": 2016.0}, "chrnc": {"5": 2020.0, "17": 2022.0, "50": 2025.0, "83": 2027.0, "95": 2029.0}, "delta": {"5": 6.0, "17": 8.0, "50": 11.0, "83": 14.0, "95": 16.0}}, "kopp": {"occ": {"5": 2012.0, "17": 2013.0, "50": 2015.0, "83": 2016.0, "95": 2021.0}, "chrnc": {"5": 2034.0, "17": 2038.0, "50": 2044.0, "83": 2051.0, "95": 2058.0}, "delta": {"5": 18.0, "17": 23.0, "50": 29.0, "83": 36.0, "95": 43.0}}}