{"int_low": {"occ": {"5": 2010.0, "17": 2012.0, "50": 2015.0, "83": 2032.0, "95": 2046.0}, "chrnc": {"5": 2018.95, "17": 2040.0, "50": 2061.0, "83": 2076.0, "95": 2088.0}, "delta": {"5": 2.0, "17": 15.0, "50": 39.0, "83": 59.0, "95": 71.0}}, "int": {"occ": {"5": 2010.0, "17": 2012.0, "50": 2013.0, "83": 2023.17, "95": 2031.0}, "chrnc": {"5": 2017.0, "17": 2026.0, "50": 2039.0, "83": 2048.0, "95": 2053.0}, "delta": {"5": 1.0, "17": 8.0, "50": 21.0, "83": 32.0, "95": 39.0}}, "int_high": {"occ": {"5": 2010.0, "17": 2012.0, "50": 2013.0, "83": 2020.0, "95": 2025.0}, "chrnc": {"5": 2018.0, "17": 2023.0, "50": 2032.0, "83": 2037.0, "95": 2041.0499999999993}, "delta": {"5": 1.0, "17": 7.0, "50": 16.0, "83": 23.0, "95": 27.049999999999272}}, "kopp": {"occ": {"5": 2010.0, "17": 2012.0, "50": 2014.0, "83": 2029.0, "95": 2037.0}, "chrnc": {"5": 2017.0, "17": 2030.0, "50": 2047.0, "83": 2062.0, "95": 2076.0}, "delta": {"5": -3.0, "17": 10.0, "50": 28.0, "83": 43.0, "95": 57.0}}}