{"int_low": {"occ": {"5": 2010.0, "17": 2010.0, "50": 2010.0, "83": 2011.0, "95": 2019.0}, "chrnc": {"5": 2035.0, "17": 2041.0, "50": 2049.0, "83": 2056.0, "95": 2062.0}, "delta": {"5": 23.0, "17": 29.0, "50": 38.0, "83": 45.0, "95": 50.0}}, "int": {"occ": {"5": 2010.0, "17": 2010.0, "50": 2010.0, "83": 2011.0, "95": 2012.0}, "chrnc": {"5": 2026.0, "17": 2029.0, "50": 2034.0, "83": 2038.0, "95": 2041.0499999999993}, "delta": {"5": 14.0, "17": 18.0, "50": 23.0, "83": 28.0, "95": 31.0}}, "int_high": {"occ": {"5": 2010.0, "17": 2010.0, "50": 2010.0, "83": 2011.0, "95": 2012.0}, "chrnc": {"5": 2021.0, "17": 2023.0, "50": 2026.0, "83": 2029.0, "95": 2032.0}, "delta": {"5": 10.0, "17": 12.830000000000155, "50": 16.0, "83": 19.0, "95": 22.0}}, "kopp": {"occ": {"5": 2010.0, "17": 2010.0, "50": 2010.0, "83": 2012.0, "95": 2022.0}, "chrnc": {"5": 2033.0, "17": 2038.0, "50": 2045.0, "83": 2055.0, "95": 2064.0}, "delta": {"5": 20.0, "17": 26.0, "50": 34.0, "83": 43.0, "95": 53.0}}}