{"int_low": {"occ": {"5": 2013.0, "17": 2013.0, "50": 2013.0, "83": 2013.0, "95": 2031.0}, "chrnc": {"5": 2039.0, "17": 2043.0, "50": 2062.0, "83": 2073.0, "95": 2088.0499999999993}, "delta": {"5": 13.0, "17": 30.0, "50": 47.0, "83": 60.0, "95": 75.0}}, "int": {"occ": {"5": 2013.0, "17": 2013.0, "50": 2013.0, "83": 2013.0, "95": 2014.0}, "chrnc": {"5": 2023.0, "17": 2026.0, "50": 2040.0, "83": 2051.0, "95": 2053.0}, "delta": {"5": 10.0, "17": 13.0, "50": 27.0, "83": 38.0, "95": 40.0}}, "int_high": {"occ": {"5": 2012.0, "17": 2013.0, "50": 2013.0, "83": 2013.0, "95": 2013.0499999999993}, "chrnc": {"5": 2021.0, "17": 2023.0, "50": 2028.0, "83": 2035.0, "95": 2036.0499999999993}, "delta": {"5": 8.0, "17": 10.0, "50": 15.0, "83": 22.0, "95": 24.0}}, "kopp": {"occ": {"5": 2013.0, "17": 2013.0, "50": 2013.0, "83": 2013.0, "95": 2016.0}, "chrnc": {"5": 2024.0, "17": 2038.0, "50": 2047.0, "83": 2061.0, "95": 2073.0}, "delta": {"5": 11.0, "17": 24.0, "50": 34.0, "83": 46.0, "95": 60.0}}}