{"int_low": {"occ": {"5": 2014.0, "17": 2016.0, "50": 2020.0, "83": 2028.0, "95": 2034.0}, "chrnc": {"5": 2043.0, "17": 2045.0, "50": 2050.0, "83": 2055.0, "95": 2056.0}, "delta": {"5": 14.950000000000045, "17": 21.0, "50": 29.0, "83": 35.0, "95": 39.04999999999927}}, "int": {"occ": {"5": 2012.0, "17": 2013.0, "50": 2015.0, "83": 2018.0, "95": 2020.0}, "chrnc": {"5": 2030.0, "17": 2034.0, "50": 2037.0, "83": 2039.0, "95": 2040.0}, "delta": {"5": 13.0, "17": 17.0, "50": 21.0, "83": 24.0, "95": 26.0}}, "int_high": {"occ": {"5": 2010.0, "17": 2012.0, "50": 2013.0, "83": 2015.0, "95": 2017.0}, "chrnc": {"5": 2023.0, "17": 2025.0, "50": 2028.0, "83": 2032.0, "95": 2034.0}, "delta": {"5": 9.0, "17": 12.0, "50": 15.0, "83": 19.0, "95": 21.0}}, "kopp": {"occ": {"5": 2014.0, "17": 2017.0, "50": 2022.0, "83": 2029.0, "95": 2034.0}, "chrnc": {"5": 2038.0, "17": 2040.0, "50": 2046.0, "83": 2055.0, "95": 2061.0}, "delta": {"5": 13.0, "17": 18.0, "50": 24.0, "83": 31.0, "95": 37.0}}}