{"int_low": {"occ": {"5": 2011.0, "17": 2014.0, "50": 2027.0, "83": 2046.0, "95": 2055.0}, "chrnc": {"5": 2080.0, "17": 2095.0, "50": 2098.0, "83": 2100.0, "95": 2100.0}, "delta": {"5": 29.0, "17": 50.0, "50": 68.0, "83": 84.0, "95": 87.0}}, "int": {"occ": {"5": 2011.0, "17": 2014.0, "50": 2018.0, "83": 2032.0, "95": 2036.0}, "chrnc": {"5": 2060.0, "17": 2062.0, "50": 2067.0, "83": 2074.0, "95": 2076.0}, "delta": {"5": 29.950000000000045, "17": 37.0, "50": 48.0, "83": 57.0, "95": 61.0}}, "int_high": {"occ": {"5": 2011.0, "17": 2013.0, "50": 2015.0, "83": 2020.0, "95": 2032.0}, "chrnc": {"5": 2042.0, "17": 2044.0, "50": 2050.0, "83": 2055.0, "95": 2057.0}, "delta": {"5": 20.0, "17": 26.0, "50": 33.0, "83": 40.0, "95": 43.0}}, "kopp": {"occ": {"5": 2011.0, "17": 2014.0, "50": 2019.0, "83": 2035.0, "95": 2051.0499999999993}, "chrnc": {"5": 2059.0, "17": 2066.0, "50": 2082.0, "83": 2096.0, "95": 2099.0}, "delta": {"5": 31.0, "17": 44.0, "50": 59.0, "83": 74.0, "95": 83.0}}}