{"int_low": {"occ": {"5": 2026.0, "17": 2040.8300000000002, "50": 2050.0, "83": 2067.0, "95": 2071.0}, "chrnc": {"5": 2096.0, "17": 2098.0, "50": 2099.0, "83": 2100.0, "95": 2100.0}, "delta": {"5": 26.0, "17": 34.0, "50": 50.0, "83": 58.0, "95": 75.0}}, "int": {"occ": {"5": 2022.0, "17": 2026.0, "50": 2037.0, "83": 2042.0, "95": 2050.0}, "chrnc": {"5": 2063.0, "17": 2072.0, "50": 2075.0, "83": 2077.0, "95": 2085.0499999999993}, "delta": {"5": 24.0, "17": 31.0, "50": 39.0, "83": 49.0, "95": 54.0}}, "int_high": {"occ": {"5": 2021.0, "17": 2023.0, "50": 2029.0, "83": 2034.0, "95": 2036.0}, "chrnc": {"5": 2054.0, "17": 2055.0, "50": 2057.0, "83": 2059.0, "95": 2061.0}, "delta": {"5": 20.0, "17": 23.0, "50": 29.0, "83": 34.0, "95": 38.0}}, "kopp": {"occ": {"5": 2023.0, "17": 2030.0, "50": 2043.0, "83": 2054.0, "95": 2068.1000000000004}, "chrnc": {"5": 2064.0, "17": 2075.0, "50": 2086.0, "83": 2097.0, "95": 2099.7}, "delta": {"5": 26.0, "17": 32.0, "50": 44.0, "83": 55.0, "95": 65.0}}}