{"int_low": {"occ": {"5": 2037.0, "17": 2045.8300000000002, "50": 2056.0, "83": 2066.0, "95": 2078.0}, "chrnc": {"5": 2072.0, "17": 2081.0, "50": 2091.0, "83": 2098.0, "95": 2100.0}, "delta": {"5": 11.0, "17": 21.0, "50": 33.0, "83": 46.0, "95": 55.0}}, "int": {"occ": {"5": 2028.0, "17": 2032.0, "50": 2037.0, "83": 2044.0, "95": 2047.0}, "chrnc": {"5": 2048.95, "17": 2053.0, "50": 2058.0, "83": 2063.0, "95": 2066.0499999999993}, "delta": {"5": 8.0, "17": 12.0, "50": 21.0, "83": 28.0, "95": 33.0}}, "int_high": {"occ": {"5": 2023.0, "17": 2026.0, "50": 2030.0, "83": 2034.0, "95": 2038.0}, "chrnc": {"5": 2038.0, "17": 2042.0, "50": 2046.0, "83": 2050.0, "95": 2052.0}, "delta": {"5": 7.0, "17": 10.0, "50": 16.0, "83": 22.0, "95": 25.0}}, "kopp": {"occ": {"5": 2038.0, "17": 2045.0, "50": 2054.0, "83": 2065.0, "95": 2075.0}, "chrnc": {"5": 2062.0, "17": 2069.0, "50": 2080.0, "83": 2091.0, "95": 2098.0}, "delta": {"5": 9.0, "17": 15.0, "50": 25.0, "83": 36.0, "95": 45.0}}}