{"int_low": {"occ": {"5": 2010.0, "17": 2010.0, "50": 2012.0, "83": 2024.0, "95": 2034.0499999999993}, "chrnc": {"5": 2010.0, "17": 2011.0, "50": 2013.0, "83": 2027.0, "95": 2035.0}, "delta": {"5": -21.0, "17": -8.0, "50": 2.0, "83": 12.0, "95": 22.0}}, "int": {"occ": {"5": 2010.0, "17": 2010.0, "50": 2011.0, "83": 2018.0, "95": 2021.0}, "chrnc": {"5": 2010.0, "17": 2010.0, "50": 2011.0, "83": 2014.0, "95": 2020.0}, "delta": {"5": -9.0, "17": -1.0, "50": 0.0, "83": 2.0, "95": 8.049999999999272}}, "int_high": {"occ": {"5": 2010.0, "17": 2010.0, "50": 2010.0, "83": 2013.0, "95": 2019.0}, "chrnc": {"5": 2010.0, "17": 2010.0, "50": 2010.0, "83": 2013.0, "95": 2019.0}, "delta": {"5": 0.0, "17": 0.0, "50": 0.0, "83": 0.0, "95": 1.0}}, "kopp": {"occ": {"5": 2010.0, "17": 2010.0, "50": 2012.0, "83": 2020.0, "95": 2033.0}, "chrnc": {"5": 2010.0, "17": 2011.0, "50": 2013.0, "83": 2021.0, "95": 2033.0}, "delta": {"5": -17.0, "17": -8.0, "50": 1.0, "83": 7.0, "95": 18.0}}}