{"int_low": {"occ": {"5": 2057.0, "17": 2061.0, "50": 2067.0, "83": 2074.0, "95": 2081.0}, "chrnc": {"5": 2092.9500000000003, "17": 2095.0, "50": 2099.0, "83": 2100.0, "95": 2100.0}, "delta": {"5": 21.950000000000003, "17": 26.0, "50": 32.0, "83": 39.0, "95": 43.0}}, "int": {"occ": {"5": 2039.0, "17": 2041.0, "50": 2045.0, "83": 2049.0, "95": 2052.0}, "chrnc": {"5": 2059.0, "17": 2061.0, "50": 2065.0, "83": 2069.0, "95": 2071.0}, "delta": {"5": 12.0, "17": 16.0, "50": 20.0, "83": 25.0, "95": 28.0}}, "int_high": {"occ": {"5": 2029.0, "17": 2032.0, "50": 2035.0, "83": 2038.0, "95": 2039.0}, "chrnc": {"5": 2046.0, "17": 2049.0, "50": 2052.0, "83": 2054.0, "95": 2055.0}, "delta": {"5": 10.0, "17": 13.0, "50": 16.0, "83": 20.0, "95": 23.0}}, "kopp": {"occ": {"5": 2049.0, "17": 2055.0, "50": 2063.0, "83": 2073.0, "95": 2083.0}, "chrnc": {"5": 2070.0, "17": 2077.0, "50": 2087.0, "83": 2097.0, "95": 2099.0}, "delta": {"5": 14.0, "17": 19.0, "50": 25.0, "83": 32.0, "95": 37.0}}}