{"int_low": {"occ": {"5": 2010.0, "17": 2011.0, "50": 2015.0, "83": 2019.0, "95": 2022.0499999999993}, "chrnc": {"5": 2027.0, "17": 2030.0, "50": 2036.0, "83": 2041.0, "95": 2044.0}, "delta": {"5": 10.0, "17": 15.0, "50": 21.0, "83": 27.0, "95": 30.049999999999272}}, "int": {"occ": {"5": 2010.0, "17": 2011.0, "50": 2013.0, "83": 2015.0, "95": 2019.0}, "chrnc": {"5": 2019.0, "17": 2022.0, "50": 2026.0, "83": 2029.0, "95": 2032.0}, "delta": {"5": 4.0, "17": 7.0, "50": 12.0, "83": 16.0, "95": 19.0}}, "int_high": {"occ": {"5": 2010.0, "17": 2011.0, "50": 2012.0, "83": 2015.0, "95": 2015.0}, "chrnc": {"5": 2016.0, "17": 2017.0, "50": 2020.0, "83": 2023.0, "95": 2025.0}, "delta": {"5": 2.0, "17": 4.0, "50": 8.0, "83": 11.0, "95": 13.0}}}