{"int_low": {"occ": {"5": 2048.0, "17": 2051.0, "50": 2055.0, "83": 2060.0, "95": 2063.0}, "chrnc": {"5": 2085.0, "17": 2089.0, "50": 2094.0, "83": 2098.0, "95": 2100.0}, "delta": {"5": 28.0, "17": 32.0, "50": 39.0, "83": 44.0, "95": 48.0}}, "int": {"occ": {"5": 2034.0, "17": 2037.0, "50": 2039.0, "83": 2042.0, "95": 2044.0}, "chrnc": {"5": 2054.0, "17": 2056.0, "50": 2058.0, "83": 2061.0, "95": 2062.0}, "delta": {"5": 13.0, "17": 16.0, "50": 19.0, "83": 22.0, "95": 25.0}}, "int_high": {"occ": {"5": 2028.0, "17": 2030.0, "50": 2032.0, "83": 2034.0, "95": 2035.0499999999993}, "chrnc": {"5": 2044.0, "17": 2045.0, "50": 2047.0, "83": 2048.0, "95": 2050.0}, "delta": {"5": 10.950000000000045, "17": 12.0, "50": 15.0, "83": 18.0, "95": 20.0}}}