{"int_low": {"occ": {"5": 2011.0, "17": 2014.0, "50": 2024.5, "83": 2039.0, "95": 2055.0}, "chrnc": {"5": 2080.0, "17": 2096.0, "50": 2098.0, "83": 2100.0, "95": 2100.0}, "delta": {"5": 32.0, "17": 49.0, "50": 70.0, "83": 85.0, "95": 88.0}}, "int": {"occ": {"5": 2011.0, "17": 2013.0, "50": 2016.0, "83": 2032.0, "95": 2036.0}, "chrnc": {"5": 2060.0, "17": 2062.0, "50": 2068.0, "83": 2074.17, "95": 2077.0}, "delta": {"5": 29.950000000000045, "17": 38.0, "50": 50.0, "83": 58.0, "95": 62.0}}, "int_high": {"occ": {"5": 2011.0, "17": 2013.0, "50": 2015.0, "83": 2020.0, "95": 2032.0}, "chrnc": {"5": 2043.0, "17": 2045.0, "50": 2051.0, "83": 2056.0, "95": 2057.0}, "delta": {"5": 20.0, "17": 27.0, "50": 34.0, "83": 41.0, "95": 43.04999999999927}}, "kopp": {"occ": {"5": 2011.0, "17": 2014.0, "50": 2019.0, "83": 2035.0, "95": 2052.0}, "chrnc": {"5": 2060.0, "17": 2066.0, "50": 2083.0, "83": 2096.0, "95": 2099.0}, "delta": {"5": 32.0, "17": 45.0, "50": 61.0, "83": 75.0, "95": 83.0}}}