{"int_low": {"occ": {"5": 2012.0, "17": 2015.0, "50": 2020.0, "83": 2029.0, "95": 2033.0499999999993}, "chrnc": {"5": 2064.0, "17": 2070.0, "50": 2077.5, "83": 2085.0, "95": 2090.0}, "delta": {"5": 40.0, "17": 47.0, "50": 57.0, "83": 66.0, "95": 72.0}}, "int": {"occ": {"5": 2012.0, "17": 2012.0, "50": 2015.0, "83": 2019.0, "95": 2023.0}, "chrnc": {"5": 2043.0, "17": 2046.0, "50": 2050.0, "83": 2053.0, "95": 2055.0}, "delta": {"5": 25.0, "17": 29.0, "50": 34.0, "83": 39.0, "95": 42.0}}, "int_high": {"occ": {"5": 2010.0, "17": 2012.0, "50": 2014.0, "83": 2016.0, "95": 2020.0}, "chrnc": {"5": 2035.0, "17": 2038.0, "50": 2040.0, "83": 2042.0, "95": 2044.0}, "delta": {"5": 19.950000000000045, "17": 22.0, "50": 26.0, "83": 29.0, "95": 31.0}}, "kopp": {"occ": {"5": 2012.0, "17": 2015.0, "50": 2021.0, "83": 2031.0, "95": 2037.0}, "chrnc": {"5": 2047.0, "17": 2054.0, "50": 2063.0, "83": 2076.0, "95": 2088.0}, "delta": {"5": 26.0, "17": 32.0, "50": 41.0, "83": 52.0, "95": 62.0}}}