{"int_low": {"occ": {"5": 2011.95, "17": 2013.0, "50": 2013.0, "83": 2016.0, "95": 2027.0}, "chrnc": {"5": 2038.0, "17": 2047.0, "50": 2062.0, "83": 2077.0, "95": 2089.0}, "delta": {"5": 21.950000000000045, "17": 33.0, "50": 48.0, "83": 62.0, "95": 73.0}}, "int": {"occ": {"5": 2011.0, "17": 2013.0, "50": 2013.0, "83": 2014.0, "95": 2020.0}, "chrnc": {"5": 2025.0, "17": 2031.0, "50": 2040.0, "83": 2047.0, "95": 2052.0}, "delta": {"5": 10.0, "17": 17.0, "50": 26.0, "83": 34.0, "95": 39.0}}, "int_high": {"occ": {"5": 2010.0, "17": 2013.0, "50": 2013.0, "83": 2013.0, "95": 2019.0}, "chrnc": {"5": 2022.0, "17": 2026.0, "50": 2031.0, "83": 2036.0, "95": 2039.0499999999993}, "delta": {"5": 8.0, "17": 12.0, "50": 17.0, "83": 23.0, "95": 26.0}}, "kopp": {"occ": {"5": 2011.0, "17": 2013.0, "50": 2013.0, "83": 2015.0, "95": 2027.0}, "chrnc": {"5": 2027.0, "17": 2036.0, "50": 2048.0, "83": 2065.0, "95": 2082.0}, "delta": {"5": 13.0, "17": 21.0, "50": 34.0, "83": 50.0, "95": 66.0}}}