{"int_low": {"occ": {"5": 2010.0, "17": 2010.0, "50": 2011.0, "83": 2012.0, "95": 2019.0}, "chrnc": {"5": 2023.0, "17": 2028.0, "50": 2035.0, "83": 2040.0, "95": 2046.0}, "delta": {"5": 11.0, "17": 16.0, "50": 24.0, "83": 29.0, "95": 34.04999999999927}}, "int": {"occ": {"5": 2010.0, "17": 2010.0, "50": 2011.0, "83": 2011.0, "95": 2012.0}, "chrnc": {"5": 2017.0, "17": 2021.0, "50": 2025.0, "83": 2030.0, "95": 2033.0}, "delta": {"5": 6.0, "17": 10.0, "50": 14.0, "83": 19.0, "95": 22.0}}, "int_high": {"occ": {"5": 2010.0, "17": 2010.0, "50": 2011.0, "83": 2011.0, "95": 2011.0}, "chrnc": {"5": 2015.0, "17": 2016.0, "50": 2019.0, "83": 2022.0, "95": 2025.0}, "delta": {"5": 5.0, "17": 5.0, "50": 8.0, "83": 12.0, "95": 14.0}}, "kopp": {"occ": {"5": 2010.0, "17": 2010.0, "50": 2011.0, "83": 2014.0, "95": 2021.0}, "chrnc": {"5": 2024.0, "17": 2027.0, "50": 2034.0, "83": 2041.0, "95": 2048.0499999999993}, "delta": {"5": 11.0, "17": 15.0, "50": 22.0, "83": 29.0, "95": 36.0}}}