{"int_low": {"occ": {"5": 2020.95, "17": 2030.0, "50": 2049.0, "83": 2069.0, "95": 2081.0}, "chrnc": {"5": 2071.0, "17": 2080.0, "50": 2092.0, "83": 2098.0, "95": 2100.0}, "delta": {"5": 7.0, "17": 21.0, "50": 41.0, "83": 59.0, "95": 72.0}}, "int": {"occ": {"5": 2018.0, "17": 2023.0, "50": 2032.0, "83": 2041.0, "95": 2049.0}, "chrnc": {"5": 2047.0, "17": 2053.0, "50": 2061.0, "83": 2068.0, "95": 2071.0499999999993}, "delta": {"5": 9.0, "17": 17.0, "50": 28.0, "83": 39.0, "95": 46.04999999999927}}, "int_high": {"occ": {"5": 2018.0, "17": 2020.0, "50": 2027.0, "83": 2034.0, "95": 2037.0}, "chrnc": {"5": 2039.0, "17": 2042.0, "50": 2047.0, "83": 2052.0, "95": 2055.0}, "delta": {"5": 6.0, "17": 12.0, "50": 20.0, "83": 28.0, "95": 33.04999999999927}}, "kopp": {"occ": {"5": 2019.0, "17": 2026.0, "50": 2040.0, "83": 2054.0, "95": 2068.0}, "chrnc": {"5": 2053.0, "17": 2060.0, "50": 2073.0, "83": 2088.0, "95": 2097.0}, "delta": {"5": 9.0, "17": 18.0, "50": 32.0, "83": 48.0, "95": 61.0}}}