{"int_low": {"occ": {"5": 2034.0, "17": 2038.0, "50": 2044.0, "83": 2049.0, "95": 2052.0}, "chrnc": {"5": 2075.0, "17": 2082.0, "50": 2088.0, "83": 2094.0, "95": 2098.0}, "delta": {"5": 28.450000000000045, "17": 36.0, "50": 44.0, "83": 52.0, "95": 58.0}}, "int": {"occ": {"5": 2026.0, "17": 2029.0, "50": 2032.0, "83": 2035.0, "95": 2039.0}, "chrnc": {"5": 2052.0, "17": 2054.0, "50": 2056.0, "83": 2059.0, "95": 2062.0}, "delta": {"5": 16.950000000000045, "17": 20.0, "50": 24.0, "83": 29.0, "95": 32.0}}, "int_high": {"occ": {"5": 2018.0, "17": 2021.0, "50": 2025.0, "83": 2028.0, "95": 2031.0}, "chrnc": {"5": 2041.0, "17": 2043.0, "50": 2045.0, "83": 2047.0, "95": 2048.0}, "delta": {"5": 14.0, "17": 16.0, "50": 20.0, "83": 24.0, "95": 27.0}}, "kopp": {"occ": {"5": 2033.0, "17": 2036.0, "50": 2043.0, "83": 2050.0, "95": 2058.0}, "chrnc": {"5": 2056.0, "17": 2063.0, "50": 2071.0, "83": 2083.0, "95": 2093.0}, "delta": {"5": 17.0, "17": 22.0, "50": 29.0, "83": 37.0, "95": 44.0}}}