{"int_low": {"occ": {"5": 2015.0, "17": 2022.0, "50": 2032.0, "83": 2046.0, "95": 2054.0}, "chrnc": {"5": 2079.0, "17": 2083.0, "50": 2093.0, "83": 2098.0, "95": 2100.0}, "delta": {"5": 33.0, "17": 44.0, "50": 59.0, "83": 71.0, "95": 78.0}}, "int": {"occ": {"5": 2015.0, "17": 2017.0, "50": 2022.0, "83": 2032.0, "95": 2035.0}, "chrnc": {"5": 2050.95, "17": 2055.0, "50": 2058.0, "83": 2061.0, "95": 2064.0}, "delta": {"5": 22.0, "17": 27.0, "50": 36.0, "83": 42.0, "95": 46.0}}, "int_high": {"occ": {"5": 2014.0, "17": 2014.0, "50": 2018.0, "83": 2022.0, "95": 2031.0}, "chrnc": {"5": 2041.0, "17": 2042.0, "50": 2045.0, "83": 2049.0, "95": 2051.0}, "delta": {"5": 15.950000000000045, "17": 22.0, "50": 27.0, "83": 32.0, "95": 35.0}}, "kopp": {"occ": {"5": 2015.0, "17": 2019.0, "50": 2028.0, "83": 2037.0, "95": 2051.0}, "chrnc": {"5": 2052.0, "17": 2059.0, "50": 2070.0, "83": 2086.0, "95": 2095.8999999999996}, "delta": {"5": 23.0, "17": 30.0, "50": 42.0, "83": 55.0, "95": 66.0}}}