{"int_low": {"occ": {"5": 2019.0, "17": 2025.0, "50": 2038.0, "83": 2051.0, "95": 2058.0}, "chrnc": {"5": 2092.0, "17": 2095.0, "50": 2097.0, "83": 2100.0, "95": 2100.0}, "delta": {"5": 37.0, "17": 51.0, "50": 62.0, "83": 73.0, "95": 81.64999999999986}}, "int": {"occ": {"5": 2017.0, "17": 2017.0, "50": 2026.0, "83": 2034.0, "95": 2037.0}, "chrnc": {"5": 2061.95, "17": 2066.0, "50": 2070.0, "83": 2074.0, "95": 2078.0}, "delta": {"5": 30.0, "17": 36.0, "50": 44.0, "83": 53.0, "95": 57.04999999999927}}, "int_high": {"occ": {"5": 2014.0, "17": 2015.0, "50": 2020.0, "83": 2027.0, "95": 2032.0}, "chrnc": {"5": 2048.0, "17": 2051.0, "50": 2054.0, "83": 2056.0, "95": 2059.0}, "delta": {"5": 20.0, "17": 26.0, "50": 33.0, "83": 39.0, "95": 42.0}}, "kopp": {"occ": {"5": 2017.0, "17": 2022.0, "50": 2032.0, "83": 2044.0, "95": 2056.0}, "chrnc": {"5": 2061.0, "17": 2069.0, "50": 2082.0, "83": 2095.0, "95": 2099.0}, "delta": {"5": 31.0, "17": 39.0, "50": 51.0, "83": 63.0, "95": 72.0}}}