{"int_low": {"occ": {"5": 2010.0, "17": 2010.0, "50": 2013.0, "83": 2014.0, "95": 2023.0}, "chrnc": {"5": 2041.0, "17": 2046.0, "50": 2057.0, "83": 2068.0, "95": 2072.0}, "delta": {"5": 24.0, "17": 32.0, "50": 44.0, "83": 55.0, "95": 60.0}}, "int": {"occ": {"5": 2010.0, "17": 2010.0, "50": 2012.0, "83": 2013.0, "95": 2019.0}, "chrnc": {"5": 2026.0, "17": 2030.0, "50": 2039.0, "83": 2043.0, "95": 2049.0}, "delta": {"5": 13.0, "17": 18.0, "50": 27.0, "83": 31.0, "95": 37.0}}, "int_high": {"occ": {"5": 2010.0, "17": 2010.0, "50": 2011.0, "83": 2013.0, "95": 2016.0999999999985}, "chrnc": {"5": 2024.0, "17": 2026.0, "50": 2032.0, "83": 2036.0, "95": 2037.0}, "delta": {"5": 11.950000000000045, "17": 15.0, "50": 20.0, "83": 24.0, "95": 26.0}}, "kopp": {"occ": {"5": 2010.0, "17": 2011.0, "50": 2013.0, "83": 2018.0, "95": 2021.0}, "chrnc": {"5": 2030.0, "17": 2039.0, "50": 2047.0, "83": 2057.0, "95": 2071.0}, "delta": {"5": 15.0, "17": 25.0, "50": 33.0, "83": 43.0, "95": 55.0}}}