{"int_low": {"occ": {"5": 2015.0, "17": 2018.0, "50": 2024.0, "83": 2031.0, "95": 2035.0}, "chrnc": {"5": 2065.95, "17": 2073.83, "50": 2080.0, "83": 2088.0, "95": 2091.0499999999993}, "delta": {"5": 38.0, "17": 45.0, "50": 56.0, "83": 65.0, "95": 71.0}}, "int": {"occ": {"5": 2012.0, "17": 2012.0, "50": 2015.0, "83": 2020.0, "95": 2023.0}, "chrnc": {"5": 2044.0, "17": 2047.0, "50": 2051.0, "83": 2054.0, "95": 2056.0}, "delta": {"5": 26.0, "17": 30.0, "50": 35.0, "83": 39.17000000000007, "95": 42.0}}, "int_high": {"occ": {"5": 2012.0, "17": 2012.0, "50": 2014.0, "83": 2018.0, "95": 2020.0}, "chrnc": {"5": 2036.0, "17": 2039.0, "50": 2041.0, "83": 2043.0, "95": 2045.0}, "delta": {"5": 19.0, "17": 22.0, "50": 26.0, "83": 29.0, "95": 31.0}}, "kopp": {"occ": {"5": 2014.0, "17": 2017.0, "50": 2024.0, "83": 2033.0, "95": 2038.0}, "chrnc": {"5": 2048.0, "17": 2055.0, "50": 2064.0, "83": 2077.0, "95": 2089.0}, "delta": {"5": 25.0, "17": 31.0, "50": 40.0, "83": 51.0, "95": 62.0}}}