{"int_low": {"occ": {"5": 2010.95, "17": 2011.0, "50": 2018.0, "83": 2027.0, "95": 2033.0}, "chrnc": {"5": 2083.0, "17": 2088.0, "50": 2096.0, "83": 2099.0, "95": 2100.0}, "delta": {"5": 57.450000000000045, "17": 66.0, "50": 77.0, "83": 86.0, "95": 88.0}}, "int": {"occ": {"5": 2010.0, "17": 2011.0, "50": 2013.0, "83": 2022.0, "95": 2027.0499999999993}, "chrnc": {"5": 2052.0, "17": 2057.0, "50": 2060.0, "83": 2064.0, "95": 2067.0}, "delta": {"5": 31.0, "17": 37.0, "50": 45.0, "83": 51.0, "95": 55.0}}, "int_high": {"occ": {"5": 2010.0, "17": 2011.0, "50": 2012.0, "83": 2015.0, "95": 2021.0}, "chrnc": {"5": 2041.0, "17": 2043.0, "50": 2046.0, "83": 2049.0, "95": 2052.0}, "delta": {"5": 23.0, "17": 28.0, "50": 33.0, "83": 37.0, "95": 40.0}}, "kopp": {"occ": {"5": 2010.0, "17": 2011.0, "50": 2014.0, "83": 2025.0, "95": 2034.0}, "chrnc": {"5": 2053.0, "17": 2060.0, "50": 2072.0, "83": 2088.0, "95": 2096.0}, "delta": {"5": 34.0, "17": 42.0, "50": 55.0, "83": 70.0, "95": 80.0}}}