{"int_low": {"occ": {"5": 2010.0, "17": 2014.0, "50": 2019.0, "83": 2027.0, "95": 2034.0}, "chrnc": {"5": 2018.0, "17": 2024.0, "50": 2034.0, "83": 2045.0, "95": 2052.0}, "delta": {"5": -7.0499999999999545, "17": 3.0, "50": 15.0, "83": 27.0, "95": 35.04999999999927}}, "int": {"occ": {"5": 2011.0, "17": 2014.0, "50": 2016.0, "83": 2022.0, "95": 2027.0}, "chrnc": {"5": 2012.0, "17": 2013.0, "50": 2024.0, "83": 2033.0, "95": 2038.0}, "delta": {"5": -10.0, "17": -4.0, "50": 7.0, "83": 15.0, "95": 22.0}}, "int_high": {"occ": {"5": 2014.0, "17": 2015.0, "50": 2016.0, "83": 2016.0, "95": 2021.0}, "chrnc": {"5": 2011.0, "17": 2012.0, "50": 2019.0, "83": 2025.0, "95": 2029.0499999999993}, "delta": {"5": -6.0, "17": -4.0, "50": 3.0, "83": 9.0, "95": 14.0}}, "kopp": {"occ": {"5": 2010.0, "17": 2014.0, "50": 2018.0, "83": 2025.0, "95": 2033.0}, "chrnc": {"5": 2013.0, "17": 2021.0, "50": 2031.0, "83": 2042.0, "95": 2052.0}, "delta": {"5": -7.0, "17": 2.0, "50": 12.0, "83": 24.0, "95": 33.0}}}