{"int_low": {"occ": {"5": 2013.0, "17": 2013.0, "50": 2013.0, "83": 2013.0, "95": 2031.0}, "chrnc": {"5": 2010.0, "17": 2017.0, "50": 2028.0, "83": 2050.0, "95": 2054.0}, "delta": {"5": -3.0, "17": 4.0, "50": 15.0, "83": 36.0, "95": 41.0}}, "int": {"occ": {"5": 2013.0, "17": 2013.0, "50": 2013.0, "83": 2013.0, "95": 2014.0}, "chrnc": {"5": 2010.0, "17": 2017.0, "50": 2028.0, "83": 2034.0, "95": 2035.0}, "delta": {"5": -3.0, "17": 4.0, "50": 15.0, "83": 20.0, "95": 22.049999999999272}}, "int_high": {"occ": {"5": 2012.0, "17": 2013.0, "50": 2013.0, "83": 2013.0, "95": 2013.0499999999993}, "chrnc": {"5": 2010.0, "17": 2014.0, "50": 2016.0, "83": 2020.0, "95": 2032.0}, "delta": {"5": -3.0, "17": 1.0, "50": 3.0, "83": 7.0, "95": 19.0}}, "kopp": {"occ": {"5": 2013.0, "17": 2013.0, "50": 2013.0, "83": 2013.0, "95": 2016.0}, "chrnc": {"5": 2010.0, "17": 2017.0, "50": 2028.0, "83": 2036.0, "95": 2052.0}, "delta": {"5": -3.0, "17": 4.0, "50": 14.0, "83": 23.0, "95": 38.04999999999927}}}