{"int_low": {"occ": {"5": 2044.0, "17": 2049.0, "50": 2055.0, "83": 2062.0, "95": 2066.0}, "chrnc": {"5": 2077.0, "17": 2082.0, "50": 2088.0, "83": 2094.0, "95": 2097.0}, "delta": {"5": 18.0, "17": 24.0, "50": 33.0, "83": 41.0, "95": 47.0}}, "int": {"occ": {"5": 2032.0, "17": 2035.0, "50": 2039.0, "83": 2042.0, "95": 2045.0}, "chrnc": {"5": 2051.0, "17": 2053.0, "50": 2056.0, "83": 2058.0, "95": 2060.0}, "delta": {"5": 9.0, "17": 13.0, "50": 17.0, "83": 21.0, "95": 24.0}}, "int_high": {"occ": {"5": 2024.0, "17": 2028.0, "50": 2031.0, "83": 2033.0, "95": 2036.0}, "chrnc": {"5": 2041.0, "17": 2042.0, "50": 2045.0, "83": 2046.0, "95": 2048.0}, "delta": {"5": 7.9500000000000455, "17": 10.0, "50": 14.0, "83": 17.0, "95": 20.049999999999272}}, "kopp": {"occ": {"5": 2035.0, "17": 2039.0, "50": 2048.0, "83": 2058.0, "95": 2069.0}, "chrnc": {"5": 2051.0, "17": 2057.0, "50": 2068.0, "83": 2082.0, "95": 2093.8999999999996}, "delta": {"5": 11.0, "17": 15.0, "50": 21.0, "83": 29.0, "95": 35.0}}}