{"int_low": {"occ": {"5": 2010.0, "17": 2010.0, "50": 2013.0, "83": 2017.0, "95": 2020.0}, "chrnc": {"5": 2030.95, "17": 2038.0, "50": 2041.0, "83": 2046.0, "95": 2051.0}, "delta": {"5": 15.950000000000045, "17": 22.0, "50": 28.0, "83": 33.0, "95": 39.0}}, "int": {"occ": {"5": 2010.0, "17": 2010.0, "50": 2011.0, "83": 2012.0, "95": 2015.0}, "chrnc": {"5": 2023.0, "17": 2025.0, "50": 2029.0, "83": 2033.0, "95": 2035.0}, "delta": {"5": 11.0, "17": 13.0, "50": 17.0, "83": 22.0, "95": 24.0}}, "int_high": {"occ": {"5": 2010.0, "17": 2010.0, "50": 2011.0, "83": 2011.0, "95": 2013.0499999999993}, "chrnc": {"5": 2020.0, "17": 2021.0, "50": 2023.0, "83": 2025.0, "95": 2027.0}, "delta": {"5": 8.0, "17": 10.0, "50": 12.0, "83": 14.0, "95": 16.049999999999272}}, "kopp": {"occ": {"5": 2010.0, "17": 2010.0, "50": 2013.0, "83": 2018.0, "95": 2020.0}, "chrnc": {"5": 2028.0, "17": 2035.0, "50": 2039.0, "83": 2046.0, "95": 2052.0}, "delta": {"5": 15.0, "17": 20.0, "50": 26.0, "83": 31.0, "95": 38.0}}}