{"int_low": {"occ": {"5": 2010.0, "17": 2012.0, "50": 2013.0, "83": 2016.0, "95": 2020.0}, "chrnc": {"5": 2019.0, "17": 2022.0, "50": 2026.0, "83": 2031.0, "95": 2035.0}, "delta": {"5": 4.0, "17": 7.0, "50": 13.0, "83": 18.0, "95": 22.0}}, "int": {"occ": {"5": 2010.0, "17": 2011.0, "50": 2013.0, "83": 2014.0, "95": 2018.0}, "chrnc": {"5": 2016.0, "17": 2018.0, "50": 2020.0, "83": 2024.0, "95": 2026.0499999999993}, "delta": {"5": 2.0, "17": 5.0, "50": 8.0, "83": 11.0, "95": 14.0}}, "int_high": {"occ": {"5": 2010.0, "17": 2010.0, "50": 2013.0, "83": 2013.0, "95": 2014.0}, "chrnc": {"5": 2012.0, "17": 2014.0, "50": 2016.0, "83": 2018.0, "95": 2020.0}, "delta": {"5": -1.0, "17": 1.8300000000001546, "50": 4.0, "83": 6.0, "95": 9.0}}, "kopp": {"occ": {"5": 2010.0, "17": 2013.0, "50": 2013.0, "83": 2018.0, "95": 2021.0}, "chrnc": {"5": 2021.0, "17": 2024.0, "50": 2029.0, "83": 2035.0, "95": 2040.0}, "delta": {"5": 5.0, "17": 9.0, "50": 15.0, "83": 21.0, "95": 26.0}}}