{"int_low": {"occ": {"5": 2037.0, "17": 2039.0, "50": 2044.0, "83": 2051.0, "95": 2054.0}, "chrnc": {"5": 2061.0, "17": 2064.0, "50": 2071.0, "83": 2076.0, "95": 2085.0}, "delta": {"5": 13.0, "17": 18.0, "50": 26.0, "83": 34.0, "95": 40.04999999999927}}, "int": {"occ": {"5": 2025.0, "17": 2027.0, "50": 2033.0, "83": 2036.0, "95": 2038.0}, "chrnc": {"5": 2043.0, "17": 2046.0, "50": 2050.0, "83": 2054.0, "95": 2055.0}, "delta": {"5": 9.0, "17": 13.0, "50": 18.0, "83": 23.0, "95": 27.0}}, "int_high": {"occ": {"5": 2022.0, "17": 2023.0, "50": 2026.0, "83": 2029.0, "95": 2032.0}, "chrnc": {"5": 2038.0, "17": 2039.0, "50": 2040.0, "83": 2042.0, "95": 2043.0499999999993}, "delta": {"5": 8.0, "17": 11.0, "50": 14.0, "83": 18.0, "95": 20.0}}, "kopp": {"occ": {"5": 2031.0, "17": 2036.0, "50": 2041.0, "83": 2049.0, "95": 2054.0}, "chrnc": {"5": 2049.0, "17": 2055.0, "50": 2061.0, "83": 2071.0, "95": 2079.0}, "delta": {"5": 10.0, "17": 15.0, "50": 20.0, "83": 27.0, "95": 33.0}}}