{"int_low": {"occ": {"5": 2013.0, "17": 2013.0, "50": 2015.0, "83": 2021.0, "95": 2023.0}, "chrnc": {"5": 2052.0, "17": 2055.0, "50": 2061.0, "83": 2067.0, "95": 2074.0}, "delta": {"5": 34.0, "17": 38.0, "50": 45.0, "83": 52.17000000000007, "95": 57.0}}, "int": {"occ": {"5": 2013.0, "17": 2013.0, "50": 2013.0, "83": 2015.0, "95": 2019.0}, "chrnc": {"5": 2033.0, "17": 2036.0, "50": 2040.0, "83": 2043.0, "95": 2044.0}, "delta": {"5": 18.0, "17": 21.0, "50": 26.0, "83": 29.0, "95": 31.0}}, "int_high": {"occ": {"5": 2012.0, "17": 2013.0, "50": 2013.0, "83": 2014.0, "95": 2015.0}, "chrnc": {"5": 2026.0, "17": 2028.0, "50": 2030.0, "83": 2032.0, "95": 2034.0}, "delta": {"5": 12.950000000000045, "17": 14.0, "50": 17.0, "83": 19.0, "95": 21.0}}, "kopp": {"occ": {"5": 2013.0, "17": 2013.0, "50": 2016.0, "83": 2022.0, "95": 2026.0}, "chrnc": {"5": 2047.0, "17": 2052.0, "50": 2060.0, "83": 2069.0, "95": 2078.0}, "delta": {"5": 29.0, "17": 34.0, "50": 43.0, "83": 52.0, "95": 61.0}}}