{"int_low": {"occ": {"5": 2014.0, "17": 2016.8300000000002, "50": 2024.0, "83": 2035.0, "95": 2039.0}, "chrnc": {"5": 2066.0, "17": 2078.0, "50": 2086.0, "83": 2094.0, "95": 2098.0}, "delta": {"5": 40.0, "17": 47.0, "50": 61.0, "83": 72.0, "95": 79.0}}, "int": {"occ": {"5": 2012.0, "17": 2014.0, "50": 2016.0, "83": 2024.0, "95": 2033.0}, "chrnc": {"5": 2044.0, "17": 2048.0, "50": 2054.0, "83": 2057.0, "95": 2059.0}, "delta": {"5": 19.0, "17": 26.0, "50": 35.0, "83": 41.0, "95": 44.0}}, "int_high": {"occ": {"5": 2010.0, "17": 2011.0, "50": 2013.0, "83": 2018.0, "95": 2020.0499999999993}, "chrnc": {"5": 2038.0, "17": 2040.0, "50": 2042.0, "83": 2045.0, "95": 2048.0}, "delta": {"5": 20.0, "17": 24.0, "50": 29.0, "83": 32.0, "95": 35.0}}, "kopp": {"occ": {"5": 2014.0, "17": 2014.0, "50": 2020.0, "83": 2033.0, "95": 2037.0}, "chrnc": {"5": 2046.0, "17": 2055.0, "50": 2065.0, "83": 2080.0, "95": 2093.0}, "delta": {"5": 24.0, "17": 31.0, "50": 43.0, "83": 57.0, "95": 69.0}}}