{"int_low": {"occ": {"5": 2029.0, "17": 2034.0, "50": 2042.0, "83": 2048.0, "95": 2054.0}, "chrnc": {"5": 2059.0, "17": 2065.0, "50": 2072.0, "83": 2080.0, "95": 2085.0}, "delta": {"5": 14.0, "17": 21.0, "50": 31.0, "83": 41.0, "95": 48.0}}, "int": {"occ": {"5": 2021.0, "17": 2025.0, "50": 2030.0, "83": 2036.0, "95": 2039.0}, "chrnc": {"5": 2042.0, "17": 2046.0, "50": 2049.0, "83": 2053.0, "95": 2055.0}, "delta": {"5": 9.0, "17": 12.830000000000155, "50": 19.0, "83": 26.0, "95": 30.0}}, "int_high": {"occ": {"5": 2018.0, "17": 2021.0, "50": 2025.0, "83": 2029.0, "95": 2031.0}, "chrnc": {"5": 2034.0, "17": 2037.0, "50": 2040.0, "83": 2043.0, "95": 2044.0}, "delta": {"5": 6.0, "17": 10.0, "50": 15.0, "83": 20.0, "95": 23.0}}, "kopp": {"occ": {"5": 2025.0, "17": 2030.0, "50": 2038.0, "83": 2047.0, "95": 2054.0499999999993}, "chrnc": {"5": 2045.0, "17": 2050.0, "50": 2059.0, "83": 2071.0, "95": 2083.0}, "delta": {"5": 9.0, "17": 14.0, "50": 22.0, "83": 31.0, "95": 39.0}}}