{"int_low": {"occ": {"5": 2026.0, "17": 2037.0, "50": 2044.0, "83": 2052.0, "95": 2055.0}, "chrnc": {"5": 2076.0, "17": 2080.0, "50": 2086.0, "83": 2093.0, "95": 2096.0}, "delta": {"5": 26.0, "17": 32.0, "50": 42.0, "83": 53.0, "95": 61.0}}, "int": {"occ": {"5": 2022.0, "17": 2024.0, "50": 2030.0, "83": 2034.0, "95": 2036.0499999999993}, "chrnc": {"5": 2045.0, "17": 2050.0, "50": 2055.0, "83": 2057.0, "95": 2058.0}, "delta": {"5": 14.0, "17": 19.0, "50": 24.0, "83": 30.170000000000073, "95": 34.0}}, "int_high": {"occ": {"5": 2020.0, "17": 2021.0, "50": 2023.0, "83": 2028.0, "95": 2033.0}, "chrnc": {"5": 2039.0, "17": 2040.0, "50": 2042.0, "83": 2044.0, "95": 2047.0}, "delta": {"5": 10.0, "17": 14.830000000000155, "50": 19.0, "83": 22.0, "95": 24.0}}, "kopp": {"occ": {"5": 2026.0, "17": 2030.0, "50": 2040.0, "83": 2050.0, "95": 2056.0}, "chrnc": {"5": 2053.0, "17": 2058.0, "50": 2067.0, "83": 2081.0, "95": 2093.0}, "delta": {"5": 15.0, "17": 20.0, "50": 28.0, "83": 37.0, "95": 47.0}}}