{"int_low": {"occ": {"5": 2023.0, "17": 2027.0, "50": 2034.0, "83": 2039.0, "95": 2045.0}, "chrnc": {"5": 2065.0, "17": 2070.0, "50": 2077.0, "83": 2085.0, "95": 2089.0}, "delta": {"5": 28.0, "17": 35.0, "50": 43.0, "83": 52.17000000000007, "95": 59.0}}, "int": {"occ": {"5": 2014.0, "17": 2017.0, "50": 2023.0, "83": 2028.0, "95": 2032.0}, "chrnc": {"5": 2043.95, "17": 2046.0, "50": 2049.0, "83": 2052.0, "95": 2054.0}, "delta": {"5": 16.0, "17": 20.0, "50": 26.0, "83": 32.0, "95": 35.04999999999927}}, "int_high": {"occ": {"5": 2012.0, "17": 2013.0, "50": 2017.0, "83": 2021.0, "95": 2024.0}, "chrnc": {"5": 2035.0, "17": 2037.0, "50": 2039.0, "83": 2041.0, "95": 2043.0}, "delta": {"5": 14.0, "17": 17.0, "50": 22.0, "83": 26.0, "95": 28.0}}, "kopp": {"occ": {"5": 2021.0, "17": 2025.0, "50": 2032.0, "83": 2040.0, "95": 2049.0}, "chrnc": {"5": 2048.0, "17": 2054.0, "50": 2063.0, "83": 2077.0, "95": 2090.0}, "delta": {"5": 19.0, "17": 23.0, "50": 31.0, "83": 41.0, "95": 51.0}}}