{"int_low": {"occ": {"5": 2010.0, "17": 2011.0, "50": 2015.0, "83": 2019.0, "95": 2022.0499999999993}, "chrnc": {"5": 2033.0, "17": 2038.0, "50": 2043.0, "83": 2048.0, "95": 2052.0}, "delta": {"5": 17.0, "17": 22.0, "50": 28.0, "83": 34.0, "95": 39.0}}, "int": {"occ": {"5": 2010.0, "17": 2011.0, "50": 2013.0, "83": 2015.0, "95": 2019.0}, "chrnc": {"5": 2024.0, "17": 2027.0, "50": 2030.0, "83": 2034.0, "95": 2037.0}, "delta": {"5": 9.0, "17": 12.0, "50": 17.0, "83": 21.0, "95": 24.0}}, "int_high": {"occ": {"5": 2010.0, "17": 2011.0, "50": 2012.0, "83": 2015.0, "95": 2015.0}, "chrnc": {"5": 2019.0, "17": 2021.0, "50": 2024.0, "83": 2027.0, "95": 2028.0}, "delta": {"5": 5.9500000000000455, "17": 8.0, "50": 12.0, "83": 15.0, "95": 17.0}}}