{"int_low": {"occ": {"5": 2010.0, "17": 2011.0, "50": 2015.0, "83": 2019.0, "95": 2022.0499999999993}, "chrnc": {"5": 2019.0, "17": 2024.0, "50": 2029.0, "83": 2035.0, "95": 2038.0}, "delta": {"5": 3.0, "17": 7.830000000000155, "50": 14.0, "83": 20.0, "95": 25.0}}, "int": {"occ": {"5": 2010.0, "17": 2011.0, "50": 2013.0, "83": 2015.0, "95": 2019.0}, "chrnc": {"5": 2012.0, "17": 2016.0, "50": 2020.0, "83": 2024.0, "95": 2026.0}, "delta": {"5": -3.0, "17": 2.0, "50": 6.0, "83": 11.0, "95": 13.0}}, "int_high": {"occ": {"5": 2010.0, "17": 2011.0, "50": 2012.0, "83": 2015.0, "95": 2015.0}, "chrnc": {"5": 2010.0, "17": 2012.0, "50": 2016.0, "83": 2019.0, "95": 2022.0}, "delta": {"5": -3.0, "17": -1.0, "50": 3.0, "83": 7.0, "95": 9.0}}}