{"int_low": {"occ": {"5": 2010.0, "17": 2011.0, "50": 2017.0, "83": 2022.0, "95": 2025.0}, "chrnc": {"5": 2051.0, "17": 2054.0, "50": 2059.0, "83": 2063.0, "95": 2067.0}, "delta": {"5": 30.0, "17": 35.830000000000155, "50": 43.0, "83": 49.0, "95": 53.04999999999927}}, "int": {"occ": {"5": 2010.0, "17": 2011.0, "50": 2014.0, "83": 2016.0, "95": 2020.0}, "chrnc": {"5": 2037.0, "17": 2039.0, "50": 2041.0, "83": 2043.0, "95": 2045.0}, "delta": {"5": 20.0, "17": 23.0, "50": 27.0, "83": 30.0, "95": 33.0}}, "int_high": {"occ": {"5": 2010.0, "17": 2013.0, "50": 2013.0, "83": 2015.0, "95": 2016.0}, "chrnc": {"5": 2030.0, "17": 2031.0, "50": 2034.0, "83": 2036.0, "95": 2037.0}, "delta": {"5": 15.0, "17": 17.0, "50": 20.0, "83": 22.0, "95": 25.0}}, "kopp": {"occ": {"5": 2010.0, "17": 2012.0, "50": 2021.0, "83": 2027.0, "95": 2031.0}, "chrnc": {"5": 2046.0, "17": 2051.0, "50": 2057.0, "83": 2065.0, "95": 2073.0}, "delta": {"5": 25.0, "17": 29.0, "50": 37.0, "83": 45.0, "95": 52.0}}}