{"int_low": {"occ": {"5": 2012.0, "17": 2015.0, "50": 2028.0, "83": 2050.0, "95": 2057.0}, "chrnc": {"5": 2081.0, "17": 2098.0, "50": 2100.0, "83": 2100.0, "95": 2100.0}, "delta": {"5": 45.0, "17": 54.0, "50": 70.5, "83": 81.0, "95": 84.0}}, "int": {"occ": {"5": 2011.0, "17": 2011.0, "50": 2014.0, "83": 2032.0, "95": 2034.0}, "chrnc": {"5": 2061.0, "17": 2063.0, "50": 2073.0, "83": 2077.0, "95": 2087.0}, "delta": {"5": 31.950000000000045, "17": 42.0, "50": 54.0, "83": 63.0, "95": 69.04999999999927}}, "int_high": {"occ": {"5": 2011.0, "17": 2011.0, "50": 2012.0, "83": 2018.0, "95": 2030.0}, "chrnc": {"5": 2044.0, "17": 2046.0, "50": 2055.0, "83": 2057.0, "95": 2058.0}, "delta": {"5": 24.0, "17": 33.0, "50": 42.0, "83": 45.0, "95": 47.0}}, "kopp": {"occ": {"5": 2011.0, "17": 2012.0, "50": 2019.0, "83": 2035.0, "95": 2053.0}, "chrnc": {"5": 2061.0, "17": 2073.0, "50": 2085.0, "83": 2097.0, "95": 2100.0}, "delta": {"5": 40.0, "17": 48.0, "50": 63.0, "83": 78.0, "95": 84.0}}}