{"int_low": {"occ": {"5": 2040.0, "17": 2043.8300000000002, "50": 2047.0, "83": 2052.0, "95": 2055.0}, "chrnc": {"5": 2068.0, "17": 2074.0, "50": 2078.0, "83": 2082.0, "95": 2088.0499999999993}, "delta": {"5": 19.0, "17": 24.0, "50": 30.0, "83": 37.0, "95": 42.0}}, "int": {"occ": {"5": 2027.0, "17": 2030.0, "50": 2035.0, "83": 2037.0, "95": 2039.0}, "chrnc": {"5": 2047.0, "17": 2049.0, "50": 2052.0, "83": 2054.0, "95": 2055.0}, "delta": {"5": 11.0, "17": 13.0, "50": 17.0, "83": 21.0, "95": 25.0}}, "int_high": {"occ": {"5": 2022.0, "17": 2025.0, "50": 2027.0, "83": 2029.0, "95": 2031.0499999999993}, "chrnc": {"5": 2038.0, "17": 2039.0, "50": 2041.0, "83": 2042.0, "95": 2043.0}, "delta": {"5": 9.0, "17": 11.0, "50": 14.0, "83": 16.0, "95": 19.0}}, "kopp": {"occ": {"5": 2036.0, "17": 2039.0, "50": 2044.0, "83": 2052.0, "95": 2058.0}, "chrnc": {"5": 2051.0, "17": 2056.0, "50": 2063.0, "83": 2074.0, "95": 2084.0}, "delta": {"5": 11.0, "17": 14.0, "50": 19.0, "83": 25.0, "95": 31.0}}}