{"int_low": {"occ": {"5": 2011.0, "17": 2013.0, "50": 2013.0, "83": 2020.0, "95": 2031.0}, "chrnc": {"5": 2053.0, "17": 2061.0, "50": 2073.0, "83": 2086.0, "95": 2093.0499999999993}, "delta": {"5": 32.950000000000045, "17": 45.0, "50": 58.0, "83": 70.17000000000007, "95": 80.0}}, "int": {"occ": {"5": 2010.0, "17": 2013.0, "50": 2013.0, "83": 2014.0, "95": 2023.0}, "chrnc": {"5": 2038.0, "17": 2042.0, "50": 2047.0, "83": 2053.0, "95": 2056.0}, "delta": {"5": 19.950000000000045, "17": 27.0, "50": 33.0, "83": 39.17000000000007, "95": 43.0}}, "int_high": {"occ": {"5": 2010.0, "17": 2012.0, "50": 2013.0, "83": 2013.0, "95": 2019.0}, "chrnc": {"5": 2026.0, "17": 2032.0, "50": 2038.0, "83": 2041.0, "95": 2044.0}, "delta": {"5": 13.0, "17": 18.0, "50": 25.0, "83": 28.0, "95": 31.0}}, "kopp": {"occ": {"5": 2011.0, "17": 2013.0, "50": 2013.0, "83": 2019.0, "95": 2028.0}, "chrnc": {"5": 2039.0, "17": 2045.0, "50": 2057.0, "83": 2072.0, "95": 2087.0}, "delta": {"5": 24.0, "17": 31.0, "50": 42.0, "83": 57.0, "95": 71.0}}}