{"int_low": {"occ": {"5": 2010.0, "17": 2011.0, "50": 2011.0, "83": 2014.0, "95": 2014.0}, "chrnc": {"5": 2012.0, "17": 2012.8300000000002, "50": 2015.0, "83": 2015.0, "95": 2019.0}, "delta": {"5": -2.0, "17": 1.0, "50": 2.0, "83": 5.0, "95": 8.0}}, "int": {"occ": {"5": 2010.0, "17": 2010.0, "50": 2011.0, "83": 2014.0, "95": 2014.0}, "chrnc": {"5": 2010.0, "17": 2012.0, "50": 2015.0, "83": 2015.0, "95": 2016.0}, "delta": {"5": -1.0499999999999545, "17": 0.0, "50": 3.0, "83": 4.0, "95": 5.0}}, "int_high": {"occ": {"5": 2010.0, "17": 2010.0, "50": 2011.0, "83": 2011.0, "95": 2014.0}, "chrnc": {"5": 2010.0, "17": 2010.0, "50": 2011.0, "83": 2014.0, "95": 2014.0}, "delta": {"5": -3.0, "17": -1.0, "50": 0.0, "83": 3.0, "95": 4.0}}}