{"int_low": {"occ": {"5": 2011.0, "17": 2019.0, "50": 2027.0, "83": 2033.0, "95": 2036.0}, "chrnc": {"5": 2058.0, "17": 2062.0, "50": 2069.0, "83": 2076.0, "95": 2084.0}, "delta": {"5": 27.0, "17": 33.0, "50": 42.0, "83": 53.0, "95": 62.04999999999927}}, "int": {"occ": {"5": 2011.0, "17": 2014.0, "50": 2019.0, "83": 2023.0, "95": 2027.0}, "chrnc": {"5": 2039.0, "17": 2042.0, "50": 2046.0, "83": 2050.0, "95": 2052.0}, "delta": {"5": 16.950000000000045, "17": 21.0, "50": 26.0, "83": 32.0, "95": 37.0}}, "int_high": {"occ": {"5": 2010.0, "17": 2011.0, "50": 2014.0, "83": 2017.0, "95": 2019.0}, "chrnc": {"5": 2030.0, "17": 2033.0, "50": 2036.0, "83": 2038.0, "95": 2040.0}, "delta": {"5": 14.0, "17": 17.0, "50": 21.0, "83": 25.0, "95": 28.0}}, "kopp": {"occ": {"5": 2011.0, "17": 2021.0, "50": 2028.5, "83": 2036.0, "95": 2042.0}, "chrnc": {"5": 2050.0, "17": 2056.0, "50": 2064.0, "83": 2074.0, "95": 2084.0}, "delta": {"5": 20.0, "17": 26.0, "50": 35.0, "83": 47.0, "95": 57.0}}}