{"int_low": {"occ": {"5": 2011.0, "17": 2013.0, "50": 2013.0, "83": 2019.0, "95": 2028.0}, "chrnc": {"5": 2066.0, "17": 2074.0, "50": 2084.0, "83": 2092.0, "95": 2097.0}, "delta": {"5": 47.950000000000045, "17": 57.830000000000155, "50": 69.0, "83": 78.17000000000007, "95": 84.0}}, "int": {"occ": {"5": 2010.0, "17": 2013.0, "50": 2013.0, "83": 2013.0, "95": 2022.0}, "chrnc": {"5": 2042.0, "17": 2046.0, "50": 2051.0, "83": 2056.0, "95": 2059.0}, "delta": {"5": 26.0, "17": 32.0, "50": 38.0, "83": 43.0, "95": 46.0}}, "int_high": {"occ": {"5": 2010.0, "17": 2013.0, "50": 2013.0, "83": 2013.0, "95": 2015.0}, "chrnc": {"5": 2034.0, "17": 2037.0, "50": 2040.0, "83": 2043.0, "95": 2046.0}, "delta": {"5": 19.0, "17": 23.0, "50": 27.0, "83": 31.0, "95": 33.0}}, "kopp": {"occ": {"5": 2011.0, "17": 2013.0, "50": 2013.0, "83": 2015.0, "95": 2026.0}, "chrnc": {"5": 2045.0, "17": 2051.0, "50": 2062.0, "83": 2077.0, "95": 2091.0}, "delta": {"5": 29.0, "17": 37.0, "50": 48.0, "83": 62.0, "95": 76.0}}}