{"int_low": {"occ": {"5": 2061.0, "17": 2066.0, "50": 2073.0, "83": 2078.0, "95": 2084.0}, "chrnc": {"5": 2090.0, "17": 2096.33, "50": 2099.0, "83": 2100.0, "95": 2100.0}, "delta": {"5": 11.0, "17": 16.330000000000005, "50": 27.0, "83": 32.66999999999996, "95": 37.0}}, "int": {"occ": {"5": 2044.0, "17": 2046.0, "50": 2049.0, "83": 2052.0, "95": 2054.0}, "chrnc": {"5": 2063.0, "17": 2065.0, "50": 2068.0, "83": 2070.0, "95": 2072.0}, "delta": {"5": 12.0, "17": 15.0, "50": 19.0, "83": 22.0, "95": 25.0}}, "int_high": {"occ": {"5": 2035.0, "17": 2037.0, "50": 2039.0, "83": 2041.0, "95": 2043.0}, "chrnc": {"5": 2050.0, "17": 2052.0, "50": 2054.0, "83": 2055.0, "95": 2057.0}, "delta": {"5": 9.0, "17": 12.0, "50": 14.0, "83": 17.0, "95": 19.0}}, "kopp": {"occ": {"5": 2053.0, "17": 2059.0, "50": 2067.0, "83": 2077.0, "95": 2087.0}, "chrnc": {"5": 2071.0, "17": 2078.0, "50": 2088.0, "83": 2097.0, "95": 2099.0}, "delta": {"5": 14.0, "17": 17.0, "50": 23.0, "83": 28.0, "95": 32.0}}}