{"int_low": {"occ": {"5": 2034.0, "17": 2038.0, "50": 2045.0, "83": 2051.0, "95": 2058.0}, "chrnc": {"5": 2078.0, "17": 2084.0, "50": 2090.0, "83": 2097.0, "95": 2099.0}, "delta": {"5": 30.0, "17": 37.63000000000011, "50": 46.0, "83": 54.0, "95": 60.0}}, "int": {"occ": {"5": 2025.0, "17": 2028.0, "50": 2032.0, "83": 2036.0, "95": 2040.0}, "chrnc": {"5": 2052.0, "17": 2054.0, "50": 2057.0, "83": 2060.17, "95": 2063.0}, "delta": {"5": 17.0, "17": 20.0, "50": 25.0, "83": 30.0, "95": 34.0}}, "int_high": {"occ": {"5": 2018.0, "17": 2020.0, "50": 2025.0, "83": 2027.0, "95": 2030.0}, "chrnc": {"5": 2041.0, "17": 2043.0, "50": 2045.0, "83": 2048.0, "95": 2049.0}, "delta": {"5": 14.0, "17": 17.0, "50": 21.0, "83": 25.0, "95": 28.049999999999272}}, "kopp": {"occ": {"5": 2032.0, "17": 2036.0, "50": 2043.0, "83": 2051.0, "95": 2060.0}, "chrnc": {"5": 2056.0, "17": 2062.0, "50": 2072.0, "83": 2085.0, "95": 2095.0}, "delta": {"5": 18.0, "17": 22.0, "50": 30.0, "83": 38.0, "95": 46.0}}}