{"int_low": {"occ": {"5": 2031.0, "17": 2037.0, "50": 2044.0, "83": 2051.0, "95": 2056.0}, "chrnc": {"5": 2062.0, "17": 2068.0, "50": 2075.0, "83": 2082.0, "95": 2088.0}, "delta": {"5": 13.950000000000045, "17": 21.0, "50": 31.0, "83": 42.0, "95": 49.0}}, "int": {"occ": {"5": 2023.0, "17": 2027.0, "50": 2032.0, "83": 2037.0, "95": 2040.0499999999993}, "chrnc": {"5": 2045.0, "17": 2048.0, "50": 2051.0, "83": 2054.0, "95": 2057.0}, "delta": {"5": 8.0, "17": 13.0, "50": 19.0, "83": 24.0, "95": 29.0}}, "int_high": {"occ": {"5": 2020.0, "17": 2022.0, "50": 2027.0, "83": 2031.0, "95": 2034.0}, "chrnc": {"5": 2036.0, "17": 2038.0, "50": 2041.0, "83": 2044.0, "95": 2045.0}, "delta": {"5": 6.0, "17": 10.0, "50": 15.0, "83": 19.0, "95": 23.0}}, "kopp": {"occ": {"5": 2028.0, "17": 2033.0, "50": 2040.0, "83": 2049.0, "95": 2058.0}, "chrnc": {"5": 2047.0, "17": 2052.0, "50": 2061.0, "83": 2074.0, "95": 2086.0}, "delta": {"5": 8.0, "17": 13.0, "50": 21.0, "83": 30.0, "95": 38.0}}}