{"int_low": {"occ": {"5": 2034.0, "17": 2042.0, "50": 2052.0, "83": 2062.0, "95": 2070.0}, "chrnc": {"5": 2070.0, "17": 2079.0, "50": 2089.0, "83": 2097.0, "95": 2099.0}, "delta": {"5": 13.0, "17": 23.0, "50": 36.0, "83": 48.0, "95": 56.0}}, "int": {"occ": {"5": 2027.0, "17": 2030.8300000000002, "50": 2036.0, "83": 2043.0, "95": 2047.0}, "chrnc": {"5": 2047.0, "17": 2051.0, "50": 2056.0, "83": 2062.0, "95": 2065.0499999999993}, "delta": {"5": 8.0, "17": 12.0, "50": 20.0, "83": 27.0, "95": 33.0}}, "int_high": {"occ": {"5": 2022.0, "17": 2024.0, "50": 2029.0, "83": 2033.0, "95": 2036.0}, "chrnc": {"5": 2037.0, "17": 2040.0, "50": 2045.0, "83": 2049.0, "95": 2051.0}, "delta": {"5": 7.0, "17": 10.0, "50": 16.0, "83": 21.0, "95": 25.0}}, "kopp": {"occ": {"5": 2036.0, "17": 2043.0, "50": 2052.0, "83": 2063.0, "95": 2072.0}, "chrnc": {"5": 2060.0, "17": 2068.0, "50": 2078.0, "83": 2090.0, "95": 2097.0}, "delta": {"5": 10.0, "17": 16.0, "50": 26.0, "83": 37.0, "95": 46.0}}}