{"int_low": {"occ": {"5": 2010.0, "17": 2011.0, "50": 2013.0, "83": 2020.0, "95": 2031.0}, "chrnc": {"5": 2057.0, "17": 2061.0, "50": 2068.0, "83": 2075.0, "95": 2083.0}, "delta": {"5": 35.950000000000045, "17": 44.0, "50": 53.0, "83": 62.0, "95": 70.04999999999927}}, "int": {"occ": {"5": 2010.0, "17": 2010.0, "50": 2012.0, "83": 2016.0, "95": 2020.0}, "chrnc": {"5": 2042.0, "17": 2044.0, "50": 2047.0, "83": 2052.0, "95": 2054.0}, "delta": {"5": 25.0, "17": 30.0, "50": 35.0, "83": 40.0, "95": 43.0}}, "int_high": {"occ": {"5": 2010.0, "17": 2010.0, "50": 2012.0, "83": 2013.0, "95": 2019.0499999999993}, "chrnc": {"5": 2034.0, "17": 2037.0, "50": 2039.0, "83": 2041.0, "95": 2043.0}, "delta": {"5": 18.0, "17": 23.0, "50": 27.0, "83": 30.0, "95": 32.0}}, "kopp": {"occ": {"5": 2010.0, "17": 2011.0, "50": 2013.0, "83": 2019.0, "95": 2028.0}, "chrnc": {"5": 2042.0, "17": 2047.0, "50": 2057.0, "83": 2069.0, "95": 2080.0}, "delta": {"5": 27.0, "17": 33.0, "50": 42.0, "83": 54.0, "95": 64.0}}}