{"int_low": {"occ": {"5": 2011.0, "17": 2014.0, "50": 2024.0, "83": 2032.0, "95": 2037.0}, "chrnc": {"5": 2045.0, "17": 2050.0, "50": 2057.0, "83": 2063.0, "95": 2068.0}, "delta": {"5": 14.0, "17": 22.830000000000155, "50": 33.0, "83": 43.17000000000007, "95": 50.0}}, "int": {"occ": {"5": 2010.0, "17": 2011.0, "50": 2017.0, "83": 2023.0, "95": 2027.0}, "chrnc": {"5": 2031.95, "17": 2035.0, "50": 2040.0, "83": 2044.0, "95": 2048.0}, "delta": {"5": 9.0, "17": 15.0, "50": 22.0, "83": 29.0, "95": 34.0}}, "int_high": {"occ": {"5": 2010.0, "17": 2011.0, "50": 2014.0, "83": 2019.0, "95": 2023.0}, "chrnc": {"5": 2026.0, "17": 2029.0, "50": 2033.0, "83": 2036.0, "95": 2038.0}, "delta": {"5": 8.0, "17": 12.0, "50": 18.0, "83": 23.0, "95": 26.0}}, "kopp": {"occ": {"5": 2011.0, "17": 2012.0, "50": 2022.0, "83": 2031.0, "95": 2037.0}, "chrnc": {"5": 2036.0, "17": 2041.0, "50": 2049.0, "83": 2059.0, "95": 2069.0}, "delta": {"5": 11.0, "17": 17.0, "50": 27.0, "83": 37.0, "95": 46.0}}}