{"int_low": {"occ": {"5": 2011.0, "17": 2014.0, "50": 2016.0, "83": 2023.0, "95": 2027.0}, "chrnc": {"5": 2031.0, "17": 2037.0, "50": 2044.0, "83": 2051.0, "95": 2056.0}, "delta": {"5": 11.0, "17": 17.0, "50": 27.0, "83": 35.0, "95": 41.0}}, "int": {"occ": {"5": 2010.0, "17": 2014.0, "50": 2014.0, "83": 2019.0, "95": 2023.0}, "chrnc": {"5": 2023.0, "17": 2027.0, "50": 2032.0, "83": 2037.0, "95": 2040.0499999999993}, "delta": {"5": 5.9500000000000455, "17": 11.0, "50": 17.0, "83": 23.0, "95": 26.0}}, "int_high": {"occ": {"5": 2010.0, "17": 2014.0, "50": 2014.0, "83": 2018.0, "95": 2021.0}, "chrnc": {"5": 2020.0, "17": 2022.0, "50": 2027.0, "83": 2031.0, "95": 2034.0}, "delta": {"5": 3.0, "17": 7.0, "50": 12.0, "83": 16.0, "95": 20.0}}, "kopp": {"occ": {"5": 2010.0, "17": 2013.0, "50": 2016.0, "83": 2023.0, "95": 2029.0}, "chrnc": {"5": 2028.0, "17": 2033.0, "50": 2040.0, "83": 2049.0, "95": 2058.0}, "delta": {"5": 8.0, "17": 15.0, "50": 23.0, "83": 32.0, "95": 40.0}}}