{"int_low": {"occ": {"5": 2011.0, "17": 2018.0, "50": 2023.0, "83": 2027.0, "95": 2031.0499999999993}, "chrnc": {"5": 2046.0, "17": 2051.0, "50": 2056.0, "83": 2059.0, "95": 2063.0}, "delta": {"5": 21.950000000000045, "17": 26.0, "50": 33.0, "83": 39.0, "95": 44.0}}, "int": {"occ": {"5": 2011.0, "17": 2011.0, "50": 2016.0, "83": 2019.0, "95": 2022.0}, "chrnc": {"5": 2034.0, "17": 2036.0, "50": 2038.0, "83": 2041.0, "95": 2042.0499999999993}, "delta": {"5": 15.0, "17": 18.0, "50": 23.0, "83": 27.0, "95": 30.0}}, "int_high": {"occ": {"5": 2010.0, "17": 2012.0, "50": 2013.0, "83": 2015.0, "95": 2018.0}, "chrnc": {"5": 2027.0, "17": 2029.0, "50": 2031.0, "83": 2033.0, "95": 2035.0}, "delta": {"5": 12.0, "17": 14.0, "50": 18.0, "83": 20.0, "95": 22.0}}, "kopp": {"occ": {"5": 2018.0, "17": 2021.0, "50": 2026.0, "83": 2032.0, "95": 2035.0}, "chrnc": {"5": 2043.0, "17": 2047.0, "50": 2054.0, "83": 2061.0, "95": 2068.0}, "delta": {"5": 17.0, "17": 22.0, "50": 28.0, "83": 35.0, "95": 41.0}}}