{"int_low": {"occ": {"5": 2011.0, "17": 2013.0, "50": 2013.0, "83": 2020.0, "95": 2031.0}, "chrnc": {"5": 2022.0, "17": 2030.0, "50": 2043.0, "83": 2055.0, "95": 2063.0}, "delta": {"5": 5.9500000000000455, "17": 14.0, "50": 28.0, "83": 40.0, "95": 48.0}}, "int": {"occ": {"5": 2010.0, "17": 2013.0, "50": 2013.0, "83": 2014.0, "95": 2023.0}, "chrnc": {"5": 2018.0, "17": 2022.0, "50": 2029.0, "83": 2036.0, "95": 2041.0}, "delta": {"5": 4.0, "17": 7.0, "50": 15.0, "83": 23.0, "95": 27.049999999999272}}, "int_high": {"occ": {"5": 2010.0, "17": 2012.0, "50": 2013.0, "83": 2013.0, "95": 2019.0}, "chrnc": {"5": 2017.0, "17": 2017.0, "50": 2024.0, "83": 2029.0, "95": 2033.0}, "delta": {"5": 2.0, "17": 4.0, "50": 11.0, "83": 16.0, "95": 20.049999999999272}}, "kopp": {"occ": {"5": 2011.0, "17": 2013.0, "50": 2013.0, "83": 2019.0, "95": 2028.0}, "chrnc": {"5": 2020.0, "17": 2025.0, "50": 2035.0, "83": 2049.0, "95": 2062.0}, "delta": {"5": 4.0, "17": 10.0, "50": 21.0, "83": 33.0, "95": 45.0}}}