{"int_low": {"occ": {"5": 2022.95, "17": 2040.0, "50": 2058.0, "83": 2075.0, "95": 2087.0}, "chrnc": {"5": 2075.0, "17": 2085.0, "50": 2095.0, "83": 2099.0, "95": 2100.0}, "delta": {"5": 3.0, "17": 17.0, "50": 36.0, "83": 54.0, "95": 72.0}}, "int": {"occ": {"5": 2018.0, "17": 2025.8300000000002, "50": 2038.0, "83": 2047.0, "95": 2052.0}, "chrnc": {"5": 2053.0, "17": 2058.0, "50": 2065.0, "83": 2071.0, "95": 2074.0}, "delta": {"5": 9.0, "17": 17.0, "50": 27.0, "83": 40.0, "95": 48.04999999999927}}, "int_high": {"occ": {"5": 2018.0, "17": 2022.0, "50": 2030.0, "83": 2037.0, "95": 2040.0}, "chrnc": {"5": 2042.0, "17": 2045.0, "50": 2050.0, "83": 2054.0, "95": 2057.0}, "delta": {"5": 7.0, "17": 12.0, "50": 19.0, "83": 28.0, "95": 34.0}}, "kopp": {"occ": {"5": 2017.0, "17": 2030.0, "50": 2046.0, "83": 2060.0, "95": 2074.0}, "chrnc": {"5": 2056.0, "17": 2064.0, "50": 2077.0, "83": 2091.0, "95": 2098.0}, "delta": {"5": 9.0, "17": 18.0, "50": 31.0, "83": 48.0, "95": 62.0}}}