{"int_low": {"occ": {"5": 2010.0, "17": 2010.0, "50": 2012.0, "83": 2024.0, "95": 2034.0499999999993}, "chrnc": {"5": 2038.0, "17": 2044.0, "50": 2056.0, "83": 2068.0, "95": 2073.0}, "delta": {"5": 14.0, "17": 26.830000000000155, "50": 39.0, "83": 53.0, "95": 61.0}}, "int": {"occ": {"5": 2010.0, "17": 2010.0, "50": 2011.0, "83": 2018.0, "95": 2021.0}, "chrnc": {"5": 2024.95, "17": 2028.0, "50": 2038.0, "83": 2042.0, "95": 2049.0}, "delta": {"5": 9.0, "17": 15.0, "50": 24.0, "83": 30.0, "95": 37.0}}, "int_high": {"occ": {"5": 2010.0, "17": 2010.0, "50": 2010.0, "83": 2013.0, "95": 2019.0}, "chrnc": {"5": 2022.0, "17": 2025.0, "50": 2030.0, "83": 2035.0, "95": 2037.0}, "delta": {"5": 8.0, "17": 12.0, "50": 18.0, "83": 24.0, "95": 26.0}}, "kopp": {"occ": {"5": 2010.0, "17": 2010.0, "50": 2012.0, "83": 2020.0, "95": 2033.0}, "chrnc": {"5": 2026.0, "17": 2037.0, "50": 2046.0, "83": 2057.0, "95": 2071.0}, "delta": {"5": 11.0, "17": 19.0, "50": 31.0, "83": 42.0, "95": 54.0}}}