{"int_low": {"occ": {"5": 2010.0, "17": 2010.0, "50": 2010.0, "83": 2021.0, "95": 2025.0}, "chrnc": {"5": 2028.95, "17": 2034.0, "50": 2043.0, "83": 2051.0, "95": 2058.0499999999993}, "delta": {"5": 11.0, "17": 19.0, "50": 29.0, "83": 39.0, "95": 47.0}}, "int": {"occ": {"5": 2010.0, "17": 2010.0, "50": 2010.0, "83": 2017.0, "95": 2023.0}, "chrnc": {"5": 2021.0, "17": 2026.0, "50": 2031.0, "83": 2036.0, "95": 2041.0}, "delta": {"5": 5.9500000000000455, "17": 11.0, "50": 19.0, "83": 25.0, "95": 30.0}}, "int_high": {"occ": {"5": 2010.0, "17": 2010.0, "50": 2010.0, "83": 2011.0, "95": 2017.0}, "chrnc": {"5": 2015.0, "17": 2017.0, "50": 2023.0, "83": 2027.0, "95": 2029.0}, "delta": {"5": 4.0, "17": 6.0, "50": 12.0, "83": 16.0, "95": 19.0}}, "kopp": {"occ": {"5": 2010.0, "17": 2010.0, "50": 2011.0, "83": 2023.0, "95": 2025.0}, "chrnc": {"5": 2029.0, "17": 2034.0, "50": 2041.0, "83": 2051.0, "95": 2060.0}, "delta": {"5": 10.0, "17": 18.0, "50": 27.0, "83": 37.0, "95": 46.0}}}