{"int_low": {"occ": {"5": 2057.0, "17": 2061.0, "50": 2066.0, "83": 2071.0, "95": 2076.0}, "chrnc": {"5": 2092.0, "17": 2097.0, "50": 2099.0, "83": 2100.0, "95": 2100.0}, "delta": {"5": 23.900000000000006, "17": 29.0, "50": 33.0, "83": 38.0, "95": 41.549999999999955}}, "int": {"occ": {"5": 2040.0, "17": 2043.0, "50": 2045.0, "83": 2047.0, "95": 2050.0}, "chrnc": {"5": 2061.0, "17": 2064.0, "50": 2066.0, "83": 2068.0, "95": 2069.0}, "delta": {"5": 14.0, "17": 17.0, "50": 21.0, "83": 24.0, "95": 26.049999999999272}}, "int_high": {"occ": {"5": 2033.0, "17": 2035.0, "50": 2037.0, "83": 2038.0, "95": 2040.0}, "chrnc": {"5": 2050.0, "17": 2051.0, "50": 2052.0, "83": 2054.0, "95": 2055.0}, "delta": {"5": 11.0, "17": 13.0, "50": 16.0, "83": 18.0, "95": 20.0}}, "kopp": {"occ": {"5": 2050.0, "17": 2055.0, "50": 2062.0, "83": 2071.0, "95": 2080.0}, "chrnc": {"5": 2070.0, "17": 2077.0, "50": 2086.0, "83": 2096.0, "95": 2099.0}, "delta": {"5": 16.0, "17": 20.0, "50": 25.0, "83": 31.0, "95": 35.0}}}