{"int_low": {"occ": {"5": 2044.0, "17": 2047.0, "50": 2052.0, "83": 2056.0, "95": 2059.0}, "chrnc": {"5": 2077.0, "17": 2081.0, "50": 2085.0, "83": 2090.0, "95": 2094.0}, "delta": {"5": 23.0, "17": 28.0, "50": 34.0, "83": 40.0, "95": 45.0}}, "int": {"occ": {"5": 2032.0, "17": 2034.0, "50": 2037.0, "83": 2039.0, "95": 2041.0}, "chrnc": {"5": 2050.0, "17": 2052.0, "50": 2054.0, "83": 2056.0, "95": 2058.0}, "delta": {"5": 12.0, "17": 15.0, "50": 18.0, "83": 21.0, "95": 23.0}}, "int_high": {"occ": {"5": 2026.0, "17": 2027.0, "50": 2029.0, "83": 2031.0, "95": 2033.0}, "chrnc": {"5": 2040.0, "17": 2042.0, "50": 2044.0, "83": 2045.0, "95": 2046.0}, "delta": {"5": 9.950000000000045, "17": 12.0, "50": 14.0, "83": 17.0, "95": 19.0}}, "kopp": {"occ": {"5": 2041.0, "17": 2045.0, "50": 2051.0, "83": 2058.0, "95": 2063.0499999999993}, "chrnc": {"5": 2059.0, "17": 2065.0, "50": 2073.0, "83": 2083.0, "95": 2092.0}, "delta": {"5": 14.0, "17": 17.0, "50": 22.0, "83": 28.0, "95": 33.0}}}