{"int_low": {"occ": {"5": 2094.0, "17": 2098.0, "50": 2100.0, "83": 2100.0, "95": 2100.0}, "chrnc": {"5": NaN, "17": NaN, "50": NaN, "83": NaN, "95": NaN}, "delta": {"5": NaN, "17": NaN, "50": NaN, "83": NaN, "95": NaN}}, "int": {"occ": {"5": 2065.0, "17": 2067.0, "50": 2070.0, "83": 2073.0, "95": 2074.0}, "chrnc": {"5": 2075.0, "17": 2077.0, "50": 2078.0, "83": 2080.17, "95": 2082.0499999999993}, "delta": {"5": 3.9500000000000455, "17": 5.0, "50": 8.0, "83": 12.0, "95": 15.0}}, "int_high": {"occ": {"5": 2054.0, "17": 2055.0, "50": 2056.0, "83": 2058.0, "95": 2059.0}, "chrnc": {"5": 2059.0, "17": 2060.0, "50": 2062.0, "83": 2063.0, "95": 2065.0}, "delta": {"5": 2.0, "17": 4.0, "50": 6.0, "83": 8.0, "95": 9.0}}, "kopp": {"occ": {"5": 2063.0, "17": 2072.0, "50": 2082.0, "83": 2095.0, "95": 2099.0}, "chrnc": {"5": 2071.0, "17": 2078.0, "50": 2090.0, "83": 2097.0, "95": 2100.0}, "delta": {"5": 4.0, "17": 6.0, "50": 9.0, "83": 14.0, "95": 16.0}}}