{"int_low": {"occ": {"5": 2097.0, "17": 2097.0, "50": 2099.0, "83": 2100.0, "95": 2100.0}, "chrnc": {"5": NaN, "17": NaN, "50": NaN, "83": NaN, "95": NaN}, "delta": {"5": NaN, "17": NaN, "50": NaN, "83": NaN, "95": NaN}}, "int": {"occ": {"5": 2061.0, "17": 2065.0, "50": 2076.0, "83": 2081.17, "95": 2089.0}, "chrnc": {"5": 2096.0, "17": 2097.0, "50": 2099.0, "83": 2100.0, "95": 2100.0}, "delta": {"5": 10.0, "17": 19.0, "50": 24.0, "83": 34.0, "95": 37.0}}, "int_high": {"occ": {"5": 2045.0, "17": 2052.0, "50": 2057.0, "83": 2059.0, "95": 2061.0}, "chrnc": {"5": 2075.0, "17": 2076.0, "50": 2077.0, "83": 2079.0, "95": 2081.0}, "delta": {"5": 15.950000000000045, "17": 18.0, "50": 20.0, "83": 27.0, "95": 32.0}}, "kopp": {"occ": {"5": 2062.0, "17": 2074.0, "50": 2086.0, "83": 2097.0, "95": 2100.0}, "chrnc": {"5": 2076.0, "17": 2085.0, "50": 2096.0, "83": 2099.0, "95": 2100.0}, "delta": {"5": 12.0, "17": 19.0, "50": 24.0, "83": 33.0, "95": 36.09999999999991}}}