{"int_low": {"occ": {"5": 2012.0, "17": 2013.0, "50": 2021.0, "83": 2025.0, "95": 2027.0}, "chrnc": {"5": 2019.0, "17": 2028.0, "50": 2034.0, "83": 2043.0, "95": 2045.0499999999993}, "delta": {"5": -3.0499999999999545, "17": 6.0, "50": 14.0, "83": 22.0, "95": 30.0}}, "int": {"occ": {"5": 2012.0, "17": 2012.0, "50": 2013.0, "83": 2023.0, "95": 2025.0}, "chrnc": {"5": 2010.0, "17": 2014.0, "50": 2018.0, "83": 2025.0, "95": 2028.0}, "delta": {"5": -11.0, "17": -5.0, "50": 4.0, "83": 10.0, "95": 14.0}}, "int_high": {"occ": {"5": 2010.0, "17": 2012.0, "50": 2013.0, "83": 2015.0, "95": 2022.0}, "chrnc": {"5": 2010.0, "17": 2011.0, "50": 2014.0, "83": 2020.0, "95": 2023.0}, "delta": {"5": -8.0, "17": -2.0, "50": 1.0, "83": 5.0, "95": 10.0}}, "kopp": {"occ": {"5": 2012.0, "17": 2013.0, "50": 2022.0, "83": 2025.0, "95": 2027.0}, "chrnc": {"5": 2025.0, "17": 2030.0, "50": 2038.0, "83": 2046.0, "95": 2057.0499999999993}, "delta": {"5": 3.0, "17": 8.0, "50": 17.0, "83": 26.0, "95": 36.0}}}