{"int_low": {"occ": {"5": 2055.0, "17": 2060.0, "50": 2065.0, "83": 2071.0, "95": 2075.0}, "chrnc": {"5": 2092.0, "17": 2096.0, "50": 2099.0, "83": 2100.0, "95": 2100.0}, "delta": {"5": 23.0, "17": 28.0, "50": 34.5, "83": 40.0, "95": 43.0}}, "int": {"occ": {"5": 2039.0, "17": 2042.0, "50": 2044.0, "83": 2047.0, "95": 2049.0}, "chrnc": {"5": 2061.0, "17": 2063.0, "50": 2065.0, "83": 2067.0, "95": 2069.0}, "delta": {"5": 14.0, "17": 17.0, "50": 21.0, "83": 24.0, "95": 27.0}}, "int_high": {"occ": {"5": 2031.0, "17": 2033.0, "50": 2036.0, "83": 2038.0, "95": 2039.0499999999993}, "chrnc": {"5": 2048.0, "17": 2049.0, "50": 2051.0, "83": 2053.0, "95": 2054.0}, "delta": {"5": 11.0, "17": 13.0, "50": 16.0, "83": 18.0, "95": 20.049999999999272}}, "kopp": {"occ": {"5": 2048.0, "17": 2053.0, "50": 2060.0, "83": 2070.0, "95": 2079.0}, "chrnc": {"5": 2068.0, "17": 2075.0, "50": 2085.0, "83": 2095.0, "95": 2099.0}, "delta": {"5": 16.0, "17": 20.0, "50": 25.0, "83": 32.0, "95": 36.0}}}