{"int_low": {"occ": {"5": 2042.0, "17": 2045.0, "50": 2051.0, "83": 2058.0, "95": 2060.0}, "chrnc": {"5": 2084.0, "17": 2092.0, "50": 2097.0, "83": 2099.0, "95": 2100.0}, "delta": {"5": 29.0, "17": 38.0, "50": 45.0, "83": 52.0, "95": 56.0}}, "int": {"occ": {"5": 2026.0, "17": 2035.0, "50": 2039.0, "83": 2041.0, "95": 2044.0}, "chrnc": {"5": 2058.0, "17": 2060.0, "50": 2062.0, "83": 2066.0, "95": 2067.0499999999993}, "delta": {"5": 17.0, "17": 20.0, "50": 24.0, "83": 29.0, "95": 35.0}}, "int_high": {"occ": {"5": 2025.0, "17": 2027.0, "50": 2032.0, "83": 2035.0, "95": 2037.0}, "chrnc": {"5": 2047.0, "17": 2049.0, "50": 2051.0, "83": 2054.0, "95": 2054.0}, "delta": {"5": 12.0, "17": 15.0, "50": 19.0, "83": 24.0, "95": 27.049999999999272}}, "kopp": {"occ": {"5": 2035.0, "17": 2040.0, "50": 2045.0, "83": 2054.0, "95": 2062.0}, "chrnc": {"5": 2058.0, "17": 2063.0, "50": 2075.0, "83": 2087.0, "95": 2096.0}, "delta": {"5": 17.0, "17": 22.0, "50": 29.0, "83": 38.0, "95": 45.0}}}