{"int_low": {"occ": {"5": 2010.0, "17": 2010.0, "50": 2011.0, "83": 2019.0, "95": 2021.0}, "chrnc": {"5": 2015.0, "17": 2018.8300000000002, "50": 2028.0, "83": 2036.0, "95": 2039.0}, "delta": {"5": -2.0, "17": 5.0, "50": 14.0, "83": 24.0, "95": 27.049999999999272}}, "int": {"occ": {"5": 2010.0, "17": 2010.0, "50": 2011.0, "83": 2012.17, "95": 2019.0}, "chrnc": {"5": 2014.0, "17": 2014.0, "50": 2019.0, "83": 2025.0, "95": 2032.0}, "delta": {"5": -2.0, "17": 3.0, "50": 7.0, "83": 14.0, "95": 22.0}}, "int_high": {"occ": {"5": 2010.0, "17": 2010.0, "50": 2011.0, "83": 2012.0, "95": 2019.0}, "chrnc": {"5": 2012.0, "17": 2013.0, "50": 2016.0, "83": 2019.0, "95": 2021.0}, "delta": {"5": -2.0, "17": 2.0, "50": 6.0, "83": 8.0, "95": 10.0}}, "kopp": {"occ": {"5": 2010.0, "17": 2010.0, "50": 2011.0, "83": 2019.0, "95": 2025.0}, "chrnc": {"5": 2014.0, "17": 2016.0, "50": 2023.0, "83": 2033.0, "95": 2037.0}, "delta": {"5": -5.0, "17": 3.0, "50": 9.0, "83": 20.0, "95": 25.0}}}