{"int_low": {"occ": {"5": 2038.0, "17": 2042.0, "50": 2047.0, "83": 2052.0, "95": 2056.0}, "chrnc": {"5": 2061.0, "17": 2066.0, "50": 2072.0, "83": 2077.0, "95": 2081.0}, "delta": {"5": 12.0, "17": 17.0, "50": 24.0, "83": 32.0, "95": 38.0}}, "int": {"occ": {"5": 2031.0, "17": 2034.0, "50": 2038.0, "83": 2041.0, "95": 2044.0}, "chrnc": {"5": 2047.0, "17": 2050.0, "50": 2053.0, "83": 2056.0, "95": 2058.0}, "delta": {"5": 7.9500000000000455, "17": 10.0, "50": 15.0, "83": 19.0, "95": 23.0}}, "int_high": {"occ": {"5": 2024.0, "17": 2028.0, "50": 2032.0, "83": 2035.0, "95": 2037.0}, "chrnc": {"5": 2039.0, "17": 2042.0, "50": 2044.0, "83": 2047.0, "95": 2048.0499999999993}, "delta": {"5": 6.0, "17": 9.0, "50": 12.0, "83": 17.0, "95": 21.0}}, "kopp": {"occ": {"5": 2035.0, "17": 2039.0, "50": 2045.0, "83": 2051.0, "95": 2056.0}, "chrnc": {"5": 2051.0, "17": 2056.0, "50": 2063.0, "83": 2071.0, "95": 2078.0}, "delta": {"5": 8.0, "17": 12.0, "50": 18.0, "83": 25.0, "95": 30.100000000000364}}}