{"int_low": {"occ": {"5": 2012.0, "17": 2013.0, "50": 2013.0, "83": 2013.0, "95": 2031.0}, "chrnc": {"5": 2010.0, "17": 2015.0, "50": 2024.0, "83": 2034.0, "95": 2048.0}, "delta": {"5": -6.0, "17": -1.1699999999998454, "50": 10.0, "83": 21.0, "95": 32.099999999998545}}, "int": {"occ": {"5": 2011.0, "17": 2013.0, "50": 2013.0, "83": 2013.0, "95": 2016.0}, "chrnc": {"5": 2010.0, "17": 2012.0, "50": 2017.0, "83": 2029.0, "95": 2034.0}, "delta": {"5": -3.0, "17": -1.0, "50": 4.0, "83": 15.0, "95": 21.0}}, "int_high": {"occ": {"5": 2011.0, "17": 2013.0, "50": 2013.0, "83": 2013.0, "95": 2014.0}, "chrnc": {"5": 2010.0, "17": 2012.0, "50": 2015.0, "83": 2019.0, "95": 2026.0}, "delta": {"5": -3.0, "17": -1.0, "50": 2.0, "83": 6.0, "95": 12.049999999999272}}, "kopp": {"occ": {"5": 2011.0, "17": 2013.0, "50": 2013.0, "83": 2013.0, "95": 2020.0}, "chrnc": {"5": 2010.0, "17": 2014.0, "50": 2020.0, "83": 2033.0, "95": 2038.0}, "delta": {"5": -3.0, "17": -1.0, "50": 7.0, "83": 19.0, "95": 25.0}}}