{"int_low": {"occ": {"5": 2010.0, "17": 2012.0, "50": 2013.0, "83": 2016.0, "95": 2020.0}, "chrnc": {"5": 2027.0, "17": 2030.0, "50": 2035.0, "83": 2040.0, "95": 2044.0}, "delta": {"5": 11.950000000000045, "17": 16.0, "50": 22.0, "83": 27.0, "95": 31.0}}, "int": {"occ": {"5": 2010.0, "17": 2011.0, "50": 2013.0, "83": 2014.0, "95": 2018.0}, "chrnc": {"5": 2021.0, "17": 2023.0, "50": 2026.0, "83": 2029.0, "95": 2032.0}, "delta": {"5": 6.9500000000000455, "17": 9.0, "50": 13.0, "83": 17.0, "95": 19.049999999999272}}, "int_high": {"occ": {"5": 2010.0, "17": 2010.0, "50": 2013.0, "83": 2013.0, "95": 2014.0}, "chrnc": {"5": 2018.0, "17": 2019.0, "50": 2021.0, "83": 2024.0, "95": 2025.0}, "delta": {"5": 5.0, "17": 6.0, "50": 9.0, "83": 12.0, "95": 14.0}}, "kopp": {"occ": {"5": 2010.0, "17": 2013.0, "50": 2013.0, "83": 2018.0, "95": 2021.0}, "chrnc": {"5": 2028.0, "17": 2031.0, "50": 2037.0, "83": 2043.0, "95": 2049.0}, "delta": {"5": 12.0, "17": 17.0, "50": 23.0, "83": 29.0, "95": 34.0}}}