{"int_low": {"occ": {"5": 2010.0, "17": 2012.0, "50": 2019.0, "83": 2036.0, "95": 2049.0499999999993}, "chrnc": {"5": 2042.0, "17": 2057.0, "50": 2072.0, "83": 2087.0, "95": 2094.0499999999993}, "delta": {"5": 11.0, "17": 28.0, "50": 48.0, "83": 67.0, "95": 78.0}}, "int": {"occ": {"5": 2010.0, "17": 2011.0, "50": 2014.0, "83": 2024.0, "95": 2033.0}, "chrnc": {"5": 2017.0, "17": 2033.0, "50": 2045.0, "83": 2052.0, "95": 2058.0}, "delta": {"5": 3.0, "17": 12.0, "50": 28.0, "83": 38.0, "95": 44.0}}, "int_high": {"occ": {"5": 2010.0, "17": 2012.0, "50": 2013.0, "83": 2021.0, "95": 2028.0}, "chrnc": {"5": 2017.0, "17": 2022.0, "50": 2035.0, "83": 2041.0, "95": 2045.0}, "delta": {"5": -1.0, "17": 6.0, "50": 19.0, "83": 27.0, "95": 32.0}}, "kopp": {"occ": {"5": 2010.0, "17": 2011.0, "50": 2016.0, "83": 2031.0, "95": 2041.0}, "chrnc": {"5": 2027.0, "17": 2042.0, "50": 2055.0, "83": 2071.0, "95": 2086.0}, "delta": {"5": 5.0, "17": 19.0, "50": 35.0, "83": 52.0, "95": 64.0}}}