{"int_low": {"occ": {"5": 2037.0, "17": 2044.0, "50": 2056.0, "83": 2070.0, "95": 2076.0499999999993}, "chrnc": {"5": 2092.0, "17": 2092.0, "50": 2094.0, "83": 2097.0, "95": 2097.0}, "delta": {"5": 26.0, "17": 26.0, "50": 42.5, "83": 51.0, "95": 51.0}}, "int": {"occ": {"5": 2024.0, "17": 2030.0, "50": 2038.0, "83": 2044.0, "95": 2048.0}, "chrnc": {"5": 2068.0, "17": 2072.0, "50": 2077.0, "83": 2080.0, "95": 2083.0}, "delta": {"5": 26.0, "17": 31.0, "50": 39.0, "83": 47.0, "95": 53.0}}, "int_high": {"occ": {"5": 2020.0, "17": 2023.0, "50": 2029.0, "83": 2035.0, "95": 2037.0}, "chrnc": {"5": 2053.0, "17": 2055.0, "50": 2058.0, "83": 2061.0, "95": 2063.0}, "delta": {"5": 19.950000000000045, "17": 23.0, "50": 29.0, "83": 35.0, "95": 39.0}}, "kopp": {"occ": {"5": 2026.0, "17": 2034.0, "50": 2045.0, "83": 2059.0, "95": 2073.0}, "chrnc": {"5": 2065.0, "17": 2074.0, "50": 2087.0, "83": 2097.0, "95": 2100.0}, "delta": {"5": 27.0, "17": 33.0, "50": 43.0, "83": 55.0, "95": 63.0}}}