{"int_low": {"occ": {"5": 2010.0, "17": 2010.0, "50": 2013.0, "83": 2014.0, "95": 2018.0}, "chrnc": {"5": 2026.0, "17": 2030.0, "50": 2037.0, "83": 2040.0, "95": 2043.0}, "delta": {"5": 13.0, "17": 17.830000000000155, "50": 24.0, "83": 28.0, "95": 32.0}}, "int": {"occ": {"5": 2010.0, "17": 2010.0, "50": 2012.0, "83": 2014.0, "95": 2014.0}, "chrnc": {"5": 2024.0, "17": 2026.0, "50": 2030.0, "83": 2034.0, "95": 2036.0}, "delta": {"5": 10.950000000000045, "17": 13.0, "50": 18.0, "83": 22.0, "95": 24.0}}, "int_high": {"occ": {"5": 2010.0, "17": 2010.0, "50": 2011.0, "83": 2013.0, "95": 2014.0}, "chrnc": {"5": 2021.0, "17": 2023.0, "50": 2026.0, "83": 2029.0, "95": 2032.0}, "delta": {"5": 8.0, "17": 11.0, "50": 14.0, "83": 18.0, "95": 21.0}}, "kopp": {"occ": {"5": 2010.0, "17": 2011.0, "50": 2013.0, "83": 2015.0, "95": 2020.0}, "chrnc": {"5": 2026.0, "17": 2031.0, "50": 2036.0, "83": 2040.0, "95": 2045.0}, "delta": {"5": 13.0, "17": 17.0, "50": 23.0, "83": 27.0, "95": 32.0}}}