{"int_low": {"occ": {"5": 2010.0, "17": 2012.0, "50": 2019.0, "83": 2031.0, "95": 2037.0}, "chrnc": {"5": 2017.0, "17": 2030.0, "50": 2050.0, "83": 2066.0, "95": 2074.0499999999993}, "delta": {"5": -5.0, "17": 10.0, "50": 30.0, "83": 47.0, "95": 59.0}}, "int": {"occ": {"5": 2010.0, "17": 2012.0, "50": 2013.0, "83": 2022.0, "95": 2029.0}, "chrnc": {"5": 2017.0, "17": 2018.0, "50": 2032.0, "83": 2040.17, "95": 2047.0}, "delta": {"5": -4.0, "17": 4.0, "50": 16.0, "83": 27.0, "95": 32.0}}, "int_high": {"occ": {"5": 2010.0, "17": 2011.0, "50": 2013.0, "83": 2020.0, "95": 2024.0}, "chrnc": {"5": 2017.0, "17": 2020.8300000000002, "50": 2028.0, "83": 2034.0, "95": 2037.0499999999993}, "delta": {"5": -1.0499999999999545, "17": 6.0, "50": 13.0, "83": 21.0, "95": 25.0}}, "kopp": {"occ": {"5": 2010.0, "17": 2012.0, "50": 2018.0, "83": 2029.0, "95": 2036.0}, "chrnc": {"5": 2017.0, "17": 2026.0, "50": 2041.0, "83": 2056.0, "95": 2071.0}, "delta": {"5": -4.0, "17": 7.0, "50": 23.0, "83": 37.0, "95": 51.0}}}