{"int_low": {"occ": {"5": 2010.0, "17": 2010.0, "50": 2010.0, "83": 2011.0, "95": 2013.0}, "chrnc": {"5": 2011.0, "17": 2012.0, "50": 2013.0, "83": 2022.0, "95": 2025.0}, "delta": {"5": -1.0, "17": 1.0, "50": 3.0, "83": 11.0, "95": 14.0}}, "int": {"occ": {"5": 2010.0, "17": 2010.0, "50": 2010.0, "83": 2011.0, "95": 2012.0}, "chrnc": {"5": 2010.0, "17": 2010.8300000000002, "50": 2012.0, "83": 2013.0, "95": 2019.0}, "delta": {"5": -1.0, "17": 0.0, "50": 1.0, "83": 3.0, "95": 7.049999999999272}}, "int_high": {"occ": {"5": 2010.0, "17": 2010.0, "50": 2010.0, "83": 2011.0, "95": 2012.0}, "chrnc": {"5": 2010.0, "17": 2010.0, "50": 2011.0, "83": 2011.0, "95": 2013.0}, "delta": {"5": -1.0, "17": 0.0, "50": 0.0, "83": 1.0, "95": 2.0}}, "kopp": {"occ": {"5": 2010.0, "17": 2010.0, "50": 2010.0, "83": 2011.0, "95": 2021.0}, "chrnc": {"5": 2011.0, "17": 2012.0, "50": 2014.0, "83": 2023.0, "95": 2027.0}, "delta": {"5": -2.0, "17": 1.0, "50": 3.0, "83": 12.0, "95": 16.0}}}