{"int_low": {"occ": {"5": 2024.0, "17": 2028.8300000000002, "50": 2042.0, "83": 2052.0, "95": 2055.0}, "chrnc": {"5": 2080.0, "17": 2086.0, "50": 2095.0, "83": 2099.0, "95": 2100.0}, "delta": {"5": 33.0, "17": 41.0, "50": 52.0, "83": 64.0, "95": 72.0}}, "int": {"occ": {"5": 2015.0, "17": 2022.0, "50": 2029.0, "83": 2035.0, "95": 2037.0}, "chrnc": {"5": 2055.0, "17": 2056.0, "50": 2058.0, "83": 2060.0, "95": 2063.0}, "delta": {"5": 20.950000000000045, "17": 23.0, "50": 29.0, "83": 36.0, "95": 42.0}}, "int_high": {"occ": {"5": 2015.0, "17": 2015.0, "50": 2022.0, "83": 2027.0, "95": 2032.0}, "chrnc": {"5": 2042.0, "17": 2043.0, "50": 2045.0, "83": 2048.0, "95": 2050.0}, "delta": {"5": 12.0, "17": 18.0, "50": 24.0, "83": 29.0, "95": 32.0}}, "kopp": {"occ": {"5": 2022.0, "17": 2026.0, "50": 2035.0, "83": 2046.0, "95": 2054.0}, "chrnc": {"5": 2055.0, "17": 2059.0, "50": 2070.0, "83": 2084.75, "95": 2095.0}, "delta": {"5": 21.0, "17": 26.0, "50": 35.0, "83": 47.0, "95": 55.0}}}