{"int_low": {"occ": {"5": 2018.0, "17": 2022.0, "50": 2030.0, "83": 2037.0, "95": 2049.0}, "chrnc": {"5": 2073.0, "17": 2078.0, "50": 2085.0, "83": 2092.0, "95": 2095.0}, "delta": {"5": 32.950000000000045, "17": 44.0, "50": 55.0, "83": 65.17000000000007, "95": 72.0}}, "int": {"occ": {"5": 2015.0, "17": 2015.0, "50": 2020.0, "83": 2030.0, "95": 2034.0}, "chrnc": {"5": 2046.0, "17": 2049.0, "50": 2055.0, "83": 2058.0, "95": 2059.0}, "delta": {"5": 19.0, "17": 24.0, "50": 34.0, "83": 40.0, "95": 43.0}}, "int_high": {"occ": {"5": 2014.0, "17": 2014.0, "50": 2017.0, "83": 2021.0, "95": 2024.0}, "chrnc": {"5": 2039.0, "17": 2041.0, "50": 2043.0, "83": 2045.0, "95": 2047.0}, "delta": {"5": 17.0, "17": 21.830000000000155, "50": 26.0, "83": 29.0, "95": 32.0}}, "kopp": {"occ": {"5": 2015.0, "17": 2018.0, "50": 2027.0, "83": 2035.0, "95": 2041.0}, "chrnc": {"5": 2048.0, "17": 2057.0, "50": 2065.0, "83": 2079.0, "95": 2091.0}, "delta": {"5": 22.0, "17": 29.0, "50": 39.0, "83": 51.0, "95": 61.0}}}