{"int_low": {"occ": {"5": 2041.0, "17": 2045.0, "50": 2053.0, "83": 2058.0, "95": 2062.0}, "chrnc": {"5": 2084.0, "17": 2091.0, "50": 2095.0, "83": 2099.0, "95": 2100.0}, "delta": {"5": 29.0, "17": 35.0, "50": 42.0, "83": 50.0, "95": 54.0}}, "int": {"occ": {"5": 2030.0, "17": 2034.0, "50": 2037.0, "83": 2040.0, "95": 2041.0499999999993}, "chrnc": {"5": 2053.0, "17": 2055.0, "50": 2057.0, "83": 2059.0, "95": 2061.0}, "delta": {"5": 14.0, "17": 17.0, "50": 21.0, "83": 24.0, "95": 28.0}}, "int_high": {"occ": {"5": 2024.0, "17": 2026.0, "50": 2029.0, "83": 2032.0, "95": 2034.0}, "chrnc": {"5": 2042.0, "17": 2043.0, "50": 2046.0, "83": 2048.0, "95": 2049.0499999999993}, "delta": {"5": 10.0, "17": 13.0, "50": 17.0, "83": 20.0, "95": 23.0}}, "kopp": {"occ": {"5": 2036.0, "17": 2040.0, "50": 2047.0, "83": 2058.0, "95": 2069.0}, "chrnc": {"5": 2056.0, "17": 2062.0, "50": 2074.0, "83": 2088.0, "95": 2097.0}, "delta": {"5": 15.0, "17": 20.0, "50": 26.0, "83": 34.35999999999967, "95": 41.0}}}