{"int_low": {"occ": {"5": 2015.0, "17": 2016.0, "50": 2018.0, "83": 2025.0, "95": 2033.0}, "chrnc": {"5": 2034.0, "17": 2039.0, "50": 2043.0, "83": 2051.0, "95": 2054.0}, "delta": {"5": 7.0, "17": 16.0, "50": 24.5, "83": 32.0, "95": 36.0}}, "int": {"occ": {"5": 2011.0, "17": 2014.0, "50": 2015.0, "83": 2018.0, "95": 2020.0499999999993}, "chrnc": {"5": 2023.0, "17": 2026.0, "50": 2033.0, "83": 2036.0, "95": 2038.0}, "delta": {"5": 7.0, "17": 11.0, "50": 17.0, "83": 21.0, "95": 24.0}}, "int_high": {"occ": {"5": 2010.0, "17": 2010.0, "50": 2013.0, "83": 2014.0, "95": 2017.0499999999993}, "chrnc": {"5": 2021.0, "17": 2023.0, "50": 2027.0, "83": 2031.0, "95": 2033.0}, "delta": {"5": 7.0, "17": 10.0, "50": 14.0, "83": 19.0, "95": 22.0}}, "kopp": {"occ": {"5": 2015.0, "17": 2016.0, "50": 2018.0, "83": 2024.0, "95": 2032.0}, "chrnc": {"5": 2026.0, "17": 2032.0, "50": 2039.0, "83": 2046.0, "95": 2052.0}, "delta": {"5": 7.0, "17": 12.0, "50": 20.0, "83": 26.0, "95": 33.0}}}