{"int_low": {"occ": {"5": 2010.0, "17": 2011.8300000000002, "50": 2017.0, "83": 2024.0, "95": 2027.0}, "chrnc": {"5": 2045.0, "17": 2048.0, "50": 2052.0, "83": 2058.0, "95": 2061.0}, "delta": {"5": 23.0, "17": 28.0, "50": 35.0, "83": 41.0, "95": 46.0}}, "int": {"occ": {"5": 2011.0, "17": 2012.0, "50": 2014.0, "83": 2015.0, "95": 2018.0499999999993}, "chrnc": {"5": 2030.0, "17": 2032.0, "50": 2035.0, "83": 2038.0, "95": 2040.0499999999993}, "delta": {"5": 15.0, "17": 18.0, "50": 21.0, "83": 25.0, "95": 27.0}}, "int_high": {"occ": {"5": 2010.0, "17": 2013.0, "50": 2014.0, "83": 2015.0, "95": 2015.0}, "chrnc": {"5": 2022.0, "17": 2025.0, "50": 2027.0, "83": 2029.0, "95": 2031.0}, "delta": {"5": 8.0, "17": 11.0, "50": 14.0, "83": 16.0, "95": 18.0}}, "kopp": {"occ": {"5": 2010.0, "17": 2011.0, "50": 2021.0, "83": 2028.0, "95": 2033.0}, "chrnc": {"5": 2041.0, "17": 2047.0, "50": 2053.0, "83": 2062.0, "95": 2070.0}, "delta": {"5": 19.0, "17": 25.0, "50": 32.0, "83": 42.0, "95": 50.0}}}