{"int_low": {"occ": {"5": 2061.0, "17": 2064.0, "50": 2071.0, "83": 2077.0, "95": 2085.0}, "chrnc": {"5": 2082.0, "17": 2089.0, "50": 2095.0, "83": 2098.0, "95": 2100.0}, "delta": {"5": 7.0, "17": 15.0, "50": 23.0, "83": 31.0, "95": 35.54999999999927}}, "int": {"occ": {"5": 2044.0, "17": 2046.0, "50": 2049.0, "83": 2052.0, "95": 2054.0}, "chrnc": {"5": 2056.0, "17": 2058.0, "50": 2060.0, "83": 2062.0, "95": 2064.0499999999993}, "delta": {"5": 4.0, "17": 7.0, "50": 11.0, "83": 15.0, "95": 17.0}}, "int_high": {"occ": {"5": 2037.0, "17": 2039.0, "50": 2040.0, "83": 2042.0, "95": 2044.0}, "chrnc": {"5": 2045.0, "17": 2046.0, "50": 2048.0, "83": 2051.0, "95": 2052.0}, "delta": {"5": 3.0, "17": 5.0, "50": 8.0, "83": 10.0, "95": 13.0}}, "kopp": {"occ": {"5": 2045.0, "17": 2052.0, "50": 2059.0, "83": 2071.0, "95": 2080.0}, "chrnc": {"5": 2057.0, "17": 2062.0, "50": 2073.0, "83": 2085.0, "95": 2095.0}, "delta": {"5": 5.0, "17": 8.0, "50": 13.0, "83": 19.0, "95": 24.0}}}