{"int_low": {"occ": {"5": 2042.0, "17": 2044.0, "50": 2051.0, "83": 2056.0, "95": 2060.0}, "chrnc": {"5": 2062.0, "17": 2066.0, "50": 2075.0, "83": 2081.17, "95": 2088.0}, "delta": {"5": 8.0, "17": 15.0, "50": 23.0, "83": 32.0, "95": 38.04999999999927}}, "int": {"occ": {"5": 2034.0, "17": 2037.0, "50": 2039.0, "83": 2042.0, "95": 2045.0}, "chrnc": {"5": 2045.0, "17": 2048.0, "50": 2052.0, "83": 2055.0, "95": 2056.0}, "delta": {"5": 4.9500000000000455, "17": 8.0, "50": 13.0, "83": 16.0, "95": 19.0}}, "int_high": {"occ": {"5": 2026.0, "17": 2029.0, "50": 2033.0, "83": 2036.0, "95": 2037.0}, "chrnc": {"5": 2039.0, "17": 2040.0, "50": 2042.0, "83": 2043.0, "95": 2046.0}, "delta": {"5": 4.0, "17": 6.0, "50": 9.0, "83": 13.0, "95": 17.0}}, "kopp": {"occ": {"5": 2037.0, "17": 2040.0, "50": 2046.0, "83": 2054.0, "95": 2060.0}, "chrnc": {"5": 2048.0, "17": 2055.0, "50": 2061.0, "83": 2072.0, "95": 2082.0}, "delta": {"5": 6.0, "17": 10.0, "50": 15.0, "83": 22.0, "95": 29.0}}}