{"int_low": {"occ": {"5": 2034.0, "17": 2039.0, "50": 2044.0, "83": 2050.0, "95": 2054.0}, "chrnc": {"5": 2061.0, "17": 2066.0, "50": 2073.0, "83": 2080.0, "95": 2087.0}, "delta": {"5": 14.0, "17": 21.0, "50": 29.0, "83": 37.0, "95": 44.0}}, "int": {"occ": {"5": 2024.0, "17": 2026.0, "50": 2031.0, "83": 2035.0, "95": 2037.0}, "chrnc": {"5": 2042.0, "17": 2044.0, "50": 2047.0, "83": 2050.0, "95": 2053.0}, "delta": {"5": 8.950000000000045, "17": 12.0, "50": 17.0, "83": 21.0, "95": 24.049999999999272}}, "int_high": {"occ": {"5": 2020.0, "17": 2021.0, "50": 2024.0, "83": 2026.0, "95": 2029.0}, "chrnc": {"5": 2033.0, "17": 2036.0, "50": 2038.0, "83": 2040.0, "95": 2042.0}, "delta": {"5": 7.0, "17": 11.0, "50": 14.0, "83": 17.0, "95": 20.0}}, "kopp": {"occ": {"5": 2035.0, "17": 2039.0, "50": 2045.0, "83": 2052.0, "95": 2057.0}, "chrnc": {"5": 2054.0, "17": 2058.0, "50": 2065.0, "83": 2075.0, "95": 2085.0}, "delta": {"5": 10.0, "17": 15.0, "50": 21.0, "83": 28.0, "95": 34.0}}}