{"int_low": {"occ": {"5": 2057.0, "17": 2063.0, "50": 2070.0, "83": 2076.0, "95": 2082.0499999999993}, "chrnc": {"5": 2091.0, "17": 2091.0, "50": 2096.0, "83": 2097.0, "95": 2097.0}, "delta": {"5": 21.0, "17": 21.0, "50": 31.0, "83": 44.0, "95": 44.0}}, "int": {"occ": {"5": 2042.0, "17": 2045.0, "50": 2048.0, "83": 2050.0, "95": 2052.0}, "chrnc": {"5": 2067.0, "17": 2068.0, "50": 2070.0, "83": 2073.0, "95": 2075.0}, "delta": {"5": 17.0, "17": 20.0, "50": 23.0, "83": 27.0, "95": 29.0}}, "int_high": {"occ": {"5": 2033.0, "17": 2034.0, "50": 2037.0, "83": 2040.0, "95": 2042.0}, "chrnc": {"5": 2052.0, "17": 2053.0, "50": 2055.0, "83": 2058.0, "95": 2059.0}, "delta": {"5": 12.0, "17": 14.0, "50": 18.0, "83": 21.0, "95": 24.0}}, "kopp": {"occ": {"5": 2049.0, "17": 2053.0, "50": 2061.0, "83": 2070.0, "95": 2080.1499999999996}, "chrnc": {"5": 2068.0, "17": 2074.0, "50": 2086.0, "83": 2095.0, "95": 2099.0}, "delta": {"5": 16.0, "17": 20.0, "50": 26.0, "83": 32.0, "95": 37.0}}}