{"int_low": {"occ": {"5": 2034.0, "17": 2037.0, "50": 2041.0, "83": 2046.17, "95": 2050.0}, "chrnc": {"5": 2064.0, "17": 2068.0, "50": 2074.0, "83": 2078.0, "95": 2082.0}, "delta": {"5": 19.0, "17": 25.0, "50": 33.0, "83": 38.0, "95": 43.0}}, "int": {"occ": {"5": 2022.0, "17": 2026.0, "50": 2029.0, "83": 2032.0, "95": 2034.0}, "chrnc": {"5": 2045.0, "17": 2047.0, "50": 2050.0, "83": 2052.0, "95": 2054.0}, "delta": {"5": 14.0, "17": 16.830000000000155, "50": 21.0, "83": 25.0, "95": 28.0}}, "int_high": {"occ": {"5": 2020.0, "17": 2021.0, "50": 2023.0, "83": 2025.0, "95": 2027.0}, "chrnc": {"5": 2035.0, "17": 2037.0, "50": 2038.0, "83": 2040.0, "95": 2042.0}, "delta": {"5": 10.950000000000045, "17": 13.0, "50": 16.0, "83": 18.0, "95": 20.0}}}