{"int_low": {"occ": {"5": 2010.0, "17": 2011.0, "50": 2013.0, "83": 2014.0, "95": 2014.0}, "chrnc": {"5": 2016.0, "17": 2017.0, "50": 2020.0, "83": 2031.0, "95": 2034.0}, "delta": {"5": 2.0, "17": 4.0, "50": 7.0, "83": 17.170000000000073, "95": 21.0}}, "int": {"occ": {"5": 2010.0, "17": 2011.0, "50": 2012.0, "83": 2014.0, "95": 2014.0}, "chrnc": {"5": 2015.0, "17": 2016.0, "50": 2018.0, "83": 2020.0, "95": 2023.0}, "delta": {"5": 2.0, "17": 3.0, "50": 6.0, "83": 8.0, "95": 11.049999999999272}}, "int_high": {"occ": {"5": 2010.0, "17": 2011.0, "50": 2012.0, "83": 2014.0, "95": 2014.0}, "chrnc": {"5": 2010.0, "17": 2015.0, "50": 2016.0, "83": 2019.0, "95": 2020.0}, "delta": {"5": -2.0, "17": 1.0, "50": 4.0, "83": 6.0, "95": 8.0}}, "kopp": {"occ": {"5": 2011.0, "17": 2011.0, "50": 2013.0, "83": 2014.0, "95": 2014.0}, "chrnc": {"5": 2016.0, "17": 2017.0, "50": 2020.0, "83": 2029.0, "95": 2034.0}, "delta": {"5": 2.0, "17": 4.0, "50": 7.0, "83": 17.0, "95": 21.0}}}