{"int_low": {"occ": {"5": 2012.0, "17": 2013.0, "50": 2015.0, "83": 2017.0, "95": 2020.0}, "chrnc": {"5": 2022.0, "17": 2026.0, "50": 2033.0, "83": 2039.0, "95": 2047.0499999999993}, "delta": {"5": 6.9500000000000455, "17": 10.0, "50": 18.0, "83": 24.170000000000073, "95": 32.0}}, "int": {"occ": {"5": 2012.0, "17": 2013.0, "50": 2015.0, "83": 2015.0, "95": 2018.0}, "chrnc": {"5": 2011.0, "17": 2020.0, "50": 2024.0, "83": 2030.0, "95": 2033.0}, "delta": {"5": -2.0, "17": 5.0, "50": 10.0, "83": 15.0, "95": 20.0}}, "int_high": {"occ": {"5": 2010.0, "17": 2013.0, "50": 2013.0, "83": 2015.0, "95": 2016.0}, "chrnc": {"5": 2011.0, "17": 2011.0, "50": 2019.0, "83": 2022.0, "95": 2024.0}, "delta": {"5": -4.0, "17": -2.0, "50": 5.0, "83": 8.0, "95": 11.0}}, "kopp": {"occ": {"5": 2013.0, "17": 2013.0, "50": 2015.0, "83": 2018.0, "95": 2022.0}, "chrnc": {"5": 2024.0, "17": 2028.0, "50": 2036.0, "83": 2044.0, "95": 2051.0}, "delta": {"5": 8.0, "17": 12.0, "50": 21.0, "83": 29.0, "95": 36.0}}}