{"int_low": {"occ": {"5": 2011.0, "17": 2013.0, "50": 2013.0, "83": 2019.0, "95": 2028.0}, "chrnc": {"5": 2010.0, "17": 2012.0, "50": 2021.0, "83": 2033.0, "95": 2040.0}, "delta": {"5": -9.0, "17": -3.0, "50": 6.0, "83": 19.0, "95": 25.049999999999272}}, "int": {"occ": {"5": 2010.0, "17": 2013.0, "50": 2013.0, "83": 2013.0, "95": 2022.0}, "chrnc": {"5": 2010.0, "17": 2011.0, "50": 2018.5, "83": 2025.0, "95": 2031.0}, "delta": {"5": -5.0, "17": -2.0, "50": 4.0, "83": 12.0, "95": 17.049999999999272}}, "int_high": {"occ": {"5": 2010.0, "17": 2013.0, "50": 2013.0, "83": 2013.0, "95": 2015.0}, "chrnc": {"5": 2010.0, "17": 2011.0, "50": 2011.0, "83": 2020.0, "95": 2024.0}, "delta": {"5": -3.0, "17": -2.0, "50": -1.0, "83": 6.0, "95": 11.0}}, "kopp": {"occ": {"5": 2011.0, "17": 2013.0, "50": 2013.0, "83": 2015.0, "95": 2025.0}, "chrnc": {"5": 2010.0, "17": 2011.0, "50": 2019.0, "83": 2030.0, "95": 2037.0}, "delta": {"5": -8.0, "17": -3.0, "50": 5.0, "83": 15.0, "95": 23.0}}}