{"int_low": {"occ": {"5": 2012.0, "17": 2013.0, "50": 2015.0, "83": 2020.0, "95": 2023.0}, "chrnc": {"5": 2024.0, "17": 2028.0, "50": 2035.0, "83": 2040.0, "95": 2044.0}, "delta": {"5": 6.0, "17": 11.0, "50": 19.0, "83": 25.0, "95": 30.0}}, "int": {"occ": {"5": 2011.0, "17": 2013.0, "50": 2015.0, "83": 2016.0, "95": 2020.0}, "chrnc": {"5": 2019.0, "17": 2022.0, "50": 2026.0, "83": 2030.0, "95": 2032.0}, "delta": {"5": 3.0, "17": 6.830000000000155, "50": 11.0, "83": 16.0, "95": 18.049999999999272}}, "int_high": {"occ": {"5": 2010.0, "17": 2012.0, "50": 2013.0, "83": 2015.0, "95": 2018.0}, "chrnc": {"5": 2017.0, "17": 2018.0, "50": 2020.0, "83": 2024.0, "95": 2025.0}, "delta": {"5": 2.0, "17": 4.0, "50": 7.0, "83": 10.170000000000073, "95": 13.0}}, "kopp": {"occ": {"5": 2012.0, "17": 2013.0, "50": 2015.0, "83": 2020.0, "95": 2024.0}, "chrnc": {"5": 2026.0, "17": 2030.0, "50": 2037.0, "83": 2044.0, "95": 2050.0}, "delta": {"5": 8.0, "17": 13.0, "50": 21.0, "83": 28.0, "95": 34.0}}}