{"int_low": {"occ": {"5": 2010.0, "17": 2013.0, "50": 2013.0, "83": 2013.0, "95": 2024.0}, "chrnc": {"5": 2010.0, "17": 2011.0, "50": 2013.0, "83": 2023.0, "95": 2029.0}, "delta": {"5": -3.0, "17": -2.0, "50": 0.0, "83": 7.170000000000073, "95": 14.0}}, "int": {"occ": {"5": 2010.0, "17": 2012.0, "50": 2013.0, "83": 2013.0, "95": 2019.0}, "chrnc": {"5": 2010.0, "17": 2011.0, "50": 2011.0, "83": 2019.0, "95": 2023.0499999999993}, "delta": {"5": -2.0, "17": -2.0, "50": 0.0, "83": 2.0, "95": 9.049999999999272}}, "int_high": {"occ": {"5": 2010.0, "17": 2012.0, "50": 2013.0, "83": 2013.0, "95": 2014.0}, "chrnc": {"5": 2010.0, "17": 2011.0, "50": 2013.0, "83": 2013.0, "95": 2018.0}, "delta": {"5": -2.0, "17": 0.0, "50": 0.0, "83": 0.0, "95": 0.0}}, "kopp": {"occ": {"5": 2010.0, "17": 2013.0, "50": 2013.0, "83": 2013.0, "95": 2023.0}, "chrnc": {"5": 2010.0, "17": 2011.0, "50": 2013.0, "83": 2021.0, "95": 2027.0}, "delta": {"5": -3.0, "17": -2.0, "50": 0.0, "83": 7.0, "95": 12.0}}}