{"int_low": {"occ": {"5": 2011.95, "17": 2013.0, "50": 2013.0, "83": 2016.0, "95": 2027.0}, "chrnc": {"5": 2023.0, "17": 2032.0, "50": 2048.0, "83": 2063.0, "95": 2074.0}, "delta": {"5": 9.0, "17": 16.0, "50": 33.0, "83": 49.0, "95": 59.0}}, "int": {"occ": {"5": 2011.0, "17": 2013.0, "50": 2013.0, "83": 2014.0, "95": 2020.0}, "chrnc": {"5": 2020.0, "17": 2025.0, "50": 2033.0, "83": 2040.0, "95": 2044.0}, "delta": {"5": 5.9500000000000455, "17": 11.0, "50": 19.0, "83": 26.0, "95": 31.0}}, "int_high": {"occ": {"5": 2010.0, "17": 2013.0, "50": 2013.0, "83": 2013.0, "95": 2019.0}, "chrnc": {"5": 2017.0, "17": 2018.0, "50": 2025.0, "83": 2032.0, "95": 2035.0}, "delta": {"5": 3.0, "17": 5.0, "50": 12.0, "83": 18.170000000000073, "95": 22.0}}, "kopp": {"occ": {"5": 2011.0, "17": 2013.0, "50": 2013.0, "83": 2015.0, "95": 2027.0}, "chrnc": {"5": 2021.0, "17": 2027.0, "50": 2040.0, "83": 2055.0, "95": 2072.0}, "delta": {"5": 7.0, "17": 13.0, "50": 25.0, "83": 40.0, "95": 56.0}}}