{"int_low": {"occ": {"5": 2012.0, "17": 2013.0, "50": 2013.0, "83": 2013.0, "95": 2034.0}, "chrnc": {"5": 2021.0, "17": 2026.0, "50": 2047.0, "83": 2072.0, "95": 2088.0}, "delta": {"5": 2.800000000000182, "17": 11.0, "50": 33.0, "83": 58.0, "95": 75.0}}, "int": {"occ": {"5": 2012.0, "17": 2013.0, "50": 2013.0, "83": 2013.0, "95": 2019.0}, "chrnc": {"5": 2010.0, "17": 2017.0, "50": 2026.0, "83": 2036.0, "95": 2046.0}, "delta": {"5": -3.0, "17": 4.0, "50": 12.0, "83": 23.0, "95": 29.049999999999272}}, "int_high": {"occ": {"5": 2012.0, "17": 2013.0, "50": 2013.0, "83": 2013.0, "95": 2013.0}, "chrnc": {"5": 2010.0, "17": 2015.0, "50": 2021.0, "83": 2032.0, "95": 2034.0}, "delta": {"5": -3.0, "17": 2.0, "50": 8.0, "83": 19.0, "95": 21.0}}, "kopp": {"occ": {"5": 2012.0, "17": 2013.0, "50": 2013.0, "83": 2013.0, "95": 2034.0}, "chrnc": {"5": 2017.0, "17": 2022.0, "50": 2036.0, "83": 2054.0, "95": 2072.0}, "delta": {"5": -3.0, "17": 7.0, "50": 19.0, "83": 39.0, "95": 57.0}}}