{"int_low": {"occ": {"5": 2010.95, "17": 2011.0, "50": 2013.0, "83": 2019.0, "95": 2021.0}, "chrnc": {"5": 2039.0, "17": 2043.0, "50": 2046.0, "83": 2050.0, "95": 2054.0}, "delta": {"5": 22.950000000000045, "17": 27.0, "50": 32.0, "83": 37.0, "95": 41.0}}, "int": {"occ": {"5": 2010.0, "17": 2011.0, "50": 2015.0, "83": 2015.0, "95": 2015.0499999999993}, "chrnc": {"5": 2026.0, "17": 2029.0, "50": 2032.0, "83": 2035.0, "95": 2036.0}, "delta": {"5": 11.0, "17": 15.0, "50": 18.0, "83": 21.0, "95": 23.0}}, "int_high": {"occ": {"5": 2010.0, "17": 2011.0, "50": 2015.0, "83": 2015.0, "95": 2015.0}, "chrnc": {"5": 2021.0, "17": 2022.0, "50": 2025.0, "83": 2027.0, "95": 2028.0}, "delta": {"5": 7.0, "17": 8.0, "50": 11.0, "83": 14.0, "95": 17.0}}, "kopp": {"occ": {"5": 2010.0, "17": 2012.0, "50": 2016.0, "83": 2023.0, "95": 2027.0}, "chrnc": {"5": 2038.0, "17": 2042.0, "50": 2047.0, "83": 2055.0, "95": 2061.0}, "delta": {"5": 20.0, "17": 24.0, "50": 31.0, "83": 38.0, "95": 44.0}}}