{"int_low": {"occ": {"5": 2029.0, "17": 2034.0, "50": 2039.0, "83": 2045.0, "95": 2048.0}, "chrnc": {"5": 2073.95, "17": 2079.0, "50": 2086.0, "83": 2094.0, "95": 2098.0}, "delta": {"5": 33.0, "17": 38.0, "50": 47.0, "83": 56.0, "95": 61.04999999999927}}, "int": {"occ": {"5": 2019.0, "17": 2025.0, "50": 2029.0, "83": 2032.0, "95": 2034.0}, "chrnc": {"5": 2051.0, "17": 2053.0, "50": 2056.0, "83": 2059.0, "95": 2062.0}, "delta": {"5": 19.0, "17": 23.0, "50": 27.0, "83": 32.0, "95": 38.0}}, "int_high": {"occ": {"5": 2015.0, "17": 2016.0, "50": 2020.0, "83": 2024.0, "95": 2027.0}, "chrnc": {"5": 2040.95, "17": 2043.0, "50": 2045.0, "83": 2048.0, "95": 2049.0}, "delta": {"5": 17.0, "17": 20.830000000000155, "50": 25.0, "83": 29.0, "95": 32.0}}, "kopp": {"occ": {"5": 2028.0, "17": 2033.0, "50": 2038.0, "83": 2045.0, "95": 2050.0}, "chrnc": {"5": 2055.0, "17": 2062.0, "50": 2070.0, "83": 2082.0, "95": 2092.0}, "delta": {"5": 20.0, "17": 25.0, "50": 33.0, "83": 41.0, "95": 49.0}}}