{"int_low": {"occ": {"5": 2020.0, "17": 2021.0, "50": 2026.0, "83": 2031.0, "95": 2033.0}, "chrnc": {"5": 2057.0, "17": 2061.0, "50": 2067.0, "83": 2071.0, "95": 2077.0}, "delta": {"5": 28.950000000000045, "17": 34.0, "50": 40.0, "83": 47.0, "95": 51.04999999999927}}, "int": {"occ": {"5": 2016.0, "17": 2018.0, "50": 2020.0, "83": 2023.0, "95": 2025.0}, "chrnc": {"5": 2041.0, "17": 2044.0, "50": 2046.0, "83": 2048.0, "95": 2050.0}, "delta": {"5": 18.0, "17": 22.0, "50": 25.0, "83": 29.0, "95": 32.0}}, "int_high": {"occ": {"5": 2011.0, "17": 2014.0, "50": 2017.0, "83": 2018.0, "95": 2019.0}, "chrnc": {"5": 2033.0, "17": 2034.0, "50": 2036.0, "83": 2039.0, "95": 2040.0499999999993}, "delta": {"5": 16.0, "17": 17.0, "50": 20.0, "83": 23.0, "95": 26.0}}, "kopp": {"occ": {"5": 2020.0, "17": 2022.0, "50": 2028.0, "83": 2033.0, "95": 2037.0}, "chrnc": {"5": 2049.0, "17": 2054.0, "50": 2061.0, "83": 2071.0, "95": 2080.0}, "delta": {"5": 22.0, "17": 27.0, "50": 34.0, "83": 42.0, "95": 50.0}}}