{"int_low": {"occ": {"5": 2036.0, "17": 2044.0, "50": 2055.0, "83": 2068.0, "95": 2076.0}, "chrnc": {"5": 2059.0, "17": 2068.0, "50": 2081.0, "83": 2091.0, "95": 2096.0}, "delta": {"5": -5.0, "17": 9.0, "50": 24.0, "83": 39.0, "95": 49.0}}, "int": {"occ": {"5": 2027.0, "17": 2033.0, "50": 2039.0, "83": 2045.0, "95": 2049.0}, "chrnc": {"5": 2043.0, "17": 2047.0, "50": 2052.0, "83": 2057.0, "95": 2060.0}, "delta": {"5": 1.0, "17": 6.0, "50": 13.0, "83": 21.0, "95": 26.049999999999272}}, "int_high": {"occ": {"5": 2022.0, "17": 2026.0, "50": 2031.0, "83": 2036.0, "95": 2040.0}, "chrnc": {"5": 2033.0, "17": 2038.0, "50": 2042.0, "83": 2045.0, "95": 2048.0}, "delta": {"5": -1.0499999999999545, "17": 4.0, "50": 10.0, "83": 17.0, "95": 22.0}}, "kopp": {"occ": {"5": 2030.0, "17": 2037.0, "50": 2047.0, "83": 2060.0, "95": 2072.0}, "chrnc": {"5": 2046.0, "17": 2052.0, "50": 2063.0, "83": 2078.0, "95": 2091.0}, "delta": {"5": -2.0, "17": 6.0, "50": 16.0, "83": 27.0, "95": 37.0}}}