{"int_low": {"occ": {"5": 2013.0, "17": 2014.0, "50": 2015.0, "83": 2015.0, "95": 2022.0}, "chrnc": {"5": 2032.0, "17": 2035.0, "50": 2041.0, "83": 2046.0, "95": 2049.0}, "delta": {"5": 15.0, "17": 19.830000000000155, "50": 25.0, "83": 31.0, "95": 35.0}}, "int": {"occ": {"5": 2012.0, "17": 2013.0, "50": 2015.0, "83": 2015.0, "95": 2015.0}, "chrnc": {"5": 2022.0, "17": 2025.0, "50": 2028.0, "83": 2031.0, "95": 2033.0}, "delta": {"5": 7.0, "17": 11.0, "50": 14.0, "83": 17.0, "95": 19.049999999999272}}, "int_high": {"occ": {"5": 2010.0, "17": 2013.0, "50": 2014.0, "83": 2015.0, "95": 2015.0}, "chrnc": {"5": 2018.0, "17": 2019.0, "50": 2022.0, "83": 2024.0, "95": 2026.0}, "delta": {"5": 4.0, "17": 5.0, "50": 8.0, "83": 11.0, "95": 13.0}}, "kopp": {"occ": {"5": 2013.0, "17": 2014.0, "50": 2015.0, "83": 2015.0, "95": 2023.0}, "chrnc": {"5": 2033.0, "17": 2037.0, "50": 2044.0, "83": 2051.0, "95": 2059.0}, "delta": {"5": 17.0, "17": 21.0, "50": 28.0, "83": 36.0, "95": 44.0}}}