{"int_low": {"occ": {"5": 2010.0, "17": 2010.0, "50": 2013.0, "83": 2013.0, "95": 2020.0}, "chrnc": {"5": 2040.0, "17": 2044.0, "50": 2052.0, "83": 2060.0, "95": 2069.0}, "delta": {"5": 26.0, "17": 31.0, "50": 39.0, "83": 47.0, "95": 56.0}}, "int": {"occ": {"5": 2010.0, "17": 2010.0, "50": 2013.0, "83": 2013.0, "95": 2016.0}, "chrnc": {"5": 2026.0, "17": 2033.0, "50": 2039.0, "83": 2042.0, "95": 2046.0}, "delta": {"5": 13.950000000000045, "17": 19.830000000000155, "50": 26.0, "83": 30.0, "95": 35.0}}, "int_high": {"occ": {"5": 2010.0, "17": 2010.0, "50": 2013.0, "83": 2013.0, "95": 2013.0}, "chrnc": {"5": 2025.0, "17": 2027.0, "50": 2032.0, "83": 2036.0, "95": 2038.0}, "delta": {"5": 12.0, "17": 15.0, "50": 20.0, "83": 24.0, "95": 26.049999999999272}}, "kopp": {"occ": {"5": 2010.0, "17": 2010.0, "50": 2013.0, "83": 2013.0, "95": 2020.0}, "chrnc": {"5": 2030.0, "17": 2038.0, "50": 2046.0, "83": 2055.0, "95": 2068.0}, "delta": {"5": 18.0, "17": 25.0, "50": 33.0, "83": 43.0, "95": 54.0}}}