{"int_low": {"occ": {"5": 2022.0, "17": 2027.0, "50": 2034.0, "83": 2040.0, "95": 2046.0}, "chrnc": {"5": 2076.0, "17": 2081.0, "50": 2088.0, "83": 2094.0, "95": 2098.0}, "delta": {"5": 37.0, "17": 44.0, "50": 54.0, "83": 62.0, "95": 69.0}}, "int": {"occ": {"5": 2019.0, "17": 2021.0, "50": 2025.0, "83": 2030.0, "95": 2032.0499999999993}, "chrnc": {"5": 2048.0, "17": 2051.0, "50": 2055.0, "83": 2058.0, "95": 2060.0}, "delta": {"5": 20.0, "17": 24.0, "50": 30.0, "83": 34.0, "95": 38.0}}, "int_high": {"occ": {"5": 2012.0, "17": 2018.0, "50": 2020.0, "83": 2023.0, "95": 2025.0}, "chrnc": {"5": 2039.0, "17": 2041.0, "50": 2043.0, "83": 2046.0, "95": 2048.0}, "delta": {"5": 16.950000000000045, "17": 20.0, "50": 23.0, "83": 27.0, "95": 31.0}}, "kopp": {"occ": {"5": 2025.0, "17": 2029.0, "50": 2036.0, "83": 2044.0, "95": 2051.0}, "chrnc": {"5": 2058.0, "17": 2064.0, "50": 2074.0, "83": 2087.0, "95": 2096.0}, "delta": {"5": 23.0, "17": 29.0, "50": 38.0, "83": 49.0, "95": 56.0}}}