{"int_low": {"occ": {"5": 2054.0, "17": 2058.0, "50": 2063.0, "83": 2070.0, "95": 2073.0499999999993}, "chrnc": {"5": 2079.0, "17": 2083.0, "50": 2088.0, "83": 2093.0, "95": 2097.0499999999993}, "delta": {"5": 12.0, "17": 17.0, "50": 24.0, "83": 32.0, "95": 38.0}}, "int": {"occ": {"5": 2041.0, "17": 2045.0, "50": 2048.0, "83": 2051.0, "95": 2054.0}, "chrnc": {"5": 2056.0, "17": 2059.0, "50": 2062.0, "83": 2065.0, "95": 2067.0}, "delta": {"5": 6.0, "17": 9.0, "50": 14.0, "83": 18.0, "95": 23.0}}, "int_high": {"occ": {"5": 2036.0, "17": 2038.0, "50": 2041.0, "83": 2043.0, "95": 2045.0}, "chrnc": {"5": 2048.0, "17": 2049.0, "50": 2052.0, "83": 2054.0, "95": 2055.0}, "delta": {"5": 6.0, "17": 8.0, "50": 11.0, "83": 14.0, "95": 17.0}}, "kopp": {"occ": {"5": 2046.0, "17": 2051.0, "50": 2057.0, "83": 2065.0, "95": 2071.0}, "chrnc": {"5": 2060.0, "17": 2065.0, "50": 2074.0, "83": 2084.0, "95": 2092.0}, "delta": {"5": 8.0, "17": 11.0, "50": 16.0, "83": 23.0, "95": 28.0}}}