{"int_low": {"occ": {"5": 2055.0, "17": 2059.0, "50": 2066.0, "83": 2073.0, "95": 2077.0}, "chrnc": {"5": 2093.0, "17": 2097.0, "50": 2098.0, "83": 2100.0, "95": 2100.0}, "delta": {"5": 24.0, "17": 25.0, "50": 40.0, "83": 46.0, "95": 52.0}}, "int": {"occ": {"5": 2039.0, "17": 2042.0, "50": 2046.0, "83": 2050.0, "95": 2052.0}, "chrnc": {"5": 2072.0, "17": 2074.0, "50": 2076.0, "83": 2079.0, "95": 2081.0}, "delta": {"5": 23.0, "17": 25.830000000000155, "50": 30.0, "83": 35.0, "95": 38.0}}, "int_high": {"occ": {"5": 2033.0, "17": 2035.0, "50": 2037.5, "83": 2040.0, "95": 2042.0}, "chrnc": {"5": 2056.0, "17": 2057.0, "50": 2059.0, "83": 2061.0, "95": 2063.0}, "delta": {"5": 16.950000000000045, "17": 19.0, "50": 21.0, "83": 25.0, "95": 27.0}}, "kopp": {"occ": {"5": 2041.0, "17": 2046.0, "50": 2054.0, "83": 2066.0, "95": 2075.0}, "chrnc": {"5": 2068.0, "17": 2076.0, "50": 2087.0, "83": 2097.0, "95": 2100.0}, "delta": {"5": 23.0, "17": 27.0, "50": 35.0, "83": 41.0, "95": 46.0}}}