{"int_low": {"occ": {"5": 2012.0, "17": 2013.0, "50": 2018.0, "83": 2023.0, "95": 2031.0}, "chrnc": {"5": 2059.0, "17": 2063.0, "50": 2070.0, "83": 2077.0, "95": 2083.0}, "delta": {"5": 37.0, "17": 44.0, "50": 52.0, "83": 60.0, "95": 67.0}}, "int": {"occ": {"5": 2010.0, "17": 2010.0, "50": 2014.0, "83": 2018.0, "95": 2020.0}, "chrnc": {"5": 2040.95, "17": 2043.0, "50": 2046.0, "83": 2050.0, "95": 2052.0}, "delta": {"5": 24.0, "17": 28.0, "50": 33.0, "83": 37.0, "95": 40.0}}, "int_high": {"occ": {"5": 2010.0, "17": 2010.0, "50": 2010.0, "83": 2012.0, "95": 2014.0}, "chrnc": {"5": 2032.0, "17": 2035.0, "50": 2037.0, "83": 2040.0, "95": 2041.0499999999993}, "delta": {"5": 19.0, "17": 23.0, "50": 27.0, "83": 29.0, "95": 31.0}}, "kopp": {"occ": {"5": 2012.0, "17": 2013.0, "50": 2017.0, "83": 2023.0, "95": 2031.0499999999993}, "chrnc": {"5": 2044.0, "17": 2050.0, "50": 2059.0, "83": 2071.0, "95": 2083.0}, "delta": {"5": 26.0, "17": 32.0, "50": 42.0, "83": 53.0, "95": 64.0}}}