{"int_low": {"occ": {"5": 2010.0, "17": 2011.0, "50": 2014.0, "83": 2018.0, "95": 2020.0}, "chrnc": {"5": 2037.0, "17": 2039.0, "50": 2042.0, "83": 2049.0, "95": 2052.0}, "delta": {"5": 18.0, "17": 24.0, "50": 29.0, "83": 35.0, "95": 39.0}}, "int": {"occ": {"5": 2010.0, "17": 2010.0, "50": 2011.0, "83": 2013.0, "95": 2016.0499999999993}, "chrnc": {"5": 2023.0, "17": 2026.0, "50": 2030.0, "83": 2034.0, "95": 2036.0}, "delta": {"5": 11.0, "17": 14.0, "50": 18.0, "83": 22.0, "95": 25.0}}, "int_high": {"occ": {"5": 2010.0, "17": 2010.0, "50": 2011.0, "83": 2011.0, "95": 2014.0}, "chrnc": {"5": 2020.0, "17": 2022.0, "50": 2023.0, "83": 2025.0, "95": 2029.0}, "delta": {"5": 9.0, "17": 10.830000000000155, "50": 12.5, "83": 15.0, "95": 18.0}}, "kopp": {"occ": {"5": 2010.0, "17": 2012.0, "50": 2014.0, "83": 2018.0, "95": 2021.0}, "chrnc": {"5": 2030.0, "17": 2036.0, "50": 2040.0, "83": 2047.0, "95": 2053.0}, "delta": {"5": 16.0, "17": 20.0, "50": 26.0, "83": 32.0, "95": 38.0}}}