{"int_low": {"occ": {"5": 2010.0, "17": 2010.0, "50": 2011.0, "83": 2013.0, "95": 2019.0}, "chrnc": {"5": 2030.0, "17": 2037.0, "50": 2039.0, "83": 2042.0, "95": 2045.0}, "delta": {"5": 17.0, "17": 22.830000000000155, "50": 27.0, "83": 31.0, "95": 33.04999999999927}}, "int": {"occ": {"5": 2010.0, "17": 2010.0, "50": 2011.0, "83": 2011.0, "95": 2012.0}, "chrnc": {"5": 2022.0, "17": 2024.0, "50": 2027.0, "83": 2031.0, "95": 2033.0}, "delta": {"5": 11.0, "17": 13.0, "50": 16.0, "83": 20.0, "95": 22.0}}, "int_high": {"occ": {"5": 2010.0, "17": 2010.0, "50": 2011.0, "83": 2011.0, "95": 2011.0}, "chrnc": {"5": 2020.0, "17": 2021.0, "50": 2022.0, "83": 2024.0, "95": 2025.0}, "delta": {"5": 9.0, "17": 10.0, "50": 11.0, "83": 13.0, "95": 14.0}}, "kopp": {"occ": {"5": 2010.0, "17": 2010.0, "50": 2012.0, "83": 2015.0, "95": 2019.0}, "chrnc": {"5": 2027.0, "17": 2032.0, "50": 2038.0, "83": 2043.0, "95": 2051.0}, "delta": {"5": 15.0, "17": 19.0, "50": 25.0, "83": 30.0, "95": 37.0}}}