{"int_low": {"occ": {"5": 2010.0, "17": 2012.0, "50": 2015.0, "83": 2019.0, "95": 2023.0}, "chrnc": {"5": 2044.0, "17": 2047.0, "50": 2053.0, "83": 2058.0, "95": 2062.0}, "delta": {"5": 26.0, "17": 31.0, "50": 37.0, "83": 43.0, "95": 48.0}}, "int": {"occ": {"5": 2010.0, "17": 2013.0, "50": 2014.0, "83": 2015.0, "95": 2016.0499999999993}, "chrnc": {"5": 2030.0, "17": 2034.0, "50": 2038.0, "83": 2041.0, "95": 2043.0}, "delta": {"5": 16.0, "17": 20.0, "50": 24.0, "83": 28.0, "95": 30.0}}, "int_high": {"occ": {"5": 2010.0, "17": 2012.0, "50": 2013.0, "83": 2015.0, "95": 2016.0}, "chrnc": {"5": 2025.0, "17": 2027.0, "50": 2030.0, "83": 2032.0, "95": 2034.0}, "delta": {"5": 11.0, "17": 13.0, "50": 16.0, "83": 19.0, "95": 21.0}}, "kopp": {"occ": {"5": 2010.0, "17": 2011.0, "50": 2016.0, "83": 2022.0, "95": 2027.0}, "chrnc": {"5": 2041.0, "17": 2046.0, "50": 2052.0, "83": 2060.0, "95": 2068.0}, "delta": {"5": 22.900000000000034, "17": 28.0, "50": 36.0, "83": 44.0, "95": 52.0}}}