{"int_low": {"occ": {"5": 2012.0, "17": 2018.0, "50": 2024.0, "83": 2034.0, "95": 2043.0}, "chrnc": {"5": 2045.0, "17": 2052.0, "50": 2062.0, "83": 2073.0, "95": 2082.0499999999993}, "delta": {"5": 14.0, "17": 23.0, "50": 36.0, "83": 48.17000000000007, "95": 58.0}}, "int": {"occ": {"5": 2010.0, "17": 2011.0, "50": 2015.0, "83": 2019.0, "95": 2026.0}, "chrnc": {"5": 2031.0, "17": 2035.0, "50": 2041.0, "83": 2047.0, "95": 2050.0}, "delta": {"5": 13.0, "17": 18.0, "50": 25.0, "83": 33.0, "95": 37.0}}, "int_high": {"occ": {"5": 2010.0, "17": 2011.0, "50": 2013.0, "83": 2016.0, "95": 2021.0}, "chrnc": {"5": 2025.0, "17": 2028.0, "50": 2032.0, "83": 2036.0, "95": 2040.0}, "delta": {"5": 10.0, "17": 14.0, "50": 19.0, "83": 24.0, "95": 28.0}}, "kopp": {"occ": {"5": 2017.0, "17": 2020.0, "50": 2028.0, "83": 2039.0, "95": 2046.0}, "chrnc": {"5": 2042.0, "17": 2049.0, "50": 2059.0, "83": 2070.0, "95": 2080.0}, "delta": {"5": 11.0, "17": 18.0, "50": 30.0, "83": 42.0, "95": 51.0}}}