{"int_low": {"occ": {"5": 2010.0, "17": 2010.0, "50": 2013.0, "83": 2014.0, "95": 2021.0499999999993}, "chrnc": {"5": 2046.0, "17": 2057.0, "50": 2064.0, "83": 2072.0, "95": 2075.0}, "delta": {"5": 32.0, "17": 43.0, "50": 51.0, "83": 59.0, "95": 63.0}}, "int": {"occ": {"5": 2010.0, "17": 2010.0, "50": 2013.0, "83": 2013.0, "95": 2019.0}, "chrnc": {"5": 2035.95, "17": 2040.0, "50": 2043.0, "83": 2049.0, "95": 2052.0}, "delta": {"5": 19.0, "17": 26.0, "50": 31.0, "83": 37.0, "95": 41.0}}, "int_high": {"occ": {"5": 2010.0, "17": 2010.0, "50": 2011.0, "83": 2013.0, "95": 2016.0999999999985}, "chrnc": {"5": 2026.0, "17": 2029.0, "50": 2035.0, "83": 2038.0, "95": 2040.0}, "delta": {"5": 13.0, "17": 16.0, "50": 23.0, "83": 27.0, "95": 28.0}}, "kopp": {"occ": {"5": 2010.0, "17": 2011.0, "50": 2013.0, "83": 2016.0, "95": 2021.0}, "chrnc": {"5": 2038.0, "17": 2043.0, "50": 2051.0, "83": 2063.0, "95": 2074.0}, "delta": {"5": 23.0, "17": 29.0, "50": 37.0, "83": 49.0, "95": 60.0}}}