{"int_low": {"occ": {"5": 2026.0, "17": 2042.0, "50": 2058.0, "83": 2072.0, "95": 2086.0}, "chrnc": {"5": 2099.0, "17": 2099.0, "50": 2099.0, "83": 2099.0, "95": 2099.0}, "delta": {"5": 51.0, "17": 51.0, "50": 51.0, "83": 51.0, "95": 51.0}}, "int": {"occ": {"5": 2022.0, "17": 2025.0, "50": 2038.0, "83": 2051.0, "95": 2052.0}, "chrnc": {"5": 2074.0, "17": 2075.0, "50": 2077.0, "83": 2083.0, "95": 2088.0}, "delta": {"5": 24.0, "17": 26.830000000000155, "50": 39.0, "83": 53.0, "95": 59.04999999999927}}, "int_high": {"occ": {"5": 2021.0, "17": 2023.0, "50": 2028.0, "83": 2034.0, "95": 2036.0}, "chrnc": {"5": 2056.0, "17": 2057.0, "50": 2058.0, "83": 2059.0, "95": 2061.0}, "delta": {"5": 22.0, "17": 24.0, "50": 30.0, "83": 35.0, "95": 38.0}}, "kopp": {"occ": {"5": 2023.0, "17": 2027.0, "50": 2046.0, "83": 2058.0, "95": 2072.0}, "chrnc": {"5": 2067.0, "17": 2077.0, "50": 2090.0, "83": 2097.0, "95": 2100.0}, "delta": {"5": 26.0, "17": 33.0, "50": 45.0, "83": 57.0, "95": 69.0}}}