{"int_low": {"occ": {"5": 2013.0, "17": 2015.0, "50": 2018.0, "83": 2023.0, "95": 2026.0}, "chrnc": {"5": 2010.0, "17": 2011.0, "50": 2024.0, "83": 2031.17, "95": 2040.0}, "delta": {"5": -13.0, "17": -5.0, "50": 6.0, "83": 15.0, "95": 21.049999999999272}}, "int": {"occ": {"5": 2012.0, "17": 2013.0, "50": 2015.0, "83": 2019.0, "95": 2023.0}, "chrnc": {"5": 2010.0, "17": 2012.0, "50": 2016.0, "83": 2021.0, "95": 2025.0}, "delta": {"5": -9.049999999999955, "17": -4.0, "50": 1.0, "83": 6.0, "95": 10.0}}, "int_high": {"occ": {"5": 2010.0, "17": 2012.0, "50": 2014.0, "83": 2016.0, "95": 2018.0}, "chrnc": {"5": 2010.0, "17": 2012.0, "50": 2014.0, "83": 2016.0, "95": 2017.0}, "delta": {"5": -3.0, "17": 0.0, "50": 0.0, "83": 0.0, "95": 3.0}}, "kopp": {"occ": {"5": 2013.0, "17": 2015.0, "50": 2021.0, "83": 2024.0, "95": 2027.0}, "chrnc": {"5": 2010.0, "17": 2020.0, "50": 2031.0, "83": 2040.0, "95": 2045.0}, "delta": {"5": -10.0, "17": 2.0, "50": 11.0, "83": 20.0, "95": 27.0}}}