{"int_low": {"occ": {"5": 2022.0, "17": 2027.8300000000002, "50": 2041.0, "83": 2053.0, "95": 2056.0}, "chrnc": {"5": 2080.0, "17": 2085.0, "50": 2097.0, "83": 2099.0, "95": 2100.0}, "delta": {"5": 30.0, "17": 42.0, "50": 53.0, "83": 68.0, "95": 74.0}}, "int": {"occ": {"5": 2018.0, "17": 2022.0, "50": 2028.0, "83": 2035.0, "95": 2037.0}, "chrnc": {"5": 2056.0, "17": 2057.0, "50": 2060.0, "83": 2064.0, "95": 2068.0}, "delta": {"5": 22.0, "17": 25.0, "50": 33.0, "83": 40.0, "95": 45.04999999999927}}, "int_high": {"occ": {"5": 2015.0, "17": 2015.0, "50": 2021.0, "83": 2029.0, "95": 2033.0}, "chrnc": {"5": 2042.0, "17": 2044.0, "50": 2047.0, "83": 2051.0, "95": 2052.0}, "delta": {"5": 14.0, "17": 19.0, "50": 26.0, "83": 32.0, "95": 35.0}}, "kopp": {"occ": {"5": 2021.0, "17": 2025.0, "50": 2034.0, "83": 2046.0, "95": 2055.0}, "chrnc": {"5": 2056.0, "17": 2061.0, "50": 2074.0, "83": 2089.0, "95": 2097.0}, "delta": {"5": 22.0, "17": 28.0, "50": 39.0, "83": 52.0, "95": 62.0}}}