{"int_low": {"occ": {"5": 2029.0, "17": 2036.8300000000002, "50": 2046.0, "83": 2053.0, "95": 2058.0}, "chrnc": {"5": 2092.0, "17": 2096.0, "50": 2099.0, "83": 2100.0, "95": 2100.0}, "delta": {"5": 38.0, "17": 45.0, "50": 53.0, "83": 62.0, "95": 70.0}}, "int": {"occ": {"5": 2023.0, "17": 2028.0, "50": 2034.0, "83": 2040.0, "95": 2043.0}, "chrnc": {"5": 2064.0, "17": 2066.0, "50": 2069.0, "83": 2073.0, "95": 2075.0}, "delta": {"5": 25.0, "17": 29.0, "50": 35.0, "83": 42.0, "95": 48.0}}, "int_high": {"occ": {"5": 2017.0, "17": 2017.8300000000002, "50": 2027.0, "83": 2032.0, "95": 2035.0}, "chrnc": {"5": 2051.0, "17": 2053.0, "50": 2055.0, "83": 2058.0, "95": 2059.0}, "delta": {"5": 19.0, "17": 23.0, "50": 29.0, "83": 36.0, "95": 40.0}}, "kopp": {"occ": {"5": 2026.0, "17": 2030.0, "50": 2039.0, "83": 2049.0, "95": 2058.0}, "chrnc": {"5": 2063.0, "17": 2070.0, "50": 2081.0, "83": 2093.0, "95": 2099.0}, "delta": {"5": 27.0, "17": 33.0, "50": 42.0, "83": 53.0, "95": 61.0}}}