{"int_low": {"occ": {"5": 2014.0, "17": 2015.0, "50": 2020.0, "83": 2027.0, "95": 2032.0}, "chrnc": {"5": 2042.0, "17": 2046.0, "50": 2052.0, "83": 2057.0, "95": 2062.0}, "delta": {"5": 17.0, "17": 23.0, "50": 31.0, "83": 38.0, "95": 43.0}}, "int": {"occ": {"5": 2012.0, "17": 2013.0, "50": 2017.0, "83": 2020.0, "95": 2023.0}, "chrnc": {"5": 2031.0, "17": 2035.0, "50": 2039.0, "83": 2042.0, "95": 2044.0}, "delta": {"5": 12.950000000000045, "17": 17.0, "50": 22.0, "83": 27.0, "95": 30.0}}, "int_high": {"occ": {"5": 2010.0, "17": 2011.0, "50": 2013.0, "83": 2014.0, "95": 2019.0}, "chrnc": {"5": 2025.0, "17": 2028.0, "50": 2031.0, "83": 2034.0, "95": 2036.0}, "delta": {"5": 10.0, "17": 14.0, "50": 18.0, "83": 22.0, "95": 23.0}}, "kopp": {"occ": {"5": 2014.0, "17": 2015.0, "50": 2021.0, "83": 2028.0, "95": 2033.0}, "chrnc": {"5": 2039.0, "17": 2042.0, "50": 2049.0, "83": 2057.0, "95": 2065.0}, "delta": {"5": 15.0, "17": 20.0, "50": 28.0, "83": 36.0, "95": 43.100000000000364}}}