{"int_low": {"occ": {"5": 2029.0, "17": 2036.0, "50": 2044.0, "83": 2050.0, "95": 2054.0}, "chrnc": {"5": 2091.0, "17": 2095.0, "50": 2098.0, "83": 2100.0, "95": 2100.0}, "delta": {"5": 42.0, "17": 48.0, "50": 54.5, "83": 62.0, "95": 68.0}}, "int": {"occ": {"5": 2022.0, "17": 2026.0, "50": 2032.0, "83": 2036.0, "95": 2040.0}, "chrnc": {"5": 2062.0, "17": 2064.0, "50": 2068.0, "83": 2071.0, "95": 2073.0}, "delta": {"5": 26.950000000000045, "17": 31.0, "50": 36.0, "83": 42.0, "95": 47.04999999999927}}, "int_high": {"occ": {"5": 2017.0, "17": 2017.0, "50": 2025.0, "83": 2030.0, "95": 2032.0}, "chrnc": {"5": 2049.0, "17": 2051.0, "50": 2053.0, "83": 2055.0, "95": 2056.0}, "delta": {"5": 20.0, "17": 23.0, "50": 28.0, "83": 35.0, "95": 38.0}}, "kopp": {"occ": {"5": 2024.0, "17": 2030.0, "50": 2038.0, "83": 2046.0, "95": 2053.0}, "chrnc": {"5": 2061.0, "17": 2069.0, "50": 2079.0, "83": 2092.0, "95": 2098.0}, "delta": {"5": 27.0, "17": 33.0, "50": 42.0, "83": 52.0, "95": 60.0}}}