{"int_low": {"occ": {"5": 2051.0, "17": 2053.0, "50": 2056.0, "83": 2061.0, "95": 2067.0}, "chrnc": {"5": 2080.0, "17": 2084.0, "50": 2090.0, "83": 2095.0, "95": 2098.0}, "delta": {"5": 21.450000000000045, "17": 27.0, "50": 33.0, "83": 39.0, "95": 42.54999999999927}}, "int": {"occ": {"5": 2035.0, "17": 2037.0, "50": 2039.0, "83": 2042.0, "95": 2044.0}, "chrnc": {"5": 2054.0, "17": 2055.0, "50": 2057.0, "83": 2059.0, "95": 2060.0}, "delta": {"5": 12.0, "17": 15.0, "50": 18.0, "83": 21.0, "95": 23.0}}, "int_high": {"occ": {"5": 2027.0, "17": 2029.0, "50": 2031.0, "83": 2033.0, "95": 2034.0}, "chrnc": {"5": 2042.0, "17": 2043.0, "50": 2045.0, "83": 2047.0, "95": 2049.0}, "delta": {"5": 10.0, "17": 12.0, "50": 14.0, "83": 17.0, "95": 19.0}}}