{"int_low": {"occ": {"5": 2010.0, "17": 2012.0, "50": 2013.0, "83": 2013.0, "95": 2019.0}, "chrnc": {"5": 2014.0, "17": 2015.0, "50": 2020.0, "83": 2028.0, "95": 2033.0499999999993}, "delta": {"5": -1.0, "17": 2.0, "50": 7.0, "83": 15.0, "95": 21.0}}, "int": {"occ": {"5": 2010.0, "17": 2011.0, "50": 2013.0, "83": 2013.0, "95": 2019.0}, "chrnc": {"5": 2012.0, "17": 2014.0, "50": 2016.0, "83": 2021.0, "95": 2025.0}, "delta": {"5": -3.0, "17": 1.0, "50": 3.0, "83": 8.0, "95": 13.0}}, "int_high": {"occ": {"5": 2010.0, "17": 2011.0, "50": 2013.0, "83": 2013.0, "95": 2014.0}, "chrnc": {"5": 2010.0, "17": 2012.0, "50": 2014.0, "83": 2019.0, "95": 2021.0}, "delta": {"5": -3.0, "17": -1.0, "50": 2.0, "83": 6.0, "95": 9.0}}, "kopp": {"occ": {"5": 2010.0, "17": 2011.0, "50": 2013.0, "83": 2013.0, "95": 2019.0}, "chrnc": {"5": 2012.0, "17": 2014.0, "50": 2018.0, "83": 2024.0, "95": 2031.0499999999993}, "delta": {"5": -3.0, "17": 1.0, "50": 5.0, "83": 11.0, "95": 18.0}}}