{"int_low": {"occ": {"5": 2015.0, "17": 2015.0, "50": 2020.0, "83": 2027.0, "95": 2031.0}, "chrnc": {"5": 2042.0, "17": 2044.0, "50": 2049.0, "83": 2055.0, "95": 2059.0}, "delta": {"5": 15.950000000000045, "17": 21.0, "50": 29.0, "83": 36.0, "95": 41.0}}, "int": {"occ": {"5": 2013.0, "17": 2015.0, "50": 2018.0, "83": 2021.0, "95": 2024.0}, "chrnc": {"5": 2032.0, "17": 2036.0, "50": 2039.0, "83": 2042.0, "95": 2045.0499999999993}, "delta": {"5": 11.0, "17": 16.0, "50": 22.0, "83": 26.0, "95": 29.0}}, "int_high": {"occ": {"5": 2012.0, "17": 2013.0, "50": 2014.0, "83": 2019.0, "95": 2021.0}, "chrnc": {"5": 2026.0, "17": 2029.0, "50": 2033.0, "83": 2036.0, "95": 2038.0}, "delta": {"5": 9.0, "17": 13.0, "50": 18.0, "83": 22.0, "95": 25.0}}, "kopp": {"occ": {"5": 2015.0, "17": 2016.0, "50": 2020.0, "83": 2026.0, "95": 2032.0}, "chrnc": {"5": 2037.0, "17": 2041.0, "50": 2047.0, "83": 2054.0, "95": 2060.0}, "delta": {"5": 14.0, "17": 19.0, "50": 26.0, "83": 34.0, "95": 39.0}}}