{"int_low": {"occ": {"5": 2084.0, "17": 2089.0, "50": 2094.0, "83": 2098.0, "95": 2100.0}, "chrnc": {"5": NaN, "17": NaN, "50": NaN, "83": NaN, "95": NaN}, "delta": {"5": NaN, "17": NaN, "50": NaN, "83": NaN, "95": NaN}}, "int": {"occ": {"5": 2056.0, "17": 2057.0, "50": 2058.0, "83": 2060.0, "95": 2062.0}, "chrnc": {"5": 2068.0, "17": 2070.0, "50": 2072.0, "83": 2073.0, "95": 2074.0}, "delta": {"5": 8.950000000000045, "17": 11.0, "50": 13.0, "83": 15.0, "95": 17.0}}, "int_high": {"occ": {"5": 2043.0, "17": 2044.8300000000002, "50": 2046.0, "83": 2048.0, "95": 2049.0}, "chrnc": {"5": 2054.0, "17": 2055.0, "50": 2056.0, "83": 2057.0, "95": 2058.0}, "delta": {"5": 6.0, "17": 8.0, "50": 10.0, "83": 12.0, "95": 13.0}}, "kopp": {"occ": {"5": 2057.0, "17": 2062.0, "50": 2073.0, "83": 2084.0, "95": 2094.0}, "chrnc": {"5": 2067.0, "17": 2075.0, "50": 2084.0, "83": 2095.0, "95": 2099.0}, "delta": {"5": 8.0, "17": 11.0, "50": 14.0, "83": 19.0, "95": 22.0}}}