{"int_low": {"occ": {"5": 2016.0, "17": 2018.0, "50": 2022.0, "83": 2031.0, "95": 2034.0}, "chrnc": {"5": 2038.0, "17": 2041.0, "50": 2046.0, "83": 2052.0, "95": 2054.0}, "delta": {"5": 8.0, "17": 14.0, "50": 23.0, "83": 30.0, "95": 34.04999999999927}}, "int": {"occ": {"5": 2015.0, "17": 2015.0, "50": 2016.0, "83": 2020.0, "95": 2023.0499999999993}, "chrnc": {"5": 2026.0, "17": 2028.0, "50": 2035.0, "83": 2038.0, "95": 2040.0}, "delta": {"5": 7.0, "17": 10.0, "50": 17.0, "83": 22.0, "95": 24.0}}, "int_high": {"occ": {"5": 2011.0, "17": 2014.0, "50": 2015.0, "83": 2016.0, "95": 2020.0}, "chrnc": {"5": 2022.0, "17": 2025.0, "50": 2028.0, "83": 2032.0, "95": 2034.0}, "delta": {"5": 6.0, "17": 9.0, "50": 14.0, "83": 18.0, "95": 20.0}}, "kopp": {"occ": {"5": 2016.0, "17": 2017.0, "50": 2020.0, "83": 2028.0, "95": 2033.0}, "chrnc": {"5": 2029.0, "17": 2036.0, "50": 2041.0, "83": 2049.0, "95": 2054.0}, "delta": {"5": 6.0, "17": 12.0, "50": 20.0, "83": 26.0, "95": 33.0}}}