{"int_low": {"occ": {"5": 2011.0, "17": 2015.0, "50": 2026.0, "83": 2042.0, "95": 2054.0}, "chrnc": {"5": 2048.0, "17": 2062.0, "50": 2076.0, "83": 2090.0, "95": 2096.0}, "delta": {"5": 12.0, "17": 28.0, "50": 48.5, "83": 66.17000000000007, "95": 78.0}}, "int": {"occ": {"5": 2010.0, "17": 2011.0, "50": 2016.0, "83": 2027.0, "95": 2034.0}, "chrnc": {"5": 2029.0, "17": 2039.0, "50": 2047.0, "83": 2055.0, "95": 2060.0}, "delta": {"5": 7.0, "17": 17.0, "50": 30.0, "83": 40.0, "95": 45.0}}, "int_high": {"occ": {"5": 2010.0, "17": 2010.8300000000002, "50": 2013.0, "83": 2021.0, "95": 2029.0}, "chrnc": {"5": 2017.0, "17": 2022.0, "50": 2036.0, "83": 2043.0, "95": 2047.0}, "delta": {"5": 1.0, "17": 7.0, "50": 20.0, "83": 29.0, "95": 34.0}}, "kopp": {"occ": {"5": 2011.0, "17": 2012.0, "50": 2021.0, "83": 2034.0, "95": 2047.0}, "chrnc": {"5": 2036.0, "17": 2045.0, "50": 2059.0, "83": 2074.0, "95": 2088.0}, "delta": {"5": 8.0, "17": 20.0, "50": 36.0, "83": 52.0, "95": 64.0}}}