{"int_low": {"occ": {"5": 2011.0, "17": 2013.0, "50": 2013.0, "83": 2020.0, "95": 2031.0}, "chrnc": {"5": 2045.0, "17": 2055.0, "50": 2067.0, "83": 2078.0, "95": 2087.0499999999993}, "delta": {"5": 28.0, "17": 37.0, "50": 52.0, "83": 63.17000000000007, "95": 73.0}}, "int": {"occ": {"5": 2010.0, "17": 2013.0, "50": 2013.0, "83": 2014.0, "95": 2023.0}, "chrnc": {"5": 2030.0, "17": 2038.0, "50": 2044.0, "83": 2049.0, "95": 2053.0}, "delta": {"5": 14.0, "17": 21.0, "50": 30.0, "83": 36.0, "95": 40.0}}, "int_high": {"occ": {"5": 2010.0, "17": 2012.0, "50": 2013.0, "83": 2013.0, "95": 2019.0}, "chrnc": {"5": 2024.0, "17": 2029.0, "50": 2034.0, "83": 2038.0, "95": 2041.0}, "delta": {"5": 9.0, "17": 15.0, "50": 21.0, "83": 25.0, "95": 28.0}}, "kopp": {"occ": {"5": 2011.0, "17": 2013.0, "50": 2013.0, "83": 2019.0, "95": 2028.0}, "chrnc": {"5": 2034.0, "17": 2041.0, "50": 2052.0, "83": 2067.0, "95": 2082.0}, "delta": {"5": 18.0, "17": 27.0, "50": 37.0, "83": 52.0, "95": 65.0}}}