{"int_low": {"occ": {"5": 2010.0, "17": 2010.0, "50": 2011.0, "83": 2012.0, "95": 2021.0}, "chrnc": {"5": 2014.0, "17": 2016.0, "50": 2021.0, "83": 2033.0, "95": 2036.0}, "delta": {"5": -2.0499999999999545, "17": 4.0, "50": 10.0, "83": 21.170000000000073, "95": 25.0}}, "int": {"occ": {"5": 2010.0, "17": 2010.0, "50": 2011.0, "83": 2011.0, "95": 2018.0}, "chrnc": {"5": 2012.0, "17": 2013.0, "50": 2016.0, "83": 2020.0, "95": 2027.0}, "delta": {"5": -2.0, "17": 2.0, "50": 5.0, "83": 9.0, "95": 16.0}}, "int_high": {"occ": {"5": 2010.0, "17": 2010.0, "50": 2011.0, "83": 2011.0, "95": 2017.0}, "chrnc": {"5": 2010.0, "17": 2012.0, "50": 2013.0, "83": 2016.0, "95": 2020.0}, "delta": {"5": -3.0, "17": 1.0, "50": 2.0, "83": 5.0, "95": 9.0}}, "kopp": {"occ": {"5": 2010.0, "17": 2010.0, "50": 2011.0, "83": 2015.0, "95": 2020.0}, "chrnc": {"5": 2012.0, "17": 2014.0, "50": 2018.0, "83": 2029.0, "95": 2035.0}, "delta": {"5": -5.0, "17": 2.0, "50": 6.0, "83": 16.0, "95": 23.0}}}