{"int_low": {"occ": {"5": 2010.0, "17": 2013.0, "50": 2020.0, "83": 2027.0, "95": 2033.0499999999993}, "chrnc": {"5": 2023.95, "17": 2029.0, "50": 2038.0, "83": 2047.0, "95": 2052.0499999999993}, "delta": {"5": -1.0499999999999545, "17": 8.0, "50": 17.0, "83": 28.0, "95": 35.0}}, "int": {"occ": {"5": 2010.0, "17": 2010.0, "50": 2018.0, "83": 2024.0, "95": 2027.0}, "chrnc": {"5": 2017.0, "17": 2017.0, "50": 2028.0, "83": 2035.0, "95": 2039.0}, "delta": {"5": -7.0499999999999545, "17": -1.0, "50": 9.0, "83": 19.0, "95": 25.0}}, "int_high": {"occ": {"5": 2010.0, "17": 2010.0, "50": 2010.0, "83": 2020.0, "95": 2023.0}, "chrnc": {"5": 2015.0, "17": 2015.0, "50": 2021.0, "83": 2027.17, "95": 2031.0}, "delta": {"5": -5.0, "17": 2.0, "50": 8.0, "83": 16.0, "95": 20.0}}, "kopp": {"occ": {"5": 2010.0, "17": 2013.0, "50": 2020.0, "83": 2026.0, "95": 2030.0}, "chrnc": {"5": 2018.0, "17": 2025.0, "50": 2034.0, "83": 2043.0, "95": 2050.0}, "delta": {"5": -4.0, "17": 5.0, "50": 14.0, "83": 25.0, "95": 32.0}}}