{"int_low": {"occ": {"5": 2096.0, "17": 2097.0, "50": 2100.0, "83": 2100.0, "95": 2100.0}, "chrnc": {"5": NaN, "17": NaN, "50": NaN, "83": NaN, "95": NaN}, "delta": {"5": NaN, "17": NaN, "50": NaN, "83": NaN, "95": NaN}}, "int": {"occ": {"5": 2064.0, "17": 2066.0, "50": 2071.0, "83": 2074.0, "95": 2076.0}, "chrnc": {"5": 2086.0, "17": 2090.0, "50": 2093.0, "83": 2095.0, "95": 2096.0}, "delta": {"5": 14.0, "17": 18.0, "50": 22.0, "83": 27.0, "95": 29.049999999999272}}, "int_high": {"occ": {"5": 2051.0, "17": 2053.0, "50": 2056.0, "83": 2058.0, "95": 2059.0}, "chrnc": {"5": 2065.0, "17": 2068.0, "50": 2070.0, "83": 2072.0, "95": 2074.0}, "delta": {"5": 9.0, "17": 12.0, "50": 15.0, "83": 18.0, "95": 20.049999999999272}}, "kopp": {"occ": {"5": 2061.0, "17": 2070.0, "50": 2083.0, "83": 2096.0, "95": 2099.0}, "chrnc": {"5": 2075.0, "17": 2082.0, "50": 2094.0, "83": 2099.0, "95": 2100.0}, "delta": {"5": 12.0, "17": 16.0, "50": 20.0, "83": 25.0, "95": 29.0}}}