{"int_low": {"occ": {"5": 2011.0, "17": 2011.0, "50": 2014.0, "83": 2027.0, "95": 2035.0}, "chrnc": {"5": 2084.0, "17": 2092.0, "50": 2098.0, "83": 2100.0, "95": 2100.0}, "delta": {"5": 60.0, "17": 70.13000000000002, "50": 83.0, "83": 87.0, "95": 89.0}}, "int": {"occ": {"5": 2011.0, "17": 2011.0, "50": 2013.0, "83": 2019.0, "95": 2025.0}, "chrnc": {"5": 2059.0, "17": 2063.0, "50": 2069.0, "83": 2073.0, "95": 2077.0}, "delta": {"5": 43.0, "17": 48.0, "50": 55.0, "83": 60.0, "95": 63.0}}, "int_high": {"occ": {"5": 2010.95, "17": 2013.0, "50": 2013.0, "83": 2013.0, "95": 2019.0}, "chrnc": {"5": 2045.0, "17": 2048.0, "50": 2053.0, "83": 2056.0, "95": 2058.0499999999993}, "delta": {"5": 31.0, "17": 35.0, "50": 39.0, "83": 43.0, "95": 46.0}}, "kopp": {"occ": {"5": 2011.0, "17": 2011.0, "50": 2013.0, "83": 2024.0, "95": 2034.0}, "chrnc": {"5": 2057.0, "17": 2065.0, "50": 2080.0, "83": 2094.0, "95": 2099.0}, "delta": {"5": 43.0, "17": 50.0, "50": 64.0, "83": 78.0, "95": 85.0}}}