{"int_low": {"occ": {"5": 2011.0, "17": 2014.0, "50": 2014.0, "83": 2015.0, "95": 2020.0}, "chrnc": {"5": 2035.0, "17": 2038.0, "50": 2042.0, "83": 2046.0, "95": 2050.0}, "delta": {"5": 19.0, "17": 23.0, "50": 27.0, "83": 32.0, "95": 35.0}}, "int": {"occ": {"5": 2010.0, "17": 2014.0, "50": 2015.0, "83": 2015.0, "95": 2015.0}, "chrnc": {"5": 2023.0, "17": 2026.0, "50": 2029.0, "83": 2032.0, "95": 2033.0}, "delta": {"5": 9.0, "17": 11.0, "50": 14.0, "83": 18.0, "95": 20.0}}, "int_high": {"occ": {"5": 2010.0, "17": 2011.0, "50": 2015.0, "83": 2015.0, "95": 2015.0}, "chrnc": {"5": 2018.0, "17": 2021.0, "50": 2023.0, "83": 2024.0, "95": 2026.0499999999993}, "delta": {"5": 4.9500000000000455, "17": 6.0, "50": 9.0, "83": 12.0, "95": 14.0}}, "kopp": {"occ": {"5": 2011.0, "17": 2012.0, "50": 2014.0, "83": 2019.0, "95": 2023.0}, "chrnc": {"5": 2035.0, "17": 2039.0, "50": 2044.0, "83": 2051.0, "95": 2056.0}, "delta": {"5": 18.0, "17": 23.0, "50": 29.0, "83": 36.0, "95": 42.0}}}