{"int_low": {"occ": {"5": 2013.0, "17": 2013.0, "50": 2014.0, "83": 2034.0, "95": 2050.0}, "chrnc": {"5": 2022.0, "17": 2028.0, "50": 2050.0, "83": 2073.0, "95": 2089.0}, "delta": {"5": -10.0, "17": 8.0, "50": 30.0, "83": 55.17000000000007, "95": 71.0}}, "int": {"occ": {"5": 2013.0, "17": 2013.0, "50": 2013.0, "83": 2019.0, "95": 2033.0}, "chrnc": {"5": 2010.0, "17": 2021.0, "50": 2028.0, "83": 2038.0, "95": 2050.0}, "delta": {"5": -7.0, "17": 4.0, "50": 14.0, "83": 23.0, "95": 33.04999999999927}}, "int_high": {"occ": {"5": 2013.0, "17": 2013.0, "50": 2013.0, "83": 2016.0, "95": 2019.0}, "chrnc": {"5": 2010.0, "17": 2014.0, "50": 2023.0, "83": 2033.0, "95": 2036.0}, "delta": {"5": -3.0499999999999545, "17": -1.0, "50": 8.0, "83": 19.0, "95": 22.0}}, "kopp": {"occ": {"5": 2013.0, "17": 2013.0, "50": 2013.0, "83": 2033.0, "95": 2037.0}, "chrnc": {"5": 2017.0, "17": 2023.0, "50": 2037.0, "83": 2054.0, "95": 2073.0}, "delta": {"5": -10.0, "17": 5.0, "50": 18.0, "83": 37.0, "95": 53.0}}}