{"int_low": {"occ": {"5": 2013.0, "17": 2015.0, "50": 2016.0, "83": 2020.0, "95": 2023.0}, "chrnc": {"5": 2035.0, "17": 2038.0, "50": 2042.0, "83": 2047.0, "95": 2051.0}, "delta": {"5": 14.950000000000045, "17": 20.0, "50": 25.0, "83": 30.0, "95": 34.04999999999927}}, "int": {"occ": {"5": 2011.0, "17": 2013.0, "50": 2015.0, "83": 2019.0, "95": 2020.0}, "chrnc": {"5": 2026.0, "17": 2029.0, "50": 2034.0, "83": 2037.0, "95": 2039.0}, "delta": {"5": 9.950000000000045, "17": 13.0, "50": 18.0, "83": 23.0, "95": 25.049999999999272}}, "int_high": {"occ": {"5": 2010.0, "17": 2010.0, "50": 2013.0, "83": 2014.0, "95": 2015.0}, "chrnc": {"5": 2024.0, "17": 2026.0, "50": 2030.0, "83": 2033.0, "95": 2034.0}, "delta": {"5": 11.0, "17": 13.0, "50": 17.0, "83": 20.0, "95": 23.0}}, "kopp": {"occ": {"5": 2013.0, "17": 2015.0, "50": 2018.0, "83": 2021.0, "95": 2024.0}, "chrnc": {"5": 2033.0, "17": 2037.0, "50": 2040.0, "83": 2046.0, "95": 2051.0}, "delta": {"5": 13.0, "17": 18.0, "50": 23.0, "83": 28.0, "95": 33.0}}}