{"int_low": {"occ": {"5": 2010.0, "17": 2010.0, "50": 2013.0, "83": 2014.0, "95": 2023.0}, "chrnc": {"5": 2015.0, "17": 2018.0, "50": 2027.0, "83": 2036.0, "95": 2040.0}, "delta": {"5": -2.0, "17": 5.0, "50": 14.0, "83": 23.0, "95": 28.0}}, "int": {"occ": {"5": 2010.0, "17": 2010.0, "50": 2012.0, "83": 2013.0, "95": 2019.0}, "chrnc": {"5": 2014.0, "17": 2015.0, "50": 2020.0, "83": 2029.0, "95": 2033.0}, "delta": {"5": -1.0, "17": 4.0, "50": 8.0, "83": 16.170000000000073, "95": 22.0}}, "int_high": {"occ": {"5": 2010.0, "17": 2010.0, "50": 2011.0, "83": 2013.0, "95": 2016.0999999999985}, "chrnc": {"5": 2013.0, "17": 2014.0, "50": 2016.0, "83": 2020.0, "95": 2023.0}, "delta": {"5": -1.0499999999999545, "17": 1.0, "50": 4.0, "83": 9.0, "95": 12.0}}, "kopp": {"occ": {"5": 2010.0, "17": 2011.0, "50": 2013.0, "83": 2018.0, "95": 2021.0}, "chrnc": {"5": 2015.0, "17": 2017.0, "50": 2023.0, "83": 2034.0, "95": 2039.0}, "delta": {"5": -2.0, "17": 4.0, "50": 10.0, "83": 21.0, "95": 26.0}}}