{"int_low": {"occ": {"5": 2010.0, "17": 2012.0, "50": 2019.0, "83": 2031.0, "95": 2036.0499999999993}, "chrnc": {"5": 2018.0, "17": 2026.0, "50": 2044.0, "83": 2057.0, "95": 2068.0499999999993}, "delta": {"5": -8.0, "17": 6.0, "50": 24.0, "83": 41.0, "95": 50.0}}, "int": {"occ": {"5": 2010.0, "17": 2012.0, "50": 2013.0, "83": 2022.0, "95": 2029.0}, "chrnc": {"5": 2017.0, "17": 2022.0, "50": 2030.0, "83": 2038.0, "95": 2042.0}, "delta": {"5": -4.0, "17": 5.0, "50": 14.0, "83": 23.0, "95": 28.049999999999272}}, "int_high": {"occ": {"5": 2010.0, "17": 2011.0, "50": 2013.0, "83": 2020.0, "95": 2024.0}, "chrnc": {"5": 2015.0, "17": 2015.0, "50": 2023.0, "83": 2031.0, "95": 2035.0}, "delta": {"5": -5.0, "17": 2.0, "50": 9.0, "83": 17.0, "95": 22.0}}, "kopp": {"occ": {"5": 2010.0, "17": 2012.0, "50": 2018.5, "83": 2029.0, "95": 2036.0}, "chrnc": {"5": 2017.0, "17": 2023.0, "50": 2036.0, "83": 2050.0, "95": 2064.0}, "delta": {"5": -7.0, "17": 5.0, "50": 17.0, "83": 31.0, "95": 43.0}}}