{"int_low": {"occ": {"5": 2015.0, "17": 2022.0, "50": 2033.0, "83": 2041.17, "95": 2045.0}, "chrnc": {"5": 2072.0, "17": 2078.83, "50": 2087.0, "83": 2096.0, "95": 2099.0}, "delta": {"5": 33.0, "17": 42.0, "50": 55.0, "83": 67.0, "95": 75.0}}, "int": {"occ": {"5": 2014.0, "17": 2015.0, "50": 2021.0, "83": 2027.0, "95": 2031.0}, "chrnc": {"5": 2048.0, "17": 2051.0, "50": 2055.0, "83": 2059.0, "95": 2062.0}, "delta": {"5": 21.950000000000045, "17": 27.0, "50": 34.0, "83": 40.0, "95": 44.0}}, "int_high": {"occ": {"5": 2013.0, "17": 2014.0, "50": 2018.0, "83": 2022.0, "95": 2025.0}, "chrnc": {"5": 2036.0, "17": 2038.0, "50": 2043.0, "83": 2045.0, "95": 2048.0}, "delta": {"5": 15.0, "17": 19.0, "50": 25.0, "83": 30.0, "95": 32.0}}, "kopp": {"occ": {"5": 2016.0, "17": 2024.0, "50": 2033.0, "83": 2042.0, "95": 2048.0}, "chrnc": {"5": 2054.0, "17": 2061.0, "50": 2070.0, "83": 2084.0, "95": 2094.0}, "delta": {"5": 21.0, "17": 28.0, "50": 38.0, "83": 50.0, "95": 59.350000000000364}}}