{"int_low": {"occ": {"5": 2011.0, "17": 2013.0, "50": 2020.0, "83": 2033.0, "95": 2043.0}, "chrnc": {"5": 2019.0, "17": 2025.0, "50": 2041.0, "83": 2057.0, "95": 2070.0}, "delta": {"5": -11.0, "17": 3.0, "50": 19.0, "83": 36.0, "95": 51.0}}, "int": {"occ": {"5": 2010.0, "17": 2013.0, "50": 2014.0, "83": 2023.0, "95": 2032.0}, "chrnc": {"5": 2017.0, "17": 2021.0, "50": 2029.0, "83": 2037.0, "95": 2044.0499999999993}, "delta": {"5": -5.0, "17": 3.0, "50": 12.0, "83": 21.0, "95": 28.0}}, "int_high": {"occ": {"5": 2010.0, "17": 2012.0, "50": 2013.0, "83": 2021.0, "95": 2025.0}, "chrnc": {"5": 2015.0, "17": 2019.0, "50": 2025.0, "83": 2032.0, "95": 2036.0}, "delta": {"5": -4.0, "17": 2.0, "50": 9.0, "83": 17.0, "95": 21.049999999999272}}, "kopp": {"occ": {"5": 2011.0, "17": 2013.0, "50": 2019.0, "83": 2030.0, "95": 2037.0}, "chrnc": {"5": 2018.0, "17": 2023.0, "50": 2034.0, "83": 2049.0, "95": 2060.0}, "delta": {"5": -8.0, "17": 3.0, "50": 14.0, "83": 29.0, "95": 40.0}}}