{"int_low": {"occ": {"5": 2019.0, "17": 2028.0, "50": 2034.0, "83": 2043.0, "95": 2045.0499999999993}, "chrnc": {"5": 2073.0, "17": 2085.0, "50": 2091.0, "83": 2097.0, "95": 2100.0}, "delta": {"5": 37.0, "17": 46.0, "50": 56.0, "83": 66.0, "95": 74.0}}, "int": {"occ": {"5": 2010.0, "17": 2014.0, "50": 2018.0, "83": 2025.0, "95": 2028.0}, "chrnc": {"5": 2047.0, "17": 2049.0, "50": 2052.0, "83": 2058.0, "95": 2061.0}, "delta": {"5": 23.0, "17": 27.0, "50": 33.5, "83": 41.0, "95": 46.0}}, "int_high": {"occ": {"5": 2010.0, "17": 2011.0, "50": 2014.0, "83": 2020.0, "95": 2023.0}, "chrnc": {"5": 2034.0, "17": 2037.0, "50": 2041.0, "83": 2044.0, "95": 2046.0}, "delta": {"5": 16.0, "17": 20.0, "50": 26.0, "83": 31.0, "95": 33.0}}, "kopp": {"occ": {"5": 2025.0, "17": 2030.0, "50": 2038.0, "83": 2046.0, "95": 2057.0499999999993}, "chrnc": {"5": 2063.0, "17": 2068.0, "50": 2079.0, "83": 2092.0, "95": 2098.0}, "delta": {"5": 24.0, "17": 31.0, "50": 42.0, "83": 54.0, "95": 62.0}}}