{"int_low": {"occ": {"5": 2037.0, "17": 2041.0, "50": 2047.0, "83": 2052.0, "95": 2056.0}, "chrnc": {"5": 2063.0, "17": 2068.0, "50": 2076.0, "83": 2083.0, "95": 2089.0}, "delta": {"5": 13.950000000000045, "17": 21.0, "50": 29.0, "83": 37.0, "95": 44.0}}, "int": {"occ": {"5": 2024.0, "17": 2028.0, "50": 2033.0, "83": 2036.0, "95": 2038.0}, "chrnc": {"5": 2042.0, "17": 2045.0, "50": 2048.5, "83": 2052.0, "95": 2054.0}, "delta": {"5": 8.0, "17": 12.0, "50": 16.0, "83": 21.0, "95": 25.0}}, "int_high": {"occ": {"5": 2020.0, "17": 2022.0, "50": 2025.0, "83": 2028.0, "95": 2031.0}, "chrnc": {"5": 2035.0, "17": 2037.0, "50": 2039.0, "83": 2041.0, "95": 2043.0}, "delta": {"5": 7.9500000000000455, "17": 10.0, "50": 14.0, "83": 17.0, "95": 20.0}}, "kopp": {"occ": {"5": 2037.0, "17": 2041.0, "50": 2047.0, "83": 2054.0, "95": 2060.0}, "chrnc": {"5": 2055.0, "17": 2059.0, "50": 2067.0, "83": 2077.0, "95": 2087.0}, "delta": {"5": 10.0, "17": 14.0, "50": 20.0, "83": 28.0, "95": 34.0}}}