{"int_low": {"occ": {"5": 2012.0, "17": 2015.0, "50": 2015.0, "83": 2020.0, "95": 2023.0}, "chrnc": {"5": 2029.0, "17": 2033.0, "50": 2037.0, "83": 2041.0, "95": 2044.0499999999993}, "delta": {"5": 9.950000000000045, "17": 15.0, "50": 20.0, "83": 25.0, "95": 29.0}}, "int": {"occ": {"5": 2010.0, "17": 2012.0, "50": 2013.0, "83": 2016.17, "95": 2020.0}, "chrnc": {"5": 2024.0, "17": 2026.0, "50": 2030.0, "83": 2033.0, "95": 2035.0}, "delta": {"5": 8.0, "17": 12.0, "50": 16.0, "83": 20.0, "95": 23.0}}, "int_high": {"occ": {"5": 2010.0, "17": 2010.0, "50": 2013.0, "83": 2014.0, "95": 2014.0}, "chrnc": {"5": 2021.0, "17": 2023.0, "50": 2026.0, "83": 2029.0, "95": 2031.0}, "delta": {"5": 8.0, "17": 10.0, "50": 13.0, "83": 17.0, "95": 19.0}}, "kopp": {"occ": {"5": 2013.0, "17": 2015.0, "50": 2016.0, "83": 2020.0, "95": 2023.0}, "chrnc": {"5": 2028.0, "17": 2032.0, "50": 2037.0, "83": 2040.0, "95": 2045.0}, "delta": {"5": 10.0, "17": 14.0, "50": 19.0, "83": 24.0, "95": 28.0}}}