{"int_low": {"occ": {"5": 2012.0, "17": 2013.0, "50": 2013.0, "83": 2013.0, "95": 2031.0}, "chrnc": {"5": 2010.0, "17": 2017.0, "50": 2026.0, "83": 2036.0, "95": 2050.0}, "delta": {"5": -3.0, "17": 4.0, "50": 12.0, "83": 22.0, "95": 36.04999999999927}}, "int": {"occ": {"5": 2011.0, "17": 2013.0, "50": 2013.0, "83": 2013.0, "95": 2016.0}, "chrnc": {"5": 2010.0, "17": 2012.0, "50": 2019.0, "83": 2031.0, "95": 2034.0499999999993}, "delta": {"5": -3.0, "17": -3.0, "50": 6.0, "83": 18.0, "95": 22.0}}, "int_high": {"occ": {"5": 2011.0, "17": 2013.0, "50": 2013.0, "83": 2013.0, "95": 2014.0}, "chrnc": {"5": 2010.0, "17": 2012.0, "50": 2015.0, "83": 2019.0, "95": 2028.0}, "delta": {"5": -3.0, "17": -1.0, "50": 2.0, "83": 6.170000000000073, "95": 14.049999999999272}}, "kopp": {"occ": {"5": 2011.0, "17": 2013.0, "50": 2013.0, "83": 2013.0, "95": 2020.0}, "chrnc": {"5": 2010.0, "17": 2016.0, "50": 2024.0, "83": 2034.0, "95": 2043.0}, "delta": {"5": -3.0, "17": 3.0, "50": 10.0, "83": 21.0, "95": 27.0}}}