{"int_low": {"occ": {"5": 2024.0, "17": 2033.0, "50": 2046.0, "83": 2058.0, "95": 2066.0499999999993}, "chrnc": {"5": 2091.0, "17": 2092.0, "50": 2097.0, "83": 2100.0, "95": 2100.0}, "delta": {"5": 27.0, "17": 36.0, "50": 53.0, "83": 70.0, "95": 79.0}}, "int": {"occ": {"5": 2019.0, "17": 2022.0, "50": 2031.0, "83": 2038.0, "95": 2042.0}, "chrnc": {"5": 2065.0, "17": 2068.0, "50": 2073.0, "83": 2077.0, "95": 2081.0}, "delta": {"5": 27.950000000000045, "17": 33.830000000000155, "50": 42.0, "83": 51.0, "95": 56.0}}, "int_high": {"occ": {"5": 2017.0, "17": 2018.0, "50": 2025.0, "83": 2031.0, "95": 2034.0}, "chrnc": {"5": 2050.0, "17": 2053.0, "50": 2056.0, "83": 2058.0, "95": 2061.0}, "delta": {"5": 21.0, "17": 25.0, "50": 31.0, "83": 38.0, "95": 41.0}}, "kopp": {"occ": {"5": 2021.0, "17": 2026.0, "50": 2038.0, "83": 2051.0, "95": 2064.0}, "chrnc": {"5": 2063.0, "17": 2071.0, "50": 2084.0, "83": 2096.0, "95": 2099.0}, "delta": {"5": 29.0, "17": 36.0, "50": 48.0, "83": 60.0, "95": 69.0}}}