{"int_low": {"occ": {"5": 2011.0, "17": 2011.0, "50": 2015.0, "83": 2031.0, "95": 2034.0}, "chrnc": {"5": 2064.0, "17": 2077.0, "50": 2084.0, "83": 2093.17, "95": 2096.0}, "delta": {"5": 45.0, "17": 52.0, "50": 67.0, "83": 78.0, "95": 83.0}}, "int": {"occ": {"5": 2011.0, "17": 2011.0, "50": 2013.0, "83": 2020.0, "95": 2031.0}, "chrnc": {"5": 2044.0, "17": 2050.0, "50": 2056.5, "83": 2062.0, "95": 2069.0}, "delta": {"5": 24.950000000000045, "17": 33.0, "50": 43.0, "83": 48.0, "95": 56.0}}, "int_high": {"occ": {"5": 2011.0, "17": 2011.0, "50": 2013.0, "83": 2015.0, "95": 2020.0}, "chrnc": {"5": 2039.0, "17": 2040.0, "50": 2044.0, "83": 2049.0, "95": 2051.0}, "delta": {"5": 21.0, "17": 26.0, "50": 31.0, "83": 36.17000000000007, "95": 39.0}}, "kopp": {"occ": {"5": 2011.0, "17": 2011.0, "50": 2013.0, "83": 2028.0, "95": 2033.0}, "chrnc": {"5": 2047.0, "17": 2057.0, "50": 2067.0, "83": 2083.0, "95": 2092.0}, "delta": {"5": 30.0, "17": 39.0, "50": 51.0, "83": 65.0, "95": 77.0}}}