{"int_low": {"occ": {"5": 2012.0, "17": 2013.0, "50": 2016.0, "83": 2020.0, "95": 2021.0}, "chrnc": {"5": 2044.0, "17": 2047.0, "50": 2054.0, "83": 2057.0, "95": 2059.0}, "delta": {"5": 25.0, "17": 30.0, "50": 37.0, "83": 41.0, "95": 44.04999999999927}}, "int": {"occ": {"5": 2012.0, "17": 2012.0, "50": 2013.0, "83": 2015.0, "95": 2019.0}, "chrnc": {"5": 2038.0, "17": 2039.0, "50": 2041.0, "83": 2044.0, "95": 2048.0}, "delta": {"5": 21.0, "17": 24.0, "50": 27.0, "83": 31.0, "95": 35.0}}, "int_high": {"occ": {"5": 2012.0, "17": 2012.0, "50": 2015.0, "83": 2015.0, "95": 2015.0}, "chrnc": {"5": 2030.95, "17": 2035.0, "50": 2037.0, "83": 2038.0, "95": 2040.0}, "delta": {"5": 16.950000000000045, "17": 20.0, "50": 23.0, "83": 25.0, "95": 26.0}}}