{"int_low": {"occ": {"5": 2010.0, "17": 2017.0, "50": 2023.0, "83": 2027.0, "95": 2030.0499999999993}, "chrnc": {"5": 2063.0, "17": 2066.0, "50": 2071.0, "83": 2078.0, "95": 2081.0}, "delta": {"5": 37.0, "17": 42.0, "50": 49.0, "83": 58.0, "95": 63.0}}, "int": {"occ": {"5": 2010.0, "17": 2011.0, "50": 2014.0, "83": 2016.0, "95": 2021.0}, "chrnc": {"5": 2039.0, "17": 2042.0, "50": 2045.0, "83": 2047.0, "95": 2048.0}, "delta": {"5": 23.0, "17": 27.0, "50": 31.5, "83": 35.0, "95": 36.0}}, "int_high": {"occ": {"5": 2010.0, "17": 2012.0, "50": 2013.0, "83": 2015.0, "95": 2015.0}, "chrnc": {"5": 2031.0, "17": 2032.0, "50": 2034.0, "83": 2035.0, "95": 2037.0499999999993}, "delta": {"5": 17.0, "17": 19.0, "50": 21.0, "83": 23.0, "95": 25.0}}, "kopp": {"occ": {"5": 2018.0, "17": 2021.0, "50": 2028.0, "83": 2034.0, "95": 2041.0}, "chrnc": {"5": 2052.0, "17": 2057.0, "50": 2066.0, "83": 2077.0, "95": 2087.0}, "delta": {"5": 25.0, "17": 30.0, "50": 38.0, "83": 48.0, "95": 56.0}}}