{"int_low": {"occ": {"5": 2013.0, "17": 2013.0, "50": 2015.0, "83": 2015.0, "95": 2018.0}, "chrnc": {"5": 2022.0, "17": 2025.0, "50": 2029.0, "83": 2033.0, "95": 2036.0}, "delta": {"5": 6.9500000000000455, "17": 10.0, "50": 14.0, "83": 19.0, "95": 22.0}}, "int": {"occ": {"5": 2012.0, "17": 2013.0, "50": 2015.0, "83": 2015.0, "95": 2016.0}, "chrnc": {"5": 2019.0, "17": 2020.0, "50": 2022.0, "83": 2025.0, "95": 2027.0}, "delta": {"5": 4.0, "17": 5.0, "50": 8.0, "83": 11.0, "95": 12.049999999999272}}, "int_high": {"occ": {"5": 2010.0, "17": 2013.0, "50": 2014.0, "83": 2015.0, "95": 2015.0}, "chrnc": {"5": 2016.0, "17": 2018.0, "50": 2019.0, "83": 2021.0, "95": 2022.0}, "delta": {"5": 1.0, "17": 3.0, "50": 5.0, "83": 7.0, "95": 9.0}}, "kopp": {"occ": {"5": 2013.0, "17": 2014.0, "50": 2015.0, "83": 2015.0, "95": 2019.0}, "chrnc": {"5": 2023.0, "17": 2026.0, "50": 2031.0, "83": 2037.0, "95": 2041.0}, "delta": {"5": 8.0, "17": 11.0, "50": 16.0, "83": 22.0, "95": 26.0}}}