{"int_low": {"occ": {"5": 2012.0, "17": 2013.0, "50": 2021.0, "83": 2025.0, "95": 2025.0}, "chrnc": {"5": 2010.0, "17": 2020.0, "50": 2029.0, "83": 2039.0, "95": 2042.0}, "delta": {"5": -11.0, "17": 2.0, "50": 10.0, "83": 19.0, "95": 25.0}}, "int": {"occ": {"5": 2010.0, "17": 2012.0, "50": 2013.0, "83": 2020.0, "95": 2023.0}, "chrnc": {"5": 2011.0, "17": 2014.0, "50": 2018.0, "83": 2023.0, "95": 2026.0}, "delta": {"5": -7.0, "17": -2.0, "50": 4.0, "83": 10.0, "95": 13.0}}, "int_high": {"occ": {"5": 2010.0, "17": 2011.0, "50": 2013.0, "83": 2013.0, "95": 2017.0}, "chrnc": {"5": 2010.0, "17": 2011.0, "50": 2013.0, "83": 2015.0, "95": 2020.0499999999993}, "delta": {"5": -4.0, "17": -2.0, "50": 0.0, "83": 3.0, "95": 7.0}}, "kopp": {"occ": {"5": 2012.0, "17": 2013.0, "50": 2021.0, "83": 2025.0, "95": 2025.0499999999993}, "chrnc": {"5": 2022.0, "17": 2029.0, "50": 2034.0, "83": 2041.0, "95": 2045.0}, "delta": {"5": 3.0, "17": 7.0, "50": 15.0, "83": 22.0, "95": 28.0}}}