{"int_low": {"occ": {"5": 2060.0, "17": 2064.0, "50": 2070.0, "83": 2076.0, "95": 2080.0}, "chrnc": {"5": 2091.0, "17": 2096.0, "50": 2099.0, "83": 2100.0, "95": 2100.0}, "delta": {"5": 18.0, "17": 22.0, "50": 29.0, "83": 36.0, "95": 41.0}}, "int": {"occ": {"5": 2042.0, "17": 2045.0, "50": 2047.0, "83": 2050.0, "95": 2052.0499999999993}, "chrnc": {"5": 2061.0, "17": 2063.0, "50": 2066.0, "83": 2069.0, "95": 2071.0}, "delta": {"5": 12.0, "17": 15.0, "50": 18.0, "83": 22.0, "95": 24.0}}, "int_high": {"occ": {"5": 2033.0, "17": 2035.0, "50": 2038.0, "83": 2040.0, "95": 2042.0}, "chrnc": {"5": 2049.0, "17": 2051.0, "50": 2053.0, "83": 2054.0, "95": 2056.0}, "delta": {"5": 10.0, "17": 12.0, "50": 15.0, "83": 17.170000000000073, "95": 20.0}}, "kopp": {"occ": {"5": 2051.0, "17": 2057.0, "50": 2065.0, "83": 2075.0, "95": 2084.0}, "chrnc": {"5": 2070.0, "17": 2077.0, "50": 2087.0, "83": 2096.0, "95": 2099.0}, "delta": {"5": 14.0, "17": 18.0, "50": 23.0, "83": 29.0, "95": 33.0}}}