{"int_low": {"occ": {"5": 2010.0, "17": 2013.0, "50": 2016.0, "83": 2025.0, "95": 2031.0}, "chrnc": {"5": 2010.0, "17": 2011.0, "50": 2016.0, "83": 2024.0, "95": 2033.0}, "delta": {"5": -13.049999999999955, "17": -8.0, "50": -1.0, "83": 6.0, "95": 14.049999999999272}}, "int": {"occ": {"5": 2010.0, "17": 2010.0, "50": 2013.0, "83": 2020.0, "95": 2025.0}, "chrnc": {"5": 2010.0, "17": 2011.0, "50": 2013.0, "83": 2017.0, "95": 2025.0}, "delta": {"5": -9.0, "17": -3.0, "50": 0.0, "83": 2.0, "95": 7.0}}, "int_high": {"occ": {"5": 2010.0, "17": 2010.0, "50": 2012.0, "83": 2015.0, "95": 2023.0}, "chrnc": {"5": 2010.0, "17": 2010.0, "50": 2013.0, "83": 2015.0, "95": 2022.0}, "delta": {"5": 0.0, "17": 0.0, "50": 0.0, "83": 0.0, "95": 0.0}}, "kopp": {"occ": {"5": 2010.0, "17": 2013.0, "50": 2017.0, "83": 2025.0, "95": 2031.0}, "chrnc": {"5": 2010.0, "17": 2011.0, "50": 2018.0, "83": 2029.0, "95": 2039.0499999999993}, "delta": {"5": -14.049999999999955, "17": -8.0, "50": 2.0, "83": 10.0, "95": 20.0}}}