{"int_low": {"occ": {"5": 2057.0, "17": 2060.0, "50": 2067.0, "83": 2073.0, "95": 2081.0}, "chrnc": {"5": 2096.0, "17": 2096.0, "50": 2099.0, "83": 2100.0, "95": 2100.0}, "delta": {"5": 21.0, "17": 23.0, "50": 31.5, "83": 42.0, "95": 54.04999999999998}}, "int": {"occ": {"5": 2039.0, "17": 2041.0, "50": 2044.0, "83": 2049.0, "95": 2052.0}, "chrnc": {"5": 2061.0, "17": 2064.0, "50": 2067.0, "83": 2071.0, "95": 2073.0}, "delta": {"5": 13.0, "17": 17.0, "50": 23.0, "83": 28.0, "95": 31.0}}, "int_high": {"occ": {"5": 2026.0, "17": 2030.0, "50": 2036.0, "83": 2039.0, "95": 2040.0}, "chrnc": {"5": 2049.0, "17": 2052.0, "50": 2054.0, "83": 2055.0, "95": 2056.0}, "delta": {"5": 12.0, "17": 14.830000000000155, "50": 18.0, "83": 24.0, "95": 28.0}}, "kopp": {"occ": {"5": 2041.0, "17": 2044.0, "50": 2054.0, "83": 2066.0, "95": 2076.0}, "chrnc": {"5": 2061.0, "17": 2069.0, "50": 2080.0, "83": 2094.0, "95": 2099.0}, "delta": {"5": 16.0, "17": 21.0, "50": 28.0, "83": 36.0, "95": 41.0}}}