{"int_low": {"occ": {"5": 2011.0, "17": 2015.0, "50": 2021.0, "83": 2032.0, "95": 2042.0}, "chrnc": {"5": 2042.0, "17": 2051.0, "50": 2060.0, "83": 2070.0, "95": 2080.0}, "delta": {"5": 14.950000000000045, "17": 23.0, "50": 37.0, "83": 49.0, "95": 59.0}}, "int": {"occ": {"5": 2010.0, "17": 2011.0, "50": 2014.0, "83": 2019.0, "95": 2025.0}, "chrnc": {"5": 2030.0, "17": 2034.0, "50": 2040.0, "83": 2046.0, "95": 2049.0}, "delta": {"5": 12.0, "17": 18.0, "50": 25.0, "83": 32.0, "95": 36.0}}, "int_high": {"occ": {"5": 2010.0, "17": 2010.0, "50": 2013.0, "83": 2015.0, "95": 2020.0499999999993}, "chrnc": {"5": 2024.0, "17": 2027.8300000000002, "50": 2032.0, "83": 2036.0, "95": 2040.0}, "delta": {"5": 9.0, "17": 14.0, "50": 19.0, "83": 23.0, "95": 27.0}}, "kopp": {"occ": {"5": 2012.0, "17": 2019.0, "50": 2026.0, "83": 2036.0, "95": 2045.0}, "chrnc": {"5": 2041.0, "17": 2048.0, "50": 2058.0, "83": 2069.0, "95": 2079.0}, "delta": {"5": 11.0, "17": 19.0, "50": 31.0, "83": 43.0, "95": 53.0}}}