{"int_low": {"occ": {"5": 2062.0, "17": 2073.0, "50": 2082.0, "83": 2091.0, "95": 2094.0}, "chrnc": {"5": NaN, "17": NaN, "50": NaN, "83": NaN, "95": NaN}, "delta": {"5": NaN, "17": NaN, "50": NaN, "83": NaN, "95": NaN}}, "int": {"occ": {"5": 2042.0, "17": 2045.0, "50": 2052.0, "83": 2056.0, "95": 2059.0499999999993}, "chrnc": {"5": 2078.0, "17": 2080.0, "50": 2085.0, "83": 2089.0, "95": 2091.0}, "delta": {"5": 22.0, "17": 26.0, "50": 34.0, "83": 41.0, "95": 45.0}}, "int_high": {"occ": {"5": 2037.0, "17": 2039.0, "50": 2041.0, "83": 2047.0, "95": 2050.0}, "chrnc": {"5": 2060.0, "17": 2061.0, "50": 2065.0, "83": 2069.0, "95": 2070.0}, "delta": {"5": 13.950000000000045, "17": 18.0, "50": 23.0, "83": 28.0, "95": 31.0}}, "kopp": {"occ": {"5": 2044.0, "17": 2054.0, "50": 2064.0, "83": 2077.0, "95": 2090.0}, "chrnc": {"5": 2074.0, "17": 2081.0, "50": 2094.0, "83": 2099.0, "95": 2100.0}, "delta": {"5": 20.0, "17": 25.0, "50": 33.0, "83": 40.0, "95": 47.0}}}