{"int_low": {"occ": {"5": 2028.0, "17": 2032.0, "50": 2038.0, "83": 2044.0, "95": 2048.0}, "chrnc": {"5": 2072.95, "17": 2077.0, "50": 2084.0, "83": 2093.0, "95": 2097.0499999999993}, "delta": {"5": 32.0, "17": 38.0, "50": 46.0, "83": 55.0, "95": 62.0}}, "int": {"occ": {"5": 2016.0, "17": 2023.0, "50": 2028.0, "83": 2031.0, "95": 2033.0}, "chrnc": {"5": 2050.0, "17": 2052.0, "50": 2055.0, "83": 2058.0, "95": 2060.0}, "delta": {"5": 20.0, "17": 23.0, "50": 27.0, "83": 33.0, "95": 39.0}}, "int_high": {"occ": {"5": 2015.0, "17": 2015.0, "50": 2019.0, "83": 2023.0, "95": 2025.0}, "chrnc": {"5": 2039.0, "17": 2042.0, "50": 2044.0, "83": 2047.0, "95": 2048.0}, "delta": {"5": 17.0, "17": 21.0, "50": 25.0, "83": 29.0, "95": 32.0}}, "kopp": {"occ": {"5": 2027.0, "17": 2031.0, "50": 2037.0, "83": 2044.0, "95": 2049.0}, "chrnc": {"5": 2054.0, "17": 2061.0, "50": 2070.0, "83": 2081.0, "95": 2091.0}, "delta": {"5": 21.0, "17": 25.0, "50": 33.0, "83": 42.0, "95": 49.600000000000364}}}