{"int_low": {"occ": {"5": 2034.0, "17": 2037.0, "50": 2041.0, "83": 2046.0, "95": 2051.0}, "chrnc": {"5": 2064.0, "17": 2069.0, "50": 2074.0, "83": 2081.0, "95": 2086.0}, "delta": {"5": 20.0, "17": 26.0, "50": 34.0, "83": 41.0, "95": 46.0}}, "int": {"occ": {"5": 2025.0, "17": 2027.0, "50": 2030.0, "83": 2033.0, "95": 2034.0499999999993}, "chrnc": {"5": 2044.0, "17": 2046.0, "50": 2049.0, "83": 2051.0, "95": 2053.0}, "delta": {"5": 12.950000000000045, "17": 15.0, "50": 19.0, "83": 23.0, "95": 25.0}}, "int_high": {"occ": {"5": 2020.0, "17": 2022.0, "50": 2024.0, "83": 2026.0, "95": 2028.0}, "chrnc": {"5": 2036.0, "17": 2037.0, "50": 2039.0, "83": 2041.0, "95": 2042.0}, "delta": {"5": 10.0, "17": 12.0, "50": 15.0, "83": 18.0, "95": 20.0}}, "kopp": {"occ": {"5": 2034.0, "17": 2038.0, "50": 2042.0, "83": 2049.0, "95": 2054.0}, "chrnc": {"5": 2055.0, "17": 2059.0, "50": 2067.0, "83": 2076.0, "95": 2085.0}, "delta": {"5": 15.0, "17": 18.0, "50": 24.0, "83": 31.0, "95": 37.0}}}