{"int_low": {"occ": {"5": 2039.0, "17": 2043.0, "50": 2047.0, "83": 2053.0, "95": 2057.0}, "chrnc": {"5": 2068.0, "17": 2073.0, "50": 2081.0, "83": 2088.0, "95": 2092.0}, "delta": {"5": 20.950000000000045, "17": 25.0, "50": 33.0, "83": 41.0, "95": 46.0}}, "int": {"occ": {"5": 2027.0, "17": 2030.0, "50": 2033.0, "83": 2037.0, "95": 2039.0}, "chrnc": {"5": 2047.0, "17": 2049.0, "50": 2052.0, "83": 2055.0, "95": 2057.0499999999993}, "delta": {"5": 11.0, "17": 15.0, "50": 19.0, "83": 23.0, "95": 27.0}}, "int_high": {"occ": {"5": 2022.0, "17": 2024.0, "50": 2027.0, "83": 2029.0, "95": 2031.0}, "chrnc": {"5": 2037.0, "17": 2039.0, "50": 2042.0, "83": 2044.0, "95": 2046.0}, "delta": {"5": 9.0, "17": 12.0, "50": 15.0, "83": 18.0, "95": 20.0}}}