{"int_low": {"occ": {"5": 2012.0, "17": 2013.0, "50": 2021.0, "83": 2025.0, "95": 2027.0}, "chrnc": {"5": 2010.0, "17": 2011.0, "50": 2022.0, "83": 2035.0, "95": 2043.0}, "delta": {"5": -13.0, "17": -8.0, "50": 3.0, "83": 16.0, "95": 23.0}}, "int": {"occ": {"5": 2012.0, "17": 2012.0, "50": 2013.0, "83": 2023.0, "95": 2025.0}, "chrnc": {"5": 2010.0, "17": 2012.0, "50": 2015.0, "83": 2023.0, "95": 2025.0}, "delta": {"5": -11.049999999999955, "17": -7.0, "50": 1.0, "83": 7.0, "95": 12.0}}, "int_high": {"occ": {"5": 2010.0, "17": 2012.0, "50": 2013.0, "83": 2015.0, "95": 2022.0}, "chrnc": {"5": 2010.0, "17": 2012.0, "50": 2013.0, "83": 2015.0, "95": 2022.0}, "delta": {"5": -6.0, "17": -1.0, "50": 0.0, "83": 1.0, "95": 4.049999999999272}}, "kopp": {"occ": {"5": 2012.0, "17": 2013.0, "50": 2022.0, "83": 2025.0, "95": 2027.0}, "chrnc": {"5": 2011.0, "17": 2019.0, "50": 2031.0, "83": 2041.0, "95": 2046.0}, "delta": {"5": -11.0, "17": -2.0, "50": 10.0, "83": 20.0, "95": 28.0}}}