{"int_low": {"occ": {"5": 2020.0, "17": 2028.0, "50": 2045.0, "83": 2062.17, "95": 2075.0}, "chrnc": {"5": 2069.0, "17": 2079.0, "50": 2091.0, "83": 2097.0, "95": 2099.0}, "delta": {"5": 9.0, "17": 23.0, "50": 43.0, "83": 61.0, "95": 73.0}}, "int": {"occ": {"5": 2018.0, "17": 2022.0, "50": 2030.0, "83": 2040.0, "95": 2047.0499999999993}, "chrnc": {"5": 2044.0, "17": 2051.0, "50": 2059.0, "83": 2066.0, "95": 2070.0499999999993}, "delta": {"5": 7.0, "17": 16.0, "50": 28.0, "83": 39.0, "95": 46.0}}, "int_high": {"occ": {"5": 2016.0, "17": 2020.0, "50": 2026.0, "83": 2033.0, "95": 2037.0}, "chrnc": {"5": 2038.0, "17": 2041.0, "50": 2046.0, "83": 2051.0, "95": 2054.0}, "delta": {"5": 7.0, "17": 12.0, "50": 19.0, "83": 27.170000000000073, "95": 32.0}}, "kopp": {"occ": {"5": 2018.0, "17": 2024.0, "50": 2037.0, "83": 2051.0, "95": 2064.0}, "chrnc": {"5": 2049.0, "17": 2058.0, "50": 2071.0, "83": 2087.0, "95": 2096.0}, "delta": {"5": 10.0, "17": 19.0, "50": 34.0, "83": 49.0, "95": 61.0}}}