{"int_low": {"occ": {"5": 2010.0, "17": 2012.0, "50": 2019.0, "83": 2031.0, "95": 2036.0499999999993}, "chrnc": {"5": 2011.0, "17": 2011.0, "50": 2023.0, "83": 2035.0, "95": 2047.0}, "delta": {"5": -21.0, "17": -9.0, "50": 3.0, "83": 18.0, "95": 28.0}}, "int": {"occ": {"5": 2010.0, "17": 2012.0, "50": 2013.0, "83": 2022.0, "95": 2029.0}, "chrnc": {"5": 2010.0, "17": 2010.0, "50": 2013.0, "83": 2023.0, "95": 2031.0}, "delta": {"5": -14.0, "17": -9.0, "50": -1.0, "83": 9.0, "95": 18.0}}, "int_high": {"occ": {"5": 2010.0, "17": 2011.0, "50": 2013.0, "83": 2020.0, "95": 2024.0}, "chrnc": {"5": 2010.0, "17": 2011.0, "50": 2013.0, "83": 2019.0, "95": 2024.0}, "delta": {"5": -10.049999999999955, "17": -3.0, "50": 0.0, "83": 2.0, "95": 9.0}}, "kopp": {"occ": {"5": 2010.0, "17": 2012.0, "50": 2018.5, "83": 2028.0, "95": 2035.0}, "chrnc": {"5": 2010.0, "17": 2011.0, "50": 2019.0, "83": 2032.0, "95": 2040.0}, "delta": {"5": -18.0, "17": -9.0, "50": 1.0, "83": 13.0, "95": 23.0}}}