{"int_low": {"occ": {"5": 2041.0, "17": 2044.0, "50": 2048.0, "83": 2053.0, "95": 2055.0}, "chrnc": {"5": 2069.95, "17": 2075.0, "50": 2080.0, "83": 2089.0, "95": 2091.0}, "delta": {"5": 20.0, "17": 25.0, "50": 32.0, "83": 40.0, "95": 45.04999999999927}}, "int": {"occ": {"5": 2030.0, "17": 2033.0, "50": 2036.0, "83": 2038.0, "95": 2039.0}, "chrnc": {"5": 2047.0, "17": 2049.0, "50": 2053.0, "83": 2055.0, "95": 2056.0}, "delta": {"5": 11.0, "17": 14.0, "50": 17.0, "83": 19.170000000000073, "95": 22.049999999999272}}, "int_high": {"occ": {"5": 2022.0, "17": 2025.0, "50": 2028.0, "83": 2031.0, "95": 2033.0}, "chrnc": {"5": 2039.0, "17": 2040.0, "50": 2042.0, "83": 2044.0, "95": 2045.0499999999993}, "delta": {"5": 9.0, "17": 11.0, "50": 14.0, "83": 17.0, "95": 19.0}}, "kopp": {"occ": {"5": 2037.0, "17": 2040.0, "50": 2045.0, "83": 2053.0, "95": 2059.0}, "chrnc": {"5": 2053.0, "17": 2057.0, "50": 2065.0, "83": 2076.0, "95": 2087.0}, "delta": {"5": 12.0, "17": 16.0, "50": 20.0, "83": 27.0, "95": 32.0}}}