{"int_low": {"occ": {"5": 2010.0, "17": 2012.0, "50": 2019.0, "83": 2031.0, "95": 2037.0}, "chrnc": {"5": 2024.0, "17": 2039.0, "50": 2055.0, "83": 2070.0, "95": 2079.0499999999993}, "delta": {"5": 2.0, "17": 16.0, "50": 35.0, "83": 51.17000000000007, "95": 62.0}}, "int": {"occ": {"5": 2010.0, "17": 2012.0, "50": 2013.0, "83": 2022.0, "95": 2029.0}, "chrnc": {"5": 2017.0, "17": 2022.0, "50": 2035.0, "83": 2043.0, "95": 2049.0}, "delta": {"5": -3.0, "17": 6.0, "50": 18.0, "83": 28.170000000000073, "95": 34.0}}, "int_high": {"occ": {"5": 2010.0, "17": 2011.0, "50": 2013.0, "83": 2020.0, "95": 2024.0}, "chrnc": {"5": 2017.0, "17": 2020.0, "50": 2028.0, "83": 2035.0, "95": 2039.0}, "delta": {"5": -1.0, "17": 5.0, "50": 14.0, "83": 22.0, "95": 26.0}}, "kopp": {"occ": {"5": 2010.0, "17": 2012.0, "50": 2018.0, "83": 2029.0, "95": 2036.0}, "chrnc": {"5": 2017.0, "17": 2029.0, "50": 2044.0, "83": 2058.0, "95": 2074.0}, "delta": {"5": 1.0, "17": 10.0, "50": 25.0, "83": 40.0, "95": 54.0}}}