{"int_low": {"occ": {"5": 2010.0, "17": 2012.0, "50": 2020.0, "83": 2029.0, "95": 2035.0}, "chrnc": {"5": 2074.0, "17": 2082.0, "50": 2088.0, "83": 2095.0, "95": 2098.0}, "delta": {"5": 49.0, "17": 57.0, "50": 68.0, "83": 78.0, "95": 84.0}}, "int": {"occ": {"5": 2010.0, "17": 2010.0, "50": 2014.0, "83": 2023.0, "95": 2028.0}, "chrnc": {"5": 2053.0, "17": 2056.0, "50": 2059.0, "83": 2063.0, "95": 2064.0}, "delta": {"5": 30.0, "17": 35.0, "50": 43.0, "83": 49.17000000000007, "95": 52.04999999999927}}, "int_high": {"occ": {"5": 2010.0, "17": 2010.0, "50": 2012.0, "83": 2020.0, "95": 2024.0}, "chrnc": {"5": 2042.0, "17": 2044.8300000000002, "50": 2047.0, "83": 2050.0, "95": 2052.0}, "delta": {"5": 23.0, "17": 27.0, "50": 34.0, "83": 38.0, "95": 40.0}}, "kopp": {"occ": {"5": 2010.0, "17": 2010.0, "50": 2019.0, "83": 2026.0, "95": 2033.0}, "chrnc": {"5": 2053.0, "17": 2059.0, "50": 2069.0, "83": 2083.0, "95": 2094.0}, "delta": {"5": 32.0, "17": 40.0, "50": 51.0, "83": 64.0, "95": 75.0}}}