{"int_low": {"occ": {"5": 2018.95, "17": 2020.0, "50": 2024.0, "83": 2028.0, "95": 2031.0}, "chrnc": {"5": 2051.0, "17": 2055.0, "50": 2059.0, "83": 2064.0, "95": 2067.0}, "delta": {"5": 24.0, "17": 29.0, "50": 35.0, "83": 41.0, "95": 45.04999999999927}}, "int": {"occ": {"5": 2011.0, "17": 2014.0, "50": 2019.0, "83": 2022.0, "95": 2024.0499999999993}, "chrnc": {"5": 2036.0, "17": 2038.0, "50": 2041.0, "83": 2044.0, "95": 2045.0}, "delta": {"5": 15.0, "17": 18.0, "50": 22.0, "83": 27.0, "95": 31.0}}, "int_high": {"occ": {"5": 2010.0, "17": 2011.0, "50": 2013.5, "83": 2016.0, "95": 2018.0}, "chrnc": {"5": 2029.0, "17": 2031.0, "50": 2033.0, "83": 2035.0, "95": 2036.0}, "delta": {"5": 14.0, "17": 16.0, "50": 20.0, "83": 23.0, "95": 25.0}}, "kopp": {"occ": {"5": 2019.0, "17": 2022.0, "50": 2027.0, "83": 2032.0, "95": 2037.0}, "chrnc": {"5": 2045.0, "17": 2050.0, "50": 2056.0, "83": 2064.0, "95": 2071.0}, "delta": {"5": 18.0, "17": 23.0, "50": 29.0, "83": 37.0, "95": 43.0}}}