{"int_low": {"occ": {"5": 2061.0, "17": 2076.0, "50": 2084.0, "83": 2097.0, "95": 2099.0}, "chrnc": {"5": NaN, "17": NaN, "50": NaN, "83": NaN, "95": NaN}, "delta": {"5": NaN, "17": NaN, "50": NaN, "83": NaN, "95": NaN}}, "int": {"occ": {"5": 2041.0, "17": 2044.0, "50": 2051.0, "83": 2059.0, "95": 2070.0}, "chrnc": {"5": 2080.0, "17": 2084.0, "50": 2093.0, "83": 2095.0, "95": 2098.0}, "delta": {"5": 21.950000000000045, "17": 29.0, "50": 39.0, "83": 49.0, "95": 53.0}}, "int_high": {"occ": {"5": 2026.0, "17": 2038.0, "50": 2041.0, "83": 2049.0, "95": 2052.0}, "chrnc": {"5": 2061.0, "17": 2063.0, "50": 2068.0, "83": 2072.0, "95": 2074.0}, "delta": {"5": 14.950000000000045, "17": 20.0, "50": 27.0, "83": 33.0, "95": 42.0}}, "kopp": {"occ": {"5": 2042.0, "17": 2049.0, "50": 2067.0, "83": 2086.0, "95": 2096.0}, "chrnc": {"5": 2075.0, "17": 2082.0, "50": 2095.0, "83": 2099.0, "95": 2100.0}, "delta": {"5": 21.0, "17": 26.0, "50": 35.0, "83": 47.0, "95": 55.0}}}