{"int_low": {"occ": {"5": 2010.0, "17": 2010.0, "50": 2010.0, "83": 2011.0, "95": 2019.0}, "chrnc": {"5": 2026.0, "17": 2031.0, "50": 2038.0, "83": 2045.0, "95": 2050.0499999999993}, "delta": {"5": 13.0, "17": 20.0, "50": 27.0, "83": 35.0, "95": 40.0}}, "int": {"occ": {"5": 2010.0, "17": 2010.0, "50": 2010.0, "83": 2011.0, "95": 2012.0}, "chrnc": {"5": 2019.0, "17": 2022.0, "50": 2027.0, "83": 2032.0, "95": 2035.0}, "delta": {"5": 8.0, "17": 11.0, "50": 16.0, "83": 21.0, "95": 25.0}}, "int_high": {"occ": {"5": 2010.0, "17": 2010.0, "50": 2010.0, "83": 2011.0, "95": 2012.0}, "chrnc": {"5": 2015.0, "17": 2017.0, "50": 2021.0, "83": 2024.0, "95": 2027.0}, "delta": {"5": 4.0, "17": 7.0, "50": 11.0, "83": 14.0, "95": 16.049999999999272}}, "kopp": {"occ": {"5": 2010.0, "17": 2010.0, "50": 2010.0, "83": 2011.0, "95": 2022.0}, "chrnc": {"5": 2024.0, "17": 2030.0, "50": 2036.0, "83": 2045.0, "95": 2053.0}, "delta": {"5": 11.950000000000045, "17": 18.0, "50": 25.0, "83": 34.0, "95": 42.0}}}