{"int_low": {"occ": {"5": 2013.0, "17": 2013.0, "50": 2013.0, "83": 2013.0, "95": 2031.0}, "chrnc": {"5": 2044.0, "17": 2059.0, "50": 2067.0, "83": 2088.0, "95": 2091.0}, "delta": {"5": 30.0, "17": 45.0, "50": 53.0, "83": 74.0, "95": 77.0}}, "int": {"occ": {"5": 2013.0, "17": 2013.0, "50": 2013.0, "83": 2013.0, "95": 2014.0}, "chrnc": {"5": 2038.0, "17": 2040.0, "50": 2047.0, "83": 2052.17, "95": 2055.0}, "delta": {"5": 24.950000000000045, "17": 27.0, "50": 34.0, "83": 39.0, "95": 41.04999999999927}}, "int_high": {"occ": {"5": 2012.0, "17": 2013.0, "50": 2013.0, "83": 2013.0, "95": 2013.0499999999993}, "chrnc": {"5": 2022.0, "17": 2025.0, "50": 2036.0, "83": 2038.0, "95": 2039.0}, "delta": {"5": 9.0, "17": 12.0, "50": 23.0, "83": 25.0, "95": 26.0}}, "kopp": {"occ": {"5": 2013.0, "17": 2013.0, "50": 2013.0, "83": 2013.0, "95": 2016.0}, "chrnc": {"5": 2039.0, "17": 2042.0, "50": 2054.0, "83": 2070.0, "95": 2086.0}, "delta": {"5": 25.0, "17": 29.0, "50": 40.0, "83": 57.0, "95": 72.0}}}