{"int_low": {"occ": {"5": 2012.0, "17": 2013.0, "50": 2013.0, "83": 2013.0, "95": 2031.0}, "chrnc": {"5": 2010.0, "17": 2014.0, "50": 2020.0, "83": 2033.0, "95": 2037.0}, "delta": {"5": -6.0, "17": -1.0, "50": 6.0, "83": 19.0, "95": 24.0}}, "int": {"occ": {"5": 2011.0, "17": 2013.0, "50": 2013.0, "83": 2013.0, "95": 2016.0}, "chrnc": {"5": 2010.0, "17": 2012.0, "50": 2016.0, "83": 2025.0, "95": 2032.0499999999993}, "delta": {"5": -3.0, "17": -1.0, "50": 3.0, "83": 11.170000000000073, "95": 19.0}}, "int_high": {"occ": {"5": 2011.0, "17": 2013.0, "50": 2013.0, "83": 2013.0, "95": 2014.0}, "chrnc": {"5": 2010.0, "17": 2011.0, "50": 2015.0, "83": 2020.0, "95": 2025.0}, "delta": {"5": -3.0, "17": -2.0, "50": 2.0, "83": 7.0, "95": 12.0}}, "kopp": {"occ": {"5": 2011.0, "17": 2013.0, "50": 2013.0, "83": 2013.0, "95": 2020.0}, "chrnc": {"5": 2010.0, "17": 2012.0, "50": 2018.0, "83": 2032.0, "95": 2036.0}, "delta": {"5": -3.0, "17": -1.0, "50": 5.0, "83": 19.0, "95": 23.0}}}