{"int_low": {"occ": {"5": 2012.0, "17": 2013.0, "50": 2015.0, "83": 2016.0, "95": 2020.0}, "chrnc": {"5": 2018.0, "17": 2019.0, "50": 2024.0, "83": 2030.0, "95": 2034.0}, "delta": {"5": 0.900000000000091, "17": 4.830000000000155, "50": 10.0, "83": 15.170000000000073, "95": 20.0}}, "int": {"occ": {"5": 2010.0, "17": 2013.0, "50": 2014.0, "83": 2015.0, "95": 2016.0}, "chrnc": {"5": 2010.0, "17": 2013.0, "50": 2018.0, "83": 2022.0, "95": 2025.0}, "delta": {"5": -4.0, "17": -1.0, "50": 4.5, "83": 8.0, "95": 11.0}}, "int_high": {"occ": {"5": 2010.0, "17": 2012.0, "50": 2013.0, "83": 2015.0, "95": 2016.0}, "chrnc": {"5": 2010.0, "17": 2011.0, "50": 2013.0, "83": 2016.0, "95": 2018.0}, "delta": {"5": -4.0, "17": -3.0, "50": -1.0, "83": 3.0, "95": 5.0}}, "kopp": {"occ": {"5": 2012.0, "17": 2013.0, "50": 2015.0, "83": 2016.0, "95": 2021.0}, "chrnc": {"5": 2019.0, "17": 2022.0, "50": 2027.0, "83": 2033.0, "95": 2039.0}, "delta": {"5": 3.0, "17": 7.0, "50": 12.0, "83": 19.0, "95": 24.0}}}