{"int_low": {"occ": {"5": 2022.0, "17": 2026.0, "50": 2037.0, "83": 2049.0, "95": 2054.0}, "chrnc": {"5": 2079.0, "17": 2081.0, "50": 2088.0, "83": 2096.0, "95": 2099.0}, "delta": {"5": 31.0, "17": 40.0, "50": 53.0, "83": 64.0, "95": 71.0}}, "int": {"occ": {"5": 2018.0, "17": 2022.0, "50": 2027.0, "83": 2034.0, "95": 2036.0}, "chrnc": {"5": 2050.0, "17": 2055.0, "50": 2058.0, "83": 2060.0, "95": 2063.0}, "delta": {"5": 20.0, "17": 23.0, "50": 30.0, "83": 37.0, "95": 40.04999999999927}}, "int_high": {"occ": {"5": 2015.0, "17": 2015.0, "50": 2019.0, "83": 2024.0, "95": 2031.0}, "chrnc": {"5": 2041.0, "17": 2042.0, "50": 2045.0, "83": 2047.0, "95": 2051.0}, "delta": {"5": 13.950000000000045, "17": 19.0, "50": 26.0, "83": 30.0, "95": 33.0}}, "kopp": {"occ": {"5": 2021.0, "17": 2024.0, "50": 2031.0, "83": 2040.0, "95": 2051.0}, "chrnc": {"5": 2053.0, "17": 2058.0, "50": 2069.0, "83": 2083.0, "95": 2094.0}, "delta": {"5": 21.0, "17": 27.0, "50": 37.0, "83": 50.0, "95": 60.0}}}