{"int_low": {"occ": {"5": 2016.0, "17": 2019.0, "50": 2027.0, "83": 2034.0, "95": 2037.0}, "chrnc": {"5": 2046.0, "17": 2057.0, "50": 2065.0, "83": 2072.0, "95": 2074.0}, "delta": {"5": 18.950000000000045, "17": 27.0, "50": 38.0, "83": 47.0, "95": 53.0}}, "int": {"occ": {"5": 2013.0, "17": 2016.0, "50": 2019.0, "83": 2024.0, "95": 2032.0}, "chrnc": {"5": 2037.95, "17": 2039.0, "50": 2041.0, "83": 2047.0, "95": 2051.0}, "delta": {"5": 9.950000000000045, "17": 18.0, "50": 23.0, "83": 29.0, "95": 33.0}}, "int_high": {"occ": {"5": 2012.0, "17": 2012.0, "50": 2015.0, "83": 2019.0, "95": 2020.0}, "chrnc": {"5": 2026.0, "17": 2028.0, "50": 2034.0, "83": 2037.0, "95": 2038.0}, "delta": {"5": 9.0, "17": 13.0, "50": 18.0, "83": 23.0, "95": 25.0}}, "kopp": {"occ": {"5": 2016.0, "17": 2019.0, "50": 2027.0, "83": 2035.0, "95": 2040.0}, "chrnc": {"5": 2040.0, "17": 2044.0, "50": 2054.0, "83": 2066.0, "95": 2075.0}, "delta": {"5": 11.0, "17": 18.0, "50": 27.0, "83": 38.0, "95": 47.0}}}