{"int_low": {"occ": {"5": 2076.95, "17": 2080.0, "50": 2087.0, "83": 2094.0, "95": 2098.0}, "chrnc": {"5": NaN, "17": NaN, "50": NaN, "83": NaN, "95": NaN}, "delta": {"5": NaN, "17": NaN, "50": NaN, "83": NaN, "95": NaN}}, "int": {"occ": {"5": 2049.0, "17": 2054.0, "50": 2057.0, "83": 2059.0, "95": 2062.0}, "chrnc": {"5": 2073.0, "17": 2075.0, "50": 2076.0, "83": 2078.0, "95": 2081.0}, "delta": {"5": 14.0, "17": 17.0, "50": 20.0, "83": 23.0, "95": 28.0}}, "int_high": {"occ": {"5": 2041.0, "17": 2042.0, "50": 2043.0, "83": 2046.0, "95": 2050.0}, "chrnc": {"5": 2056.0, "17": 2057.0, "50": 2059.0, "83": 2060.0, "95": 2063.0}, "delta": {"5": 9.950000000000045, "17": 12.0, "50": 15.0, "83": 17.170000000000073, "95": 19.0}}, "kopp": {"occ": {"5": 2053.0, "17": 2058.0, "50": 2067.0, "83": 2081.0, "95": 2092.0}, "chrnc": {"5": 2069.0, "17": 2076.0, "50": 2088.0, "83": 2097.0, "95": 2100.0}, "delta": {"5": 12.0, "17": 17.0, "50": 23.0, "83": 29.0, "95": 34.0}}}