{"int_low": {"occ": {"5": 2035.0, "17": 2039.0, "50": 2044.0, "83": 2049.0, "95": 2052.0499999999993}, "chrnc": {"5": 2077.0, "17": 2082.0, "50": 2088.0, "83": 2094.0, "95": 2097.0499999999993}, "delta": {"5": 31.0, "17": 36.0, "50": 43.0, "83": 51.0, "95": 56.0}}, "int": {"occ": {"5": 2026.0, "17": 2029.0, "50": 2032.0, "83": 2035.0, "95": 2037.0}, "chrnc": {"5": 2050.0, "17": 2052.83, "50": 2055.0, "83": 2058.0, "95": 2059.0499999999993}, "delta": {"5": 16.0, "17": 19.0, "50": 23.0, "83": 27.0, "95": 30.0}}, "int_high": {"occ": {"5": 2021.0, "17": 2023.0, "50": 2026.0, "83": 2028.0, "95": 2031.0}, "chrnc": {"5": 2041.0, "17": 2042.0, "50": 2044.0, "83": 2046.0, "95": 2047.0}, "delta": {"5": 13.0, "17": 15.0, "50": 18.0, "83": 21.0, "95": 24.0}}, "kopp": {"occ": {"5": 2034.0, "17": 2038.0, "50": 2045.0, "83": 2052.0, "95": 2058.0}, "chrnc": {"5": 2059.0, "17": 2065.0, "50": 2074.0, "83": 2085.0, "95": 2095.0}, "delta": {"5": 19.0, "17": 23.0, "50": 30.0, "83": 38.0, "95": 44.0}}}