{"int_low": {"occ": {"5": 2015.0, "17": 2016.0, "50": 2018.0, "83": 2021.0, "95": 2029.0}, "chrnc": {"5": 2039.0, "17": 2041.0, "50": 2047.0, "83": 2051.17, "95": 2054.0}, "delta": {"5": 15.950000000000045, "17": 22.0, "50": 27.0, "83": 34.0, "95": 37.0}}, "int": {"occ": {"5": 2012.0, "17": 2012.0, "50": 2013.0, "83": 2018.0, "95": 2019.0499999999993}, "chrnc": {"5": 2026.0, "17": 2030.0, "50": 2035.0, "83": 2037.0, "95": 2039.0}, "delta": {"5": 11.950000000000045, "17": 15.830000000000155, "50": 21.0, "83": 24.0, "95": 26.0}}, "int_high": {"occ": {"5": 2010.0, "17": 2012.0, "50": 2015.0, "83": 2015.0, "95": 2015.0}, "chrnc": {"5": 2022.0, "17": 2024.0, "50": 2028.0, "83": 2031.0, "95": 2033.0}, "delta": {"5": 8.0, "17": 10.0, "50": 14.0, "83": 18.0, "95": 20.0}}, "kopp": {"occ": {"5": 2013.0, "17": 2016.0, "50": 2018.0, "83": 2022.0, "95": 2030.0}, "chrnc": {"5": 2035.0, "17": 2038.0, "50": 2043.0, "83": 2051.0, "95": 2056.0}, "delta": {"5": 14.0, "17": 19.0, "50": 24.0, "83": 32.0, "95": 37.0}}}