{"int_low": {"occ": {"5": 2011.0, "17": 2013.0, "50": 2013.0, "83": 2019.0, "95": 2028.0}, "chrnc": {"5": 2041.0, "17": 2050.0, "50": 2062.0, "83": 2073.0, "95": 2080.0}, "delta": {"5": 22.0, "17": 34.0, "50": 48.0, "83": 59.0, "95": 66.0}}, "int": {"occ": {"5": 2010.0, "17": 2013.0, "50": 2013.0, "83": 2013.0, "95": 2022.0}, "chrnc": {"5": 2028.0, "17": 2034.0, "50": 2039.0, "83": 2045.0, "95": 2049.0}, "delta": {"5": 12.0, "17": 18.830000000000155, "50": 26.0, "83": 32.0, "95": 37.0}}, "int_high": {"occ": {"5": 2010.0, "17": 2013.0, "50": 2013.0, "83": 2013.0, "95": 2015.0}, "chrnc": {"5": 2021.0, "17": 2026.0, "50": 2031.0, "83": 2035.0, "95": 2037.0}, "delta": {"5": 7.9500000000000455, "17": 13.0, "50": 18.0, "83": 23.0, "95": 25.0}}, "kopp": {"occ": {"5": 2011.0, "17": 2013.0, "50": 2013.0, "83": 2015.0, "95": 2025.0}, "chrnc": {"5": 2030.0, "17": 2039.0, "50": 2048.0, "83": 2062.0, "95": 2074.0}, "delta": {"5": 16.0, "17": 24.0, "50": 34.0, "83": 47.0, "95": 60.0}}}