{"int_low": {"occ": {"5": 2012.0, "17": 2013.0, "50": 2015.0, "83": 2018.0, "95": 2023.0}, "chrnc": {"5": 2040.0, "17": 2045.0, "50": 2049.0, "83": 2052.0, "95": 2059.0499999999993}, "delta": {"5": 23.0, "17": 28.0, "50": 34.0, "83": 38.17000000000007, "95": 45.0}}, "int": {"occ": {"5": 2010.0, "17": 2012.0, "50": 2013.0, "83": 2015.0, "95": 2016.0}, "chrnc": {"5": 2028.0, "17": 2030.0, "50": 2033.0, "83": 2035.0, "95": 2039.0}, "delta": {"5": 13.0, "17": 16.0, "50": 19.0, "83": 22.0, "95": 25.0}}, "int_high": {"occ": {"5": 2010.0, "17": 2012.0, "50": 2013.0, "83": 2015.0, "95": 2015.0}, "chrnc": {"5": 2022.0, "17": 2024.0, "50": 2026.0, "83": 2028.0, "95": 2029.0}, "delta": {"5": 8.0, "17": 11.0, "50": 13.0, "83": 15.0, "95": 17.0}}, "kopp": {"occ": {"5": 2012.0, "17": 2013.0, "50": 2015.0, "83": 2021.0, "95": 2025.0}, "chrnc": {"5": 2038.0, "17": 2045.0, "50": 2050.0, "83": 2059.0, "95": 2066.0}, "delta": {"5": 22.0, "17": 27.0, "50": 35.0, "83": 43.0, "95": 50.0}}}