{"int_low": {"occ": {"5": 2040.0, "17": 2048.0, "50": 2059.0, "83": 2070.0, "95": 2078.0}, "chrnc": {"5": 2063.0, "17": 2071.83, "50": 2083.0, "83": 2093.0, "95": 2098.0}, "delta": {"5": -5.0, "17": 9.0, "50": 24.0, "83": 39.0, "95": 47.0}}, "int": {"occ": {"5": 2029.0, "17": 2034.0, "50": 2041.0, "83": 2047.0, "95": 2051.0}, "chrnc": {"5": 2045.0, "17": 2049.0, "50": 2054.0, "83": 2058.0, "95": 2061.0}, "delta": {"5": 0.900000000000091, "17": 6.0, "50": 13.0, "83": 21.0, "95": 27.0}}, "int_high": {"occ": {"5": 2024.0, "17": 2028.0, "50": 2033.0, "83": 2038.0, "95": 2041.0}, "chrnc": {"5": 2034.0, "17": 2039.0, "50": 2043.0, "83": 2046.0, "95": 2049.0}, "delta": {"5": -1.0, "17": 4.0, "50": 9.0, "83": 16.0, "95": 20.049999999999272}}, "kopp": {"occ": {"5": 2033.0, "17": 2040.0, "50": 2050.0, "83": 2062.0, "95": 2076.0}, "chrnc": {"5": 2047.0, "17": 2054.0, "50": 2066.0, "83": 2080.0, "95": 2092.0}, "delta": {"5": -2.0, "17": 6.0, "50": 15.0, "83": 26.0, "95": 36.0}}}