{"int_low": {"occ": {"5": 2012.0, "17": 2013.0, "50": 2021.0, "83": 2025.0, "95": 2025.0}, "chrnc": {"5": 2029.0, "17": 2033.0, "50": 2039.0, "83": 2044.0, "95": 2048.0}, "delta": {"5": 8.0, "17": 12.0, "50": 19.0, "83": 27.0, "95": 32.0}}, "int": {"occ": {"5": 2010.0, "17": 2012.0, "50": 2013.0, "83": 2020.0, "95": 2023.0}, "chrnc": {"5": 2019.0, "17": 2023.0, "50": 2027.0, "83": 2031.0, "95": 2032.0}, "delta": {"5": 3.0, "17": 6.0, "50": 13.0, "83": 17.0, "95": 19.0}}, "int_high": {"occ": {"5": 2010.0, "17": 2011.0, "50": 2013.0, "83": 2013.0, "95": 2017.0}, "chrnc": {"5": 2011.0, "17": 2016.0, "50": 2020.0, "83": 2023.0, "95": 2025.0}, "delta": {"5": -2.0, "17": 3.8300000000001546, "50": 7.0, "83": 11.0, "95": 13.0}}, "kopp": {"occ": {"5": 2012.0, "17": 2013.0, "50": 2021.0, "83": 2025.0, "95": 2025.0499999999993}, "chrnc": {"5": 2032.0, "17": 2035.0, "50": 2042.0, "83": 2050.0, "95": 2059.0}, "delta": {"5": 10.0, "17": 14.0, "50": 22.0, "83": 31.0, "95": 38.0}}}