{"int_low": {"occ": {"5": 2017.0, "17": 2022.0, "50": 2028.0, "83": 2035.0, "95": 2038.0}, "chrnc": {"5": 2061.0, "17": 2065.0, "50": 2071.0, "83": 2077.0, "95": 2085.0}, "delta": {"5": 29.0, "17": 34.830000000000155, "50": 43.0, "83": 52.0, "95": 59.0}}, "int": {"occ": {"5": 2012.0, "17": 2014.0, "50": 2018.0, "83": 2023.0, "95": 2027.0}, "chrnc": {"5": 2041.0, "17": 2043.0, "50": 2047.0, "83": 2050.0, "95": 2051.0}, "delta": {"5": 18.0, "17": 22.0, "50": 29.0, "83": 34.0, "95": 37.0}}, "int_high": {"occ": {"5": 2010.0, "17": 2010.0, "50": 2015.0, "83": 2018.0, "95": 2021.0}, "chrnc": {"5": 2033.0, "17": 2035.0, "50": 2037.0, "83": 2039.0, "95": 2040.0}, "delta": {"5": 15.950000000000045, "17": 18.830000000000155, "50": 22.0, "83": 26.0, "95": 28.0}}, "kopp": {"occ": {"5": 2014.0, "17": 2019.0, "50": 2027.0, "83": 2035.0, "95": 2042.0}, "chrnc": {"5": 2045.0, "17": 2051.0, "50": 2060.0, "83": 2073.0, "95": 2086.0}, "delta": {"5": 20.0, "17": 25.0, "50": 34.0, "83": 45.0, "95": 54.0}}}