{"int_low": {"occ": {"5": 2010.0, "17": 2013.0, "50": 2016.0, "83": 2025.0, "95": 2030.0499999999993}, "chrnc": {"5": 2025.0, "17": 2030.0, "50": 2039.0, "83": 2048.0, "95": 2056.0}, "delta": {"5": 7.0, "17": 11.0, "50": 20.0, "83": 31.0, "95": 38.04999999999927}}, "int": {"occ": {"5": 2010.0, "17": 2010.0, "50": 2013.0, "83": 2020.0, "95": 2025.0}, "chrnc": {"5": 2019.0, "17": 2022.0, "50": 2027.0, "83": 2032.0, "95": 2039.0}, "delta": {"5": 4.0, "17": 7.0, "50": 12.0, "83": 18.0, "95": 23.049999999999272}}, "int_high": {"occ": {"5": 2010.0, "17": 2010.0, "50": 2012.0, "83": 2015.0, "95": 2023.0}, "chrnc": {"5": 2017.0, "17": 2018.0, "50": 2021.0, "83": 2026.0, "95": 2029.0}, "delta": {"5": 3.0, "17": 5.0, "50": 8.0, "83": 13.0, "95": 16.0}}, "kopp": {"occ": {"5": 2010.0, "17": 2013.0, "50": 2017.0, "83": 2025.0, "95": 2031.0}, "chrnc": {"5": 2026.0, "17": 2032.0, "50": 2040.0, "83": 2050.0, "95": 2059.0}, "delta": {"5": 8.0, "17": 12.0, "50": 21.0, "83": 32.0, "95": 41.0}}}