{"int_low": {"occ": {"5": 2038.0, "17": 2043.0, "50": 2056.0, "83": 2069.0, "95": 2074.0}, "chrnc": {"5": 2096.0, "17": 2097.73, "50": 2099.0, "83": 2100.0, "95": 2100.0}, "delta": {"5": 26.0, "17": 30.0, "50": 44.0, "83": 57.0, "95": 62.0}}, "int": {"occ": {"5": 2024.0, "17": 2029.0, "50": 2040.0, "83": 2048.0, "95": 2052.0}, "chrnc": {"5": 2069.95, "17": 2074.0, "50": 2076.0, "83": 2081.0, "95": 2087.0}, "delta": {"5": 23.0, "17": 28.0, "50": 37.0, "83": 48.0, "95": 54.04999999999927}}, "int_high": {"occ": {"5": 2022.0, "17": 2025.0, "50": 2031.0, "83": 2036.0, "95": 2037.0499999999993}, "chrnc": {"5": 2055.0, "17": 2056.0, "50": 2058.0, "83": 2060.0, "95": 2064.0}, "delta": {"5": 20.0, "17": 22.0, "50": 27.0, "83": 33.17000000000007, "95": 37.0}}, "kopp": {"occ": {"5": 2026.0, "17": 2038.0, "50": 2047.0, "83": 2057.0, "95": 2071.0}, "chrnc": {"5": 2065.0, "17": 2076.0, "50": 2088.0, "83": 2097.0, "95": 2100.0}, "delta": {"5": 25.0, "17": 31.0, "50": 42.0, "83": 53.0, "95": 60.0}}}