{"int_low": {"occ": {"5": 2010.0, "17": 2010.0, "50": 2011.0, "83": 2018.0, "95": 2022.0499999999993}, "chrnc": {"5": 2055.0, "17": 2059.0, "50": 2066.0, "83": 2072.0, "95": 2075.0}, "delta": {"5": 36.0, "17": 46.0, "50": 53.0, "83": 61.0, "95": 64.0}}, "int": {"occ": {"5": 2010.0, "17": 2010.0, "50": 2011.0, "83": 2012.0, "95": 2019.0}, "chrnc": {"5": 2038.0, "17": 2040.0, "50": 2043.0, "83": 2048.0, "95": 2051.0499999999993}, "delta": {"5": 21.0, "17": 28.0, "50": 32.0, "83": 37.0, "95": 41.0}}, "int_high": {"occ": {"5": 2010.0, "17": 2010.0, "50": 2011.0, "83": 2012.0, "95": 2019.0}, "chrnc": {"5": 2026.0, "17": 2029.0, "50": 2035.0, "83": 2038.0, "95": 2039.0}, "delta": {"5": 14.0, "17": 16.0, "50": 24.0, "83": 27.0, "95": 29.0}}, "kopp": {"occ": {"5": 2010.0, "17": 2010.0, "50": 2011.0, "83": 2019.0, "95": 2025.0}, "chrnc": {"5": 2040.0, "17": 2043.0, "50": 2053.0, "83": 2064.0, "95": 2074.0}, "delta": {"5": 24.0, "17": 30.0, "50": 39.0, "83": 50.0, "95": 61.0}}}