{"int_low": {"occ": {"5": 2010.0, "17": 2010.0, "50": 2010.0, "83": 2016.0, "95": 2019.0}, "chrnc": {"5": 2012.0, "17": 2013.8300000000002, "50": 2018.0, "83": 2021.0, "95": 2032.0}, "delta": {"5": -5.0, "17": 1.0, "50": 6.0, "83": 11.0, "95": 21.0}}, "int": {"occ": {"5": 2010.0, "17": 2010.0, "50": 2010.0, "83": 2013.0, "95": 2018.0}, "chrnc": {"5": 2011.0, "17": 2012.0, "50": 2014.0, "83": 2017.0, "95": 2020.0}, "delta": {"5": -4.0, "17": 1.0, "50": 3.0, "83": 6.0, "95": 9.0}}, "int_high": {"occ": {"5": 2010.0, "17": 2010.0, "50": 2010.0, "83": 2012.0, "95": 2017.0}, "chrnc": {"5": 2010.0, "17": 2010.0, "50": 2011.0, "83": 2016.0, "95": 2018.0499999999993}, "delta": {"5": -3.0, "17": 0.0, "50": 1.0, "83": 3.0, "95": 7.0}}, "kopp": {"occ": {"5": 2010.0, "17": 2010.0, "50": 2010.0, "83": 2016.0, "95": 2020.0}, "chrnc": {"5": 2011.0, "17": 2012.0, "50": 2016.0, "83": 2020.0, "95": 2029.0}, "delta": {"5": -6.0, "17": -1.0, "50": 4.0, "83": 9.0, "95": 15.0}}}