{"int_low": {"occ": {"5": 2010.0, "17": 2011.0, "50": 2017.0, "83": 2026.0, "95": 2034.0}, "chrnc": {"5": 2039.95, "17": 2048.0, "50": 2057.0, "83": 2068.0, "95": 2079.0}, "delta": {"5": 17.0, "17": 26.0, "50": 39.0, "83": 51.0, "95": 62.0}}, "int": {"occ": {"5": 2010.0, "17": 2012.0, "50": 2014.0, "83": 2018.0, "95": 2024.0499999999993}, "chrnc": {"5": 2029.0, "17": 2033.0, "50": 2039.0, "83": 2045.0, "95": 2049.0}, "delta": {"5": 12.0, "17": 17.0, "50": 24.0, "83": 31.0, "95": 35.0}}, "int_high": {"occ": {"5": 2010.0, "17": 2010.0, "50": 2013.0, "83": 2015.17, "95": 2022.0}, "chrnc": {"5": 2024.0, "17": 2026.0, "50": 2030.0, "83": 2035.0, "95": 2039.0499999999993}, "delta": {"5": 8.0, "17": 13.0, "50": 17.5, "83": 22.0, "95": 26.0}}, "kopp": {"occ": {"5": 2010.0, "17": 2013.0, "50": 2021.0, "83": 2032.0, "95": 2042.0}, "chrnc": {"5": 2039.0, "17": 2046.0, "50": 2055.0, "83": 2066.0, "95": 2076.0}, "delta": {"5": 13.0, "17": 21.0, "50": 34.0, "83": 45.0, "95": 54.0}}}