{"int_low": {"occ": {"5": 2012.0, "17": 2013.0, "50": 2015.0, "83": 2020.0, "95": 2025.0}, "chrnc": {"5": 2041.0, "17": 2044.0, "50": 2049.0, "83": 2054.0, "95": 2057.0}, "delta": {"5": 21.950000000000045, "17": 27.0, "50": 33.0, "83": 38.0, "95": 42.0}}, "int": {"occ": {"5": 2010.0, "17": 2012.0, "50": 2013.0, "83": 2019.0, "95": 2020.0}, "chrnc": {"5": 2028.0, "17": 2031.0, "50": 2035.0, "83": 2038.0, "95": 2040.0}, "delta": {"5": 11.950000000000045, "17": 16.0, "50": 21.0, "83": 25.0, "95": 27.0}}, "int_high": {"occ": {"5": 2010.0, "17": 2010.0, "50": 2011.0, "83": 2013.0, "95": 2018.0}, "chrnc": {"5": 2022.0, "17": 2025.0, "50": 2027.0, "83": 2030.0, "95": 2032.0}, "delta": {"5": 9.0, "17": 12.0, "50": 15.0, "83": 18.170000000000073, "95": 21.0}}, "kopp": {"occ": {"5": 2012.0, "17": 2013.0, "50": 2016.0, "83": 2021.0, "95": 2027.0}, "chrnc": {"5": 2035.0, "17": 2039.0, "50": 2045.0, "83": 2054.0, "95": 2062.0}, "delta": {"5": 17.0, "17": 22.0, "50": 28.0, "83": 37.0, "95": 44.0}}}