{"int_low": {"occ": {"5": 2012.0, "17": 2013.0, "50": 2021.0, "83": 2025.0, "95": 2025.0}, "chrnc": {"5": 2037.0, "17": 2042.0, "50": 2048.0, "83": 2054.0, "95": 2059.0499999999993}, "delta": {"5": 14.0, "17": 21.0, "50": 29.0, "83": 36.0, "95": 43.0}}, "int": {"occ": {"5": 2010.0, "17": 2012.0, "50": 2013.0, "83": 2020.0, "95": 2023.0}, "chrnc": {"5": 2028.0, "17": 2029.0, "50": 2031.0, "83": 2035.0, "95": 2040.0}, "delta": {"5": 7.0, "17": 12.0, "50": 18.0, "83": 22.0, "95": 27.0}}, "int_high": {"occ": {"5": 2010.0, "17": 2011.0, "50": 2013.0, "83": 2013.0, "95": 2017.0}, "chrnc": {"5": 2019.0, "17": 2021.0, "50": 2025.0, "83": 2027.0, "95": 2028.0}, "delta": {"5": 6.0, "17": 8.0, "50": 12.0, "83": 15.0, "95": 17.0}}, "kopp": {"occ": {"5": 2012.0, "17": 2013.0, "50": 2021.0, "83": 2025.0, "95": 2025.0499999999993}, "chrnc": {"5": 2037.0, "17": 2043.0, "50": 2049.0, "83": 2058.0, "95": 2065.0}, "delta": {"5": 16.0, "17": 22.0, "50": 30.0, "83": 38.0, "95": 46.0}}}