{"int_low": {"occ": {"5": 2019.0, "17": 2022.0, "50": 2027.0, "83": 2031.0, "95": 2034.0}, "chrnc": {"5": 2057.0, "17": 2061.0, "50": 2065.0, "83": 2069.0, "95": 2072.0499999999993}, "delta": {"5": 28.0, "17": 32.0, "50": 38.0, "83": 45.0, "95": 49.0}}, "int": {"occ": {"5": 2010.0, "17": 2011.0, "50": 2017.0, "83": 2020.0, "95": 2023.0499999999993}, "chrnc": {"5": 2038.0, "17": 2040.0, "50": 2043.0, "83": 2045.0, "95": 2048.0}, "delta": {"5": 18.0, "17": 22.0, "50": 26.0, "83": 31.0, "95": 35.0}}, "int_high": {"occ": {"5": 2010.0, "17": 2011.0, "50": 2013.0, "83": 2015.0, "95": 2017.0}, "chrnc": {"5": 2029.0, "17": 2030.0, "50": 2033.0, "83": 2035.0, "95": 2036.0}, "delta": {"5": 15.0, "17": 17.0, "50": 20.0, "83": 22.0, "95": 24.0}}, "kopp": {"occ": {"5": 2021.0, "17": 2025.0, "50": 2030.0, "83": 2036.0, "95": 2042.0}, "chrnc": {"5": 2049.0, "17": 2054.0, "50": 2062.0, "83": 2072.0, "95": 2081.0}, "delta": {"5": 20.0, "17": 24.0, "50": 31.0, "83": 40.0, "95": 48.0}}}