{"int_low": {"occ": {"5": 2032.0, "17": 2038.0, "50": 2048.0, "83": 2059.0, "95": 2066.0499999999993}, "chrnc": {"5": 2067.0, "17": 2074.0, "50": 2086.0, "83": 2095.0, "95": 2099.0}, "delta": {"5": 13.0, "17": 22.0, "50": 36.0, "83": 50.0, "95": 58.0}}, "int": {"occ": {"5": 2025.0, "17": 2029.0, "50": 2034.0, "83": 2041.0, "95": 2044.0}, "chrnc": {"5": 2046.0, "17": 2049.0, "50": 2054.0, "83": 2060.0, "95": 2063.0}, "delta": {"5": 8.0, "17": 12.0, "50": 20.0, "83": 27.0, "95": 33.0}}, "int_high": {"occ": {"5": 2020.0, "17": 2023.0, "50": 2027.0, "83": 2031.0, "95": 2034.0}, "chrnc": {"5": 2035.0, "17": 2038.0, "50": 2043.0, "83": 2047.0, "95": 2049.0}, "delta": {"5": 7.0, "17": 10.0, "50": 16.0, "83": 22.0, "95": 25.049999999999272}}, "kopp": {"occ": {"5": 2033.0, "17": 2039.0, "50": 2049.0, "83": 2060.0, "95": 2068.0}, "chrnc": {"5": 2057.0, "17": 2065.0, "50": 2076.0, "83": 2088.0, "95": 2096.0}, "delta": {"5": 10.0, "17": 16.0, "50": 26.0, "83": 38.0, "95": 48.0}}}