{"int_low": {"occ": {"5": 2010.0, "17": 2013.0, "50": 2015.0, "83": 2016.0, "95": 2021.0}, "chrnc": {"5": 2010.0, "17": 2011.8300000000002, "50": 2016.0, "83": 2022.0, "95": 2026.0}, "delta": {"5": -6.0, "17": -4.0, "50": 1.0, "83": 8.0, "95": 12.0}}, "int": {"occ": {"5": 2010.0, "17": 2011.8300000000002, "50": 2015.0, "83": 2015.0, "95": 2016.0}, "chrnc": {"5": 2010.0, "17": 2012.0, "50": 2014.0, "83": 2015.0, "95": 2017.0}, "delta": {"5": -3.0, "17": -2.0, "50": 0.0, "83": 1.0, "95": 4.0}}, "int_high": {"occ": {"5": 2010.0, "17": 2010.0, "50": 2014.0, "83": 2015.0, "95": 2015.0}, "chrnc": {"5": 2010.0, "17": 2010.0, "50": 2014.0, "83": 2015.0, "95": 2015.0}, "delta": {"5": 0.0, "17": 0.0, "50": 0.0, "83": 0.0, "95": 0.0}}, "kopp": {"occ": {"5": 2012.0, "17": 2014.0, "50": 2015.0, "83": 2018.0, "95": 2023.0}, "chrnc": {"5": 2010.0, "17": 2011.0, "50": 2020.0, "83": 2027.0, "95": 2032.0}, "delta": {"5": -7.0, "17": -4.0, "50": 4.0, "83": 11.0, "95": 17.0}}}