{"int_low": {"occ": {"5": 2012.0, "17": 2013.0, "50": 2021.0, "83": 2025.0, "95": 2025.0}, "chrnc": {"5": 2034.0, "17": 2038.0, "50": 2047.0, "83": 2051.0, "95": 2058.0}, "delta": {"5": 13.0, "17": 19.0, "50": 26.0, "83": 35.0, "95": 41.0}}, "int": {"occ": {"5": 2010.0, "17": 2012.0, "50": 2013.0, "83": 2020.0, "95": 2023.0}, "chrnc": {"5": 2027.0, "17": 2028.0, "50": 2031.0, "83": 2034.0, "95": 2040.0}, "delta": {"5": 6.9500000000000455, "17": 11.0, "50": 17.0, "83": 21.0, "95": 25.0}}, "int_high": {"occ": {"5": 2010.0, "17": 2011.0, "50": 2013.0, "83": 2013.0, "95": 2017.0}, "chrnc": {"5": 2019.0, "17": 2020.0, "50": 2024.0, "83": 2027.0, "95": 2027.0}, "delta": {"5": 5.0, "17": 7.0, "50": 11.0, "83": 14.0, "95": 16.0}}, "kopp": {"occ": {"5": 2012.0, "17": 2013.0, "50": 2021.0, "83": 2025.0, "95": 2025.0499999999993}, "chrnc": {"5": 2036.0, "17": 2041.0, "50": 2048.0, "83": 2057.0, "95": 2063.0}, "delta": {"5": 14.0, "17": 21.0, "50": 28.0, "83": 37.0, "95": 45.0}}}