{"int_low": {"occ": {"5": 2013.0, "17": 2013.0, "50": 2014.0, "83": 2034.0, "95": 2050.0}, "chrnc": {"5": 2011.0, "17": 2017.0, "50": 2032.0, "83": 2054.0, "95": 2071.0}, "delta": {"5": -21.049999999999955, "17": -7.0, "50": 13.5, "83": 36.0, "95": 44.04999999999927}}, "int": {"occ": {"5": 2013.0, "17": 2013.0, "50": 2013.0, "83": 2019.0, "95": 2033.0}, "chrnc": {"5": 2011.0, "17": 2012.0, "50": 2020.0, "83": 2034.0, "95": 2036.0}, "delta": {"5": -10.0, "17": -2.0, "50": 5.5, "83": 19.0, "95": 23.0}}, "int_high": {"occ": {"5": 2013.0, "17": 2013.0, "50": 2013.0, "83": 2016.0, "95": 2019.0}, "chrnc": {"5": 2011.0, "17": 2011.0, "50": 2015.0, "83": 2020.0, "95": 2032.0}, "delta": {"5": -5.0, "17": -2.0, "50": 2.0, "83": 7.0, "95": 19.0}}, "kopp": {"occ": {"5": 2013.0, "17": 2013.0, "50": 2013.0, "83": 2033.0, "95": 2037.0}, "chrnc": {"5": 2011.0, "17": 2014.0, "50": 2027.0, "83": 2040.0, "95": 2055.0}, "delta": {"5": -20.0, "17": -4.0, "50": 7.0, "83": 23.0, "95": 39.0}}}