{"int_low": {"occ": {"5": 2012.0, "17": 2013.0, "50": 2015.0, "83": 2018.0, "95": 2022.0}, "chrnc": {"5": 2010.0, "17": 2012.0, "50": 2021.0, "83": 2027.0, "95": 2032.0}, "delta": {"5": -5.0, "17": -3.1699999999998454, "50": 6.0, "83": 12.0, "95": 17.0}}, "int": {"occ": {"5": 2011.0, "17": 2013.0, "50": 2015.0, "83": 2015.0, "95": 2017.0}, "chrnc": {"5": 2010.0, "17": 2011.0, "50": 2013.0, "83": 2016.0, "95": 2020.0}, "delta": {"5": -5.0, "17": -4.0, "50": -1.0, "83": 3.0, "95": 6.0}}, "int_high": {"occ": {"5": 2010.0, "17": 2013.0, "50": 2014.0, "83": 2015.0, "95": 2015.0}, "chrnc": {"5": 2010.0, "17": 2012.8300000000002, "50": 2014.0, "83": 2015.0, "95": 2015.0}, "delta": {"5": -1.0, "17": 0.0, "50": 0.0, "83": 0.0, "95": 1.0}}, "kopp": {"occ": {"5": 2013.0, "17": 2014.0, "50": 2015.0, "83": 2019.0, "95": 2023.0}, "chrnc": {"5": 2011.0, "17": 2020.0, "50": 2026.0, "83": 2032.0, "95": 2038.0}, "delta": {"5": -5.0, "17": 4.0, "50": 10.0, "83": 17.0, "95": 22.0}}}