{"int_low": {"occ": {"5": 2015.0, "17": 2020.0, "50": 2028.0, "83": 2036.0, "95": 2042.0}, "chrnc": {"5": 2065.0, "17": 2075.0, "50": 2082.0, "83": 2090.0, "95": 2093.0}, "delta": {"5": 32.950000000000045, "17": 42.0, "50": 54.0, "83": 65.0, "95": 73.0}}, "int": {"occ": {"5": 2015.0, "17": 2017.0, "50": 2021.0, "83": 2029.0, "95": 2033.0}, "chrnc": {"5": 2044.0, "17": 2047.0, "50": 2052.0, "83": 2055.0, "95": 2057.0}, "delta": {"5": 16.0, "17": 22.0, "50": 30.0, "83": 36.0, "95": 39.04999999999927}}, "int_high": {"occ": {"5": 2013.0, "17": 2014.0, "50": 2017.0, "83": 2020.0, "95": 2024.0}, "chrnc": {"5": 2039.0, "17": 2040.0, "50": 2041.0, "83": 2043.0, "95": 2046.0}, "delta": {"5": 16.0, "17": 21.0, "50": 25.0, "83": 28.0, "95": 31.0}}, "kopp": {"occ": {"5": 2015.0, "17": 2018.0, "50": 2025.0, "83": 2034.0, "95": 2039.0}, "chrnc": {"5": 2047.0, "17": 2055.0, "50": 2063.0, "83": 2075.0, "95": 2089.0}, "delta": {"5": 21.0, "17": 27.0, "50": 37.0, "83": 49.0, "95": 60.0}}}