{"int_low": {"occ": {"5": 2010.0, "17": 2011.0, "50": 2012.0, "83": 2021.0, "95": 2023.0}, "chrnc": {"5": 2050.0, "17": 2053.0, "50": 2059.0, "83": 2065.0, "95": 2067.0}, "delta": {"5": 31.0, "17": 38.0, "50": 45.0, "83": 52.0, "95": 55.0}}, "int": {"occ": {"5": 2010.0, "17": 2010.0, "50": 2011.0, "83": 2012.0, "95": 2013.0}, "chrnc": {"5": 2035.0, "17": 2036.0, "50": 2041.0, "83": 2045.0, "95": 2047.0499999999993}, "delta": {"5": 23.0, "17": 25.0, "50": 30.0, "83": 33.0, "95": 37.0}}, "int_high": {"occ": {"5": 2010.0, "17": 2010.0, "50": 2010.0, "83": 2012.0, "95": 2012.0499999999993}, "chrnc": {"5": 2027.0, "17": 2029.0, "50": 2032.0, "83": 2034.0, "95": 2039.0}, "delta": {"5": 16.0, "17": 18.0, "50": 22.0, "83": 24.0, "95": 27.049999999999272}}, "kopp": {"occ": {"5": 2010.0, "17": 2011.0, "50": 2013.0, "83": 2022.0, "95": 2025.0}, "chrnc": {"5": 2042.0, "17": 2046.0, "50": 2053.0, "83": 2062.0, "95": 2069.0}, "delta": {"5": 25.0, "17": 30.0, "50": 38.0, "83": 47.0, "95": 54.0}}}