{"int_low": {"occ": {"5": 2013.0, "17": 2015.0, "50": 2015.0, "83": 2015.0, "95": 2018.0}, "chrnc": {"5": 2010.0, "17": 2011.0, "50": 2017.0, "83": 2026.0, "95": 2032.0}, "delta": {"5": -5.0, "17": -4.0, "50": 2.0, "83": 11.0, "95": 17.0}}, "int": {"occ": {"5": 2012.0, "17": 2015.0, "50": 2015.0, "83": 2015.0, "95": 2015.0499999999993}, "chrnc": {"5": 2010.0, "17": 2011.0, "50": 2015.0, "83": 2021.0, "95": 2025.0}, "delta": {"5": -5.0, "17": -4.0, "50": 1.0, "83": 6.0, "95": 10.0}}, "int_high": {"occ": {"5": 2011.0, "17": 2015.0, "50": 2015.0, "83": 2015.0, "95": 2015.0}, "chrnc": {"5": 2010.0, "17": 2012.0, "50": 2014.0, "83": 2018.0, "95": 2022.0}, "delta": {"5": -5.0, "17": -2.0, "50": -1.0, "83": 3.0, "95": 7.0}}, "kopp": {"occ": {"5": 2013.0, "17": 2015.0, "50": 2015.0, "83": 2015.0, "95": 2017.0499999999993}, "chrnc": {"5": 2010.0, "17": 2011.0, "50": 2017.0, "83": 2026.0, "95": 2033.0}, "delta": {"5": -5.0, "17": -4.0, "50": 2.0, "83": 11.0, "95": 17.0}}}