{"int_low": {"occ": {"5": 2010.0, "17": 2011.0, "50": 2011.0, "83": 2012.0, "95": 2014.0}, "chrnc": {"5": 2012.95, "17": 2014.0, "50": 2020.0, "83": 2026.0, "95": 2030.0499999999993}, "delta": {"5": -1.0, "17": 3.0, "50": 8.0, "83": 15.0, "95": 19.0}}, "int": {"occ": {"5": 2010.0, "17": 2010.0, "50": 2011.0, "83": 2012.0, "95": 2013.0}, "chrnc": {"5": 2010.0, "17": 2012.0, "50": 2014.0, "83": 2021.0, "95": 2026.0}, "delta": {"5": -1.0, "17": 1.0, "50": 3.0, "83": 10.0, "95": 15.0}}, "int_high": {"occ": {"5": 2010.0, "17": 2010.0, "50": 2011.0, "83": 2012.0, "95": 2013.0}, "chrnc": {"5": 2010.0, "17": 2010.0, "50": 2013.0, "83": 2014.0, "95": 2018.0499999999993}, "delta": {"5": -1.0499999999999545, "17": -1.0, "50": 2.0, "83": 3.0, "95": 7.0}}, "kopp": {"occ": {"5": 2010.0, "17": 2011.0, "50": 2011.0, "83": 2012.0, "95": 2014.0}, "chrnc": {"5": 2013.0, "17": 2014.0, "50": 2020.0, "83": 2026.0, "95": 2030.0}, "delta": {"5": -1.0, "17": 3.0, "50": 8.0, "83": 14.0, "95": 19.0}}}