{"int_low": {"occ": {"5": 2047.0, "17": 2052.0, "50": 2057.0, "83": 2063.0, "95": 2068.0499999999993}, "chrnc": {"5": 2071.0, "17": 2076.0, "50": 2082.0, "83": 2087.0, "95": 2091.0}, "delta": {"5": 11.0, "17": 16.0, "50": 24.0, "83": 31.0, "95": 37.0}}, "int": {"occ": {"5": 2038.0, "17": 2041.0, "50": 2044.0, "83": 2047.0, "95": 2050.0}, "chrnc": {"5": 2053.0, "17": 2055.0, "50": 2058.0, "83": 2062.0, "95": 2064.0}, "delta": {"5": 7.0, "17": 10.0, "50": 14.0, "83": 19.0, "95": 23.0}}, "int_high": {"occ": {"5": 2032.0, "17": 2035.0, "50": 2038.0, "83": 2040.0, "95": 2042.0}, "chrnc": {"5": 2045.0, "17": 2046.8300000000002, "50": 2049.0, "83": 2051.0, "95": 2053.0}, "delta": {"5": 5.0, "17": 8.0, "50": 11.0, "83": 15.0, "95": 18.0}}, "kopp": {"occ": {"5": 2042.0, "17": 2046.0, "50": 2052.0, "83": 2059.0, "95": 2065.0499999999993}, "chrnc": {"5": 2057.0, "17": 2062.0, "50": 2069.0, "83": 2078.0, "95": 2087.0}, "delta": {"5": 8.0, "17": 11.0, "50": 17.0, "83": 23.0, "95": 29.0}}}