{"int_low": {"occ": {"5": 2020.0, "17": 2023.0, "50": 2028.0, "83": 2035.0, "95": 2037.0}, "chrnc": {"5": 2045.0, "17": 2050.0, "50": 2057.0, "83": 2063.0, "95": 2069.0}, "delta": {"5": 14.0, "17": 20.0, "50": 28.0, "83": 36.0, "95": 42.0}}, "int": {"occ": {"5": 2011.0, "17": 2018.0, "50": 2021.0, "83": 2024.0, "95": 2028.0}, "chrnc": {"5": 2033.0, "17": 2036.8300000000002, "50": 2039.0, "83": 2042.0, "95": 2044.0}, "delta": {"5": 9.0, "17": 13.0, "50": 18.0, "83": 22.0, "95": 27.0}}, "int_high": {"occ": {"5": 2011.0, "17": 2011.0, "50": 2017.0, "83": 2019.0, "95": 2020.0}, "chrnc": {"5": 2024.0, "17": 2027.0, "50": 2030.0, "83": 2034.0, "95": 2036.0}, "delta": {"5": 7.0, "17": 10.0, "50": 14.0, "83": 19.0, "95": 23.0}}, "kopp": {"occ": {"5": 2022.0, "17": 2025.0, "50": 2031.0, "83": 2037.0, "95": 2041.0499999999993}, "chrnc": {"5": 2043.0, "17": 2048.0, "50": 2055.0, "83": 2063.0, "95": 2070.0}, "delta": {"5": 12.0, "17": 17.0, "50": 24.0, "83": 32.0, "95": 39.0}}}