{"int_low": {"occ": {"5": 2010.0, "17": 2011.0, "50": 2011.0, "83": 2012.0, "95": 2014.0}, "chrnc": {"5": 2010.0, "17": 2010.0, "50": 2012.0, "83": 2014.0, "95": 2015.0499999999993}, "delta": {"5": -2.0499999999999545, "17": -1.0, "50": 1.0, "83": 3.0, "95": 4.0}}, "int": {"occ": {"5": 2010.0, "17": 2011.0, "50": 2011.0, "83": 2012.0, "95": 2014.0}, "chrnc": {"5": 2010.0, "17": 2010.0, "50": 2012.0, "83": 2014.0, "95": 2014.0}, "delta": {"5": -2.0, "17": -1.0, "50": 0.0, "83": 3.0, "95": 3.0}}, "int_high": {"occ": {"5": 2010.0, "17": 2011.0, "50": 2011.0, "83": 2012.0, "95": 2014.0}, "chrnc": {"5": 2010.0, "17": 2010.0, "50": 2011.0, "83": 2012.0, "95": 2014.0}, "delta": {"5": -1.0, "17": 0.0, "50": 0.0, "83": 0.0, "95": 2.0}}, "kopp": {"occ": {"5": 2010.0, "17": 2011.0, "50": 2011.0, "83": 2012.0, "95": 2014.0}, "chrnc": {"5": 2010.0, "17": 2010.0, "50": 2012.0, "83": 2014.0, "95": 2018.0}, "delta": {"5": -2.0, "17": -1.0, "50": 1.0, "83": 3.0, "95": 7.0}}}