{"int_low": {"occ": {"5": 2038.0, "17": 2041.0, "50": 2046.0, "83": 2051.0, "95": 2054.0499999999993}, "chrnc": {"5": 2061.0, "17": 2065.0, "50": 2073.0, "83": 2078.0, "95": 2087.0}, "delta": {"5": 12.950000000000045, "17": 18.0, "50": 26.0, "83": 35.0, "95": 42.0}}, "int": {"occ": {"5": 2026.0, "17": 2029.0, "50": 2034.0, "83": 2037.0, "95": 2038.0}, "chrnc": {"5": 2044.0, "17": 2047.0, "50": 2052.0, "83": 2055.0, "95": 2056.0}, "delta": {"5": 9.0, "17": 13.0, "50": 18.0, "83": 22.170000000000073, "95": 27.0}}, "int_high": {"occ": {"5": 2022.0, "17": 2024.0, "50": 2027.0, "83": 2030.0, "95": 2033.0}, "chrnc": {"5": 2038.0, "17": 2039.0, "50": 2041.0, "83": 2042.0, "95": 2045.0}, "delta": {"5": 8.0, "17": 10.0, "50": 14.0, "83": 17.0, "95": 20.0}}, "kopp": {"occ": {"5": 2034.0, "17": 2038.0, "50": 2042.0, "83": 2050.0, "95": 2055.0}, "chrnc": {"5": 2050.0, "17": 2056.0, "50": 2062.0, "83": 2072.0, "95": 2080.0}, "delta": {"5": 10.0, "17": 14.0, "50": 20.0, "83": 27.0, "95": 33.0}}}