{"int_low": {"occ": {"5": 2027.95, "17": 2035.0, "50": 2040.0, "83": 2047.17, "95": 2051.0}, "chrnc": {"5": 2073.0, "17": 2076.0, "50": 2083.0, "83": 2089.0, "95": 2093.0}, "delta": {"5": 27.950000000000045, "17": 33.830000000000155, "50": 43.0, "83": 51.0, "95": 57.04999999999927}}, "int": {"occ": {"5": 2020.0, "17": 2023.0, "50": 2027.0, "83": 2032.0, "95": 2035.0}, "chrnc": {"5": 2046.0, "17": 2049.0, "50": 2052.0, "83": 2054.0, "95": 2056.0}, "delta": {"5": 15.0, "17": 19.0, "50": 24.0, "83": 29.0, "95": 33.0}}, "int_high": {"occ": {"5": 2013.0, "17": 2017.0, "50": 2020.0, "83": 2024.0, "95": 2027.0}, "chrnc": {"5": 2037.0, "17": 2039.0, "50": 2041.0, "83": 2043.0, "95": 2044.0}, "delta": {"5": 13.0, "17": 16.0, "50": 20.0, "83": 25.0, "95": 28.0}}, "kopp": {"occ": {"5": 2024.0, "17": 2029.0, "50": 2037.0, "83": 2046.0, "95": 2054.0}, "chrnc": {"5": 2050.0, "17": 2057.0, "50": 2066.0, "83": 2080.0, "95": 2092.0}, "delta": {"5": 17.0, "17": 22.0, "50": 30.0, "83": 39.0, "95": 48.0}}}