{"int_low": {"occ": {"5": 2019.0, "17": 2023.0, "50": 2029.0, "83": 2035.0, "95": 2039.0}, "chrnc": {"5": 2061.0, "17": 2065.0, "50": 2072.0, "83": 2078.0, "95": 2084.0499999999993}, "delta": {"5": 28.0, "17": 34.0, "50": 43.0, "83": 51.0, "95": 58.0}}, "int": {"occ": {"5": 2017.0, "17": 2018.0, "50": 2022.0, "83": 2025.0, "95": 2028.0}, "chrnc": {"5": 2042.0, "17": 2044.0, "50": 2047.0, "83": 2050.0, "95": 2052.0}, "delta": {"5": 17.0, "17": 20.0, "50": 25.0, "83": 30.0, "95": 33.0}}, "int_high": {"occ": {"5": 2011.0, "17": 2013.0, "50": 2016.0, "83": 2020.0, "95": 2022.0499999999993}, "chrnc": {"5": 2034.0, "17": 2035.0, "50": 2038.0, "83": 2040.0, "95": 2042.0}, "delta": {"5": 14.0, "17": 18.0, "50": 21.0, "83": 25.0, "95": 28.0}}, "kopp": {"occ": {"5": 2021.0, "17": 2025.0, "50": 2031.0, "83": 2038.0, "95": 2043.0}, "chrnc": {"5": 2052.0, "17": 2057.0, "50": 2065.0, "83": 2075.0, "95": 2085.0}, "delta": {"5": 20.0, "17": 26.0, "50": 34.0, "83": 43.0, "95": 52.0}}}