{"int_low": {"occ": {"5": 2042.0, "17": 2045.0, "50": 2057.0, "83": 2068.0, "95": 2072.0}, "chrnc": {"5": 2082.0, "17": 2093.0, "50": 2097.0, "83": 2099.0, "95": 2100.0}, "delta": {"5": 24.0, "17": 29.0, "50": 40.0, "83": 51.0, "95": 55.0}}, "int": {"occ": {"5": 2029.0, "17": 2037.0, "50": 2039.0, "83": 2041.0, "95": 2044.0}, "chrnc": {"5": 2056.0, "17": 2057.0, "50": 2059.0, "83": 2060.0, "95": 2063.0}, "delta": {"5": 14.950000000000045, "17": 18.0, "50": 20.0, "83": 23.0, "95": 30.049999999999272}}, "int_high": {"occ": {"5": 2024.0, "17": 2026.0, "50": 2030.0, "83": 2034.0, "95": 2036.0}, "chrnc": {"5": 2043.0, "17": 2044.0, "50": 2047.0, "83": 2051.0, "95": 2052.0}, "delta": {"5": 10.0, "17": 12.0, "50": 17.0, "83": 22.0, "95": 25.0}}, "kopp": {"occ": {"5": 2039.0, "17": 2041.0, "50": 2049.0, "83": 2059.0, "95": 2071.0}, "chrnc": {"5": 2058.0, "17": 2062.0, "50": 2075.0, "83": 2089.0, "95": 2097.0}, "delta": {"5": 14.0, "17": 18.0, "50": 25.0, "83": 34.0, "95": 40.0}}}