{"int_low": {"occ": {"5": 2024.0, "17": 2030.0, "50": 2046.0, "83": 2055.0, "95": 2065.0}, "chrnc": {"5": 2083.0, "17": 2093.0, "50": 2098.0, "83": 2100.0, "95": 2100.0}, "delta": {"5": 29.0, "17": 40.0, "50": 51.0, "83": 66.0, "95": 74.0}}, "int": {"occ": {"5": 2022.0, "17": 2024.0, "50": 2030.0, "83": 2036.17, "95": 2039.0}, "chrnc": {"5": 2057.0, "17": 2059.0, "50": 2062.0, "83": 2067.0, "95": 2071.0}, "delta": {"5": 21.0, "17": 25.0, "50": 33.0, "83": 40.0, "95": 44.0}}, "int_high": {"occ": {"5": 2015.0, "17": 2020.0, "50": 2025.0, "83": 2032.0, "95": 2035.0}, "chrnc": {"5": 2044.0, "17": 2045.0, "50": 2049.0, "83": 2052.0, "95": 2054.0}, "delta": {"5": 13.0, "17": 16.830000000000155, "50": 23.0, "83": 29.0, "95": 32.04999999999927}}, "kopp": {"occ": {"5": 2023.0, "17": 2027.0, "50": 2038.0, "83": 2051.0, "95": 2060.0}, "chrnc": {"5": 2057.0, "17": 2063.0, "50": 2076.0, "83": 2090.0, "95": 2098.0}, "delta": {"5": 21.0, "17": 27.0, "50": 37.0, "83": 50.0, "95": 59.0}}}