{"int_low": {"occ": {"5": 2023.0, "17": 2026.0, "50": 2034.0, "83": 2040.0, "95": 2050.0}, "chrnc": {"5": 2066.0, "17": 2074.0, "50": 2080.0, "83": 2089.0, "95": 2093.0}, "delta": {"5": 27.0, "17": 36.0, "50": 47.0, "83": 57.0, "95": 64.0}}, "int": {"occ": {"5": 2020.0, "17": 2022.0, "50": 2027.0, "83": 2033.0, "95": 2035.0}, "chrnc": {"5": 2047.0, "17": 2050.0, "50": 2055.0, "83": 2057.0, "95": 2058.0}, "delta": {"5": 17.0, "17": 21.0, "50": 27.0, "83": 32.0, "95": 36.0}}, "int_high": {"occ": {"5": 2015.0, "17": 2015.0, "50": 2021.0, "83": 2024.0, "95": 2029.0}, "chrnc": {"5": 2040.0, "17": 2041.0, "50": 2043.0, "83": 2045.0, "95": 2046.0499999999993}, "delta": {"5": 14.0, "17": 18.0, "50": 22.0, "83": 27.170000000000073, "95": 30.0}}, "kopp": {"occ": {"5": 2022.0, "17": 2025.0, "50": 2031.0, "83": 2038.0, "95": 2045.0}, "chrnc": {"5": 2049.0, "17": 2056.0, "50": 2063.0, "83": 2075.0, "95": 2086.0}, "delta": {"5": 19.0, "17": 24.0, "50": 33.0, "83": 42.0, "95": 51.0}}}