{"int_low": {"occ": {"5": 2010.0, "17": 2013.0, "50": 2015.0, "83": 2016.0, "95": 2021.0}, "chrnc": {"5": 2012.0, "17": 2018.0, "50": 2023.0, "83": 2028.0, "95": 2031.0}, "delta": {"5": -3.0, "17": 3.0, "50": 8.0, "83": 13.0, "95": 17.0}}, "int": {"occ": {"5": 2010.0, "17": 2011.8300000000002, "50": 2015.0, "83": 2015.0, "95": 2016.0}, "chrnc": {"5": 2010.0, "17": 2011.0, "50": 2013.5, "83": 2017.0, "95": 2020.0}, "delta": {"5": -5.0, "17": -4.0, "50": -1.0, "83": 4.0, "95": 7.0}}, "int_high": {"occ": {"5": 2010.0, "17": 2010.0, "50": 2014.0, "83": 2015.0, "95": 2015.0}, "chrnc": {"5": 2010.0, "17": 2011.0, "50": 2014.0, "83": 2015.0, "95": 2015.0499999999993}, "delta": {"5": -3.0, "17": 0.0, "50": 0.0, "83": 0.0, "95": 3.0}}, "kopp": {"occ": {"5": 2012.0, "17": 2014.0, "50": 2015.0, "83": 2018.0, "95": 2023.0}, "chrnc": {"5": 2018.0, "17": 2022.0, "50": 2027.0, "83": 2033.0, "95": 2039.0}, "delta": {"5": 2.0, "17": 6.0, "50": 11.0, "83": 17.0, "95": 23.0}}}