{"int_low": {"occ": {"5": 2010.0, "17": 2013.0, "50": 2016.0, "83": 2025.0, "95": 2031.0}, "chrnc": {"5": 2010.0, "17": 2012.0, "50": 2015.0, "83": 2022.0, "95": 2030.0499999999993}, "delta": {"5": -14.0, "17": -7.0, "50": 0.0, "83": 3.0, "95": 8.0}}, "int": {"occ": {"5": 2010.0, "17": 2010.0, "50": 2013.0, "83": 2020.0, "95": 2025.0}, "chrnc": {"5": 2010.0, "17": 2010.8300000000002, "50": 2013.0, "83": 2018.0, "95": 2025.0}, "delta": {"5": -1.0, "17": 0.0, "50": 0.0, "83": 0.0, "95": 1.0}}, "int_high": {"occ": {"5": 2010.0, "17": 2010.0, "50": 2012.0, "83": 2015.0, "95": 2023.0}, "chrnc": {"5": 2010.0, "17": 2010.0, "50": 2012.0, "83": 2015.0, "95": 2023.0}, "delta": {"5": 0.0, "17": 0.0, "50": 0.0, "83": 0.0, "95": 0.0}}, "kopp": {"occ": {"5": 2010.0, "17": 2013.0, "50": 2017.0, "83": 2025.0, "95": 2031.0}, "chrnc": {"5": 2010.0, "17": 2012.0, "50": 2015.0, "83": 2023.0, "95": 2032.0}, "delta": {"5": -15.0, "17": -8.0, "50": -1.0, "83": 5.0, "95": 12.0}}}