{"int_low": {"occ": {"5": 2010.0, "17": 2013.0, "50": 2015.0, "83": 2016.0, "95": 2021.0}, "chrnc": {"5": 2019.0, "17": 2022.0, "50": 2027.0, "83": 2031.0, "95": 2034.0}, "delta": {"5": 4.0, "17": 6.0, "50": 11.0, "83": 17.0, "95": 20.0}}, "int": {"occ": {"5": 2010.0, "17": 2011.8300000000002, "50": 2015.0, "83": 2015.0, "95": 2016.0}, "chrnc": {"5": 2010.0, "17": 2011.0, "50": 2017.0, "83": 2020.0, "95": 2023.0499999999993}, "delta": {"5": -5.0, "17": -3.0, "50": 3.0, "83": 7.0, "95": 11.0}}, "int_high": {"occ": {"5": 2010.0, "17": 2010.0, "50": 2014.0, "83": 2015.0, "95": 2015.0}, "chrnc": {"5": 2010.0, "17": 2011.0, "50": 2013.0, "83": 2015.0, "95": 2017.0}, "delta": {"5": -4.0, "17": -2.0, "50": -1.0, "83": 3.0, "95": 5.0}}, "kopp": {"occ": {"5": 2012.0, "17": 2014.0, "50": 2015.0, "83": 2018.0, "95": 2023.0}, "chrnc": {"5": 2021.0, "17": 2025.0, "50": 2030.0, "83": 2036.0, "95": 2042.0}, "delta": {"5": 5.0, "17": 9.0, "50": 15.0, "83": 21.0, "95": 26.0}}}