{"int_low": {"occ": {"5": 2055.0, "17": 2059.0, "50": 2067.0, "83": 2074.0, "95": 2078.0}, "chrnc": {"5": 2080.0, "17": 2085.0, "50": 2094.0, "83": 2099.0, "95": 2100.0}, "delta": {"5": 11.0, "17": 19.0, "50": 26.0, "83": 34.0, "95": 39.0}}, "int": {"occ": {"5": 2041.0, "17": 2043.0, "50": 2048.0, "83": 2053.0, "95": 2055.0499999999993}, "chrnc": {"5": 2057.0, "17": 2060.0, "50": 2064.0, "83": 2069.0, "95": 2072.0}, "delta": {"5": 7.0, "17": 10.0, "50": 16.0, "83": 21.0, "95": 25.049999999999272}}, "int_high": {"occ": {"5": 2036.0, "17": 2038.0, "50": 2040.0, "83": 2044.0, "95": 2047.0}, "chrnc": {"5": 2047.0, "17": 2050.0, "50": 2054.0, "83": 2057.0, "95": 2058.0}, "delta": {"5": 6.0, "17": 9.0, "50": 13.0, "83": 16.0, "95": 18.0}}, "kopp": {"occ": {"5": 2044.0, "17": 2051.0, "50": 2058.0, "83": 2068.0, "95": 2075.0}, "chrnc": {"5": 2060.0, "17": 2067.0, "50": 2077.0, "83": 2089.0, "95": 2096.0}, "delta": {"5": 8.0, "17": 12.0, "50": 19.0, "83": 26.0, "95": 32.0}}}