{"int_low": {"occ": {"5": 2043.95, "17": 2047.8300000000002, "50": 2053.0, "83": 2060.0, "95": 2063.0}, "chrnc": {"5": 2087.0, "17": 2090.0, "50": 2095.0, "83": 2099.0, "95": 2100.0}, "delta": {"5": 29.0, "17": 34.0, "50": 41.0, "83": 48.0, "95": 53.0}}, "int": {"occ": {"5": 2032.0, "17": 2034.0, "50": 2037.0, "83": 2041.0, "95": 2043.0}, "chrnc": {"5": 2055.0, "17": 2057.0, "50": 2060.0, "83": 2063.0, "95": 2065.0}, "delta": {"5": 14.950000000000045, "17": 18.0, "50": 23.0, "83": 27.0, "95": 30.0}}, "int_high": {"occ": {"5": 2025.0, "17": 2027.0, "50": 2029.0, "83": 2032.0, "95": 2033.0}, "chrnc": {"5": 2045.0, "17": 2046.0, "50": 2048.0, "83": 2050.0, "95": 2051.0}, "delta": {"5": 14.0, "17": 16.0, "50": 18.0, "83": 21.0, "95": 24.0}}, "kopp": {"occ": {"5": 2037.0, "17": 2042.0, "50": 2049.0, "83": 2058.0, "95": 2064.0}, "chrnc": {"5": 2061.0, "17": 2067.0, "50": 2076.0, "83": 2088.0, "95": 2096.0}, "delta": {"5": 17.0, "17": 21.0, "50": 27.0, "83": 35.0, "95": 40.0}}}