{"int_low": {"occ": {"5": 2011.95, "17": 2013.0, "50": 2013.0, "83": 2016.0, "95": 2027.0}, "chrnc": {"5": 2011.0, "17": 2011.0, "50": 2016.0, "83": 2029.0, "95": 2040.0}, "delta": {"5": -9.0, "17": -2.0, "50": 2.0, "83": 14.170000000000073, "95": 26.0}}, "int": {"occ": {"5": 2011.0, "17": 2013.0, "50": 2013.0, "83": 2014.0, "95": 2020.0}, "chrnc": {"5": 2010.0, "17": 2011.0, "50": 2013.0, "83": 2021.0, "95": 2028.0}, "delta": {"5": -4.0, "17": -2.0, "50": 0.0, "83": 7.0, "95": 14.0}}, "int_high": {"occ": {"5": 2010.0, "17": 2013.0, "50": 2013.0, "83": 2013.0, "95": 2019.0}, "chrnc": {"5": 2010.0, "17": 2011.0, "50": 2013.0, "83": 2019.0, "95": 2023.0}, "delta": {"5": -3.0, "17": -2.0, "50": 0.0, "83": 5.0, "95": 10.0}}, "kopp": {"occ": {"5": 2011.0, "17": 2013.0, "50": 2013.0, "83": 2015.0, "95": 2027.0}, "chrnc": {"5": 2010.0, "17": 2011.0, "50": 2015.0, "83": 2027.0, "95": 2037.0}, "delta": {"5": -7.0499999999999545, "17": -2.0, "50": 1.0, "83": 12.0, "95": 22.0}}}