{"int_low": {"occ": {"5": 2068.0, "17": 2073.0, "50": 2080.0, "83": 2087.0, "95": 2091.0}, "chrnc": {"5": 2093.8999999999996, "17": 2097.0, "50": 2099.0, "83": 2100.0, "95": 2100.0}, "delta": {"5": 10.450000000000003, "17": 16.0, "50": 24.0, "83": 30.0, "95": 32.549999999999955}}, "int": {"occ": {"5": 2046.0, "17": 2048.0, "50": 2052.0, "83": 2054.0, "95": 2056.0}, "chrnc": {"5": 2061.0, "17": 2063.0, "50": 2066.0, "83": 2069.0, "95": 2071.0}, "delta": {"5": 9.0, "17": 11.0, "50": 15.0, "83": 18.0, "95": 21.0}}, "int_high": {"occ": {"5": 2037.0, "17": 2039.0, "50": 2041.0, "83": 2043.0, "95": 2044.0}, "chrnc": {"5": 2049.95, "17": 2051.0, "50": 2053.0, "83": 2055.0, "95": 2056.0}, "delta": {"5": 8.0, "17": 10.0, "50": 13.0, "83": 15.0, "95": 16.0}}, "kopp": {"occ": {"5": 2057.0, "17": 2061.0, "50": 2070.0, "83": 2079.0, "95": 2089.0}, "chrnc": {"5": 2071.0, "17": 2077.0, "50": 2088.0, "83": 2096.0, "95": 2099.0}, "delta": {"5": 11.0, "17": 14.0, "50": 19.0, "83": 24.0, "95": 27.0}}}