{"int_low": {"occ": {"5": 2012.0, "17": 2012.0, "50": 2015.0, "83": 2023.0, "95": 2033.0}, "chrnc": {"5": 2039.0, "17": 2042.0, "50": 2049.0, "83": 2055.0, "95": 2061.0499999999993}, "delta": {"5": 14.0, "17": 24.0, "50": 32.0, "83": 40.0, "95": 45.04999999999927}}, "int": {"occ": {"5": 2010.0, "17": 2011.0, "50": 2014.0, "83": 2015.0, "95": 2019.0}, "chrnc": {"5": 2024.0, "17": 2027.0, "50": 2036.0, "83": 2038.0, "95": 2041.0}, "delta": {"5": 9.0, "17": 13.0, "50": 21.0, "83": 26.0, "95": 29.0}}, "int_high": {"occ": {"5": 2010.0, "17": 2010.0, "50": 2011.0, "83": 2014.0, "95": 2015.0}, "chrnc": {"5": 2021.0, "17": 2023.0, "50": 2028.0, "83": 2032.0, "95": 2034.0}, "delta": {"5": 8.0, "17": 12.0, "50": 16.0, "83": 21.0, "95": 23.049999999999272}}, "kopp": {"occ": {"5": 2011.0, "17": 2012.0, "50": 2015.0, "83": 2025.0, "95": 2033.0}, "chrnc": {"5": 2035.0, "17": 2039.0, "50": 2046.0, "83": 2054.0, "95": 2064.0}, "delta": {"5": 12.0, "17": 20.0, "50": 28.0, "83": 37.0, "95": 44.0}}}