{"int_low": {"occ": {"5": 2031.0, "17": 2037.0, "50": 2040.0, "83": 2043.0, "95": 2048.0}, "chrnc": {"5": 2060.0, "17": 2063.0, "50": 2069.0, "83": 2074.0, "95": 2078.0}, "delta": {"5": 19.0, "17": 23.0, "50": 29.0, "83": 34.0, "95": 41.0}}, "int": {"occ": {"5": 2022.0, "17": 2025.0, "50": 2028.0, "83": 2032.0, "95": 2035.0}, "chrnc": {"5": 2041.0, "17": 2044.0, "50": 2047.0, "83": 2050.0, "95": 2052.0}, "delta": {"5": 10.950000000000045, "17": 14.0, "50": 18.0, "83": 23.0, "95": 26.0}}, "int_high": {"occ": {"5": 2020.0, "17": 2021.0, "50": 2023.0, "83": 2025.0, "95": 2027.0}, "chrnc": {"5": 2036.0, "17": 2037.0, "50": 2039.0, "83": 2040.0, "95": 2042.0}, "delta": {"5": 11.950000000000045, "17": 14.0, "50": 16.0, "83": 18.0, "95": 20.0}}, "kopp": {"occ": {"5": 2028.0, "17": 2033.0, "50": 2038.0, "83": 2044.0, "95": 2051.0}, "chrnc": {"5": 2047.0, "17": 2053.0, "50": 2059.0, "83": 2070.0, "95": 2078.0}, "delta": {"5": 13.0, "17": 17.0, "50": 21.0, "83": 28.0, "95": 34.0}}}