{"int_low": {"occ": {"5": 2014.0, "17": 2015.0, "50": 2022.0, "83": 2032.0, "95": 2036.0}, "chrnc": {"5": 2060.0, "17": 2064.0, "50": 2073.0, "83": 2082.0, "95": 2089.0499999999993}, "delta": {"5": 32.0, "17": 39.0, "50": 50.0, "83": 61.0, "95": 69.0}}, "int": {"occ": {"5": 2012.0, "17": 2014.0, "50": 2016.0, "83": 2021.0, "95": 2025.0999999999985}, "chrnc": {"5": 2043.0, "17": 2045.0, "50": 2050.0, "83": 2054.0, "95": 2056.0}, "delta": {"5": 22.0, "17": 27.0, "50": 33.0, "83": 38.0, "95": 41.0}}, "int_high": {"occ": {"5": 2010.0, "17": 2012.0, "50": 2016.0, "83": 2019.0, "95": 2022.0}, "chrnc": {"5": 2037.0, "17": 2039.0, "50": 2041.0, "83": 2043.0, "95": 2046.0}, "delta": {"5": 18.0, "17": 22.0, "50": 26.0, "83": 30.0, "95": 32.0}}, "kopp": {"occ": {"5": 2014.0, "17": 2015.0, "50": 2020.0, "83": 2029.0, "95": 2035.0}, "chrnc": {"5": 2044.0, "17": 2050.0, "50": 2060.0, "83": 2072.0, "95": 2086.0}, "delta": {"5": 23.0, "17": 30.0, "50": 39.0, "83": 51.0, "95": 62.0}}}