{"int_low": {"occ": {"5": 2019.0, "17": 2022.0, "50": 2030.0, "83": 2040.0, "95": 2046.0}, "chrnc": {"5": 2047.0, "17": 2055.0, "50": 2066.0, "83": 2077.0, "95": 2085.0}, "delta": {"5": 13.0, "17": 21.0, "50": 35.0, "83": 49.0, "95": 58.0}}, "int": {"occ": {"5": 2011.0, "17": 2015.0, "50": 2019.0, "83": 2025.0, "95": 2030.0}, "chrnc": {"5": 2033.0, "17": 2037.0, "50": 2044.0, "83": 2049.0, "95": 2053.0}, "delta": {"5": 9.0, "17": 15.830000000000155, "50": 23.0, "83": 31.0, "95": 37.0}}, "int_high": {"occ": {"5": 2010.0, "17": 2011.0, "50": 2014.0, "83": 2017.0, "95": 2022.0}, "chrnc": {"5": 2027.0, "17": 2030.0, "50": 2034.0, "83": 2039.0, "95": 2043.0}, "delta": {"5": 11.0, "17": 15.0, "50": 20.0, "83": 25.0, "95": 29.049999999999272}}, "kopp": {"occ": {"5": 2020.0, "17": 2024.0, "50": 2032.0, "83": 2042.0, "95": 2049.0}, "chrnc": {"5": 2046.0, "17": 2052.0, "50": 2062.0, "83": 2073.0, "95": 2084.0}, "delta": {"5": 11.0, "17": 17.0, "50": 29.0, "83": 41.0, "95": 51.0}}}