{"int_low": {"occ": {"5": 2010.0, "17": 2010.0, "50": 2011.0, "83": 2012.0, "95": 2020.0499999999993}, "chrnc": {"5": 2033.0, "17": 2036.0, "50": 2042.0, "83": 2047.0, "95": 2050.0}, "delta": {"5": 21.0, "17": 25.0, "50": 31.0, "83": 36.0, "95": 39.0}}, "int": {"occ": {"5": 2010.0, "17": 2010.0, "50": 2010.0, "83": 2012.0, "95": 2013.0}, "chrnc": {"5": 2025.0, "17": 2027.0, "50": 2031.0, "83": 2034.0, "95": 2039.0}, "delta": {"5": 11.0, "17": 16.0, "50": 20.0, "83": 23.0, "95": 27.049999999999272}}, "int_high": {"occ": {"5": 2010.0, "17": 2010.0, "50": 2010.0, "83": 2012.0, "95": 2012.0}, "chrnc": {"5": 2016.0, "17": 2019.0, "50": 2024.0, "83": 2027.0, "95": 2030.0}, "delta": {"5": 5.0, "17": 8.0, "50": 13.0, "83": 17.0, "95": 19.0}}, "kopp": {"occ": {"5": 2010.0, "17": 2010.0, "50": 2011.0, "83": 2013.0, "95": 2023.0}, "chrnc": {"5": 2032.0, "17": 2035.0, "50": 2040.0, "83": 2048.0, "95": 2055.0}, "delta": {"5": 17.0, "17": 22.0, "50": 28.0, "83": 36.0, "95": 42.0}}}