{"int_low": {"occ": {"5": 2067.0, "17": 2071.0, "50": 2075.0, "83": 2080.0, "95": 2083.0}, "chrnc": {"5": 2091.35, "17": 2096.0, "50": 2099.0, "83": 2100.0, "95": 2100.0}, "delta": {"5": 12.900000000000002, "17": 19.0, "50": 21.0, "83": 27.0, "95": 32.099999999999966}}, "int": {"occ": {"5": 2045.0, "17": 2046.0, "50": 2049.0, "83": 2051.0, "95": 2053.0}, "chrnc": {"5": 2062.0, "17": 2064.0, "50": 2066.0, "83": 2068.0, "95": 2070.0}, "delta": {"5": 12.0, "17": 14.0, "50": 17.0, "83": 20.0, "95": 22.0}}, "int_high": {"occ": {"5": 2037.0, "17": 2038.0, "50": 2040.0, "83": 2041.0, "95": 2043.0}, "chrnc": {"5": 2050.0, "17": 2051.0, "50": 2052.0, "83": 2054.0, "95": 2055.0}, "delta": {"5": 9.0, "17": 10.0, "50": 13.0, "83": 15.0, "95": 17.0}}, "kopp": {"occ": {"5": 2054.0, "17": 2059.0, "50": 2067.0, "83": 2077.0, "95": 2085.0}, "chrnc": {"5": 2069.0, "17": 2076.0, "50": 2086.0, "83": 2095.0, "95": 2099.0}, "delta": {"5": 13.0, "17": 16.0, "50": 20.0, "83": 25.0, "95": 29.0}}}