{"int_low": {"occ": {"5": 2059.0, "17": 2061.0, "50": 2065.0, "83": 2071.0, "95": 2073.0}, "chrnc": {"5": 2077.0, "17": 2080.0, "50": 2085.0, "83": 2090.0, "95": 2092.0}, "delta": {"5": 8.0, "17": 13.0, "50": 19.0, "83": 25.0, "95": 30.0}}, "int": {"occ": {"5": 2041.0, "17": 2043.0, "50": 2045.0, "83": 2048.0, "95": 2050.0499999999993}, "chrnc": {"5": 2053.0, "17": 2054.0, "50": 2056.0, "83": 2057.0, "95": 2058.0}, "delta": {"5": 5.0, "17": 7.0, "50": 10.0, "83": 13.0, "95": 15.0}}, "int_high": {"occ": {"5": 2035.0, "17": 2036.0, "50": 2037.0, "83": 2039.0, "95": 2040.0}, "chrnc": {"5": 2041.0, "17": 2042.0, "50": 2043.0, "83": 2045.0, "95": 2046.0}, "delta": {"5": 3.0, "17": 4.0, "50": 6.0, "83": 8.0, "95": 10.0}}, "kopp": {"occ": {"5": 2041.0, "17": 2046.0, "50": 2055.0, "83": 2064.0, "95": 2075.0}, "chrnc": {"5": 2051.0, "17": 2057.0, "50": 2065.0, "83": 2078.0, "95": 2090.0}, "delta": {"5": 5.0, "17": 7.0, "50": 11.0, "83": 16.0, "95": 20.94999999999891}}}