{"int_low": {"occ": {"5": 2057.0, "17": 2061.83, "50": 2070.0, "83": 2081.0, "95": 2090.0}, "chrnc": {"5": 2100.0, "17": 2100.0, "50": 2100.0, "83": 2100.0, "95": 2100.0}, "delta": {"5": 21.0, "17": 21.0, "50": 33.0, "83": 41.0, "95": 41.0}}, "int": {"occ": {"5": 2040.0, "17": 2042.8300000000002, "50": 2047.0, "83": 2052.0, "95": 2055.0}, "chrnc": {"5": 2066.0, "17": 2070.0, "50": 2074.0, "83": 2076.0, "95": 2078.0}, "delta": {"5": 16.950000000000045, "17": 20.0, "50": 26.0, "83": 32.0, "95": 35.04999999999927}}, "int_high": {"occ": {"5": 2029.0, "17": 2034.0, "50": 2038.0, "83": 2040.0, "95": 2042.0}, "chrnc": {"5": 2053.0, "17": 2056.0, "50": 2057.0, "83": 2059.0, "95": 2060.0}, "delta": {"5": 14.0, "17": 16.0, "50": 19.0, "83": 24.0, "95": 29.0}}, "kopp": {"occ": {"5": 2040.0, "17": 2045.0, "50": 2056.0, "83": 2070.0, "95": 2084.0}, "chrnc": {"5": 2063.0, "17": 2073.0, "50": 2084.0, "83": 2096.0, "95": 2099.0}, "delta": {"5": 18.0, "17": 23.0, "50": 31.0, "83": 40.0, "95": 46.0}}}