{"int_low": {"occ": {"5": 2012.0, "17": 2015.0, "50": 2016.0, "83": 2023.0, "95": 2026.0}, "chrnc": {"5": 2054.95, "17": 2061.0, "50": 2069.0, "83": 2078.0, "95": 2083.0}, "delta": {"5": 34.0, "17": 41.0, "50": 51.0, "83": 61.0, "95": 66.04999999999927}}, "int": {"occ": {"5": 2012.0, "17": 2013.0, "50": 2015.0, "83": 2019.0, "95": 2023.0}, "chrnc": {"5": 2034.95, "17": 2037.0, "50": 2042.0, "83": 2045.0, "95": 2047.0}, "delta": {"5": 17.950000000000045, "17": 21.0, "50": 26.0, "83": 30.170000000000073, "95": 33.0}}, "int_high": {"occ": {"5": 2010.0, "17": 2012.0, "50": 2014.0, "83": 2016.0, "95": 2018.0}, "chrnc": {"5": 2028.0, "17": 2029.0, "50": 2031.0, "83": 2033.0, "95": 2035.0}, "delta": {"5": 11.950000000000045, "17": 14.0, "50": 17.0, "83": 20.0, "95": 22.0}}, "kopp": {"occ": {"5": 2012.0, "17": 2014.0, "50": 2017.0, "83": 2024.0, "95": 2027.0}, "chrnc": {"5": 2050.0, "17": 2055.0, "50": 2065.0, "83": 2077.0, "95": 2087.0}, "delta": {"5": 30.0, "17": 37.0, "50": 47.0, "83": 59.0, "95": 69.0}}}