{"int_low": {"occ": {"5": 2010.0, "17": 2020.0, "50": 2029.0, "83": 2039.0, "95": 2042.0}, "chrnc": {"5": 2072.0, "17": 2081.0, "50": 2088.0, "83": 2096.0, "95": 2098.0}, "delta": {"5": 40.950000000000045, "17": 47.830000000000155, "50": 59.0, "83": 69.0, "95": 78.0}}, "int": {"occ": {"5": 2011.0, "17": 2014.0, "50": 2018.0, "83": 2023.0, "95": 2026.0}, "chrnc": {"5": 2047.0, "17": 2049.0, "50": 2050.0, "83": 2053.0, "95": 2057.0}, "delta": {"5": 24.0, "17": 27.0, "50": 32.0, "83": 37.0, "95": 42.0}}, "int_high": {"occ": {"5": 2010.0, "17": 2011.0, "50": 2013.0, "83": 2015.0, "95": 2020.0499999999993}, "chrnc": {"5": 2036.0, "17": 2037.0, "50": 2040.0, "83": 2043.0, "95": 2044.0}, "delta": {"5": 19.0, "17": 24.0, "50": 27.0, "83": 30.0, "95": 32.0}}, "kopp": {"occ": {"5": 2022.0, "17": 2029.0, "50": 2034.0, "83": 2041.0, "95": 2045.0}, "chrnc": {"5": 2060.0, "17": 2066.0, "50": 2075.0, "83": 2087.0, "95": 2096.0}, "delta": {"5": 27.0, "17": 33.0, "50": 41.0, "83": 52.0, "95": 60.0}}}