{"int_low": {"occ": {"5": 2022.0, "17": 2028.0, "50": 2034.0, "83": 2040.0, "95": 2045.0}, "chrnc": {"5": 2056.0, "17": 2059.0, "50": 2064.0, "83": 2070.0, "95": 2075.0}, "delta": {"5": 18.0, "17": 23.0, "50": 31.0, "83": 38.0, "95": 44.04999999999927}}, "int": {"occ": {"5": 2015.0, "17": 2016.0, "50": 2024.0, "83": 2029.0, "95": 2033.0}, "chrnc": {"5": 2041.0, "17": 2043.0, "50": 2047.0, "83": 2050.0, "95": 2052.0}, "delta": {"5": 13.0, "17": 17.0, "50": 23.0, "83": 30.0, "95": 33.04999999999927}}, "int_high": {"occ": {"5": 2014.0, "17": 2015.0, "50": 2018.0, "83": 2023.0, "95": 2026.0}, "chrnc": {"5": 2033.0, "17": 2035.0, "50": 2037.0, "83": 2040.0, "95": 2041.0}, "delta": {"5": 11.0, "17": 14.0, "50": 19.0, "83": 23.0, "95": 25.0}}, "kopp": {"occ": {"5": 2023.0, "17": 2028.0, "50": 2034.0, "83": 2041.0, "95": 2048.0}, "chrnc": {"5": 2046.0, "17": 2052.0, "50": 2059.0, "83": 2068.0, "95": 2077.0}, "delta": {"5": 13.0, "17": 18.0, "50": 25.0, "83": 33.0, "95": 39.0}}}