{"int_low": {"occ": {"5": 2010.0, "17": 2010.0, "50": 2011.0, "83": 2013.0, "95": 2021.0499999999993}, "chrnc": {"5": 2015.0, "17": 2017.0, "50": 2026.0, "83": 2034.0, "95": 2038.0}, "delta": {"5": -3.0, "17": 6.0, "50": 14.0, "83": 22.170000000000073, "95": 27.0}}, "int": {"occ": {"5": 2010.0, "17": 2010.0, "50": 2010.0, "83": 2011.0, "95": 2017.0}, "chrnc": {"5": 2012.0, "17": 2014.0, "50": 2018.0, "83": 2023.0, "95": 2028.0}, "delta": {"5": 1.0, "17": 3.0, "50": 7.0, "83": 12.0, "95": 17.0}}, "int_high": {"occ": {"5": 2010.0, "17": 2010.0, "50": 2010.0, "83": 2011.0, "95": 2012.0}, "chrnc": {"5": 2012.0, "17": 2012.0, "50": 2014.0, "83": 2019.0, "95": 2021.0}, "delta": {"5": 1.0, "17": 2.0, "50": 3.0, "83": 8.0, "95": 11.0}}, "kopp": {"occ": {"5": 2010.0, "17": 2010.0, "50": 2011.0, "83": 2018.0, "95": 2024.0}, "chrnc": {"5": 2015.0, "17": 2017.0, "50": 2026.0, "83": 2035.0, "95": 2040.0}, "delta": {"5": -3.0, "17": 5.0, "50": 13.0, "83": 22.0, "95": 28.0}}}