{"int_low": {"occ": {"5": 2010.0, "17": 2011.0, "50": 2011.0, "83": 2016.0, "95": 2020.0499999999993}, "chrnc": {"5": 2043.0, "17": 2047.0, "50": 2053.0, "83": 2058.0, "95": 2064.0}, "delta": {"5": 27.0, "17": 33.0, "50": 40.0, "83": 46.0, "95": 51.04999999999927}}, "int": {"occ": {"5": 2010.0, "17": 2011.0, "50": 2013.0, "83": 2013.0, "95": 2019.0}, "chrnc": {"5": 2036.95, "17": 2039.0, "50": 2042.0, "83": 2045.0, "95": 2048.0}, "delta": {"5": 21.0, "17": 26.0, "50": 29.0, "83": 33.0, "95": 36.0}}, "int_high": {"occ": {"5": 2010.0, "17": 2011.0, "50": 2013.0, "83": 2013.0, "95": 2014.0}, "chrnc": {"5": 2029.0, "17": 2032.0, "50": 2036.0, "83": 2038.0, "95": 2040.0}, "delta": {"5": 16.0, "17": 19.0, "50": 23.0, "83": 26.0, "95": 28.0}}, "kopp": {"occ": {"5": 2010.0, "17": 2011.0, "50": 2013.0, "83": 2014.0, "95": 2020.0}, "chrnc": {"5": 2037.0, "17": 2041.0, "50": 2047.0, "83": 2055.0, "95": 2063.0}, "delta": {"5": 22.0, "17": 27.0, "50": 34.0, "83": 43.0, "95": 50.0}}}