{"int_low": {"occ": {"5": 2010.0, "17": 2010.0, "50": 2013.0, "83": 2014.0, "95": 2023.0}, "chrnc": {"5": 2018.0, "17": 2022.0, "50": 2030.0, "83": 2037.0, "95": 2049.0}, "delta": {"5": 2.0, "17": 7.830000000000155, "50": 16.0, "83": 25.0, "95": 32.0}}, "int": {"occ": {"5": 2010.0, "17": 2010.0, "50": 2012.0, "83": 2013.0, "95": 2019.0}, "chrnc": {"5": 2015.0, "17": 2015.0, "50": 2020.0, "83": 2030.0, "95": 2034.0}, "delta": {"5": 1.0, "17": 3.0, "50": 8.0, "83": 18.0, "95": 23.0}}, "int_high": {"occ": {"5": 2010.0, "17": 2010.0, "50": 2011.0, "83": 2013.0, "95": 2016.0999999999985}, "chrnc": {"5": 2014.0, "17": 2014.0, "50": 2017.0, "83": 2021.0, "95": 2024.0}, "delta": {"5": 1.0, "17": 1.0, "50": 5.0, "83": 9.0, "95": 13.0}}, "kopp": {"occ": {"5": 2010.0, "17": 2011.0, "50": 2013.0, "83": 2018.0, "95": 2021.0}, "chrnc": {"5": 2015.0, "17": 2018.0, "50": 2027.0, "83": 2035.0, "95": 2041.0}, "delta": {"5": 2.0, "17": 5.0, "50": 12.0, "83": 22.0, "95": 28.0}}}