{"int_low": {"occ": {"5": 2012.0, "17": 2014.0, "50": 2018.0, "83": 2024.17, "95": 2029.0}, "chrnc": {"5": 2039.95, "17": 2043.0, "50": 2049.0, "83": 2054.0, "95": 2058.0}, "delta": {"5": 17.0, "17": 22.830000000000155, "50": 30.0, "83": 36.0, "95": 41.0}}, "int": {"occ": {"5": 2010.0, "17": 2011.0, "50": 2013.0, "83": 2018.0, "95": 2021.0}, "chrnc": {"5": 2029.0, "17": 2033.0, "50": 2037.0, "83": 2040.0, "95": 2043.0}, "delta": {"5": 14.0, "17": 17.0, "50": 23.0, "83": 27.0, "95": 31.0}}, "int_high": {"occ": {"5": 2010.0, "17": 2010.0, "50": 2012.0, "83": 2013.0, "95": 2017.0}, "chrnc": {"5": 2024.0, "17": 2026.0, "50": 2029.0, "83": 2032.0, "95": 2035.0}, "delta": {"5": 11.0, "17": 14.0, "50": 18.0, "83": 21.0, "95": 23.049999999999272}}, "kopp": {"occ": {"5": 2012.0, "17": 2014.0, "50": 2019.0, "83": 2025.0, "95": 2031.0}, "chrnc": {"5": 2037.0, "17": 2040.0, "50": 2047.0, "83": 2054.0, "95": 2062.0}, "delta": {"5": 15.0, "17": 20.0, "50": 27.0, "83": 35.0, "95": 42.0}}}