{"int_low": {"occ": {"5": 2010.0, "17": 2010.0, "50": 2012.0, "83": 2024.0, "95": 2034.0499999999993}, "chrnc": {"5": 2028.0, "17": 2042.0, "50": 2050.0, "83": 2060.0, "95": 2071.0}, "delta": {"5": 9.0, "17": 20.0, "50": 35.0, "83": 47.0, "95": 57.04999999999927}}, "int": {"occ": {"5": 2010.0, "17": 2010.0, "50": 2011.0, "83": 2018.0, "95": 2021.0}, "chrnc": {"5": 2022.0, "17": 2026.0, "50": 2033.0, "83": 2039.0, "95": 2042.0}, "delta": {"5": 7.0, "17": 12.0, "50": 20.0, "83": 28.0, "95": 31.0}}, "int_high": {"occ": {"5": 2010.0, "17": 2010.0, "50": 2010.0, "83": 2013.0, "95": 2019.0}, "chrnc": {"5": 2020.0, "17": 2022.0, "50": 2028.0, "83": 2033.0, "95": 2036.0}, "delta": {"5": 7.0, "17": 11.0, "50": 17.0, "83": 22.0, "95": 25.0}}, "kopp": {"occ": {"5": 2010.0, "17": 2010.0, "50": 2012.0, "83": 2020.0, "95": 2033.0}, "chrnc": {"5": 2025.0, "17": 2030.0, "50": 2042.0, "83": 2054.0, "95": 2068.0}, "delta": {"5": 8.0, "17": 16.0, "50": 27.0, "83": 39.0, "95": 49.0}}}