{"int_low": {"occ": {"5": 2010.0, "17": 2013.0, "50": 2020.0, "83": 2026.0, "95": 2032.0499999999993}, "chrnc": {"5": 2020.0, "17": 2028.0, "50": 2036.0, "83": 2045.0, "95": 2050.0}, "delta": {"5": -3.0, "17": 6.0, "50": 16.0, "83": 26.0, "95": 34.0}}, "int": {"occ": {"5": 2010.0, "17": 2010.0, "50": 2014.0, "83": 2023.0, "95": 2026.0}, "chrnc": {"5": 2015.0, "17": 2017.0, "50": 2026.0, "83": 2033.0, "95": 2038.0}, "delta": {"5": -7.0, "17": 0.6600000000003092, "50": 9.0, "83": 19.0, "95": 25.0}}, "int_high": {"occ": {"5": 2010.0, "17": 2010.0, "50": 2010.0, "83": 2018.0, "95": 2023.0}, "chrnc": {"5": 2013.0, "17": 2015.0, "50": 2021.0, "83": 2027.0, "95": 2030.0}, "delta": {"5": -4.0, "17": 3.0, "50": 8.0, "83": 16.0, "95": 19.0}}, "kopp": {"occ": {"5": 2010.0, "17": 2012.0, "50": 2020.0, "83": 2025.0, "95": 2030.0}, "chrnc": {"5": 2017.0, "17": 2023.0, "50": 2032.0, "83": 2041.0, "95": 2048.0}, "delta": {"5": -5.0, "17": 4.0, "50": 13.0, "83": 23.0, "95": 31.0}}}