{"int_low": {"occ": {"5": 2040.0, "17": 2043.0, "50": 2049.0, "83": 2054.0, "95": 2058.0}, "chrnc": {"5": 2062.0, "17": 2066.0, "50": 2075.0, "83": 2084.0, "95": 2089.0}, "delta": {"5": 10.950000000000045, "17": 16.0, "50": 26.0, "83": 36.0, "95": 43.04999999999927}}, "int": {"occ": {"5": 2026.0, "17": 2030.0, "50": 2035.0, "83": 2038.0, "95": 2040.0}, "chrnc": {"5": 2043.0, "17": 2045.0, "50": 2049.0, "83": 2052.0, "95": 2054.0}, "delta": {"5": 6.0, "17": 9.0, "50": 14.0, "83": 20.0, "95": 25.0}}, "int_high": {"occ": {"5": 2022.0, "17": 2024.0, "50": 2027.0, "83": 2031.0, "95": 2033.0}, "chrnc": {"5": 2036.0, "17": 2037.0, "50": 2039.0, "83": 2040.0, "95": 2042.0}, "delta": {"5": 5.0, "17": 7.0, "50": 11.0, "83": 15.0, "95": 18.0}}, "kopp": {"occ": {"5": 2030.0, "17": 2037.0, "50": 2042.0, "83": 2051.0, "95": 2058.0}, "chrnc": {"5": 2045.0, "17": 2051.0, "50": 2059.0, "83": 2071.0, "95": 2082.0}, "delta": {"5": 7.0, "17": 11.0, "50": 17.0, "83": 24.0, "95": 32.0}}}