{"int_low": {"occ": {"5": 2010.0, "17": 2010.0, "50": 2011.0, "83": 2019.0, "95": 2021.0}, "chrnc": {"5": 2026.0, "17": 2041.0, "50": 2048.0, "83": 2055.0, "95": 2058.0}, "delta": {"5": 13.950000000000045, "17": 24.0, "50": 35.0, "83": 43.0, "95": 46.04999999999927}}, "int": {"occ": {"5": 2010.0, "17": 2010.0, "50": 2011.0, "83": 2012.17, "95": 2019.0}, "chrnc": {"5": 2022.0, "17": 2026.0, "50": 2033.0, "83": 2038.0, "95": 2039.0}, "delta": {"5": 9.0, "17": 14.0, "50": 20.0, "83": 27.0, "95": 29.0}}, "int_high": {"occ": {"5": 2010.0, "17": 2010.0, "50": 2011.0, "83": 2012.0, "95": 2019.0}, "chrnc": {"5": 2020.0, "17": 2022.0, "50": 2027.0, "83": 2032.0, "95": 2034.0}, "delta": {"5": 7.0, "17": 11.0, "50": 16.0, "83": 21.0, "95": 23.0}}, "kopp": {"occ": {"5": 2010.0, "17": 2010.0, "50": 2011.0, "83": 2019.0, "95": 2025.0}, "chrnc": {"5": 2026.0, "17": 2030.0, "50": 2041.0, "83": 2052.0, "95": 2059.0}, "delta": {"5": 10.0, "17": 16.0, "50": 28.0, "83": 38.0, "95": 45.0}}}