{"int_low": {"occ": {"5": 2060.0, "17": 2076.0, "50": 2083.0, "83": 2098.0, "95": 2100.0}, "chrnc": {"5": NaN, "17": NaN, "50": NaN, "83": NaN, "95": NaN}, "delta": {"5": NaN, "17": NaN, "50": NaN, "83": NaN, "95": NaN}}, "int": {"occ": {"5": 2040.0, "17": 2043.0, "50": 2048.0, "83": 2056.0, "95": 2059.0499999999993}, "chrnc": {"5": 2081.0, "17": 2084.0, "50": 2093.0, "83": 2095.0, "95": 2097.0}, "delta": {"5": 26.0, "17": 35.830000000000155, "50": 42.0, "83": 51.0, "95": 54.0}}, "int_high": {"occ": {"5": 2023.0, "17": 2027.0, "50": 2038.0, "83": 2041.0, "95": 2050.0499999999993}, "chrnc": {"5": 2061.0, "17": 2063.0, "50": 2067.0, "83": 2071.0, "95": 2072.0}, "delta": {"5": 16.0, "17": 23.0, "50": 29.0, "83": 38.0, "95": 45.0}}, "kopp": {"occ": {"5": 2041.0, "17": 2046.0, "50": 2065.0, "83": 2084.0, "95": 2095.0}, "chrnc": {"5": 2074.0, "17": 2082.0, "50": 2095.0, "83": 2099.0, "95": 2100.0}, "delta": {"5": 24.0, "17": 29.0, "50": 39.0, "83": 52.0, "95": 56.0}}}