{"int_low": {"occ": {"5": 2013.0, "17": 2013.0, "50": 2013.0, "83": 2013.0, "95": 2013.0}, "chrnc": {"5": 2022.0, "17": 2028.0, "50": 2037.0, "83": 2044.0, "95": 2050.0}, "delta": {"5": 8.950000000000045, "17": 15.0, "50": 24.0, "83": 31.0, "95": 37.0}}, "int": {"occ": {"5": 2012.0, "17": 2013.0, "50": 2013.0, "83": 2013.0, "95": 2013.0}, "chrnc": {"5": 2017.0, "17": 2017.0, "50": 2026.0, "83": 2032.0, "95": 2035.0}, "delta": {"5": 4.0, "17": 4.0, "50": 13.0, "83": 19.0, "95": 22.0}}, "int_high": {"occ": {"5": 2012.0, "17": 2013.0, "50": 2013.0, "83": 2013.0, "95": 2013.0}, "chrnc": {"5": 2016.0, "17": 2017.0, "50": 2022.0, "83": 2027.0, "95": 2031.0}, "delta": {"5": 3.0, "17": 5.0, "50": 9.0, "83": 14.0, "95": 18.0}}, "kopp": {"occ": {"5": 2012.0, "17": 2013.0, "50": 2013.0, "83": 2013.0, "95": 2013.0}, "chrnc": {"5": 2017.0, "17": 2021.0, "50": 2031.0, "83": 2040.0, "95": 2048.0499999999993}, "delta": {"5": 4.0, "17": 8.0, "50": 18.0, "83": 27.0, "95": 35.0}}}