{"int_low": {"occ": {"5": 2065.0, "17": 2070.0, "50": 2076.0, "83": 2082.0, "95": 2087.0}, "chrnc": {"5": 2093.0, "17": 2095.0, "50": 2098.0, "83": 2100.0, "95": 2100.0}, "delta": {"5": 11.0, "17": 16.0, "50": 22.0, "83": 28.0, "95": 32.0}}, "int": {"occ": {"5": 2044.0, "17": 2047.0, "50": 2050.0, "83": 2053.0, "95": 2054.0499999999993}, "chrnc": {"5": 2060.0, "17": 2062.0, "50": 2065.0, "83": 2068.0, "95": 2070.0}, "delta": {"5": 9.0, "17": 11.0, "50": 15.0, "83": 19.0, "95": 22.0}}, "int_high": {"occ": {"5": 2036.0, "17": 2038.0, "50": 2040.0, "83": 2042.0, "95": 2044.0}, "chrnc": {"5": 2048.0, "17": 2049.0, "50": 2051.0, "83": 2053.0, "95": 2054.0}, "delta": {"5": 6.0, "17": 8.830000000000155, "50": 11.0, "83": 14.0, "95": 16.0}}, "kopp": {"occ": {"5": 2046.0, "17": 2052.0, "50": 2061.0, "83": 2074.0, "95": 2088.0}, "chrnc": {"5": 2059.0, "17": 2066.0, "50": 2077.0, "83": 2091.0, "95": 2098.0}, "delta": {"5": 9.0, "17": 13.0, "50": 18.0, "83": 24.0, "95": 29.0}}}