{"int_low": {"occ": {"5": 2010.0, "17": 2010.0, "50": 2010.0, "83": 2011.0, "95": 2013.0}, "chrnc": {"5": 2014.0, "17": 2015.0, "50": 2020.0, "83": 2025.0, "95": 2029.0}, "delta": {"5": 2.0, "17": 4.830000000000155, "50": 10.0, "83": 15.0, "95": 19.0}}, "int": {"occ": {"5": 2010.0, "17": 2010.0, "50": 2010.0, "83": 2011.0, "95": 2012.0}, "chrnc": {"5": 2011.0, "17": 2012.0, "50": 2014.0, "83": 2021.0, "95": 2024.0}, "delta": {"5": 1.0, "17": 2.0, "50": 3.0, "83": 10.170000000000073, "95": 14.0}}, "int_high": {"occ": {"5": 2010.0, "17": 2010.0, "50": 2010.0, "83": 2011.0, "95": 2012.0}, "chrnc": {"5": 2010.0, "17": 2011.0, "50": 2012.0, "83": 2013.0, "95": 2014.0}, "delta": {"5": -1.0, "17": 1.0, "50": 2.0, "83": 3.0, "95": 4.0}}, "kopp": {"occ": {"5": 2010.0, "17": 2010.0, "50": 2010.0, "83": 2011.0, "95": 2021.0}, "chrnc": {"5": 2014.0, "17": 2015.0, "50": 2020.0, "83": 2026.0, "95": 2031.0}, "delta": {"5": 1.0, "17": 4.0, "50": 9.0, "83": 15.0, "95": 20.0}}}