{"int_low": {"occ": {"5": 2040.0, "17": 2044.0, "50": 2051.0, "83": 2056.0, "95": 2060.0}, "chrnc": {"5": 2065.0, "17": 2070.0, "50": 2075.0, "83": 2080.0, "95": 2084.0}, "delta": {"5": 11.950000000000045, "17": 17.0, "50": 25.0, "83": 33.0, "95": 38.0}}, "int": {"occ": {"5": 2033.0, "17": 2036.0, "50": 2040.0, "83": 2043.0, "95": 2046.0}, "chrnc": {"5": 2049.0, "17": 2052.0, "50": 2055.0, "83": 2058.0, "95": 2060.0}, "delta": {"5": 7.0, "17": 10.0, "50": 15.0, "83": 19.170000000000073, "95": 23.0}}, "int_high": {"occ": {"5": 2028.0, "17": 2030.8300000000002, "50": 2034.0, "83": 2037.0, "95": 2039.0}, "chrnc": {"5": 2041.0, "17": 2043.0, "50": 2046.0, "83": 2048.0, "95": 2050.0}, "delta": {"5": 6.0, "17": 8.0, "50": 12.0, "83": 16.0, "95": 20.0}}, "kopp": {"occ": {"5": 2037.0, "17": 2041.0, "50": 2047.0, "83": 2053.0, "95": 2059.0}, "chrnc": {"5": 2053.0, "17": 2058.0, "50": 2065.0, "83": 2074.0, "95": 2081.0}, "delta": {"5": 8.0, "17": 12.0, "50": 18.0, "83": 24.0, "95": 30.0}}}