{"int_low": {"occ": {"5": 2017.0, "17": 2021.0, "50": 2034.0, "83": 2049.0, "95": 2056.0}, "chrnc": {"5": 2092.0, "17": 2096.0, "50": 2098.0, "83": 2100.0, "95": 2100.0}, "delta": {"5": 40.0, "17": 48.860000000000014, "50": 63.0, "83": 73.20999999999998, "95": 81.0}}, "int": {"occ": {"5": 2015.0, "17": 2016.0, "50": 2024.0, "83": 2032.0, "95": 2036.0}, "chrnc": {"5": 2062.0, "17": 2065.0, "50": 2070.0, "83": 2073.0, "95": 2075.0}, "delta": {"5": 32.0, "17": 37.0, "50": 46.0, "83": 53.0, "95": 57.0}}, "int_high": {"occ": {"5": 2014.0, "17": 2014.0, "50": 2018.0, "83": 2024.0, "95": 2029.0}, "chrnc": {"5": 2048.0, "17": 2051.0, "50": 2053.0, "83": 2056.0, "95": 2058.0}, "delta": {"5": 23.0, "17": 28.0, "50": 35.0, "83": 40.0, "95": 42.0}}, "kopp": {"occ": {"5": 2016.0, "17": 2018.0, "50": 2029.0, "83": 2041.0, "95": 2052.0}, "chrnc": {"5": 2061.0, "17": 2069.0, "50": 2082.0, "83": 2094.0, "95": 2099.0}, "delta": {"5": 32.0, "17": 40.0, "50": 52.0, "83": 65.0, "95": 75.0}}}