{"int_low": {"occ": {"5": 2079.95, "17": 2083.0, "50": 2090.0, "83": 2095.0, "95": 2098.0}, "chrnc": {"5": 2096.0, "17": 2097.0, "50": 2099.0, "83": 2100.0, "95": 2100.0}, "delta": {"5": 2.0, "17": 5.0, "50": 10.0, "83": 17.0, "95": 19.0}}, "int": {"occ": {"5": 2054.0, "17": 2056.0, "50": 2058.0, "83": 2060.0, "95": 2062.0}, "chrnc": {"5": 2063.0, "17": 2065.0, "50": 2068.0, "83": 2071.0, "95": 2072.0}, "delta": {"5": 4.0, "17": 6.0, "50": 10.0, "83": 13.0, "95": 16.0}}, "int_high": {"occ": {"5": 2043.0, "17": 2044.0, "50": 2046.0, "83": 2049.0, "95": 2051.0}, "chrnc": {"5": 2052.0, "17": 2053.0, "50": 2055.0, "83": 2056.0, "95": 2057.0499999999993}, "delta": {"5": 3.0, "17": 5.830000000000155, "50": 8.0, "83": 11.0, "95": 13.0}}, "kopp": {"occ": {"5": 2055.0, "17": 2060.0, "50": 2070.0, "83": 2083.0, "95": 2093.0}, "chrnc": {"5": 2062.0, "17": 2070.0, "50": 2080.0, "83": 2094.0, "95": 2099.0}, "delta": {"5": 4.0, "17": 7.0, "50": 12.0, "83": 17.0, "95": 21.0}}}