{"int_low": {"occ": {"5": 2010.0, "17": 2010.0, "50": 2011.0, "83": 2019.0, "95": 2021.0}, "chrnc": {"5": 2011.0, "17": 2012.0, "50": 2016.0, "83": 2022.0, "95": 2033.0}, "delta": {"5": -7.0, "17": -2.0, "50": 3.0, "83": 10.0, "95": 22.0}}, "int": {"occ": {"5": 2010.0, "17": 2010.0, "50": 2011.0, "83": 2012.17, "95": 2019.0}, "chrnc": {"5": 2010.0, "17": 2010.0, "50": 2011.0, "83": 2013.0, "95": 2019.0}, "delta": {"5": -8.0, "17": -1.0, "50": 0.0, "83": 2.0, "95": 7.0}}, "int_high": {"occ": {"5": 2010.0, "17": 2010.0, "50": 2011.0, "83": 2012.0, "95": 2019.0}, "chrnc": {"5": 2010.0, "17": 2010.0, "50": 2011.0, "83": 2012.0, "95": 2018.0499999999993}, "delta": {"5": 0.0, "17": 0.0, "50": 0.0, "83": 0.0, "95": 0.049999999999272404}}, "kopp": {"occ": {"5": 2010.0, "17": 2010.0, "50": 2011.0, "83": 2019.0, "95": 2025.0}, "chrnc": {"5": 2010.0, "17": 2011.0, "50": 2013.0, "83": 2020.0, "95": 2032.0}, "delta": {"5": -9.0, "17": -5.0, "50": 1.0, "83": 8.0, "95": 17.0}}}