{"int_low": {"occ": {"5": 2049.95, "17": 2057.0, "50": 2064.0, "83": 2071.0, "95": 2074.0}, "chrnc": {"5": 2077.0, "17": 2080.0, "50": 2086.0, "83": 2092.17, "95": 2096.0}, "delta": {"5": 7.9500000000000455, "17": 14.0, "50": 23.0, "83": 32.0, "95": 39.0}}, "int": {"occ": {"5": 2038.0, "17": 2040.0, "50": 2044.0, "83": 2049.0, "95": 2051.0}, "chrnc": {"5": 2049.95, "17": 2053.0, "50": 2056.0, "83": 2058.0, "95": 2060.0}, "delta": {"5": 4.0, "17": 6.0, "50": 11.5, "83": 16.0, "95": 18.049999999999272}}, "int_high": {"occ": {"5": 2028.0, "17": 2032.0, "50": 2036.0, "83": 2038.0, "95": 2040.0}, "chrnc": {"5": 2040.0, "17": 2041.0, "50": 2043.0, "83": 2046.0, "95": 2048.0}, "delta": {"5": 3.0, "17": 5.0, "50": 8.0, "83": 12.0, "95": 16.0}}, "kopp": {"occ": {"5": 2040.0, "17": 2044.0, "50": 2053.0, "83": 2062.0, "95": 2071.0}, "chrnc": {"5": 2052.0, "17": 2057.0, "50": 2066.0, "83": 2078.0, "95": 2089.0}, "delta": {"5": 4.0, "17": 8.0, "50": 14.0, "83": 21.0, "95": 27.0}}}