{"int_low": {"occ": {"5": 2010.0, "17": 2010.0, "50": 2011.0, "83": 2012.0, "95": 2020.0499999999993}, "chrnc": {"5": 2016.0, "17": 2024.0, "50": 2030.0, "83": 2037.0, "95": 2041.0499999999993}, "delta": {"5": 5.0, "17": 9.0, "50": 19.0, "83": 26.0, "95": 30.0}}, "int": {"occ": {"5": 2010.0, "17": 2010.0, "50": 2010.0, "83": 2012.0, "95": 2013.0}, "chrnc": {"5": 2014.0, "17": 2015.0, "50": 2020.0, "83": 2026.0, "95": 2029.0}, "delta": {"5": 3.0, "17": 4.0, "50": 9.0, "83": 15.0, "95": 19.0}}, "int_high": {"occ": {"5": 2010.0, "17": 2010.0, "50": 2010.0, "83": 2012.0, "95": 2012.0}, "chrnc": {"5": 2014.0, "17": 2014.0, "50": 2017.0, "83": 2021.17, "95": 2023.0}, "delta": {"5": 2.0, "17": 4.0, "50": 7.0, "83": 11.0, "95": 13.0}}, "kopp": {"occ": {"5": 2010.0, "17": 2010.0, "50": 2011.0, "83": 2013.0, "95": 2023.0}, "chrnc": {"5": 2016.0, "17": 2024.0, "50": 2031.0, "83": 2039.0, "95": 2043.0}, "delta": {"5": 5.0, "17": 10.0, "50": 19.0, "83": 26.0, "95": 31.0}}}