{"int_low": {"occ": {"5": 2030.0, "17": 2034.0, "50": 2038.0, "83": 2042.0, "95": 2046.0}, "chrnc": {"5": 2074.0, "17": 2078.0, "50": 2083.0, "83": 2087.0, "95": 2090.0499999999993}, "delta": {"5": 34.0, "17": 39.0, "50": 45.0, "83": 51.17000000000007, "95": 56.0}}, "int": {"occ": {"5": 2023.95, "17": 2026.0, "50": 2028.0, "83": 2031.0, "95": 2033.0}, "chrnc": {"5": 2051.0, "17": 2052.0, "50": 2055.0, "83": 2057.0, "95": 2059.0}, "delta": {"5": 20.0, "17": 23.0, "50": 26.0, "83": 30.0, "95": 33.0}}, "int_high": {"occ": {"5": 2019.0, "17": 2021.0, "50": 2023.0, "83": 2025.0, "95": 2027.0}, "chrnc": {"5": 2041.0, "17": 2043.0, "50": 2044.0, "83": 2046.0, "95": 2048.0}, "delta": {"5": 16.0, "17": 18.0, "50": 21.0, "83": 24.0, "95": 26.0}}, "kopp": {"occ": {"5": 2030.0, "17": 2034.0, "50": 2039.0, "83": 2045.0, "95": 2050.0}, "chrnc": {"5": 2058.0, "17": 2064.0, "50": 2072.0, "83": 2082.0, "95": 2092.0}, "delta": {"5": 22.0, "17": 27.0, "50": 33.0, "83": 41.0, "95": 48.0}}}