{"int_low": {"occ": {"5": 2080.0, "17": 2098.0, "50": 2100.0, "83": 2100.0, "95": 2100.0}, "chrnc": {"5": NaN, "17": NaN, "50": NaN, "83": NaN, "95": NaN}, "delta": {"5": NaN, "17": NaN, "50": NaN, "83": NaN, "95": NaN}}, "int": {"occ": {"5": 2062.0, "17": 2073.0, "50": 2077.0, "83": 2086.0, "95": 2090.0}, "chrnc": {"5": 2096.0, "17": 2097.0, "50": 2099.0, "83": 2100.0, "95": 2100.0}, "delta": {"5": 9.0, "17": 14.0, "50": 23.0, "83": 32.0, "95": 37.0}}, "int_high": {"occ": {"5": 2047.0, "17": 2055.0, "50": 2058.0, "83": 2059.0, "95": 2063.0}, "chrnc": {"5": 2075.0, "17": 2076.0, "50": 2078.0, "83": 2080.0, "95": 2083.0}, "delta": {"5": 14.950000000000045, "17": 18.0, "50": 20.0, "83": 25.0, "95": 30.049999999999272}}, "kopp": {"occ": {"5": 2062.0, "17": 2076.0, "50": 2087.0, "83": 2098.0, "95": 2100.0}, "chrnc": {"5": 2076.0, "17": 2085.0, "50": 2096.0, "83": 2099.0, "95": 2100.0}, "delta": {"5": 12.0, "17": 19.0, "50": 24.0, "83": 32.0, "95": 36.0}}}