{"int_low": {"occ": {"5": 2010.0, "17": 2010.0, "50": 2011.0, "83": 2019.0, "95": 2021.0}, "chrnc": {"5": 2015.0, "17": 2022.0, "50": 2031.0, "83": 2040.0, "95": 2050.0499999999993}, "delta": {"5": 1.0, "17": 8.0, "50": 18.0, "83": 28.0, "95": 39.0}}, "int": {"occ": {"5": 2010.0, "17": 2010.0, "50": 2011.0, "83": 2012.17, "95": 2019.0}, "chrnc": {"5": 2015.0, "17": 2018.0, "50": 2025.0, "83": 2032.0, "95": 2035.0499999999993}, "delta": {"5": 3.0, "17": 6.0, "50": 13.0, "83": 21.0, "95": 25.0}}, "int_high": {"occ": {"5": 2010.0, "17": 2010.0, "50": 2011.0, "83": 2012.0, "95": 2019.0}, "chrnc": {"5": 2014.0, "17": 2014.0, "50": 2017.0, "83": 2021.0, "95": 2024.0}, "delta": {"5": -1.0, "17": 3.0, "50": 6.0, "83": 10.0, "95": 14.0}}, "kopp": {"occ": {"5": 2010.0, "17": 2010.0, "50": 2011.0, "83": 2019.0, "95": 2025.0}, "chrnc": {"5": 2015.0, "17": 2020.0, "50": 2029.0, "83": 2037.0, "95": 2048.0}, "delta": {"5": -2.0, "17": 5.0, "50": 15.0, "83": 25.0, "95": 32.0}}}