{"int_low": {"occ": {"5": 2011.0, "17": 2017.0, "50": 2023.0, "83": 2028.0, "95": 2032.0}, "chrnc": {"5": 2054.0, "17": 2059.0, "50": 2065.0, "83": 2071.0, "95": 2076.0}, "delta": {"5": 27.950000000000045, "17": 34.0, "50": 43.0, "83": 51.0, "95": 57.0}}, "int": {"occ": {"5": 2010.0, "17": 2011.0, "50": 2016.0, "83": 2020.0, "95": 2023.0}, "chrnc": {"5": 2038.0, "17": 2040.0, "50": 2044.0, "83": 2047.0, "95": 2050.0}, "delta": {"5": 18.0, "17": 23.0, "50": 29.0, "83": 34.0, "95": 38.0}}, "int_high": {"occ": {"5": 2010.0, "17": 2011.0, "50": 2013.0, "83": 2015.0, "95": 2018.0}, "chrnc": {"5": 2030.0, "17": 2033.0, "50": 2035.0, "83": 2038.0, "95": 2040.0}, "delta": {"5": 15.0, "17": 18.0, "50": 22.0, "83": 25.0, "95": 27.049999999999272}}, "kopp": {"occ": {"5": 2017.0, "17": 2020.0, "50": 2026.0, "83": 2032.0, "95": 2037.0}, "chrnc": {"5": 2048.0, "17": 2053.0, "50": 2061.0, "83": 2070.0, "95": 2079.0}, "delta": {"5": 21.0, "17": 27.0, "50": 35.0, "83": 45.0, "95": 52.0}}}