{"int_low": {"occ": {"5": 2012.0, "17": 2013.0, "50": 2021.0, "83": 2025.0, "95": 2026.0}, "chrnc": {"5": 2054.0, "17": 2059.0, "50": 2066.0, "83": 2076.17, "95": 2080.0}, "delta": {"5": 32.950000000000045, "17": 39.0, "50": 47.0, "83": 56.17000000000007, "95": 64.0}}, "int": {"occ": {"5": 2010.0, "17": 2012.0, "50": 2013.0, "83": 2020.0, "95": 2023.0}, "chrnc": {"5": 2037.0, "17": 2038.0, "50": 2043.0, "83": 2045.0, "95": 2048.0}, "delta": {"5": 19.0, "17": 23.0, "50": 29.0, "83": 32.17000000000007, "95": 35.0}}, "int_high": {"occ": {"5": 2010.0, "17": 2011.0, "50": 2013.0, "83": 2013.0, "95": 2017.0}, "chrnc": {"5": 2029.0, "17": 2030.0, "50": 2032.0, "83": 2035.0, "95": 2036.0}, "delta": {"5": 14.0, "17": 17.0, "50": 20.0, "83": 23.0, "95": 25.0}}, "kopp": {"occ": {"5": 2012.0, "17": 2013.0, "50": 2019.0, "83": 2025.0, "95": 2026.0}, "chrnc": {"5": 2050.0, "17": 2054.0, "50": 2064.0, "83": 2075.0, "95": 2083.0}, "delta": {"5": 29.0, "17": 35.0, "50": 45.0, "83": 56.0, "95": 66.0}}}