{"int_low": {"occ": {"5": 2022.0, "17": 2024.0, "50": 2030.0, "83": 2035.0, "95": 2037.0}, "chrnc": {"5": 2049.0, "17": 2055.83, "50": 2059.0, "83": 2064.0, "95": 2070.0}, "delta": {"5": 19.0, "17": 23.0, "50": 30.0, "83": 37.0, "95": 42.04999999999927}}, "int": {"occ": {"5": 2018.0, "17": 2019.0, "50": 2021.0, "83": 2025.0, "95": 2029.0}, "chrnc": {"5": 2037.0, "17": 2039.0, "50": 2041.0, "83": 2043.0, "95": 2045.0}, "delta": {"5": 12.0, "17": 16.0, "50": 19.0, "83": 22.0, "95": 25.0}}, "int_high": {"occ": {"5": 2014.0, "17": 2015.0, "50": 2018.0, "83": 2019.0, "95": 2021.0}, "chrnc": {"5": 2028.0, "17": 2030.8300000000002, "50": 2034.0, "83": 2036.0, "95": 2038.0}, "delta": {"5": 10.0, "17": 13.0, "50": 16.0, "83": 19.0, "95": 21.0}}, "kopp": {"occ": {"5": 2022.0, "17": 2024.0, "50": 2030.0, "83": 2036.0, "95": 2040.0}, "chrnc": {"5": 2041.0, "17": 2045.0, "50": 2053.0, "83": 2060.0, "95": 2070.0}, "delta": {"5": 12.0, "17": 16.0, "50": 23.0, "83": 30.0, "95": 37.0}}}