{"int_low": {"occ": {"5": 2010.0, "17": 2010.0, "50": 2012.0, "83": 2024.0, "95": 2034.0499999999993}, "chrnc": {"5": 2015.0, "17": 2017.0, "50": 2028.0, "83": 2037.0, "95": 2047.0}, "delta": {"5": -12.0, "17": 1.0, "50": 12.0, "83": 24.0, "95": 31.0}}, "int": {"occ": {"5": 2010.0, "17": 2010.0, "50": 2011.0, "83": 2018.0, "95": 2021.0}, "chrnc": {"5": 2014.0, "17": 2014.0, "50": 2019.0, "83": 2029.17, "95": 2035.0}, "delta": {"5": -5.0, "17": 3.0, "50": 7.0, "83": 17.0, "95": 23.0}}, "int_high": {"occ": {"5": 2010.0, "17": 2010.0, "50": 2010.0, "83": 2013.0, "95": 2019.0}, "chrnc": {"5": 2012.0, "17": 2014.0, "50": 2016.0, "83": 2020.0, "95": 2025.0}, "delta": {"5": -4.0, "17": 1.0, "50": 5.0, "83": 9.0, "95": 14.0}}, "kopp": {"occ": {"5": 2010.0, "17": 2010.0, "50": 2012.0, "83": 2020.0, "95": 2033.0}, "chrnc": {"5": 2014.0, "17": 2017.0, "50": 2024.0, "83": 2035.0, "95": 2042.0499999999993}, "delta": {"5": -8.0, "17": 1.0, "50": 9.0, "83": 21.0, "95": 27.0}}}