{"int_low": {"occ": {"5": 2010.0, "17": 2010.0, "50": 2011.0, "83": 2012.0, "95": 2019.0}, "chrnc": {"5": 2043.0, "17": 2047.0, "50": 2054.0, "83": 2059.0, "95": 2066.0}, "delta": {"5": 30.0, "17": 35.0, "50": 42.0, "83": 48.0, "95": 54.04999999999927}}, "int": {"occ": {"5": 2010.0, "17": 2010.0, "50": 2010.0, "83": 2012.0, "95": 2018.0}, "chrnc": {"5": 2030.0, "17": 2038.0, "50": 2040.0, "83": 2042.0, "95": 2046.0}, "delta": {"5": 18.950000000000045, "17": 26.0, "50": 29.0, "83": 32.0, "95": 35.0}}, "int_high": {"occ": {"5": 2010.0, "17": 2010.0, "50": 2010.0, "83": 2011.17, "95": 2013.0}, "chrnc": {"5": 2026.0, "17": 2028.0, "50": 2033.0, "83": 2036.0, "95": 2037.0}, "delta": {"5": 14.0, "17": 16.0, "50": 22.0, "83": 25.0, "95": 27.0}}, "kopp": {"occ": {"5": 2010.0, "17": 2010.0, "50": 2011.0, "83": 2012.0, "95": 2019.0}, "chrnc": {"5": 2037.0, "17": 2040.0, "50": 2047.0, "83": 2055.0, "95": 2064.0}, "delta": {"5": 23.0, "17": 29.0, "50": 35.0, "83": 44.0, "95": 52.0}}}