{"int_low": {"occ": {"5": 2012.0, "17": 2013.0, "50": 2013.0, "83": 2013.0, "95": 2034.0}, "chrnc": {"5": 2045.0, "17": 2062.0, "50": 2081.0, "83": 2095.0, "95": 2099.0}, "delta": {"5": 29.0, "17": 47.0, "50": 66.0, "83": 82.0, "95": 86.0}}, "int": {"occ": {"5": 2012.0, "17": 2013.0, "50": 2013.0, "83": 2013.0, "95": 2019.0}, "chrnc": {"5": 2026.0, "17": 2041.0, "50": 2047.0, "83": 2054.0, "95": 2056.0}, "delta": {"5": 12.950000000000045, "17": 27.0, "50": 33.0, "83": 41.0, "95": 44.0}}, "int_high": {"occ": {"5": 2012.0, "17": 2013.0, "50": 2013.0, "83": 2013.0, "95": 2013.0}, "chrnc": {"5": 2022.0, "17": 2026.0, "50": 2036.0, "83": 2039.0, "95": 2042.0499999999993}, "delta": {"5": 9.0, "17": 12.0, "50": 23.0, "83": 26.0, "95": 29.0}}, "kopp": {"occ": {"5": 2012.0, "17": 2013.0, "50": 2013.0, "83": 2013.0, "95": 2034.0}, "chrnc": {"5": 2038.0, "17": 2044.0, "50": 2062.0, "83": 2081.0, "95": 2094.0}, "delta": {"5": 19.400000000000034, "17": 30.0, "50": 46.0, "83": 64.0, "95": 78.0}}}