{"int_low": {"occ": {"5": 2021.0, "17": 2026.0, "50": 2034.0, "83": 2040.17, "95": 2047.0}, "chrnc": {"5": 2077.0, "17": 2083.0, "50": 2090.0, "83": 2097.0, "95": 2099.0}, "delta": {"5": 40.0, "17": 47.0, "50": 56.0, "83": 66.0, "95": 71.0}}, "int": {"occ": {"5": 2015.0, "17": 2015.0, "50": 2022.0, "83": 2028.0, "95": 2031.0}, "chrnc": {"5": 2050.0, "17": 2053.0, "50": 2057.0, "83": 2060.0, "95": 2062.0}, "delta": {"5": 23.0, "17": 27.0, "50": 34.0, "83": 41.0, "95": 44.04999999999927}}, "int_high": {"occ": {"5": 2014.0, "17": 2014.0, "50": 2018.0, "83": 2021.0, "95": 2024.0}, "chrnc": {"5": 2038.0, "17": 2041.0, "50": 2044.0, "83": 2047.0, "95": 2049.0}, "delta": {"5": 19.0, "17": 21.830000000000155, "50": 26.0, "83": 30.0, "95": 34.0}}, "kopp": {"occ": {"5": 2021.0, "17": 2026.0, "50": 2034.0, "83": 2042.0, "95": 2049.0}, "chrnc": {"5": 2055.0, "17": 2061.0, "50": 2072.0, "83": 2085.0, "95": 2095.0}, "delta": {"5": 24.0, "17": 29.0, "50": 38.0, "83": 49.0, "95": 57.0}}}