{"int_low": {"occ": {"5": 2010.0, "17": 2010.0, "50": 2012.0, "83": 2024.0, "95": 2034.0499999999993}, "chrnc": {"5": 2022.0, "17": 2027.8300000000002, "50": 2041.0, "83": 2053.0, "95": 2056.0}, "delta": {"5": 1.0, "17": 11.0, "50": 26.0, "83": 39.0, "95": 44.04999999999927}}, "int": {"occ": {"5": 2010.0, "17": 2010.0, "50": 2011.0, "83": 2018.0, "95": 2021.0}, "chrnc": {"5": 2018.0, "17": 2022.0, "50": 2028.0, "83": 2035.0, "95": 2037.0}, "delta": {"5": 3.0, "17": 8.0, "50": 15.0, "83": 23.0, "95": 26.0}}, "int_high": {"occ": {"5": 2010.0, "17": 2010.0, "50": 2010.0, "83": 2013.0, "95": 2019.0}, "chrnc": {"5": 2015.0, "17": 2015.0, "50": 2021.0, "83": 2029.0, "95": 2033.0}, "delta": {"5": 1.0, "17": 5.0, "50": 9.0, "83": 17.0, "95": 22.0}}, "kopp": {"occ": {"5": 2010.0, "17": 2010.0, "50": 2012.0, "83": 2020.0, "95": 2033.0}, "chrnc": {"5": 2021.0, "17": 2025.0, "50": 2034.0, "83": 2046.0, "95": 2055.0}, "delta": {"5": 3.0, "17": 10.0, "50": 19.0, "83": 30.0, "95": 41.0}}}