{"int_low": {"occ": {"5": 2010.0, "17": 2012.0, "50": 2013.0, "83": 2018.0, "95": 2020.0}, "chrnc": {"5": 2012.0, "17": 2016.0, "50": 2019.0, "83": 2024.0, "95": 2027.0}, "delta": {"5": -4.0, "17": 0.6600000000003092, "50": 4.0, "83": 10.0, "95": 14.0}}, "int": {"occ": {"5": 2010.0, "17": 2011.0, "50": 2013.0, "83": 2015.0, "95": 2018.0}, "chrnc": {"5": 2010.0, "17": 2010.0, "50": 2013.0, "83": 2017.0, "95": 2019.0}, "delta": {"5": -6.0, "17": -3.0, "50": -1.0, "83": 5.0, "95": 7.0}}, "int_high": {"occ": {"5": 2010.0, "17": 2011.0, "50": 2013.0, "83": 2013.0, "95": 2015.0}, "chrnc": {"5": 2010.0, "17": 2011.0, "50": 2013.0, "83": 2014.0, "95": 2015.0499999999993}, "delta": {"5": -3.0, "17": -1.0, "50": 0.0, "83": 2.0, "95": 4.0}}, "kopp": {"occ": {"5": 2011.0, "17": 2013.0, "50": 2015.0, "83": 2019.0, "95": 2022.0}, "chrnc": {"5": 2014.0, "17": 2017.0, "50": 2022.0, "83": 2027.0, "95": 2031.0}, "delta": {"5": -3.0, "17": 2.0, "50": 7.0, "83": 12.0, "95": 17.0}}}