{"int_low": {"occ": {"5": 2042.0, "17": 2046.0, "50": 2050.0, "83": 2055.0, "95": 2059.0499999999993}, "chrnc": {"5": 2084.0, "17": 2088.0, "50": 2094.0, "83": 2098.0, "95": 2100.0}, "delta": {"5": 31.0, "17": 36.0, "50": 43.0, "83": 49.0, "95": 53.04999999999927}}, "int": {"occ": {"5": 2030.0, "17": 2032.0, "50": 2036.0, "83": 2039.0, "95": 2041.0}, "chrnc": {"5": 2053.0, "17": 2055.0, "50": 2058.0, "83": 2060.0, "95": 2062.0}, "delta": {"5": 16.0, "17": 18.0, "50": 22.0, "83": 26.0, "95": 29.0}}, "int_high": {"occ": {"5": 2024.0, "17": 2026.0, "50": 2029.0, "83": 2031.0, "95": 2033.0}, "chrnc": {"5": 2043.0, "17": 2044.0, "50": 2046.0, "83": 2048.0, "95": 2049.0}, "delta": {"5": 12.0, "17": 14.0, "50": 17.0, "83": 21.0, "95": 23.0}}, "kopp": {"occ": {"5": 2039.0, "17": 2043.0, "50": 2049.0, "83": 2057.0, "95": 2064.0}, "chrnc": {"5": 2062.0, "17": 2068.0, "50": 2078.0, "83": 2089.0, "95": 2097.0}, "delta": {"5": 18.0, "17": 22.0, "50": 28.0, "83": 36.0, "95": 41.0}}}