{"int_low": {"occ": {"5": 2022.0, "17": 2026.0, "50": 2031.0, "83": 2036.0, "95": 2041.0}, "chrnc": {"5": 2060.0, "17": 2064.0, "50": 2070.0, "83": 2076.0, "95": 2080.0}, "delta": {"5": 25.0, "17": 31.0, "50": 38.0, "83": 46.0, "95": 53.0}}, "int": {"occ": {"5": 2018.0, "17": 2020.0, "50": 2023.0, "83": 2027.0, "95": 2030.0499999999993}, "chrnc": {"5": 2042.0, "17": 2045.0, "50": 2047.0, "83": 2050.0, "95": 2052.0499999999993}, "delta": {"5": 16.0, "17": 20.0, "50": 24.0, "83": 29.0, "95": 32.0}}, "int_high": {"occ": {"5": 2012.0, "17": 2017.0, "50": 2019.0, "83": 2022.0, "95": 2024.0}, "chrnc": {"5": 2033.0, "17": 2035.0, "50": 2038.0, "83": 2040.0, "95": 2042.0}, "delta": {"5": 12.0, "17": 15.0, "50": 19.0, "83": 22.0, "95": 26.0}}, "kopp": {"occ": {"5": 2024.0, "17": 2028.0, "50": 2034.0, "83": 2040.0, "95": 2046.0}, "chrnc": {"5": 2051.0, "17": 2057.0, "50": 2065.0, "83": 2075.0, "95": 2084.0}, "delta": {"5": 19.0, "17": 24.0, "50": 31.0, "83": 40.0, "95": 47.0}}}