{"int_low": {"occ": {"5": 2064.95, "17": 2069.0, "50": 2075.0, "83": 2079.0, "95": 2086.0}, "chrnc": {"5": 2080.0, "17": 2084.0, "50": 2092.0, "83": 2096.0, "95": 2098.0499999999993}, "delta": {"5": 3.0, "17": 9.0, "50": 16.0, "83": 23.0, "95": 28.0}}, "int": {"occ": {"5": 2046.0, "17": 2048.0, "50": 2051.0, "83": 2054.0, "95": 2055.0}, "chrnc": {"5": 2056.0, "17": 2057.0, "50": 2058.0, "83": 2060.0, "95": 2062.0}, "delta": {"5": 3.0, "17": 4.830000000000155, "50": 8.0, "83": 11.0, "95": 13.049999999999272}}, "int_high": {"occ": {"5": 2038.0, "17": 2039.0, "50": 2041.0, "83": 2042.0, "95": 2043.0}, "chrnc": {"5": 2043.0, "17": 2044.0, "50": 2046.0, "83": 2048.0, "95": 2049.0}, "delta": {"5": 2.0, "17": 3.0, "50": 5.0, "83": 8.0, "95": 9.0}}, "kopp": {"occ": {"5": 2045.0, "17": 2052.0, "50": 2059.0, "83": 2072.0, "95": 2083.0}, "chrnc": {"5": 2054.0, "17": 2059.0, "50": 2069.0, "83": 2081.0, "95": 2093.0}, "delta": {"5": 3.0, "17": 5.0, "50": 9.0, "83": 14.0, "95": 18.0}}}