{"int_low": {"occ": {"5": 2078.0, "17": 2084.0, "50": 2094.0, "83": 2099.0, "95": 2100.0}, "chrnc": {"5": NaN, "17": NaN, "50": NaN, "83": NaN, "95": NaN}, "delta": {"5": NaN, "17": NaN, "50": NaN, "83": NaN, "95": NaN}}, "int": {"occ": {"5": 2050.0, "17": 2054.0, "50": 2059.0, "83": 2064.0, "95": 2067.0}, "chrnc": {"5": 2084.0, "17": 2087.0, "50": 2091.0, "83": 2094.0, "95": 2097.0}, "delta": {"5": 22.0, "17": 26.0, "50": 32.0, "83": 37.0, "95": 41.0}}, "int_high": {"occ": {"5": 2040.0, "17": 2042.0, "50": 2046.0, "83": 2049.0, "95": 2051.0}, "chrnc": {"5": 2063.0, "17": 2065.0, "50": 2068.0, "83": 2071.0, "95": 2072.0}, "delta": {"5": 16.0, "17": 18.830000000000155, "50": 22.0, "83": 26.170000000000073, "95": 30.0}}, "kopp": {"occ": {"5": 2052.0, "17": 2059.0, "50": 2071.0, "83": 2087.0, "95": 2096.0}, "chrnc": {"5": 2073.0, "17": 2082.0, "50": 2092.0, "83": 2099.0, "95": 2100.0}, "delta": {"5": 19.0, "17": 24.0, "50": 30.0, "83": 37.0, "95": 42.0}}}