{"int_low": {"occ": {"5": 2051.0, "17": 2054.0, "50": 2059.0, "83": 2063.0, "95": 2067.0}, "chrnc": {"5": 2091.0, "17": 2093.0, "50": 2098.0, "83": 2100.0, "95": 2100.0}, "delta": {"5": 29.0, "17": 33.0, "50": 39.0, "83": 44.0, "95": 47.0}}, "int": {"occ": {"5": 2037.0, "17": 2039.0, "50": 2041.0, "83": 2043.0, "95": 2045.0}, "chrnc": {"5": 2057.0, "17": 2060.0, "50": 2062.0, "83": 2064.0, "95": 2066.0499999999993}, "delta": {"5": 15.0, "17": 18.0, "50": 21.0, "83": 24.0, "95": 27.0}}, "int_high": {"occ": {"5": 2030.0, "17": 2031.0, "50": 2034.0, "83": 2036.0, "95": 2037.0}, "chrnc": {"5": 2047.0, "17": 2048.0, "50": 2050.0, "83": 2052.0, "95": 2053.0499999999993}, "delta": {"5": 12.0, "17": 14.0, "50": 17.0, "83": 19.0, "95": 21.0}}, "kopp": {"occ": {"5": 2046.0, "17": 2051.0, "50": 2057.0, "83": 2065.0, "95": 2073.0}, "chrnc": {"5": 2067.0, "17": 2073.0, "50": 2083.0, "83": 2093.0, "95": 2099.0}, "delta": {"5": 17.0, "17": 21.0, "50": 27.0, "83": 33.0, "95": 38.0}}}