{"int_low": {"occ": {"5": 2043.0, "17": 2048.0, "50": 2062.0, "83": 2072.0, "95": 2076.0}, "chrnc": {"5": 2084.0, "17": 2096.0, "50": 2099.0, "83": 2100.0, "95": 2100.0}, "delta": {"5": 25.0, "17": 28.230000000000018, "50": 40.5, "83": 53.0, "95": 54.0}}, "int": {"occ": {"5": 2026.0, "17": 2034.0, "50": 2041.0, "83": 2046.0, "95": 2051.0}, "chrnc": {"5": 2061.0, "17": 2063.0, "50": 2068.0, "83": 2071.0, "95": 2073.0499999999993}, "delta": {"5": 15.0, "17": 20.0, "50": 27.0, "83": 34.0, "95": 42.0}}, "int_high": {"occ": {"5": 2024.0, "17": 2026.0, "50": 2032.0, "83": 2036.0, "95": 2038.0}, "chrnc": {"5": 2047.0, "17": 2050.0, "50": 2053.0, "83": 2056.0, "95": 2057.0}, "delta": {"5": 13.0, "17": 16.0, "50": 21.0, "83": 27.0, "95": 30.0}}, "kopp": {"occ": {"5": 2030.0, "17": 2040.0, "50": 2049.0, "83": 2061.0, "95": 2074.0}, "chrnc": {"5": 2060.0, "17": 2068.0, "50": 2081.0, "83": 2094.0, "95": 2099.0}, "delta": {"5": 18.0, "17": 24.0, "50": 33.0, "83": 43.0, "95": 51.0}}}